Algorithm,Dataset,Gamma,Beta1,Beta2,Round,Global_Validation_Loss,F1_Score,Top1_Accuracy_Percent,Num_Selected_Clients,Num_Total_Clients,Num_Model_Params,Round_Time_Sec,Client_Time_Sec,Server_Time_Sec,Spatial_Var_Time_Sec,Peak_Memory_MB,Seed
FedHST,CIFAR10,0.5,0.7,0.9999,1,2.475446111,0.018181818,10,26,100,696618,36.27301264,35.86316514,0.409847498,0.404302835,757.8261719,0
FedHST,CIFAR10,0.5,0.7,0.9999,2,2.354022641,0.018181818,10,27,100,696618,39.7242825,39.36500216,0.359280348,0.352772713,763.1689453,0
FedHST,CIFAR10,0.5,0.7,0.9999,3,2.337380383,0.018181818,10,29,100,696618,43.4080615,43.03348255,0.374578953,0.369323254,768.4975586,0
FedHST,CIFAR10,0.5,0.7,0.9999,4,2.337109133,0.043334599,12.35,22,100,696618,30.46051192,30.1695478,0.290964127,0.285466909,768.4975586,0
FedHST,CIFAR10,0.5,0.7,0.9999,5,2.338324458,0.01881736,10.03,26,100,696618,33.83551478,33.48403907,0.351475716,0.346102476,768.4975586,0
FedHST,CIFAR10,0.5,0.7,0.9999,6,2.312159414,0.032149674,10.86,20,100,696618,25.37855148,25.12104511,0.257506371,0.252352238,768.4975586,0
FedHST,CIFAR10,0.5,0.7,0.9999,7,2.309186791,0.044269656,12.54,23,100,696618,30.9022727,30.60557604,0.296696663,0.291101456,768.4975586,0
FedHST,CIFAR10,0.5,0.7,0.9999,8,2.312093967,0.018600734,10.02,28,100,696618,36.1717217,35.80601263,0.365709066,0.36062336,768.4975586,0
FedHST,CIFAR10,0.5,0.7,0.9999,9,2.308764241,0.044799647,12.67,28,100,696618,37.62186074,37.27034378,0.351516962,0.346292496,768.4975586,0
FedHST,CIFAR10,0.5,0.7,0.9999,10,2.310541924,0.035192587,11.07,30,100,696618,39.05261683,38.66725278,0.385364056,0.380435944,771.1621094,0
FedHST,CIFAR10,0.5,0.7,0.9999,11,2.314353226,0.047981118,14.03,20,100,696618,27.50653481,27.23160934,0.27492547,0.269351244,771.1621094,0
FedHST,CIFAR10,0.5,0.7,0.9999,12,2.315515229,0.029890563,10.67,20,100,696618,27.38959336,27.11142683,0.278166533,0.272122383,771.1621094,0
FedHST,CIFAR10,0.5,0.7,0.9999,13,2.314974724,0.018390548,10.01,24,100,696618,33.81361651,33.49284244,0.320774078,0.315358877,771.1621094,0
FedHST,CIFAR10,0.5,0.7,0.9999,14,2.314447718,0.018181818,10,28,100,696618,35.4577148,35.07184076,0.385874033,0.380635023,771.1621094,0
FedHST,CIFAR10,0.5,0.7,0.9999,15,2.312790719,0.018166939,9.99,27,100,696618,35.08098245,34.73539138,0.345591068,0.340101719,771.1621094,0
FedHST,CIFAR10,0.5,0.7,0.9999,16,2.303505737,0.04358638,11.08,25,100,696618,31.78941536,31.46602917,0.323386192,0.318038702,771.1621094,0
FedHST,CIFAR10,0.5,0.7,0.9999,17,2.294557562,0.078064919,16.39,26,100,696618,35.0453155,34.70149732,0.343818188,0.337717295,771.1621094,0
FedHST,CIFAR10,0.5,0.7,0.9999,18,2.314529407,0.018181818,10,26,100,696618,30.49374723,30.14037991,0.353367329,0.347030878,771.1621094,0
FedHST,CIFAR10,0.5,0.7,0.9999,19,2.332542442,0.018181818,10,20,100,696618,25.81323338,25.54101181,0.272221565,0.266665697,771.1621094,0
FedHST,CIFAR10,0.5,0.7,0.9999,20,2.307779078,0.038904735,12.04,27,100,696618,33.80063891,33.4551084,0.34553051,0.340537786,771.1621094,0
FedHST,CIFAR10,0.5,0.7,0.9999,21,2.297381553,0.044248288,12.44,30,100,696618,39.20273614,38.81191587,0.390820265,0.385354757,771.1621094,0
FedHST,CIFAR10,0.5,0.7,0.9999,22,2.306678578,0.02719429,10.41,25,100,696618,35.64076734,35.30122232,0.339545012,0.333611012,771.1621094,0
FedHST,CIFAR10,0.5,0.7,0.9999,23,2.317837166,0.060232882,13.13,29,100,696618,42.49380875,42.10006356,0.393745184,0.388244867,771.1621094,0
FedHST,CIFAR10,0.5,0.7,0.9999,24,2.305312086,0.060860763,13.74,20,100,696618,24.549299,24.28198171,0.267317295,0.262239456,771.1621094,0
FedHST,CIFAR10,0.5,0.7,0.9999,25,2.290444994,0.047974482,14.2,21,100,696618,28.12574458,27.85075593,0.274988651,0.269331455,771.1621094,0
FedHST,CIFAR10,0.5,0.7,0.9999,26,2.275995572,0.056513765,14.24,25,100,696618,34.39073825,34.04265451,0.348083735,0.342195511,771.1621094,0
FedHST,CIFAR10,0.5,0.7,0.9999,27,2.274768819,0.048317038,13.74,25,100,696618,33.63708735,33.32543755,0.311649799,0.305889845,771.1621094,0
FedHST,CIFAR10,0.5,0.7,0.9999,28,2.281127345,0.061478123,13.69,25,100,696618,30.24552011,29.91810346,0.327416658,0.321932793,771.1621094,0
FedHST,CIFAR10,0.5,0.7,0.9999,29,2.305383338,0.027720431,10.51,20,100,696618,26.63989592,26.38140297,0.258492947,0.253305197,771.1621094,0
FedHST,CIFAR10,0.5,0.7,0.9999,30,2.298897107,0.024709899,10.34,27,100,696618,36.37867332,36.02948761,0.349185705,0.343629122,771.1621094,0
FedHST,CIFAR10,0.5,0.7,0.9999,31,2.273077139,0.038274624,11.36,28,100,696618,39.29959345,38.93091249,0.368680954,0.363019466,771.1621094,0
FedHST,CIFAR10,0.5,0.7,0.9999,32,2.278920158,0.087004293,17.86,30,100,696618,40.91482329,40.49391913,0.42090416,0.414566994,771.1621094,0
FedHST,CIFAR10,0.5,0.7,0.9999,33,2.322215862,0.061590321,14.17,25,100,696618,36.72737789,36.38246298,0.344914913,0.33931756,771.1621094,0
FedHST,CIFAR10,0.5,0.7,0.9999,34,2.255669533,0.081416998,17.11,30,100,696618,41.37816143,40.97782254,0.400338888,0.394858599,771.1621094,0
FedHST,CIFAR10,0.5,0.7,0.9999,35,2.243605083,0.058263547,12.5,26,100,696618,35.02978396,34.67024565,0.359538317,0.353594542,771.1621094,0
FedHST,CIFAR10,0.5,0.7,0.9999,36,2.260142515,0.057422698,12.26,27,100,696618,36.22608423,35.87535119,0.350733042,0.345067739,771.1621094,0
FedHST,CIFAR10,0.5,0.7,0.9999,37,2.194378817,0.135954118,19.13,30,100,696618,39.59046555,39.20915866,0.381306887,0.376259089,771.1621094,0
FedHST,CIFAR10,0.5,0.7,0.9999,38,2.18528586,0.114153781,19.36,25,100,696618,31.81251907,31.47666025,0.335858822,0.330209494,771.1621094,0
FedHST,CIFAR10,0.5,0.7,0.9999,39,2.191420857,0.075740122,15.2,26,100,696618,38.20422912,37.84682083,0.357408285,0.351656199,771.1621094,0
FedHST,CIFAR10,0.5,0.7,0.9999,40,2.157229387,0.054518409,14.96,27,100,696618,41.53137612,41.18268013,0.348695993,0.343465567,771.1621094,0
FedHST,CIFAR10,0.5,0.7,0.9999,41,2.181533383,0.051958893,14.65,24,100,696618,33.4703064,33.11743498,0.352871418,0.346466541,771.1621094,0
FedHST,CIFAR10,0.5,0.7,0.9999,42,2.164891356,0.07586592,16.14,30,100,696618,37.57958913,37.16414523,0.415443897,0.410321474,771.1621094,0
FedHST,CIFAR10,0.5,0.7,0.9999,43,2.13109006,0.100816835,19.48,22,100,696618,27.6859231,27.36349297,0.322430134,0.316389561,771.1621094,0
FedHST,CIFAR10,0.5,0.7,0.9999,44,2.18006392,0.108028578,18.57,29,100,696618,42.35330963,41.95308113,0.4002285,0.394313335,771.1621094,0
FedHST,CIFAR10,0.5,0.7,0.9999,45,2.110574036,0.120979779,20.13,27,100,696618,39.55893493,39.21808767,0.340847254,0.334546566,771.1621094,0
FedHST,CIFAR10,0.5,0.7,0.9999,46,2.143042926,0.129640797,19.38,21,100,696618,26.29376149,26.02922034,0.264541149,0.258991003,771.1621094,0
FedHST,CIFAR10,0.5,0.7,0.9999,47,2.101121709,0.1268287,20.93,28,100,696618,35.60207105,35.19620728,0.405863762,0.400060654,771.1621094,0
FedHST,CIFAR10,0.5,0.7,0.9999,48,2.077675454,0.127014481,20.97,29,100,696618,44.52858853,44.1371758,0.391412735,0.385688305,771.1621094,0
FedHST,CIFAR10,0.5,0.7,0.9999,49,2.041516966,0.153245517,22.83,26,100,696618,37.77618194,37.44291353,0.333268404,0.327689409,771.1621094,0
FedHST,CIFAR10,0.5,0.7,0.9999,50,2.034956527,0.131207777,22.04,30,100,696618,36.4475112,36.05319333,0.394317865,0.388696671,771.1621094,0
FedHST,CIFAR10,0.5,0.7,0.9999,51,2.060677236,0.139183245,22.24,26,100,696618,31.77476716,31.4418292,0.332937956,0.327420235,771.1621094,0
FedHST,CIFAR10,0.5,0.7,0.9999,52,2.07019837,0.097414247,18.61,29,100,696618,36.71922398,36.34216571,0.377058268,0.37175703,771.1621094,0
FedHST,CIFAR10,0.5,0.7,0.9999,53,2.044434134,0.105040388,21.04,20,100,696618,27.48553658,27.22119355,0.264343023,0.259037256,771.1621094,0
FedHST,CIFAR10,0.5,0.7,0.9999,54,2.056313072,0.106555685,21.84,23,100,696618,33.56129718,33.22710371,0.334193468,0.328495026,771.1621094,0
FedHST,CIFAR10,0.5,0.7,0.9999,55,2.089519043,0.105868505,19.86,29,100,696618,39.45893764,39.05416703,0.404770613,0.399180651,771.1621094,0
FedHST,CIFAR10,0.5,0.7,0.9999,56,2.133136758,0.091987658,16.82,20,100,696618,27.58513093,27.30529451,0.279836416,0.273993492,771.1621094,0
FedHST,CIFAR10,0.5,0.7,0.9999,57,2.023698059,0.104430004,20.51,26,100,696618,30.08246732,29.73059535,0.351871967,0.346337318,771.1621094,0
FedHST,CIFAR10,0.5,0.7,0.9999,58,2.056254823,0.095918273,19.32,24,100,696618,36.07091999,35.74704766,0.323872328,0.318396807,771.1621094,0
FedHST,CIFAR10,0.5,0.7,0.9999,59,1.985365661,0.123630099,22.2,29,100,696618,40.2914834,39.89709258,0.394390821,0.388887882,771.1621094,0
FedHST,CIFAR10,0.5,0.7,0.9999,60,2.103117173,0.156863923,20.1,25,100,696618,29.54984522,29.19032788,0.359517336,0.353948832,771.1621094,0
FedHST,CIFAR10,0.5,0.7,0.9999,61,2.029399249,0.16662857,22.6,29,100,696618,41.01490116,40.61791015,0.396991014,0.390897989,771.1621094,0
FedHST,CIFAR10,0.5,0.7,0.9999,62,1.947233163,0.144038262,24.31,20,100,696618,26.68110871,26.40667319,0.27443552,0.268792391,771.1621094,0
FedHST,CIFAR10,0.5,0.7,0.9999,63,2.160449386,0.092313093,18.83,22,100,696618,29.84896326,29.53374696,0.315216303,0.309255838,771.1621094,0
FedHST,CIFAR10,0.5,0.7,0.9999,64,2.077107537,0.092950636,18.69,27,100,696618,32.23240924,31.85904765,0.373361588,0.367640018,771.1621094,0
FedHST,CIFAR10,0.5,0.7,0.9999,65,2.025905857,0.156046928,24.31,26,100,696618,32.24891233,31.88611245,0.362799883,0.356829166,771.1621094,0
FedHST,CIFAR10,0.5,0.7,0.9999,66,2.023833965,0.154981235,22.14,30,100,696618,39.93041873,39.52794743,0.402471304,0.396888256,771.1621094,0
FedHST,CIFAR10,0.5,0.7,0.9999,67,1.993529485,0.125628599,21.11,27,100,696618,36.04908252,35.72306538,0.326017141,0.320994616,771.1621094,0
FedHST,CIFAR10,0.5,0.7,0.9999,68,1.977069389,0.144492416,24.18,26,100,696618,29.3160522,28.99653769,0.319514513,0.313951254,771.1621094,0
FedHST,CIFAR10,0.5,0.7,0.9999,69,1.990284392,0.131186879,22.73,28,100,696618,38.48070693,38.1096282,0.37107873,0.365755081,771.1621094,0
FedHST,CIFAR10,0.5,0.7,0.9999,70,1.947404765,0.158026219,25.16,23,100,696618,23.57738948,23.26904535,0.308344126,0.302529573,771.1621094,0
FedHST,CIFAR10,0.5,0.7,0.9999,71,1.896375935,0.221072933,29.21,24,100,696618,31.09134293,30.78594875,0.305394173,0.299975395,771.1621094,0
FedHST,CIFAR10,0.5,0.7,0.9999,72,1.889751637,0.230030216,29.59,28,100,696618,35.44770288,35.05972624,0.387976646,0.382219553,771.1621094,0
FedHST,CIFAR10,0.5,0.7,0.9999,73,1.873410034,0.240181033,29.18,27,100,696618,36.75771213,36.40320945,0.354502678,0.349261761,771.1621094,0
FedHST,CIFAR10,0.5,0.7,0.9999,74,1.897957638,0.179192898,25.78,28,100,696618,36.09185672,35.72716594,0.364690781,0.3592484,771.1621094,0
FedHST,CIFAR10,0.5,0.7,0.9999,75,1.90429434,0.160906664,25.45,21,100,696618,27.83623242,27.54235268,0.293879747,0.28808856,771.1621094,0
FedHST,CIFAR10,0.5,0.7,0.9999,76,1.943483885,0.128300946,22.18,23,100,696618,33.81701279,33.50671554,0.310297251,0.304309845,771.1621094,0
FedHST,CIFAR10,0.5,0.7,0.9999,77,1.917040226,0.140673732,23.63,26,100,696618,36.53002715,36.18122935,0.348797798,0.343184233,771.1621094,0
FedHST,CIFAR10,0.5,0.7,0.9999,78,1.904289555,0.16754675,26.38,24,100,696618,32.38381863,32.09032893,0.293489695,0.287886858,771.1621094,0
FedHST,CIFAR10,0.5,0.7,0.9999,79,1.935313513,0.213662446,26.31,20,100,696618,25.17118406,24.90005612,0.271127939,0.265402079,771.1621094,0
FedHST,CIFAR10,0.5,0.7,0.9999,80,1.900110476,0.188986663,25.77,23,100,696618,29.54714727,29.24551916,0.301628113,0.296252489,771.1621094,0
FedHST,CIFAR10,0.5,0.7,0.9999,81,1.869170612,0.236519712,29.09,22,100,696618,29.27025318,28.98311305,0.287140131,0.2821486,771.1621094,0
FedHST,CIFAR10,0.5,0.7,0.9999,82,1.837721135,0.227522088,28.4,27,100,696618,31.19504261,30.83338642,0.361656189,0.356663704,771.1621094,0
FedHST,CIFAR10,0.5,0.7,0.9999,83,1.893748047,0.174388453,22.84,27,100,696618,39.88220263,39.52880859,0.353394032,0.347702742,771.1621094,0
FedHST,CIFAR10,0.5,0.7,0.9999,84,1.870812967,0.178733909,25.15,27,100,696618,35.73288822,35.35194612,0.380942106,0.374028683,771.1621094,0
FedHST,CIFAR10,0.5,0.7,0.9999,85,1.852843221,0.189285666,26.55,28,100,696618,36.53243065,36.17659616,0.355834484,0.350069046,771.1621094,0
FedHST,CIFAR10,0.5,0.7,0.9999,86,1.869672105,0.173431028,24.82,27,100,696618,31.78129053,31.43393064,0.347359896,0.342246771,771.1621094,0
FedHST,CIFAR10,0.5,0.7,0.9999,87,1.805718712,0.243995986,30.96,30,100,696618,39.71197724,39.32505774,0.386919498,0.382015705,771.1621094,0
FedHST,CIFAR10,0.5,0.7,0.9999,88,1.799991688,0.278780578,32.75,26,100,696618,34.35437083,34.02221155,0.332159281,0.32661581,771.1621094,0
FedHST,CIFAR10,0.5,0.7,0.9999,89,1.807487362,0.247829343,30.11,20,100,696618,28.21613979,27.94802904,0.268110752,0.262509584,771.1621094,0
FedHST,CIFAR10,0.5,0.7,0.9999,90,1.82457503,0.209061308,28.14,28,100,696618,36.02078986,35.65181446,0.368975401,0.363438129,771.1621094,0
FedHST,CIFAR10,0.5,0.7,0.9999,91,1.834349455,0.203426293,27.47,28,100,696618,38.84734368,38.48201156,0.365332127,0.359951496,771.1621094,0
FedHST,CIFAR10,0.5,0.7,0.9999,92,1.83236306,0.184409142,27.12,20,100,696618,27.49289083,27.22880077,0.264090061,0.258648634,771.1621094,0
FedHST,CIFAR10,0.5,0.7,0.9999,93,1.838961015,0.167876869,25.95,27,100,696618,39.09894586,38.74366927,0.355276585,0.349808455,771.1621094,0
FedHST,CIFAR10,0.5,0.7,0.9999,94,1.810302129,0.195839619,28.73,26,100,696618,35.61655569,35.28328896,0.333266735,0.327733994,771.1621094,0
FedHST,CIFAR10,0.5,0.7,0.9999,95,1.85817267,0.214025382,28.93,20,100,696618,25.96413898,25.6846261,0.279512882,0.273857355,771.1621094,0
FedHST,CIFAR10,0.5,0.7,0.9999,96,1.959610954,0.175293421,24.25,24,100,696618,32.65984035,32.34304547,0.316794872,0.310601234,771.1621094,0
FedHST,CIFAR10,0.5,0.7,0.9999,97,1.826900869,0.231286248,29.29,22,100,696618,27.75803089,27.46681333,0.291217566,0.286152124,771.1621094,0
FedHST,CIFAR10,0.5,0.7,0.9999,98,1.81231206,0.213455369,28.31,24,100,696618,34.55691552,34.23136449,0.325551033,0.320410967,771.1621094,0
FedHST,CIFAR10,0.5,0.7,0.9999,99,1.810035738,0.211508857,28.04,25,100,696618,29.45278263,29.10429144,0.348491192,0.342882872,771.1621094,0
FedHST,CIFAR10,0.5,0.7,0.9999,100,1.794256171,0.236959066,30.61,29,100,696618,41.08787632,40.72706461,0.36081171,0.355713129,771.1621094,0
FedHST,CIFAR10,0.5,0.7,0.9999,101,1.815565062,0.220597633,29.52,27,100,696618,30.53312707,30.19581389,0.337313175,0.332402229,771.1621094,0
FedHST,CIFAR10,0.5,0.7,0.9999,102,1.828205494,0.238251502,30.76,21,100,696618,26.4316771,26.168576,0.263101101,0.257767916,771.1621094,0
FedHST,CIFAR10,0.5,0.7,0.9999,103,1.783615269,0.237307042,31.41,29,100,696618,36.47024202,36.09875822,0.371483803,0.366209507,771.1621094,0
FedHST,CIFAR10,0.5,0.7,0.9999,104,1.908110181,0.156090041,24.41,29,100,696618,41.55115342,41.19502783,0.356125593,0.350848675,771.1621094,0
FedHST,CIFAR10,0.5,0.7,0.9999,105,1.772944887,0.258172228,32.04,21,100,696618,26.25446248,25.96622396,0.288238525,0.282526493,771.1621094,0
FedHST,CIFAR10,0.5,0.7,0.9999,106,1.752270189,0.286859386,33.5,29,100,696618,37.40695429,37.00998282,0.396971464,0.391269207,771.1621094,0
FedHST,CIFAR10,0.5,0.7,0.9999,107,1.794972701,0.304277443,33.13,24,100,696618,31.43804336,31.11441612,0.323627234,0.318012714,771.1621094,0
FedHST,CIFAR10,0.5,0.7,0.9999,108,1.744379205,0.281861925,32.07,25,100,696618,31.11686277,30.78044057,0.336422205,0.330688953,771.1621094,0
FedHST,CIFAR10,0.5,0.7,0.9999,109,1.771620038,0.253341566,30.7,25,100,696618,32.26756167,31.94094896,0.326612711,0.321152449,771.1621094,0
FedHST,CIFAR10,0.5,0.7,0.9999,110,1.743898167,0.283820132,33,28,100,696618,35.19822598,34.82753396,0.370692015,0.365074396,771.1621094,0
FedHST,CIFAR10,0.5,0.7,0.9999,111,1.756276764,0.214018777,29.34,24,100,696618,31.89306426,31.56151843,0.33154583,0.326396465,771.1621094,0
FedHST,CIFAR10,0.5,0.7,0.9999,112,1.719821441,0.254394487,32.43,29,100,696618,37.47462869,37.10830832,0.366320372,0.36083889,771.1621094,0
FedHST,CIFAR10,0.5,0.7,0.9999,113,1.729772661,0.25962942,31.94,29,100,696618,36.65890121,36.29588556,0.363015652,0.357217789,771.1621094,0
FedHST,CIFAR10,0.5,0.7,0.9999,114,1.727136088,0.262700903,32.75,25,100,696618,38.59455705,38.23644853,0.358108521,0.352184772,771.1621094,0
FedHST,CIFAR10,0.5,0.7,0.9999,115,1.711323567,0.264573855,33.64,29,100,696618,34.1127212,33.73225999,0.380461216,0.374768257,771.1621094,0
FedHST,CIFAR10,0.5,0.7,0.9999,116,1.770822391,0.245088446,30.58,22,100,696618,30.75092244,30.45259762,0.298324823,0.292778492,771.1621094,0
FedHST,CIFAR10,0.5,0.7,0.9999,117,1.803052104,0.17537296,25.75,22,100,696618,24.07831407,23.79696226,0.281351805,0.276162386,771.1621094,0
FedHST,CIFAR10,0.5,0.7,0.9999,118,1.688752414,0.276415337,33.43,30,100,696618,43.82095981,43.4403429,0.380616903,0.375051498,771.1621094,0
FedHST,CIFAR10,0.5,0.7,0.9999,119,1.721317064,0.286988178,33.38,26,100,696618,35.99975014,35.65017247,0.349577665,0.343475819,771.1621094,0
FedHST,CIFAR10,0.5,0.7,0.9999,120,1.703835444,0.310776399,35.41,28,100,696618,38.81498981,38.46103477,0.35395503,0.348572969,771.1621094,0
FedHST,CIFAR10,0.5,0.7,0.9999,121,1.701101497,0.277370919,33.44,23,100,696618,32.20076466,31.90035844,0.300406218,0.295492887,771.1621094,0
FedHST,CIFAR10,0.5,0.7,0.9999,122,1.783205572,0.208804498,28.32,30,100,696618,44.36626387,43.96067262,0.405591249,0.399036884,771.1621094,0
FedHST,CIFAR10,0.5,0.7,0.9999,123,1.68236064,0.308354971,35.54,26,100,696618,39.44481969,39.10152245,0.343297243,0.337649107,771.1621094,0
FedHST,CIFAR10,0.5,0.7,0.9999,124,1.721081864,0.291169127,34.4,30,100,696618,38.55203295,38.13851738,0.413515568,0.4083395,771.1621094,0
FedHST,CIFAR10,0.5,0.7,0.9999,125,1.694114684,0.279962733,34.47,24,100,696618,30.77492023,30.44629741,0.328622818,0.322744846,771.1621094,0
FedHST,CIFAR10,0.5,0.7,0.9999,126,1.847051833,0.233785507,28.73,21,100,696618,31.18129706,30.88913369,0.292163372,0.286330462,771.1621094,0
FedHST,CIFAR10,0.5,0.7,0.9999,127,1.693938292,0.266026535,34.59,22,100,696618,28.4700675,28.17154408,0.298523426,0.293068647,771.1621094,0
FedHST,CIFAR10,0.5,0.7,0.9999,128,1.730134234,0.24372019,32.55,22,100,696618,29.78857899,29.51463079,0.273948193,0.269111872,771.1621094,0
FedHST,CIFAR10,0.5,0.7,0.9999,129,1.683806374,0.259747503,34,24,100,696618,30.41076422,30.09014726,0.320616961,0.315003395,771.1621094,0
FedHST,CIFAR10,0.5,0.7,0.9999,130,1.704391611,0.223345198,31.96,22,100,696618,31.70049238,31.40674949,0.293742895,0.288364649,771.1621094,0
FedHST,CIFAR10,0.5,0.7,0.9999,131,1.787861236,0.222005881,30.71,23,100,696618,28.56070304,28.26170993,0.298993111,0.293812513,771.1621094,0
FedHST,CIFAR10,0.5,0.7,0.9999,132,1.673464843,0.257460621,34.05,26,100,696618,33.80602431,33.4747479,0.331276417,0.32491827,771.1621094,0
FedHST,CIFAR10,0.5,0.7,0.9999,133,1.672267573,0.25255555,33.38,30,100,696618,41.17440581,40.7858901,0.388515711,0.38267827,771.1621094,0
FedHST,CIFAR10,0.5,0.7,0.9999,134,1.662994123,0.274898844,34.35,28,100,696618,35.51355147,35.13273978,0.380811691,0.374827147,771.1621094,0
FedHST,CIFAR10,0.5,0.7,0.9999,135,1.651352927,0.320747579,35.97,22,100,696618,27.80154252,27.49884176,0.302700758,0.29697156,771.1621094,0
FedHST,CIFAR10,0.5,0.7,0.9999,136,1.64375899,0.319365489,36.39,22,100,696618,31.75814176,31.45633316,0.301808596,0.295789957,771.1621094,0
FedHST,CIFAR10,0.5,0.7,0.9999,137,1.727314815,0.252113777,31.1,30,100,696618,37.88311672,37.48904824,0.39406848,0.388302803,771.1621094,0
FedHST,CIFAR10,0.5,0.7,0.9999,138,1.700813001,0.269415344,32.37,27,100,696618,34.91742229,34.5493691,0.368053198,0.362174749,771.1621094,0
FedHST,CIFAR10,0.5,0.7,0.9999,139,1.666252983,0.349708151,36.74,20,100,696618,26.12448025,25.85762143,0.266858816,0.26123929,771.1621094,0
FedHST,CIFAR10,0.5,0.7,0.9999,140,1.712954365,0.339451047,34.73,29,100,696618,33.91155577,33.52100158,0.39055419,0.384865284,771.1621094,0
FedHST,CIFAR10,0.5,0.7,0.9999,141,1.692570816,0.318825852,33.74,22,100,696618,27.70445371,27.40840197,0.296051741,0.29088974,771.1621094,0
FedHST,CIFAR10,0.5,0.7,0.9999,142,1.673764095,0.254051125,31.3,21,100,696618,30.7147007,30.43277407,0.281926632,0.276388884,771.1621094,0
FedHST,CIFAR10,0.5,0.7,0.9999,143,1.635182127,0.301481309,35.08,30,100,696618,37.30106807,36.9159565,0.38511157,0.379641533,771.1621094,0
FedHST,CIFAR10,0.5,0.7,0.9999,144,1.612952039,0.334780669,36.81,21,100,696618,25.3268497,25.05015397,0.276695728,0.271678209,771.1621094,0
FedHST,CIFAR10,0.5,0.7,0.9999,145,1.623449613,0.320348458,35.92,22,100,696618,25.76134896,25.48394656,0.277402401,0.272293806,771.1621094,0
FedHST,CIFAR10,0.5,0.7,0.9999,146,1.615875279,0.32078473,35.73,26,100,696618,33.48427033,33.13561845,0.348651886,0.343236208,771.1621094,0
FedHST,CIFAR10,0.5,0.7,0.9999,147,1.629022043,0.268526913,33.3,30,100,696618,39.17975998,38.79079533,0.388964653,0.38401103,771.1621094,0
FedHST,CIFAR10,0.5,0.7,0.9999,148,1.572566827,0.337045363,38.88,28,100,696618,36.19308543,35.84487939,0.348206043,0.34342742,771.1621094,0
FedHST,CIFAR10,0.5,0.7,0.9999,149,1.637010246,0.330585268,36.16,30,100,696618,37.33325005,36.95642567,0.376824379,0.370990515,771.1621094,0
FedHST,CIFAR10,0.5,0.7,0.9999,150,1.625640979,0.335692218,37.87,23,100,696618,29.10220051,28.78919554,0.313004971,0.307190895,771.1621094,0
FedHST,CIFAR10,0.5,0.7,0.9999,151,1.665945783,0.298637299,35.7,21,100,696618,25.36976671,25.09126616,0.278500557,0.27308774,771.1621094,0
FedHST,CIFAR10,0.5,0.7,0.9999,152,1.656975228,0.264840269,33.48,21,100,696618,28.83261847,28.54571915,0.286899328,0.281045914,771.1621094,0
FedHST,CIFAR10,0.5,0.7,0.9999,153,1.792897722,0.270595529,31.54,21,100,696618,26.70487642,26.41689467,0.287981749,0.282787561,771.1621094,0
FedHST,CIFAR10,0.5,0.7,0.9999,154,1.597363544,0.370148371,39.91,25,100,696618,34.56494808,34.23647332,0.32847476,0.322570562,771.1621094,0
FedHST,CIFAR10,0.5,0.7,0.9999,155,1.604461498,0.383179096,40.4,26,100,696618,34.16073012,33.80044746,0.36028266,0.354624748,771.1621094,0
FedHST,CIFAR10,0.5,0.7,0.9999,156,1.625259646,0.260419976,33.35,21,100,696618,25.35519123,25.07041168,0.284779549,0.27905798,771.1621094,0
FedHST,CIFAR10,0.5,0.7,0.9999,157,1.589796529,0.309047889,36.94,26,100,696618,33.12675047,32.76988959,0.356860876,0.351433992,771.1621094,0
FedHST,CIFAR10,0.5,0.7,0.9999,158,1.563072465,0.326647001,38.29,23,100,696618,30.48859477,30.18280983,0.305784941,0.299996853,771.1621094,0
FedHST,CIFAR10,0.5,0.7,0.9999,159,1.663490136,0.28534976,33.84,25,100,696618,32.90486741,32.57118845,0.333678961,0.32789278,771.1621094,0
FedHST,CIFAR10,0.5,0.7,0.9999,160,1.570752042,0.351497421,39.18,27,100,696618,36.32021952,35.94788504,0.37233448,0.366650343,771.1621094,0
FedHST,CIFAR10,0.5,0.7,0.9999,161,1.577046651,0.344566783,38.77,24,100,696618,32.79596806,32.47152662,0.324441433,0.318883657,771.1621094,0
FedHST,CIFAR10,0.5,0.7,0.9999,162,1.541643611,0.331582109,38.74,21,100,696618,28.36469579,28.07101727,0.293678522,0.288053751,771.1621094,0
FedHST,CIFAR10,0.5,0.7,0.9999,163,1.556739082,0.322726115,38.39,27,100,696618,37.55605745,37.19533253,0.360724926,0.354910135,771.1621094,0
FedHST,CIFAR10,0.5,0.7,0.9999,164,1.526840861,0.400818059,42.89,25,100,696618,31.63738608,31.32772231,0.309663773,0.304219961,771.1621094,0
FedHST,CIFAR10,0.5,0.7,0.9999,165,1.496854018,0.437819218,45.06,25,100,696618,29.83900666,29.50945473,0.329551935,0.323444843,771.1621094,0
FedHST,CIFAR10,0.5,0.7,0.9999,166,1.562268615,0.364362635,40.06,27,100,696618,34.46210885,34.10313058,0.358978271,0.353836775,771.1621094,0
FedHST,CIFAR10,0.5,0.7,0.9999,167,1.542997769,0.36620745,40.8,29,100,696618,40.32579422,39.94303679,0.382757425,0.376676559,771.1621094,0
FedHST,CIFAR10,0.5,0.7,0.9999,168,1.507168262,0.400583758,42.27,21,100,696618,23.96518707,23.66616297,0.299024105,0.292061329,771.1621094,0
FedHST,CIFAR10,0.5,0.7,0.9999,169,1.488255627,0.456059666,45.68,24,100,696618,31.47841358,31.15404868,0.324364901,0.318264008,771.1621094,0
FedHST,CIFAR10,0.5,0.7,0.9999,170,1.518068232,0.406663368,41.99,29,100,696618,43.85492492,43.47822499,0.376699924,0.371768713,771.1621094,0
FedHST,CIFAR10,0.5,0.7,0.9999,171,1.614807104,0.35144574,37.53,20,100,696618,26.60698009,26.35346818,0.253511906,0.248477221,771.1621094,0
FedHST,CIFAR10,0.5,0.7,0.9999,172,1.474951221,0.421425478,43.68,28,100,696618,35.34232736,34.99148417,0.350843191,0.345509291,771.1621094,0
FedHST,CIFAR10,0.5,0.7,0.9999,173,1.524641217,0.340643647,39.12,24,100,696618,30.53039312,30.21874857,0.311644554,0.306368113,771.1621094,0
FedHST,CIFAR10,0.5,0.7,0.9999,174,1.499892407,0.371898688,40.79,24,100,696618,31.2719245,30.96653509,0.305389404,0.300232649,771.1621094,0
FedHST,CIFAR10,0.5,0.7,0.9999,175,1.466439458,0.441474066,46.25,22,100,696618,32.80175138,32.52643847,0.275312901,0.269884348,771.1621094,0
FedHST,CIFAR10,0.5,0.7,0.9999,176,1.453187957,0.423594051,45.53,29,100,696618,37.58152938,37.19858432,0.382945061,0.377262831,771.1621094,0
FedHST,CIFAR10,0.5,0.7,0.9999,177,1.491791153,0.384040588,41.66,20,100,696618,26.79112983,26.50276423,0.288365602,0.282818556,771.1621094,0
FedHST,CIFAR10,0.5,0.7,0.9999,178,1.515292301,0.391466671,43.05,22,100,696618,25.8086369,25.51802325,0.290613651,0.285253286,771.1621094,0
FedHST,CIFAR10,0.5,0.7,0.9999,179,1.495255136,0.377105196,40.86,28,100,696618,41.58151555,41.19222951,0.389286041,0.383432388,771.1621094,0
FedHST,CIFAR10,0.5,0.7,0.9999,180,1.597771338,0.332222086,37.87,24,100,696618,34.02687883,33.6968112,0.330067635,0.324514627,771.1621094,0
FedHST,CIFAR10,0.5,0.7,0.9999,181,1.473899739,0.424865786,44.65,27,100,696618,34.54823995,34.18006825,0.368171692,0.362024784,771.1621094,0
FedHST,CIFAR10,0.5,0.7,0.9999,182,1.540852516,0.36432993,40.33,27,100,696618,40.11983395,39.72915506,0.390678883,0.384546518,771.1621094,0
FedHST,CIFAR10,0.5,0.7,0.9999,183,1.508685408,0.368571726,41.65,30,100,696618,41.24127507,40.82367659,0.417598486,0.4117558,771.1621094,0
FedHST,CIFAR10,0.5,0.7,0.9999,184,1.582137431,0.348117334,39,22,100,696618,30.0528059,29.7297585,0.3230474,0.31724596,771.1621094,0
FedHST,CIFAR10,0.5,0.7,0.9999,185,1.476264804,0.412187171,43.74,27,100,696618,35.61888695,35.26278138,0.356105566,0.350281954,771.1621094,0
FedHST,CIFAR10,0.5,0.7,0.9999,186,1.402900756,0.453994012,47.26,29,100,696618,38.93246341,38.54667234,0.385791063,0.380506516,771.1621094,0
FedHST,CIFAR10,0.5,0.7,0.9999,187,1.424019182,0.435948304,46.22,22,100,696618,33.48680854,33.18055868,0.306249857,0.300392628,771.1621094,0
FedHST,CIFAR10,0.5,0.7,0.9999,188,1.505536988,0.366046335,41.42,25,100,696618,36.44386005,36.11517453,0.328685522,0.322849989,771.1621094,0
FedHST,CIFAR10,0.5,0.7,0.9999,189,1.411235845,0.435091058,46.49,23,100,696618,33.43504691,33.10754037,0.327506542,0.320530176,771.1621094,0
FedHST,CIFAR10,0.5,0.7,0.9999,190,1.390572814,0.458688689,49.39,29,100,696618,42.89152956,42.48957014,0.401959419,0.396008968,771.1621094,0
FedHST,CIFAR10,0.5,0.7,0.9999,191,1.395791443,0.456547307,48.14,30,100,696618,44.46698904,44.05991888,0.40707016,0.400886059,771.1625977,0
FedHST,CIFAR10,0.5,0.7,0.9999,192,1.492539224,0.443553266,46.38,20,100,696618,31.00643373,30.73728013,0.269153595,0.263477087,771.1625977,0
FedHST,CIFAR10,0.5,0.7,0.9999,193,1.371054464,0.462405733,48.92,29,100,696618,39.50482845,39.10086393,0.40396452,0.398970842,771.1625977,0
FedHST,CIFAR10,0.5,0.7,0.9999,194,1.456795475,0.402778784,44.31,20,100,696618,28.05887127,27.77299953,0.285871744,0.279941082,771.1625977,0
FedHST,CIFAR10,0.5,0.7,0.9999,195,1.425030155,0.42842944,45.44,20,100,696618,29.79597855,29.50558376,0.290394783,0.283862114,771.1625977,0
FedHST,CIFAR10,0.5,0.7,0.9999,196,1.439148548,0.424429253,43.95,23,100,696618,31.91012621,31.58680534,0.323320866,0.317476749,771.1625977,0
FedHST,CIFAR10,0.5,0.7,0.9999,197,1.420980577,0.413384454,45.14,20,100,696618,30.31924295,30.04085898,0.27838397,0.2732687,771.1625977,0
FedHST,CIFAR10,0.5,0.7,0.9999,198,1.36378881,0.457789558,48.28,27,100,696618,44.15880823,43.76529002,0.393518209,0.387591124,771.1625977,0
FedHST,CIFAR10,0.5,0.7,0.9999,199,1.400663253,0.480790689,48.62,22,100,696618,29.74462962,29.4486475,0.295982122,0.291034698,771.1625977,0
FedHST,CIFAR10,0.5,0.7,0.9999,200,1.380542529,0.468241062,48.14,30,100,696618,41.46204281,41.05207324,0.409969568,0.403978109,771.1625977,0
FedHST,CIFAR10,0.5,0.7,0.9999,201,1.436980326,0.387849093,42.94,20,100,696618,24.00793767,23.70508552,0.302852154,0.295934916,771.1625977,0
FedHST,CIFAR10,0.5,0.7,0.9999,202,1.446185068,0.444891843,45.93,20,100,696618,23.99963188,23.72098136,0.278650522,0.272260189,771.1625977,0
FedHST,CIFAR10,0.5,0.7,0.9999,203,1.371403764,0.477417408,49,25,100,696618,35.53731394,35.20270109,0.334612846,0.329521656,771.1625977,0
FedHST,CIFAR10,0.5,0.7,0.9999,204,1.370413295,0.489540642,50.14,26,100,696618,35.37708378,34.99909782,0.377985954,0.371389389,771.1625977,0
FedHST,CIFAR10,0.5,0.7,0.9999,205,1.450410863,0.439741828,45.09,20,100,696618,25.59392834,25.31995702,0.273971319,0.268320799,771.1625977,0
FedHST,CIFAR10,0.5,0.7,0.9999,206,1.363328338,0.49081579,49.09,27,100,696618,37.57469726,37.18416262,0.390534639,0.384585142,771.1625977,0
FedHST,CIFAR10,0.5,0.7,0.9999,207,1.353600038,0.509921457,50.92,29,100,696618,34.22618437,33.83271408,0.393470287,0.388119698,771.1625977,0
FedHST,CIFAR10,0.5,0.7,0.9999,208,1.382351676,0.462789886,47.64,20,100,696618,27.17970276,26.91999221,0.25971055,0.254040956,771.1625977,0
FedHST,CIFAR10,0.5,0.7,0.9999,209,1.440484272,0.407165584,44.58,26,100,696618,33.56711912,33.24310088,0.32401824,0.318709135,771.1625977,0
FedHST,CIFAR10,0.5,0.7,0.9999,210,1.388333981,0.480724024,50.38,22,100,696618,27.24287748,26.97570348,0.267174006,0.261915922,771.1625977,0
FedHST,CIFAR10,0.5,0.7,0.9999,211,1.460605454,0.448092304,44.76,27,100,696618,33.12041116,32.75962543,0.360785723,0.355032921,771.1625977,0
FedHST,CIFAR10,0.5,0.7,0.9999,212,1.327530368,0.481828518,50.09,21,100,696618,25.46924567,25.16082025,0.308425426,0.302330971,771.1625977,0
FedHST,CIFAR10,0.5,0.7,0.9999,213,1.496847696,0.351778855,41.94,21,100,696618,29.18265796,28.88549852,0.297159433,0.290669918,771.1625977,0
FedHST,CIFAR10,0.5,0.7,0.9999,214,1.407711996,0.405897254,45.48,25,100,696618,36.30047297,35.96859765,0.331875324,0.326757669,771.1625977,0
FedHST,CIFAR10,0.5,0.7,0.9999,215,1.335304504,0.453447385,47.81,24,100,696618,28.94620252,28.63389516,0.312307358,0.306700468,771.1625977,0
FedHST,CIFAR10,0.5,0.7,0.9999,216,1.372371831,0.451059713,47.16,22,100,696618,28.52708936,28.23598599,0.291103363,0.285792589,771.1625977,0
FedHST,CIFAR10,0.5,0.7,0.9999,217,1.308875284,0.493583789,52.07,22,100,696618,28.17757368,27.88917828,0.288395405,0.283184767,771.1625977,0
FedHST,CIFAR10,0.5,0.7,0.9999,218,1.6053443,0.401108414,42.71,25,100,696618,32.75533533,32.44065738,0.314677954,0.309019566,771.1625977,0
FedHST,CIFAR10,0.5,0.7,0.9999,219,1.32468062,0.498646488,52.62,20,100,696618,27.07778764,26.80438638,0.27340126,0.268148184,771.1625977,0
FedHST,CIFAR10,0.5,0.7,0.9999,220,1.401704161,0.439581785,46.26,29,100,696618,43.30074072,42.91608977,0.384650946,0.378684998,771.1625977,0
FedHST,CIFAR10,0.5,0.7,0.9999,221,1.396527695,0.442031655,45.29,26,100,696618,31.57994819,31.2370441,0.342904091,0.336487532,771.1625977,0
FedHST,CIFAR10,0.5,0.7,0.9999,222,1.348074904,0.476484651,49.31,23,100,696618,32.68222499,32.37658334,0.305641651,0.300122261,771.1625977,0
FedHST,CIFAR10,0.5,0.7,0.9999,223,1.326698306,0.496138857,51.36,26,100,696618,39.33797646,38.9804194,0.357557058,0.352061987,771.1625977,0
FedHST,CIFAR10,0.5,0.7,0.9999,224,1.370115428,0.457678763,47.75,20,100,696618,27.75372052,27.47682905,0.27689147,0.270925522,771.1625977,0
FedHST,CIFAR10,0.5,0.7,0.9999,225,1.306582307,0.472579848,50.58,23,100,696618,34.60180712,34.2908082,0.310998917,0.305742264,771.1625977,0
FedHST,CIFAR10,0.5,0.7,0.9999,226,1.38503352,0.458300273,47.95,20,100,696618,32.07319546,31.80358958,0.269605875,0.264317751,771.1625977,0
FedHST,CIFAR10,0.5,0.7,0.9999,227,1.285364985,0.530861222,53.21,26,100,696618,36.93734479,36.5838275,0.353517294,0.348007202,771.1625977,0
FedHST,CIFAR10,0.5,0.7,0.9999,228,1.392384364,0.485681264,49.57,27,100,696618,35.57665443,35.22441363,0.352240801,0.347253561,771.1625977,0
FedHST,CIFAR10,0.5,0.7,0.9999,229,1.236388232,0.539050742,55.18,24,100,696618,31.43642306,31.11739683,0.319026232,0.313316584,771.1625977,0
FedHST,CIFAR10,0.5,0.7,0.9999,230,1.611185553,0.397166552,43.66,21,100,696618,27.87793827,27.58638406,0.291554213,0.285752296,771.1625977,0
FedHST,CIFAR10,0.5,0.7,0.9999,231,1.461913858,0.428365585,47.36,24,100,696618,30.22271371,29.92596149,0.296752214,0.291059017,771.1625977,0
FedHST,CIFAR10,0.5,0.7,0.9999,232,1.34465891,0.468241098,48.87,24,100,696618,31.95171738,31.64784503,0.303872347,0.298329592,771.1625977,0
FedHST,CIFAR10,0.5,0.7,0.9999,233,1.591137374,0.346267023,39.51,30,100,696618,40.62214684,40.25521684,0.366930008,0.361289978,771.1625977,0
FedHST,CIFAR10,0.5,0.7,0.9999,234,1.313764058,0.503949367,51.52,22,100,696618,28.10167956,27.82551193,0.276167631,0.270055294,771.1625977,0
FedHST,CIFAR10,0.5,0.7,0.9999,235,1.522144432,0.399241091,43.91,21,100,696618,28.32993484,28.05590963,0.274025202,0.26845932,771.1625977,0
FedHST,CIFAR10,0.5,0.7,0.9999,236,1.27003265,0.522748619,54.32,20,100,696618,29.1994133,28.92449832,0.27491498,0.269219398,771.1625977,0
FedHST,CIFAR10,0.5,0.7,0.9999,237,1.44783408,0.458695521,45.94,26,100,696618,37.34544849,37.0114162,0.334032297,0.328397512,771.1625977,0
FedHST,CIFAR10,0.5,0.7,0.9999,238,1.298232736,0.506373461,51.69,27,100,696618,33.80263519,33.44955325,0.353081942,0.347433567,771.1625977,0
FedHST,CIFAR10,0.5,0.7,0.9999,239,1.378591957,0.476453529,50.51,24,100,696618,31.94580698,31.62223315,0.323573828,0.318360806,771.1625977,0
FedHST,CIFAR10,0.5,0.7,0.9999,240,1.220551307,0.533479412,55.64,23,100,696618,32.51370072,32.2116437,0.302057028,0.296669006,771.1625977,0
FedHST,CIFAR10,0.5,0.7,0.9999,241,1.323682347,0.496165184,50.34,23,100,696618,32.75874019,32.44185972,0.316880465,0.310024738,771.1625977,0
FedHST,CIFAR10,0.5,0.7,0.9999,242,1.426820715,0.444110217,47.15,24,100,696618,35.16943336,34.86246991,0.306963444,0.301735401,771.1625977,0
FedHST,CIFAR10,0.5,0.7,0.9999,243,1.277225791,0.498452513,52.6,21,100,696618,27.5528543,27.28394175,0.268912554,0.262901783,771.1625977,0
FedHST,CIFAR10,0.5,0.7,0.9999,244,1.225931558,0.549553624,56.03,29,100,696618,43.8562026,43.46125627,0.394946337,0.389918089,771.1625977,0
FedHST,CIFAR10,0.5,0.7,0.9999,245,1.262395532,0.530569207,53.88,25,100,696618,33.44619989,33.11232972,0.333870173,0.328000069,771.1625977,0
FedHST,CIFAR10,0.5,0.7,0.9999,246,1.191215784,0.555816202,56.52,28,100,696618,35.49724674,35.13052249,0.366724253,0.359311342,771.1625977,0
FedHST,CIFAR10,0.5,0.7,0.9999,247,1.208621373,0.538357695,55.35,23,100,696618,27.59305787,27.2961638,0.296894073,0.291680574,771.1625977,0
FedHST,CIFAR10,0.5,0.7,0.9999,248,1.184254357,0.544068492,56.15,28,100,696618,37.0744884,36.71323276,0.361255646,0.35558176,771.1625977,0
FedHST,CIFAR10,0.5,0.7,0.9999,249,1.254304993,0.501666802,52.1,21,100,696618,32.01484728,31.74295974,0.271887541,0.266355515,771.1625977,0
FedHST,CIFAR10,0.5,0.7,0.9999,250,1.257251829,0.543252201,54.19,25,100,696618,33.41752243,33.08855128,0.328971148,0.323456526,771.1625977,0
FedHST,CIFAR10,0.5,0.7,0.9999,251,1.272529897,0.528984314,53.02,21,100,696618,22.80729318,22.5237596,0.283533573,0.277636051,771.1625977,0
FedHST,CIFAR10,0.5,0.7,0.9999,252,1.53366672,0.388676891,41.62,22,100,696618,30.21320271,29.92669821,0.286504507,0.281132221,771.1625977,0
FedHST,CIFAR10,0.5,0.7,0.9999,253,1.215958536,0.532851505,54.77,29,100,696618,37.99665451,37.6323781,0.364276409,0.358804941,771.1625977,0
FedHST,CIFAR10,0.5,0.7,0.9999,254,1.220820997,0.51239471,53.98,22,100,696618,26.49997687,26.1995995,0.300377369,0.295031071,771.1625977,0
FedHST,CIFAR10,0.5,0.7,0.9999,255,1.180643748,0.534470653,56.22,25,100,696618,33.69097185,33.36135268,0.329619169,0.323724031,771.1625977,0
FedHST,CIFAR10,0.5,0.7,0.9999,256,1.242478707,0.51267762,52.98,21,100,696618,28.92854476,28.63384438,0.294700384,0.289640903,771.1625977,0
FedHST,CIFAR10,0.5,0.7,0.9999,257,1.199956419,0.52218087,55.31,29,100,696618,36.92291903,36.53635168,0.386567354,0.381114721,771.1625977,0
FedHST,CIFAR10,0.5,0.7,0.9999,258,1.164922674,0.552408278,58.25,27,100,696618,39.2758441,38.91160583,0.364238262,0.358580351,771.1625977,0
FedHST,CIFAR10,0.5,0.7,0.9999,259,1.248699741,0.519867249,54.33,20,100,696618,23.96703148,23.67984867,0.287182808,0.280101299,771.1625977,0
FedHST,CIFAR10,0.5,0.7,0.9999,260,1.172664009,0.565246085,56.71,23,100,696618,32.59570837,32.27515125,0.320557117,0.314529896,771.1625977,0
FedHST,CIFAR10,0.5,0.7,0.9999,261,1.452389664,0.452788479,47.53,24,100,696618,30.33850217,30.02265525,0.31584692,0.310333014,771.1625977,0
FedHST,CIFAR10,0.5,0.7,0.9999,262,1.255836305,0.518699361,52.9,29,100,696618,39.33355331,38.9644568,0.369096518,0.363510847,771.1625977,0
FedHST,CIFAR10,0.5,0.7,0.9999,263,1.154377009,0.574192915,58.57,25,100,696618,34.90992856,34.57523274,0.334695816,0.328669786,771.1625977,0
FedHST,CIFAR10,0.5,0.7,0.9999,264,1.175650109,0.5417399,55.95,21,100,696618,24.03376865,23.75451159,0.279257059,0.27409029,771.1625977,0
FedHST,CIFAR10,0.5,0.7,0.9999,265,1.206601831,0.513056854,53.75,25,100,696618,30.78236341,30.45300961,0.329353809,0.324123383,771.1625977,0
FedHST,CIFAR10,0.5,0.7,0.9999,266,1.268602056,0.526869256,52.94,24,100,696618,36.13051224,35.81185794,0.318654299,0.313003778,771.1625977,0
FedHST,CIFAR10,0.5,0.7,0.9999,267,1.116308036,0.598281076,60.03,25,100,696618,31.47299981,31.16795325,0.305046558,0.300123215,771.1625977,0
FedHST,CIFAR10,0.5,0.7,0.9999,268,1.161261269,0.570502244,57.82,29,100,696618,35.07803059,34.70177174,0.37625885,0.371192694,771.1625977,0
FedHST,CIFAR10,0.5,0.7,0.9999,269,1.185055455,0.543321736,55.97,20,100,696618,25.52686977,25.263659,0.263210773,0.25766778,771.1625977,0
FedHST,CIFAR10,0.5,0.7,0.9999,270,1.132285346,0.57377537,58.51,23,100,696618,31.13122821,30.80886221,0.322365999,0.315448046,771.1625977,0
FedHST,CIFAR10,0.5,0.7,0.9999,271,1.28181718,0.531495407,52.83,29,100,696618,37.20368814,36.82629848,0.377389669,0.37211895,771.1625977,0
FedHST,CIFAR10,0.5,0.7,0.9999,272,1.146521005,0.593640179,59.54,23,100,696618,29.04370213,28.74226427,0.301437855,0.295692205,771.1625977,0
FedHST,CIFAR10,0.5,0.7,0.9999,273,1.144821041,0.587964571,58.88,29,100,696618,39.64507842,39.25815201,0.386926413,0.380949497,771.1625977,0
FedHST,CIFAR10,0.5,0.7,0.9999,274,1.144019851,0.57854163,58.35,28,100,696618,36.16419005,35.79662681,0.367563248,0.361719131,771.1625977,0
FedHST,CIFAR10,0.5,0.7,0.9999,275,1.13009972,0.586379488,59.19,24,100,696618,30.04112077,29.72411346,0.317007303,0.31168437,771.1625977,0
FedHST,CIFAR10,0.5,0.7,0.9999,276,1.308705962,0.474277567,50.82,28,100,696618,31.52451229,31.16235685,0.362155437,0.357125044,771.1625977,0
FedHST,CIFAR10,0.5,0.7,0.9999,277,1.24252766,0.491961706,52.65,25,100,696618,30.21565413,29.88683414,0.32881999,0.323328495,771.1625977,0
FedHST,CIFAR10,0.5,0.7,0.9999,278,1.131875505,0.567957539,58.66,24,100,696618,32.00632334,31.69620633,0.310117006,0.305179596,771.1625977,0
FedHST,CIFAR10,0.5,0.7,0.9999,279,1.108996333,0.583040325,59.36,20,100,696618,26.23593092,25.95614028,0.27979064,0.274173975,771.1625977,0
FedHST,CIFAR10,0.5,0.7,0.9999,280,1.197648382,0.535690984,55.58,29,100,696618,38.08318233,37.69170427,0.391478062,0.385699749,771.1625977,0
FedHST,CIFAR10,0.5,0.7,0.9999,281,1.226959104,0.526212284,53.95,20,100,696618,23.17044115,22.89239693,0.278044224,0.272349834,771.1625977,0
FedHST,CIFAR10,0.5,0.7,0.9999,282,1.093910254,0.601371873,60.96,30,100,696618,36.36056662,35.97282553,0.387741089,0.382172108,771.1625977,0
FedHST,CIFAR10,0.5,0.7,0.9999,283,1.068179419,0.627846607,62.63,28,100,696618,38.16734004,37.80754399,0.359796047,0.353957415,771.1625977,0
FedHST,CIFAR10,0.5,0.7,0.9999,284,1.160743885,0.590767966,58.36,21,100,696618,28.12614083,27.85716677,0.268974066,0.263651848,771.1625977,0
FedHST,CIFAR10,0.5,0.7,0.9999,285,1.169656325,0.574469603,57.94,24,100,696618,27.22666907,26.91782427,0.308844805,0.303289413,771.1625977,0
FedHST,CIFAR10,0.5,0.7,0.9999,286,1.079120446,0.608775056,60.93,23,100,696618,28.06522202,27.77633524,0.288886786,0.283644438,771.1625977,0
FedHST,CIFAR10,0.5,0.7,0.9999,287,1.21654348,0.511366319,53.58,29,100,696618,39.77701378,39.41631722,0.360696554,0.355600834,771.1625977,0
FedHST,CIFAR10,0.5,0.7,0.9999,288,1.322231973,0.480084446,50.7,22,100,696618,27.60422063,27.3251822,0.279038429,0.27428937,771.1625977,0
FedHST,CIFAR10,0.5,0.7,0.9999,289,1.140638213,0.585754701,58.19,24,100,696618,26.69977617,26.38108993,0.318686247,0.313221693,771.1625977,0
FedHST,CIFAR10,0.5,0.7,0.9999,290,1.223490999,0.531710672,54.79,21,100,696618,25.64803839,25.36205626,0.285982132,0.280406952,771.1625977,0
FedHST,CIFAR10,0.5,0.7,0.9999,291,1.134104778,0.56128009,58.39,21,100,696618,25.87281775,25.58230901,0.290508747,0.284826517,771.1625977,0
FedHST,CIFAR10,0.5,0.7,0.9999,292,1.657816009,0.358984308,40.78,22,100,696618,26.25166178,25.98752308,0.264138699,0.259093046,771.1625977,0
FedHST,CIFAR10,0.5,0.7,0.9999,293,1.076641872,0.620672611,61.83,28,100,696618,39.00887442,38.6757915,0.333082914,0.327756643,771.1625977,0
FedHST,CIFAR10,0.5,0.7,0.9999,294,1.263768541,0.520490299,53.4,22,100,696618,25.66043782,25.3826158,0.277822018,0.27180624,771.1625977,0
FedHST,CIFAR10,0.5,0.7,0.9999,295,1.112763405,0.574708042,59.5,26,100,696618,31.77515554,31.41059184,0.364563704,0.358842373,771.1625977,0
FedHST,CIFAR10,0.5,0.7,0.9999,296,1.160055167,0.550980158,56.97,25,100,696618,33.73299766,33.36136389,0.371633768,0.364022255,771.1625977,0
FedHST,CIFAR10,0.5,0.7,0.9999,297,1.128371868,0.572132624,58.83,24,100,696618,33.28509903,32.97776937,0.307329655,0.301171064,771.1625977,0
FedHST,CIFAR10,0.5,0.7,0.9999,298,1.177160282,0.559172239,57.15,27,100,696618,36.44488811,36.09892941,0.34595871,0.340176582,771.1625977,0
FedHST,CIFAR10,0.5,0.7,0.9999,299,1.096865027,0.600006776,60.34,23,100,696618,28.51953077,28.2069788,0.312551975,0.307486534,771.1625977,0
FedHST,CIFAR10,0.5,0.7,0.9999,300,1.065512281,0.612593338,61.78,25,100,696618,32.65242839,32.35001421,0.302414179,0.29691124,771.1625977,0
FedHST,CIFAR10,0.5,0.7,0.9999,301,1.069253326,0.614564762,61.88,27,100,696618,34.69023609,34.33457804,0.355658054,0.350195169,771.1625977,0
FedHST,CIFAR10,0.5,0.7,0.9999,302,1.077148252,0.605548072,60.82,21,100,696618,28.23230767,27.95145679,0.280850887,0.275712252,771.1625977,0
FedHST,CIFAR10,0.5,0.7,0.9999,303,1.127878001,0.58156596,58.61,24,100,696618,32.87572765,32.55997801,0.315749645,0.310807705,771.1625977,0
FedHST,CIFAR10,0.5,0.7,0.9999,304,1.045631407,0.617387601,62.5,23,100,696618,27.31366158,27.01526165,0.298399925,0.292773724,771.1625977,0
FedHST,CIFAR10,0.5,0.7,0.9999,305,1.041690246,0.616867516,62.14,22,100,696618,31.38159847,31.1133213,0.268277168,0.26228404,771.1625977,0
FedHST,CIFAR10,0.5,0.7,0.9999,306,1.116593344,0.575748348,58.91,22,100,696618,29.47650123,29.17505503,0.301446199,0.295964003,771.1625977,0
FedHST,CIFAR10,0.5,0.7,0.9999,307,1.121299875,0.574747143,58.23,24,100,696618,35.08901978,34.77538824,0.313631535,0.307989597,771.1625977,0
FedHST,CIFAR10,0.5,0.7,0.9999,308,1.114123569,0.579512488,58.79,25,100,696618,32.71610165,32.38296843,0.333133221,0.327394009,771.1625977,0
FedHST,CIFAR10,0.5,0.7,0.9999,309,1.137601014,0.592862432,60.57,26,100,696618,32.29573798,31.9661746,0.329563379,0.324567318,771.1625977,0
FedHST,CIFAR10,0.5,0.7,0.9999,310,1.033786437,0.624602124,62.41,29,100,696618,32.22347641,31.83044481,0.393031597,0.387355089,771.1625977,0
FedHST,CIFAR10,0.5,0.7,0.9999,311,1.14411264,0.576461671,57.61,24,100,696618,29.9142077,29.59654069,0.317667007,0.311609745,771.1625977,0
FedHST,CIFAR10,0.5,0.7,0.9999,312,0.999126725,0.642657953,64.32,25,100,696618,32.27233744,31.9463377,0.325999737,0.320627928,771.1625977,0
FedHST,CIFAR10,0.5,0.7,0.9999,313,1.139797681,0.557950509,57.15,22,100,696618,35.10089064,34.78882718,0.312063456,0.306059837,771.1625977,0
FedHST,CIFAR10,0.5,0.7,0.9999,314,1.202062748,0.537538666,54.44,27,100,696618,36.06188726,35.69175887,0.370128393,0.36435461,771.1625977,0
FedHST,CIFAR10,0.5,0.7,0.9999,315,1.059497639,0.604671555,61.73,24,100,696618,33.86338186,33.52920723,0.334174633,0.328688383,771.1625977,0
FedHST,CIFAR10,0.5,0.7,0.9999,316,1.000960987,0.631272901,63.92,30,100,696618,42.52548671,42.12733626,0.398150444,0.392502546,771.1625977,0
FedHST,CIFAR10,0.5,0.7,0.9999,317,0.971374122,0.652319467,65.55,26,100,696618,34.66068006,34.3039608,0.356719255,0.351613283,771.1625977,0
FedHST,CIFAR10,0.5,0.7,0.9999,318,1.035338332,0.62096336,62.7,25,100,696618,35.39717507,35.04343033,0.353744745,0.347996235,771.1625977,0
FedHST,CIFAR10,0.5,0.7,0.9999,319,1.016473073,0.625197816,63.76,30,100,696618,38.02323508,37.60977149,0.413463593,0.407680035,771.1625977,0
FedHST,CIFAR10,0.5,0.7,0.9999,320,1.060808445,0.604025875,61.98,24,100,696618,28.62708831,28.30621576,0.320872545,0.315315723,771.1625977,0
FedHST,CIFAR10,0.5,0.7,0.9999,321,1.047755975,0.622609826,63,24,100,696618,35.36303234,35.0434885,0.319543839,0.313945055,771.1625977,0
FedHST,CIFAR10,0.5,0.7,0.9999,322,0.968338842,0.641927025,65.36,29,100,696618,39.92141747,39.52798462,0.393432856,0.387719631,771.1625977,0
FedHST,CIFAR10,0.5,0.7,0.9999,323,1.182935578,0.544907736,56.68,29,100,696618,37.89076281,37.47731757,0.413445234,0.407584906,771.1625977,0
FedHST,CIFAR10,0.5,0.7,0.9999,324,0.976448016,0.655509889,65.38,28,100,696618,37.39085507,37.02295232,0.367902756,0.361851215,771.1625977,0
FedHST,CIFAR10,0.5,0.7,0.9999,325,1.064959378,0.619136034,61.53,30,100,696618,37.18657327,36.80012107,0.386452198,0.380376816,771.1625977,0
FedHST,CIFAR10,0.5,0.7,0.9999,326,1.019735658,0.632434826,63.21,28,100,696618,38.30280042,37.91725564,0.385544777,0.37856102,771.1625977,0
FedHST,CIFAR10,0.5,0.7,0.9999,327,1.025007514,0.630809667,63.03,22,100,696618,28.89479804,28.58322549,0.311572552,0.304875135,771.1625977,0
FedHST,CIFAR10,0.5,0.7,0.9999,328,1.140972742,0.567568757,57.92,24,100,696618,31.64281273,31.31669044,0.326122284,0.32055378,771.1625977,0
FedHST,CIFAR10,0.5,0.7,0.9999,329,1.020443515,0.627956113,63.15,30,100,696618,37.70800734,37.31367588,0.394331455,0.389496326,771.1625977,0
FedHST,CIFAR10,0.5,0.7,0.9999,330,1.08763627,0.58845173,59.92,28,100,696618,41.6529212,41.28201032,0.370910883,0.365258932,771.1625977,0
FedHST,CIFAR10,0.5,0.7,0.9999,331,0.964138626,0.662868072,66.31,25,100,696618,33.13722825,32.8054266,0.331801653,0.326380014,771.1625977,0
FedHST,CIFAR10,0.5,0.7,0.9999,332,1.195420726,0.568832092,56.66,22,100,696618,29.00175023,28.69401121,0.307739019,0.301648855,771.1625977,0
FedHST,CIFAR10,0.5,0.7,0.9999,333,0.968992602,0.642689269,64.71,30,100,696618,42.7030468,42.28292918,0.420117617,0.414377689,771.1625977,0
FedHST,CIFAR10,0.5,0.7,0.9999,334,1.176230342,0.562003502,57.75,22,100,696618,29.00942183,28.70506716,0.304354668,0.299040318,771.1625977,0
FedHST,CIFAR10,0.5,0.7,0.9999,335,1.11944096,0.571355859,59.49,21,100,696618,32.03752542,31.74812055,0.289404869,0.284104824,771.1625977,0
FedHST,CIFAR10,0.5,0.7,0.9999,336,0.992871284,0.623265624,63.72,29,100,696618,35.70825243,35.30430865,0.403943777,0.398115158,771.1625977,0
FedHST,CIFAR10,0.5,0.7,0.9999,337,0.99092589,0.642083212,64.26,28,100,696618,40.49809098,40.11160064,0.386490345,0.380825281,771.1625977,0
FedHST,CIFAR10,0.5,0.7,0.9999,338,1.098611313,0.608280436,61.36,27,100,696618,37.63612819,37.26561379,0.370514393,0.364720583,771.1625977,0
FedHST,CIFAR10,0.5,0.7,0.9999,339,0.946465434,0.645983605,65.86,30,100,696618,42.09175134,41.69776225,0.393989086,0.388342619,771.1625977,0
FedHST,CIFAR10,0.5,0.7,0.9999,340,1.007915073,0.615770213,63.52,21,100,696618,28.44956017,28.16701412,0.282546043,0.275912523,771.1625977,0
FedHST,CIFAR10,0.5,0.7,0.9999,341,0.948427445,0.652664302,65.87,25,100,696618,28.13312316,27.81438565,0.318737507,0.313055038,771.1625977,0
FedHST,CIFAR10,0.5,0.7,0.9999,342,0.999674223,0.643691059,64.4,27,100,696618,34.68649936,34.31572127,0.370778084,0.364096165,771.1625977,0
FedHST,CIFAR10,0.5,0.7,0.9999,343,0.980029083,0.649874082,65.38,25,100,696618,34.94703722,34.63033104,0.316706181,0.311698198,771.1625977,0
FedHST,CIFAR10,0.5,0.7,0.9999,344,0.926340129,0.665507826,67.22,29,100,696618,40.41486835,40.03631687,0.378551483,0.373187065,771.1625977,0
FedHST,CIFAR10,0.5,0.7,0.9999,345,1.018277936,0.620000284,63.86,25,100,696618,30.49185967,30.15221167,0.339648008,0.334407568,771.1625977,0
FedHST,CIFAR10,0.5,0.7,0.9999,346,0.96264583,0.652395311,65.22,22,100,696618,27.62659645,27.3327837,0.293812752,0.289039135,771.1625977,0
FedHST,CIFAR10,0.5,0.7,0.9999,347,1.013695649,0.622406943,62.64,22,100,696618,24.51312947,24.22723365,0.285895824,0.280117989,771.1625977,0
FedHST,CIFAR10,0.5,0.7,0.9999,348,1.067107642,0.586639508,61.26,27,100,696618,35.21943998,34.872123,0.34731698,0.340659142,771.1625977,0
FedHST,CIFAR10,0.5,0.7,0.9999,349,1.008142573,0.624875426,63.14,29,100,696618,39.76013851,39.39348888,0.366649628,0.360603094,771.1625977,0
FedHST,CIFAR10,0.5,0.7,0.9999,350,0.988226031,0.645607781,64.41,29,100,696618,36.47130537,36.10084081,0.370464563,0.365049839,771.1625977,0
FedHST,CIFAR10,0.5,0.7,0.9999,351,1.020284893,0.633430614,64.2,26,100,696618,30.36267781,30.03020072,0.332477093,0.327083588,771.1625977,0
FedHST,CIFAR10,0.5,0.7,0.9999,352,0.96073643,0.642072332,65.57,20,100,696618,22.09906793,21.84985805,0.249209881,0.244052172,771.1625977,0
FedHST,CIFAR10,0.5,0.7,0.9999,353,0.893797932,0.663074069,67.48,26,100,696618,30.78037953,30.43458271,0.345796824,0.340338945,771.1625977,0
FedHST,CIFAR10,0.5,0.7,0.9999,354,1.016951128,0.633984237,63.78,20,100,696618,28.4151895,28.15343451,0.26175499,0.256429672,771.1625977,0
FedHST,CIFAR10,0.5,0.7,0.9999,355,0.922012195,0.664748829,66.89,24,100,696618,28.15810728,27.85327911,0.304828167,0.299618483,771.1625977,0
FedHST,CIFAR10,0.5,0.7,0.9999,356,1.035813693,0.626014108,63.36,30,100,696618,37.33140469,36.93807268,0.393332005,0.388258696,771.1625977,0
FedHST,CIFAR10,0.5,0.7,0.9999,357,1.074640178,0.592976251,60.74,22,100,696618,26.79014134,26.50432682,0.285814524,0.279980421,771.1625977,0
FedHST,CIFAR10,0.5,0.7,0.9999,358,0.995468382,0.631817039,63.48,26,100,696618,30.2497499,29.91405129,0.335698605,0.330429554,771.1625977,0
FedHST,CIFAR10,0.5,0.7,0.9999,359,0.876084336,0.676011651,68.77,27,100,696618,29.9757328,29.63611937,0.339613438,0.333688021,771.1625977,0
FedHST,CIFAR10,0.5,0.7,0.9999,360,0.989522697,0.625271557,63.94,21,100,696618,25.29237628,25.00733423,0.285042048,0.280486822,771.1625977,0
FedHST,CIFAR10,0.5,0.7,0.9999,361,1.004725377,0.627508403,63.94,22,100,696618,29.79505968,29.51563811,0.279421568,0.274444342,771.1625977,0
FedHST,CIFAR10,0.5,0.7,0.9999,362,0.936524541,0.657859248,66.94,23,100,696618,27.6254096,27.33943892,0.285970688,0.280650139,771.1625977,0
FedHST,CIFAR10,0.5,0.7,0.9999,363,0.91783973,0.678245601,67.24,29,100,696618,35.89723945,35.54575086,0.35148859,0.345497131,771.1625977,0
FedHST,CIFAR10,0.5,0.7,0.9999,364,0.917280776,0.677040108,67.77,23,100,696618,28.09917736,27.81145906,0.287718296,0.282758713,771.1625977,0
FedHST,CIFAR10,0.5,0.7,0.9999,365,1.003647457,0.616392155,63.71,22,100,696618,26.58450866,26.28798652,0.296522141,0.291033983,771.1625977,0
FedHST,CIFAR10,0.5,0.7,0.9999,366,1.038325941,0.589549402,61.36,22,100,696618,26.67826247,26.38859701,0.289665461,0.283926725,771.1625977,0
FedHST,CIFAR10,0.5,0.7,0.9999,367,0.918765962,0.667394012,67.33,30,100,696618,39.43273902,39.04565811,0.387080908,0.38169837,771.1625977,0
FedHST,CIFAR10,0.5,0.7,0.9999,368,0.908063368,0.672484045,67.76,27,100,696618,31.50405955,31.15286374,0.351195812,0.345682859,771.1625977,0
FedHST,CIFAR10,0.5,0.7,0.9999,369,0.875440845,0.695252652,69.27,29,100,696618,38.55463195,38.19563508,0.358996868,0.353388071,771.1625977,0
FedHST,CIFAR10,0.5,0.7,0.9999,370,1.011554735,0.633297591,63.87,29,100,696618,42.48639393,42.12064195,0.365751982,0.36070919,771.1625977,0
FedHST,CIFAR10,0.5,0.7,0.9999,371,0.941892603,0.651587941,66.36,28,100,696618,36.67014885,36.33931136,0.330837488,0.325951099,771.1625977,0
FedHST,CIFAR10,0.5,0.7,0.9999,372,0.954509392,0.645350531,66.27,25,100,696618,32.79708672,32.48687077,0.31021595,0.304634333,771.1625977,0
FedHST,CIFAR10,0.5,0.7,0.9999,373,0.936851422,0.664223265,66.33,26,100,696618,34.27570796,33.93825054,0.337457418,0.331478596,771.1625977,0
FedHST,CIFAR10,0.5,0.7,0.9999,374,0.991549279,0.637379165,64.36,26,100,696618,33.96401191,33.64396691,0.320044994,0.315299511,771.1625977,0
FedHST,CIFAR10,0.5,0.7,0.9999,375,0.954586208,0.645797698,64.69,28,100,696618,34.03286147,33.67599726,0.356864214,0.351638794,771.1625977,0
FedHST,CIFAR10,0.5,0.7,0.9999,376,0.930713276,0.673841354,67.19,20,100,696618,25.6076076,25.3723886,0.235219002,0.230555296,771.1625977,0
FedHST,CIFAR10,0.5,0.7,0.9999,377,0.844713863,0.701383743,70.16,30,100,696618,39.90985632,39.51234746,0.39750886,0.392230034,771.1625977,0
FedHST,CIFAR10,0.5,0.7,0.9999,378,0.889887137,0.679098089,68.75,25,100,696618,32.04463911,31.72557497,0.31906414,0.314152479,771.1625977,0
FedHST,CIFAR10,0.5,0.7,0.9999,379,1.015577563,0.62398247,63.42,21,100,696618,25.92772126,25.65211535,0.275605917,0.27092433,771.1625977,0
FedHST,CIFAR10,0.5,0.7,0.9999,380,1.000056064,0.624933505,63.72,22,100,696618,27.49412513,27.20233035,0.291794777,0.286859274,771.1625977,0
FedHST,CIFAR10,0.5,0.7,0.9999,381,1.052992945,0.614431322,62.02,22,100,696618,24.10657883,23.81322408,0.29335475,0.287569761,771.1625977,0
FedHST,CIFAR10,0.5,0.7,0.9999,382,1.045046844,0.617309659,62.04,28,100,696618,30.85596085,30.52238512,0.333575726,0.328428507,771.1625977,0
FedHST,CIFAR10,0.5,0.7,0.9999,383,1.015398741,0.63817004,63.59,26,100,696618,30.82002711,30.47475481,0.345272303,0.339607,771.1625977,0
FedHST,CIFAR10,0.5,0.7,0.9999,384,0.926499267,0.668559829,67.11,27,100,696618,37.66784549,37.3104558,0.357389688,0.352288485,771.1625977,0
FedHST,CIFAR10,0.5,0.7,0.9999,385,0.917167041,0.659651375,66.51,22,100,696618,26.32992554,26.03026986,0.299655676,0.294956207,771.1625977,0
FedHST,CIFAR10,0.5,0.7,0.9999,386,0.851158438,0.681911349,69.77,21,100,696618,26.72088933,26.45502734,0.265861988,0.260443926,771.1625977,0
FedHST,CIFAR10,0.5,0.7,0.9999,387,0.869153777,0.666982196,67.86,30,100,696618,42.86183023,42.48031998,0.381510258,0.375737906,771.1625977,0
FedHST,CIFAR10,0.5,0.7,0.9999,388,0.837445202,0.710782563,70.7,29,100,696618,39.17661309,38.7904923,0.386120796,0.380549431,771.1625977,0
FedHST,CIFAR10,0.5,0.7,0.9999,389,0.899141296,0.669828039,68.04,20,100,696618,19.50816655,19.26474452,0.243422031,0.238702297,771.1625977,0
FedHST,CIFAR10,0.5,0.7,0.9999,390,0.936571246,0.635956506,66.18,21,100,696618,25.31684566,25.06583786,0.251007795,0.245951891,771.1625977,0
FedHST,CIFAR10,0.5,0.7,0.9999,391,1.062229615,0.599971758,62.44,24,100,696618,31.22284913,30.90168262,0.321166515,0.316058636,771.1625977,0
FedHST,CIFAR10,0.5,0.7,0.9999,392,0.880812869,0.66339315,67.45,21,100,696618,24.81220698,24.53207326,0.280133724,0.27417779,771.1625977,0
FedHST,CIFAR10,0.5,0.7,0.9999,393,0.941997484,0.634496478,64.4,30,100,696618,31.90809083,31.54109263,0.366998196,0.3624084,771.1625977,0
FedHST,CIFAR10,0.5,0.7,0.9999,394,0.873488422,0.669378795,68.35,30,100,696618,35.0361073,34.66282582,0.373281479,0.368189096,771.1630859,0
FedHST,CIFAR10,0.5,0.7,0.9999,395,1.060355907,0.613587153,62.09,22,100,696618,28.36808753,28.07558513,0.292502403,0.285834551,771.1630859,0
FedHST,CIFAR10,0.5,0.7,0.9999,396,0.907713082,0.680343716,67.44,24,100,696618,32.91304493,32.60869265,0.304352283,0.297822952,771.1630859,0
FedHST,CIFAR10,0.5,0.7,0.9999,397,0.8099806,0.721558361,71.83,28,100,696618,38.83055735,38.49205804,0.338499308,0.332036972,771.1630859,0
FedHST,CIFAR10,0.5,0.7,0.9999,398,0.857739435,0.687889891,69.51,21,100,696618,29.20219326,28.92885542,0.273337841,0.267474413,771.1630859,0
FedHST,CIFAR10,0.5,0.7,0.9999,399,0.91410783,0.67000642,67.45,30,100,696618,35.04115677,34.66839814,0.372758627,0.367711067,771.1630859,0
FedHST,CIFAR10,0.5,0.7,0.9999,400,0.828391758,0.704053106,71.11,28,100,696618,40.82431865,40.4846313,0.339687347,0.334907293,771.1630859,0
FedHST,CIFAR10,0.5,0.7,0.9999,401,0.865962774,0.69416751,69.86,20,100,696618,25.5846839,25.32454443,0.260139465,0.254341602,771.1630859,0
FedHST,CIFAR10,0.5,0.7,0.9999,402,0.920356799,0.658289141,66.51,23,100,696618,34.54172516,34.24998355,0.29174161,0.286991358,771.1630859,0
FedHST,CIFAR10,0.5,0.7,0.9999,403,0.841228289,0.703663238,70.39,26,100,696618,34.01773548,33.68642402,0.331311464,0.325866699,771.1630859,0
FedHST,CIFAR10,0.5,0.7,0.9999,404,0.909617911,0.658821408,67.17,21,100,696618,25.98514104,25.71935844,0.265782595,0.260618687,771.1630859,0
FedHST,CIFAR10,0.5,0.7,0.9999,405,0.864547887,0.698404841,69.73,20,100,696618,24.82234526,24.57127881,0.251066446,0.245889664,771.1630859,0
FedHST,CIFAR10,0.5,0.7,0.9999,406,0.849708769,0.700102591,70.39,27,100,696618,34.13311291,33.80474949,0.328363419,0.323366165,771.1630859,0
FedHST,CIFAR10,0.5,0.7,0.9999,407,1.008567639,0.630093677,63.05,25,100,696618,29.16820025,28.85417533,0.314024925,0.309269905,771.1630859,0
FedHST,CIFAR10,0.5,0.7,0.9999,408,0.868157532,0.693767175,68.99,24,100,696618,33.10957694,32.78003693,0.329540014,0.323817253,771.1630859,0
FedHST,CIFAR10,0.5,0.7,0.9999,409,0.838820457,0.672142472,69.86,22,100,696618,24.57892203,24.29320359,0.285718441,0.28092742,771.1630859,0
FedHST,CIFAR10,0.5,0.7,0.9999,410,0.833351723,0.679809306,69.5,24,100,696618,29.83674455,29.52551889,0.311225653,0.306148767,771.1630859,0
FedHST,CIFAR10,0.5,0.7,0.9999,411,0.778576211,0.72793171,72.87,29,100,696618,34.38944936,34.0338006,0.355648756,0.350774527,771.1630859,0
FedHST,CIFAR10,0.5,0.7,0.9999,412,0.890970974,0.67240728,67.47,22,100,696618,25.91814756,25.64714384,0.271003723,0.266166449,771.1630859,0
FedHST,CIFAR10,0.5,0.7,0.9999,413,0.98111199,0.644930694,64.4,20,100,696618,23.58278894,23.31939411,0.263394833,0.255903244,771.1630859,0
FedHST,CIFAR10,0.5,0.7,0.9999,414,1.076606173,0.615828028,61.5,27,100,696618,34.90835881,34.54203463,0.366324186,0.360640526,771.1630859,0
FedHST,CIFAR10,0.5,0.7,0.9999,415,0.85264038,0.68466522,69.29,21,100,696618,23.98131037,23.69317985,0.288130522,0.282753229,771.1630859,0
FedHST,CIFAR10,0.5,0.7,0.9999,416,0.932295918,0.652811309,67.58,25,100,696618,32.13977551,31.81075811,0.329017401,0.323484659,771.1630859,0
FedHST,CIFAR10,0.5,0.7,0.9999,417,0.833536284,0.687945247,70.11,20,100,696618,23.70511174,23.45832682,0.246784925,0.241625547,771.1630859,0
FedHST,CIFAR10,0.5,0.7,0.9999,418,1.006361243,0.630021022,62.61,28,100,696618,36.90791965,36.56258965,0.34533,0.340094566,771.1630859,0
FedHST,CIFAR10,0.5,0.7,0.9999,419,1.138486726,0.565029547,58.97,26,100,696618,36.73872828,36.42536998,0.313358307,0.308626413,771.1630859,0
FedHST,CIFAR10,0.5,0.7,0.9999,420,0.908154587,0.679618375,67.6,26,100,696618,33.35706067,33.03908515,0.317975521,0.313244343,771.1630859,0
FedHST,CIFAR10,0.5,0.7,0.9999,421,0.746802372,0.737369027,74.04,27,100,696618,30.51485848,30.17097878,0.3438797,0.338446617,771.1630859,0
FedHST,CIFAR10,0.5,0.7,0.9999,422,0.882133584,0.683096416,69.65,21,100,696618,26.06677032,25.79021096,0.276559353,0.270437956,771.1630859,0
FedHST,CIFAR10,0.5,0.7,0.9999,423,0.817702887,0.699014794,70.87,29,100,696618,38.21942401,37.82335234,0.396071672,0.390310287,771.1630859,0
FedHST,CIFAR10,0.5,0.7,0.9999,424,0.774339862,0.730969384,72.84,30,100,696618,32.65239096,32.24446917,0.407921791,0.402031898,771.1630859,0
FedHST,CIFAR10,0.5,0.7,0.9999,425,0.782618173,0.730383695,72.79,26,100,696618,34.50991631,34.15964985,0.350266457,0.34472847,771.1630859,0
FedHST,CIFAR10,0.5,0.7,0.9999,426,0.795895041,0.706004189,71.58,22,100,696618,25.8300879,25.53533459,0.294753313,0.289199829,771.1630859,0
FedHST,CIFAR10,0.5,0.7,0.9999,427,0.822046946,0.680148233,70.3,29,100,696618,38.6654408,38.29639411,0.369046688,0.363690853,771.1630859,0
FedHST,CIFAR10,0.5,0.7,0.9999,428,0.781363823,0.721066049,72.3,22,100,696618,28.63605094,28.35237408,0.283676863,0.279145718,771.1630859,0
FedHST,CIFAR10,0.5,0.7,0.9999,429,0.794434586,0.714319413,70.9,20,100,696618,25.31537604,25.03261638,0.282759666,0.277353048,771.1630859,0
FedHST,CIFAR10,0.5,0.7,0.9999,430,0.832204759,0.700580708,69.9,30,100,696618,40.14947176,39.7784338,0.37103796,0.366029978,771.1630859,0
FedHST,CIFAR10,0.5,0.7,0.9999,431,1.000954768,0.641747363,64.61,29,100,696618,38.27707195,37.90827441,0.368797541,0.363204002,771.1630859,0
FedHST,CIFAR10,0.5,0.7,0.9999,432,1.105283502,0.590293398,60.72,23,100,696618,28.08816981,27.78566003,0.302509785,0.296829462,771.1630859,0
FedHST,CIFAR10,0.5,0.7,0.9999,433,0.785965239,0.706068348,71.71,28,100,696618,35.6623404,35.30956292,0.352777481,0.347879887,771.1630859,0
FedHST,CIFAR10,0.5,0.7,0.9999,434,0.806657587,0.714720251,71.31,25,100,696618,29.44152331,29.13697863,0.304544687,0.299357176,771.1630859,0
FedHST,CIFAR10,0.5,0.7,0.9999,435,0.779945512,0.727663532,72.63,28,100,696618,34.71947932,34.34463024,0.374849081,0.3694942,771.1630859,0
FedHST,CIFAR10,0.5,0.7,0.9999,436,0.963224298,0.624149934,64.14,23,100,696618,29.8179028,29.50292826,0.314974546,0.309504032,771.1630859,0
FedHST,CIFAR10,0.5,0.7,0.9999,437,0.736079353,0.745505642,74.57,29,100,696618,36.66625142,36.28446555,0.38178587,0.376694679,771.1630859,0
FedHST,CIFAR10,0.5,0.7,0.9999,438,0.796547632,0.719330762,71.45,23,100,696618,30.81804514,30.53338051,0.284664631,0.279131889,771.1630859,0
FedHST,CIFAR10,0.5,0.7,0.9999,439,0.764381507,0.733136575,73.77,25,100,696618,30.76890826,30.46854186,0.300366402,0.2951262,771.1630859,0
FedHST,CIFAR10,0.5,0.7,0.9999,440,0.727355937,0.744764787,74.78,28,100,696618,33.39955759,33.05043888,0.34911871,0.342931509,771.1630859,0
FedHST,CIFAR10,0.5,0.7,0.9999,441,0.751905948,0.731835957,73.82,27,100,696618,35.91781831,35.57140613,0.346412182,0.34020853,771.1630859,0
FedHST,CIFAR10,0.5,0.7,0.9999,442,1.014884029,0.63584605,64.17,23,100,696618,29.51161385,29.19377685,0.317837,0.312182665,771.1630859,0
FedHST,CIFAR10,0.5,0.7,0.9999,443,0.944834471,0.669275557,66.47,27,100,696618,35.34957051,35.03006458,0.31950593,0.314489126,771.1630859,0
FedHST,CIFAR10,0.5,0.7,0.9999,444,0.840943001,0.695574028,69.78,23,100,696618,34.06690073,33.76652813,0.300372601,0.295128822,771.1630859,0
FedHST,CIFAR10,0.5,0.7,0.9999,445,0.785838458,0.705709339,71.91,26,100,696618,30.93232465,30.58764386,0.344680786,0.339922667,771.1630859,0
FedHST,CIFAR10,0.5,0.7,0.9999,446,0.710335798,0.749589743,75.16,21,100,696618,32.60907102,32.30783796,0.301233053,0.29564786,771.1630859,0
FedHST,CIFAR10,0.5,0.7,0.9999,447,0.88101875,0.686461385,69.1,25,100,696618,28.7471683,28.38790226,0.359266043,0.353642464,771.1630859,0
FedHST,CIFAR10,0.5,0.7,0.9999,448,0.85251137,0.711731107,70.66,20,100,696618,27.06664228,26.79055715,0.276085138,0.270409822,771.1630859,0
FedHST,CIFAR10,0.5,0.7,0.9999,449,0.78730661,0.717480111,71.99,30,100,696618,38.86113167,38.44575763,0.415374041,0.409426928,771.1630859,0
FedHST,CIFAR10,0.5,0.7,0.9999,450,0.727650305,0.735154551,74.51,29,100,696618,39.46103024,39.06157112,0.399459124,0.394534588,771.1630859,0
FedHST,CIFAR10,0.5,0.7,0.9999,451,0.8170722,0.701443953,71.2,27,100,696618,35.54407406,35.15250421,0.391569853,0.38552165,771.1630859,0
FedHST,CIFAR10,0.5,0.7,0.9999,452,0.732171828,0.739435908,74.35,30,100,696618,43.54529762,43.12659264,0.418704987,0.412876844,771.1630859,0
FedHST,CIFAR10,0.5,0.7,0.9999,453,0.764309467,0.721670705,72.3,23,100,696618,29.11553717,28.80300379,0.312533379,0.305906057,771.1630859,0
FedHST,CIFAR10,0.5,0.7,0.9999,454,0.691757022,0.76095127,76.15,28,100,696618,38.84333014,38.45760489,0.38572526,0.379932165,771.1630859,0
FedHST,CIFAR10,0.5,0.7,0.9999,455,0.758188999,0.726221816,73.18,30,100,696618,38.75902247,38.35315967,0.405862808,0.400744677,771.1630859,0
FedHST,CIFAR10,0.5,0.7,0.9999,456,0.747091241,0.728684831,73.45,26,100,696618,38.84796524,38.51331186,0.334653378,0.329045057,771.1630859,0
FedHST,CIFAR10,0.5,0.7,0.9999,457,0.748899095,0.727549119,73.64,22,100,696618,34.23661804,33.93200445,0.30461359,0.298747301,771.1630859,0
FedHST,CIFAR10,0.5,0.7,0.9999,458,0.781093221,0.716479128,72.22,26,100,696618,39.22240663,38.87699842,0.345408201,0.340198278,771.1630859,0
FedHST,CIFAR10,0.5,0.7,0.9999,459,0.832608857,0.692398453,70.84,21,100,696618,28.57753015,28.28590989,0.291620255,0.286178112,771.1630859,0
FedHST,CIFAR10,0.5,0.7,0.9999,460,0.688655824,0.760042144,76.28,21,100,696618,29.2813499,28.98271441,0.298635483,0.293389797,771.1630859,0
FedHST,CIFAR10,0.5,0.7,0.9999,461,0.758321494,0.727136344,72.96,25,100,696618,32.94290257,32.59581542,0.347087145,0.340812445,771.1630859,0
FedHST,CIFAR10,0.5,0.7,0.9999,462,0.788896178,0.718570854,71.68,29,100,696618,38.40565276,38.00615144,0.399501324,0.394131184,771.1630859,0
FedHST,CIFAR10,0.5,0.7,0.9999,463,0.694510708,0.754398531,75.7,29,100,696618,41.43285418,41.04496455,0.387889624,0.382046461,771.1630859,0
FedHST,CIFAR10,0.5,0.7,0.9999,464,0.79628425,0.702360764,71.29,25,100,696618,28.63604259,28.29931045,0.336732149,0.331058979,771.1630859,0
FedHST,CIFAR10,0.5,0.7,0.9999,465,0.691330244,0.753920033,75.79,30,100,696618,38.09797692,37.69490457,0.403072357,0.397489309,771.1630859,0
FedHST,CIFAR10,0.5,0.7,0.9999,466,0.68242355,0.76431314,76.17,25,100,696618,28.54739547,28.19714665,0.350248814,0.344706297,771.1630859,0
FedHST,CIFAR10,0.5,0.7,0.9999,467,0.793228164,0.726719154,72.6,24,100,696618,30.22760773,29.90469599,0.322911739,0.317121267,771.1630859,0
FedHST,CIFAR10,0.5,0.7,0.9999,468,0.806715747,0.720695848,71.96,20,100,696618,22.39078736,22.12483239,0.265954971,0.259975433,771.1630859,0
FedHST,CIFAR10,0.5,0.7,0.9999,469,0.678998182,0.759554165,76.27,20,100,696618,23.76182604,23.46459961,0.297226429,0.291629076,771.1630859,0
FedHST,CIFAR10,0.5,0.7,0.9999,470,0.75418682,0.734723751,74.02,27,100,696618,35.76589346,35.39740014,0.368493319,0.363110304,771.1630859,0
FedHST,CIFAR10,0.5,0.7,0.9999,471,0.675671455,0.762039824,76.04,28,100,696618,36.55860901,36.18504262,0.373566389,0.367724657,771.1630859,0
FedHST,CIFAR10,0.5,0.7,0.9999,472,0.919556105,0.692605499,68.05,21,100,696618,26.19672513,25.90316439,0.293560743,0.288379431,771.1630859,0
FedHST,CIFAR10,0.5,0.7,0.9999,473,0.744354883,0.738807208,74.21,28,100,696618,42.81355786,42.43435526,0.379202604,0.373661518,771.1630859,0
FedHST,CIFAR10,0.5,0.7,0.9999,474,0.696548214,0.749686075,75.66,30,100,696618,36.71677303,36.30070591,0.416067123,0.410545826,771.1630859,0
FedHST,CIFAR10,0.5,0.7,0.9999,475,0.762837024,0.729326313,73.1,25,100,696618,35.78216028,35.43931031,0.34284997,0.337399483,771.1630859,0
FedHST,CIFAR10,0.5,0.7,0.9999,476,0.690167369,0.758176915,76.01,23,100,696618,32.14091325,31.80192399,0.338989258,0.332777262,771.1630859,0
FedHST,CIFAR10,0.5,0.7,0.9999,477,0.81016645,0.723836838,71.97,22,100,696618,32.74442625,32.47851777,0.26590848,0.261086941,771.1630859,0
FedHST,CIFAR10,0.5,0.7,0.9999,478,0.92535877,0.676568597,68.06,26,100,696618,37.31425381,36.9632535,0.351000309,0.345430136,771.1630859,0
FedHST,CIFAR10,0.5,0.7,0.9999,479,0.71974495,0.751683917,74.86,21,100,696618,26.77500772,26.49283981,0.282167912,0.276553631,771.1630859,0
FedHST,CIFAR10,0.5,0.7,0.9999,480,0.757492584,0.732887955,73.35,20,100,696618,25.65933323,25.39659214,0.262741089,0.257505655,771.1630859,0
FedHST,CIFAR10,0.5,0.7,0.9999,481,0.680419962,0.762037717,76.41,29,100,696618,37.39370227,37.0057466,0.387955666,0.381734848,771.1630859,0
FedHST,CIFAR10,0.5,0.7,0.9999,482,0.830798059,0.712791546,71.88,29,100,696618,33.27891827,32.92032933,0.358588934,0.353293657,771.1630859,0
FedHST,CIFAR10,0.5,0.7,0.9999,483,0.852547737,0.70676748,70.94,25,100,696618,30.90015578,30.58791113,0.312244654,0.306973457,771.1630859,0
FedHST,CIFAR10,0.5,0.7,0.9999,484,0.704071398,0.755036104,75.32,28,100,696618,35.46734214,35.11144471,0.355897427,0.350237846,771.1630859,0
FedHST,CIFAR10,0.5,0.7,0.9999,485,0.716230103,0.759557203,75.22,21,100,696618,27.91096878,27.64927459,0.261694193,0.256140232,771.1630859,0
FedHST,CIFAR10,0.5,0.7,0.9999,486,0.662131632,0.769372515,77.07,22,100,696618,28.11691523,27.82267189,0.294243336,0.289651155,771.1630859,0
FedHST,CIFAR10,0.5,0.7,0.9999,487,0.767736802,0.730976749,73.99,22,100,696618,27.14967561,26.85513091,0.294544697,0.28713131,771.1630859,0
FedHST,CIFAR10,0.5,0.7,0.9999,488,0.688591748,0.759944223,76.1,24,100,696618,28.98974204,28.68174934,0.307992697,0.302845478,771.1630859,0
FedHST,CIFAR10,0.5,0.7,0.9999,489,0.752051972,0.736156347,73.23,22,100,696618,29.25195122,28.95860386,0.293347359,0.288106203,771.1630859,0
FedHST,CIFAR10,0.5,0.7,0.9999,490,0.77117285,0.742307705,73.9,21,100,696618,24.17988062,23.91371012,0.266170502,0.261224747,771.1630859,0
FedHST,CIFAR10,0.5,0.7,0.9999,491,0.71969571,0.732865195,74.43,21,100,696618,26.56175756,26.30465007,0.257107496,0.252104521,771.1630859,0
FedHST,CIFAR10,0.5,0.7,0.9999,492,0.661594261,0.758018523,76.85,21,100,696618,29.26704788,29.00838661,0.25866127,0.253162384,771.1630859,0
FedHST,CIFAR10,0.5,0.7,0.9999,493,0.65900965,0.771549631,77.6,26,100,696618,32.97964072,32.63580132,0.343839407,0.338428497,771.1630859,0
FedHST,CIFAR10,0.5,0.7,0.9999,494,0.645892529,0.774196523,77.41,28,100,696618,36.29020905,35.92993188,0.360277176,0.354634523,771.1630859,0
FedHST,CIFAR10,0.5,0.7,0.9999,495,0.680651852,0.768581142,76.89,29,100,696618,35.56765842,35.20536685,0.362291574,0.357238293,771.1630859,0
FedHST,CIFAR10,0.5,0.7,0.9999,496,1.07922598,0.644166571,62.64,22,100,696618,27.81024766,27.52297306,0.287274599,0.281597614,771.1630859,0
FedHST,CIFAR10,0.5,0.7,0.9999,497,0.631156331,0.77969398,78.47,28,100,696618,36.69514227,36.32015324,0.374989033,0.368975639,771.1630859,0
FedHST,CIFAR10,0.5,0.7,0.9999,498,0.717102909,0.741992289,74.98,26,100,696618,30.5800817,30.25732303,0.322758675,0.317594528,771.1630859,0
FedHST,CIFAR10,0.5,0.7,0.9999,499,0.617669417,0.78764209,78.71,24,100,696618,28.93756986,28.63484025,0.302729607,0.297176123,771.1630859,0
FedHST,CIFAR10,0.5,0.7,0.9999,500,0.784240845,0.731935451,72.22,24,100,696618,26.65005469,26.36433744,0.285717249,0.281073332,771.1630859,0
FedHST,CIFAR10,0.5,0.7,0.9999,1,2.560098011,0.039287475,12.26,22,100,696618,28.22336173,27.95730472,0.266057014,0.26133585,747.1699219,1
FedHST,CIFAR10,0.5,0.7,0.9999,2,2.377461085,0.018181818,10,21,100,696618,29.20939136,28.93835664,0.271034718,0.265624285,747.1826172,1
FedHST,CIFAR10,0.5,0.7,0.9999,3,2.322648196,0.018181818,10,24,100,696618,32.97899818,32.66469693,0.314301252,0.309203148,755.1743164,1
FedHST,CIFAR10,0.5,0.7,0.9999,4,2.308695681,0.069016464,15.43,27,100,696618,34.96909761,34.64132166,0.327775955,0.3223629,763.1679688,1
FedHST,CIFAR10,0.5,0.7,0.9999,5,2.313024078,0.062509011,12.81,30,100,696618,37.32860303,36.93094134,0.397661686,0.391723394,771.1616211,1
FedHST,CIFAR10,0.5,0.7,0.9999,6,2.295623319,0.0683595,13.68,23,100,696618,29.48042822,29.16777825,0.312649965,0.306450605,771.1616211,1
FedHST,CIFAR10,0.5,0.7,0.9999,7,2.262643425,0.055361499,16.25,24,100,696618,35.63230038,35.30124164,0.331058741,0.325002432,771.1616211,1
FedHST,CIFAR10,0.5,0.7,0.9999,8,2.247139419,0.064698472,15.4,25,100,696618,31.05301261,30.71344757,0.339565039,0.334254026,771.1616211,1
FedHST,CIFAR10,0.5,0.7,0.9999,9,2.206472355,0.056416526,16.21,30,100,696618,37.50268555,37.07167125,0.431014299,0.424695492,771.1616211,1
FedHST,CIFAR10,0.5,0.7,0.9999,10,2.240369794,0.054977275,14.68,29,100,696618,37.44089437,37.02931809,0.411576271,0.405823946,771.1616211,1
FedHST,CIFAR10,0.5,0.7,0.9999,11,2.19179868,0.055462133,15.76,25,100,696618,32.89244962,32.53695822,0.3554914,0.349939823,771.1616211,1
FedHST,CIFAR10,0.5,0.7,0.9999,12,2.210806198,0.085934942,16.5,22,100,696618,27.31172848,27.01384306,0.297885418,0.29277277,771.1616211,1
FedHST,CIFAR10,0.5,0.7,0.9999,13,2.246381146,0.047765411,12.63,20,100,696618,25.91457915,25.62280512,0.291774035,0.285665035,771.1616211,1
FedHST,CIFAR10,0.5,0.7,0.9999,14,2.189636489,0.093385249,19.43,21,100,696618,27.22747326,26.93852758,0.288945675,0.28341651,771.1616211,1
FedHST,CIFAR10,0.5,0.7,0.9999,15,2.170889624,0.098195541,19.21,24,100,696618,35.25592041,34.91816831,0.337752104,0.331144333,771.1616211,1
FedHST,CIFAR10,0.5,0.7,0.9999,16,2.158258635,0.095867829,19.23,21,100,696618,30.59060311,30.29313326,0.297469854,0.292007208,771.1616211,1
FedHST,CIFAR10,0.5,0.7,0.9999,17,2.153685723,0.078001698,16.67,21,100,696618,25.87485313,25.58216524,0.292687893,0.286920309,771.1616211,1
FedHST,CIFAR10,0.5,0.7,0.9999,18,2.187232956,0.089631547,17.34,20,100,696618,27.88203049,27.6125443,0.269486189,0.263939619,771.1616211,1
FedHST,CIFAR10,0.5,0.7,0.9999,19,2.162191301,0.091818299,18.38,30,100,696618,42.37538362,41.97887111,0.396512508,0.391159534,771.1616211,1
FedHST,CIFAR10,0.5,0.7,0.9999,20,2.16040025,0.073099323,17.35,26,100,696618,35.7159152,35.36546826,0.350446939,0.345081329,771.1616211,1
FedHST,CIFAR10,0.5,0.7,0.9999,21,2.123427007,0.088397522,19.05,26,100,696618,34.70858955,34.35547876,0.35311079,0.347027779,771.1616211,1
FedHST,CIFAR10,0.5,0.7,0.9999,22,2.102761199,0.098588007,19.38,20,100,696618,26.97796822,26.70957899,0.268389225,0.263191938,771.1616211,1
FedHST,CIFAR10,0.5,0.7,0.9999,23,2.078067849,0.120183398,20.9,28,100,696618,32.34099483,31.95867252,0.382322311,0.376786947,771.1616211,1
FedHST,CIFAR10,0.5,0.7,0.9999,24,2.076446611,0.11971054,20.9,23,100,696618,33.75542903,33.4205339,0.334895134,0.328580141,771.1616211,1
FedHST,CIFAR10,0.5,0.7,0.9999,25,2.105309641,0.118118304,18.23,28,100,696618,38.74698496,38.37505937,0.371925592,0.3665452,771.1616211,1
FedHST,CIFAR10,0.5,0.7,0.9999,26,2.106868285,0.078267695,16.46,23,100,696618,27.2173934,26.91103625,0.306357145,0.301240683,771.1616211,1
FedHST,CIFAR10,0.5,0.7,0.9999,27,2.112157869,0.107104052,19.07,27,100,696618,35.45578694,35.08521342,0.370573521,0.365329742,771.1616211,1
FedHST,CIFAR10,0.5,0.7,0.9999,28,2.074021029,0.129768917,20.93,22,100,696618,26.12362266,25.82162952,0.301993132,0.296457529,771.1616211,1
FedHST,CIFAR10,0.5,0.7,0.9999,29,2.0763085,0.116103387,20.41,30,100,696618,38.35678864,37.93760252,0.419186115,0.412801266,771.1616211,1
FedHST,CIFAR10,0.5,0.7,0.9999,30,2.083698917,0.088743707,19.32,20,100,696618,27.16646528,26.89667368,0.269791603,0.264858007,771.1616211,1
FedHST,CIFAR10,0.5,0.7,0.9999,31,2.048501195,0.11675316,20.97,30,100,696618,41.19729495,40.79191446,0.405380487,0.399988651,771.1616211,1
FedHST,CIFAR10,0.5,0.7,0.9999,32,2.031787654,0.12704458,21.87,24,100,696618,31.76489067,31.43693089,0.327959776,0.32237649,771.1616211,1
FedHST,CIFAR10,0.5,0.7,0.9999,33,2.051191003,0.12483566,21.16,21,100,696618,26.91751838,26.63766599,0.27985239,0.27396059,771.1616211,1
FedHST,CIFAR10,0.5,0.7,0.9999,34,2.030276646,0.124628357,21.01,30,100,696618,41.14943409,40.72707009,0.422363997,0.416333437,771.1616211,1
FedHST,CIFAR10,0.5,0.7,0.9999,35,2.032083906,0.131439105,20.86,20,100,696618,26.32447219,26.05143785,0.273034334,0.267861128,771.1616211,1
FedHST,CIFAR10,0.5,0.7,0.9999,36,2.0321956,0.114901797,21.1,22,100,696618,32.77125907,32.4452126,0.326046467,0.319774628,771.1616211,1
FedHST,CIFAR10,0.5,0.7,0.9999,37,2.041905951,0.12358513,21.31,30,100,696618,41.84701061,41.41087866,0.436131954,0.430003166,771.1616211,1
FedHST,CIFAR10,0.5,0.7,0.9999,38,2.044716597,0.147785381,22.06,29,100,696618,42.19809389,41.79657722,0.401516676,0.395747662,771.1616211,1
FedHST,CIFAR10,0.5,0.7,0.9999,39,1.999556066,0.144733211,22.33,28,100,696618,37.92239165,37.52333975,0.399051905,0.393538713,771.1616211,1
FedHST,CIFAR10,0.5,0.7,0.9999,40,2.051626199,0.139941686,20.52,22,100,696618,27.85061502,27.54654622,0.304068804,0.298428774,771.1616211,1
FedHST,CIFAR10,0.5,0.7,0.9999,41,2.019264014,0.110334178,19.53,21,100,696618,32.18846679,31.90292168,0.285545111,0.280026913,771.1616211,1
FedHST,CIFAR10,0.5,0.7,0.9999,42,2.036792583,0.170983566,23.72,27,100,696618,34.4382987,34.0679369,0.370361805,0.364663363,771.1616211,1
FedHST,CIFAR10,0.5,0.7,0.9999,43,2.011701321,0.159488636,22.07,20,100,696618,26.09119201,25.82635379,0.264838219,0.259536266,771.1616211,1
FedHST,CIFAR10,0.5,0.7,0.9999,44,1.997103124,0.158114468,21.69,21,100,696618,22.85446477,22.57504392,0.279420853,0.274102211,771.1616211,1
FedHST,CIFAR10,0.5,0.7,0.9999,45,2.022271957,0.149108868,21.09,26,100,696618,32.32993031,32.00121522,0.328715086,0.32356596,771.1616211,1
FedHST,CIFAR10,0.5,0.7,0.9999,46,1.969870105,0.155771673,22.33,20,100,696618,25.616328,25.33506203,0.281265974,0.275992155,771.1616211,1
FedHST,CIFAR10,0.5,0.7,0.9999,47,2.024980665,0.165257105,22.29,29,100,696618,35.05380511,34.68434668,0.369458437,0.364200592,771.1616211,1
FedHST,CIFAR10,0.5,0.7,0.9999,48,1.990385675,0.142135748,21.39,25,100,696618,31.84799981,31.49862647,0.349373341,0.342963219,771.1616211,1
FedHST,CIFAR10,0.5,0.7,0.9999,49,1.92198753,0.197051653,26.38,26,100,696618,35.8498776,35.52996469,0.31991291,0.314596653,771.1616211,1
FedHST,CIFAR10,0.5,0.7,0.9999,50,1.93981213,0.177548386,25.98,28,100,696618,38.50704288,38.15278292,0.354259968,0.348664761,771.1616211,1
FedHST,CIFAR10,0.5,0.7,0.9999,51,1.943671097,0.171553678,24.31,21,100,696618,27.08133101,26.80566096,0.275670052,0.2705338,771.1616211,1
FedHST,CIFAR10,0.5,0.7,0.9999,52,2.168189025,0.075646456,15.53,20,100,696618,28.63394141,28.359056,0.274885416,0.26889801,771.1616211,1
FedHST,CIFAR10,0.5,0.7,0.9999,53,2.131759608,0.104231746,17.84,24,100,696618,31.74949431,31.44422412,0.305270195,0.299847603,771.1616211,1
FedHST,CIFAR10,0.5,0.7,0.9999,54,1.94598918,0.182441165,25.62,22,100,696618,29.23784328,28.96499896,0.272844315,0.267449617,771.1616211,1
FedHST,CIFAR10,0.5,0.7,0.9999,55,2.024923053,0.155197273,21.36,22,100,696618,25.32797885,25.05663466,0.271344185,0.265781641,771.1616211,1
FedHST,CIFAR10,0.5,0.7,0.9999,56,1.916174429,0.206567342,26.57,20,100,696618,24.67086887,24.42630172,0.244567156,0.239687443,771.1616211,1
FedHST,CIFAR10,0.5,0.7,0.9999,57,1.914339626,0.265775516,31.04,24,100,696618,28.24268937,27.95485401,0.28783536,0.282594204,771.1616211,1
FedHST,CIFAR10,0.5,0.7,0.9999,58,1.93222561,0.248691477,28.94,24,100,696618,27.49114847,27.19744158,0.293706894,0.288979053,771.1616211,1
FedHST,CIFAR10,0.5,0.7,0.9999,59,1.95434387,0.194815984,24.99,28,100,696618,36.04903555,35.713346,0.335689545,0.330828428,771.1616211,1
FedHST,CIFAR10,0.5,0.7,0.9999,60,1.940657391,0.195686679,26.06,30,100,696618,36.80136704,36.42830324,0.373063803,0.367935658,771.1621094,1
FedHST,CIFAR10,0.5,0.7,0.9999,61,1.91641351,0.188784284,26.73,30,100,696618,37.80300736,37.39948249,0.403524876,0.39793539,771.1630859,1
FedHST,CIFAR10,0.5,0.7,0.9999,62,1.916865892,0.178501415,26.47,24,100,696618,32.40683198,32.11350584,0.293326139,0.288720131,771.1630859,1
FedHST,CIFAR10,0.5,0.7,0.9999,63,1.914740527,0.183491329,26.74,25,100,696618,32.61034107,32.30344653,0.306894541,0.30162096,771.1630859,1
FedHST,CIFAR10,0.5,0.7,0.9999,64,1.907223409,0.194677973,26.77,23,100,696618,30.54960918,30.24411893,0.305490255,0.300277948,771.1630859,1
FedHST,CIFAR10,0.5,0.7,0.9999,65,1.936243657,0.163259337,24.85,29,100,696618,38.23027396,37.87770796,0.352566004,0.347243071,771.1630859,1
FedHST,CIFAR10,0.5,0.7,0.9999,66,1.916985123,0.188713674,25.76,28,100,696618,36.42233896,36.03994107,0.38239789,0.376301765,771.1630859,1
FedHST,CIFAR10,0.5,0.7,0.9999,67,1.870770377,0.230746691,28.53,27,100,696618,38.58336592,38.23187423,0.35149169,0.345854282,771.1630859,1
FedHST,CIFAR10,0.5,0.7,0.9999,68,1.897185322,0.252744142,29.74,26,100,696618,30.92958927,30.59042358,0.339165688,0.333987474,771.1630859,1
FedHST,CIFAR10,0.5,0.7,0.9999,69,1.912085991,0.227387742,28.09,29,100,696618,34.50225639,34.12452888,0.377727509,0.371820927,771.1630859,1
FedHST,CIFAR10,0.5,0.7,0.9999,70,1.872133033,0.241390699,30.66,30,100,696618,36.86300707,36.44719839,0.415808678,0.410619974,771.1630859,1
FedHST,CIFAR10,0.5,0.7,0.9999,71,1.87190553,0.225332029,29.69,24,100,696618,34.7955606,34.48074675,0.314813852,0.309810162,771.1630859,1
FedHST,CIFAR10,0.5,0.7,0.9999,72,1.886844768,0.204130536,27.94,21,100,696618,26.95120931,26.66349387,0.287715435,0.282315731,771.1630859,1
FedHST,CIFAR10,0.5,0.7,0.9999,73,1.900874795,0.175917321,26.52,20,100,696618,28.25158668,27.98651934,0.265067339,0.259400845,771.1630859,1
FedHST,CIFAR10,0.5,0.7,0.9999,74,1.860364779,0.211462715,27.88,20,100,696618,24.34820724,24.07564378,0.272563457,0.267241478,771.1630859,1
FedHST,CIFAR10,0.5,0.7,0.9999,75,1.825034976,0.271993248,31.57,28,100,696618,35.27499413,34.89953947,0.375454664,0.369846582,771.1630859,1
FedHST,CIFAR10,0.5,0.7,0.9999,76,1.8902406,0.239780015,28.06,24,100,696618,30.14833355,29.83029008,0.31804347,0.312709093,771.1630859,1
FedHST,CIFAR10,0.5,0.7,0.9999,77,1.935771146,0.193760786,24.84,21,100,696618,23.56078386,23.29072571,0.270058155,0.264461994,771.1630859,1
FedHST,CIFAR10,0.5,0.7,0.9999,78,1.839085934,0.233934131,28.86,25,100,696618,31.17502308,30.84009147,0.334931612,0.32952404,771.1630859,1
FedHST,CIFAR10,0.5,0.7,0.9999,79,1.825302292,0.227095832,29.11,21,100,696618,28.74476361,28.45907331,0.285690308,0.280547619,771.1630859,1
FedHST,CIFAR10,0.5,0.7,0.9999,80,1.879739207,0.151277638,24.56,21,100,696618,27.7026372,27.40251923,0.30011797,0.29494524,771.1630859,1
FedHST,CIFAR10,0.5,0.7,0.9999,81,1.841284816,0.176874383,27.08,26,100,696618,37.82671642,37.48017454,0.346541882,0.341149569,771.1630859,1
FedHST,CIFAR10,0.5,0.7,0.9999,82,1.8389406,0.200831719,28.56,20,100,696618,23.99694967,23.73949075,0.257458925,0.252492905,771.1630859,1
FedHST,CIFAR10,0.5,0.7,0.9999,83,1.836839692,0.219912603,29.72,29,100,696618,33.35552001,32.97368693,0.381833076,0.375883341,771.1630859,1
FedHST,CIFAR10,0.5,0.7,0.9999,84,1.833254804,0.178222292,26.7,28,100,696618,35.30776525,34.96111798,0.346647263,0.341541767,771.1630859,1
FedHST,CIFAR10,0.5,0.7,0.9999,85,1.810097899,0.191701583,27.53,27,100,696618,33.5126195,33.15809369,0.354525805,0.34932518,771.1630859,1
FedHST,CIFAR10,0.5,0.7,0.9999,86,1.800568277,0.214127641,28.68,25,100,696618,29.39621449,29.0573976,0.338816881,0.333261251,771.1630859,1
FedHST,CIFAR10,0.5,0.7,0.9999,87,1.79247797,0.231579805,29.06,23,100,696618,26.52615094,26.22567654,0.300474405,0.294912815,771.1630859,1
FedHST,CIFAR10,0.5,0.7,0.9999,88,1.758089628,0.290978463,33.71,25,100,696618,35.87076044,35.52365565,0.347104788,0.341704369,771.1630859,1
FedHST,CIFAR10,0.5,0.7,0.9999,89,1.780258942,0.251062996,31.42,25,100,696618,32.28289199,31.9603126,0.322579384,0.317878485,771.1630859,1
FedHST,CIFAR10,0.5,0.7,0.9999,90,1.851077169,0.180762314,27.1,29,100,696618,39.10605812,38.72514701,0.380911112,0.375453711,771.1630859,1
FedHST,CIFAR10,0.5,0.7,0.9999,91,1.797912878,0.243837404,30.81,22,100,696618,31.41221404,31.11939645,0.292817593,0.287563801,771.1630859,1
FedHST,CIFAR10,0.5,0.7,0.9999,92,1.797381921,0.267096332,31.68,30,100,696618,40.97892427,40.59586024,0.383064032,0.377511978,771.1630859,1
FedHST,CIFAR10,0.5,0.7,0.9999,93,1.787023214,0.310872548,33.43,29,100,696618,37.18138909,36.81761241,0.363776684,0.35842824,771.1630859,1
FedHST,CIFAR10,0.5,0.7,0.9999,94,1.936168147,0.164192779,23.22,27,100,696618,36.74124908,36.39862227,0.34262681,0.336742163,771.1630859,1
FedHST,CIFAR10,0.5,0.7,0.9999,95,1.7572599,0.26240094,31.72,27,100,696618,37.159693,36.81333613,0.346356869,0.341573,771.1630859,1
FedHST,CIFAR10,0.5,0.7,0.9999,96,1.734238435,0.277320665,33.2,29,100,696618,33.30629873,32.92314339,0.383155346,0.377958059,771.1630859,1
FedHST,CIFAR10,0.5,0.7,0.9999,97,1.776979476,0.228165566,29.7,27,100,696618,39.17813301,38.84433103,0.333801985,0.329028606,771.1630859,1
FedHST,CIFAR10,0.5,0.7,0.9999,98,1.838457348,0.239681757,29.39,22,100,696618,26.05964041,25.76443958,0.295200825,0.289628267,771.1630859,1
FedHST,CIFAR10,0.5,0.7,0.9999,99,1.791777507,0.260799072,32.11,29,100,696618,38.99000812,38.61917734,0.370830774,0.365233898,771.1630859,1
FedHST,CIFAR10,0.5,0.7,0.9999,100,1.75321398,0.281587509,34.48,26,100,696618,34.77446795,34.45797348,0.316494465,0.311383009,771.1630859,1
FedHST,CIFAR10,0.5,0.7,0.9999,101,1.823146202,0.265584971,31.4,27,100,696618,31.62618375,31.29351282,0.332670927,0.327922821,771.1630859,1
FedHST,CIFAR10,0.5,0.7,0.9999,102,1.827569451,0.231358846,29.43,20,100,696618,25.20968914,24.93984127,0.26984787,0.264328718,771.1630859,1
FedHST,CIFAR10,0.5,0.7,0.9999,103,1.749950182,0.268978516,32.43,29,100,696618,40.14197564,39.77843213,0.36354351,0.358476639,771.1630859,1
FedHST,CIFAR10,0.5,0.7,0.9999,104,1.709090601,0.336147765,36.35,28,100,696618,36.50448251,36.12823915,0.376243353,0.37082839,771.1630859,1
FedHST,CIFAR10,0.5,0.7,0.9999,105,1.845422054,0.304301663,32.37,21,100,696618,25.32730746,25.05226612,0.275041342,0.269291162,771.1630859,1
FedHST,CIFAR10,0.5,0.7,0.9999,106,1.830135979,0.280965739,30.89,29,100,696618,38.0261209,37.62677526,0.399345636,0.393510342,771.1630859,1
FedHST,CIFAR10,0.5,0.7,0.9999,107,1.759034788,0.296711703,34.67,22,100,696618,30.82822633,30.54602885,0.282197475,0.276871681,771.1630859,1
FedHST,CIFAR10,0.5,0.7,0.9999,108,1.722395624,0.3142482,35.73,20,100,696618,29.7031846,29.43679857,0.266386032,0.260305405,771.1630859,1
FedHST,CIFAR10,0.5,0.7,0.9999,109,1.696548401,0.339813319,36.76,30,100,696618,39.12407613,38.72150922,0.40256691,0.397417784,771.1630859,1
FedHST,CIFAR10,0.5,0.7,0.9999,110,1.737886473,0.306717957,34.48,29,100,696618,33.42106938,33.02622533,0.394844055,0.389196873,771.1630859,1
FedHST,CIFAR10,0.5,0.7,0.9999,111,1.674705655,0.378180612,38.88,25,100,696618,34.49203753,34.18820381,0.303833723,0.298949242,771.1630859,1
FedHST,CIFAR10,0.5,0.7,0.9999,112,1.721338742,0.313451315,34.28,29,100,696618,34.77556586,34.41180325,0.363762617,0.357501745,771.1630859,1
FedHST,CIFAR10,0.5,0.7,0.9999,113,1.729677984,0.291437305,33.34,22,100,696618,27.56074619,27.28495336,0.275792837,0.270541906,771.1630859,1
FedHST,CIFAR10,0.5,0.7,0.9999,114,1.763817047,0.267872064,31.63,25,100,696618,28.80318141,28.45409799,0.349083424,0.34266758,771.1630859,1
FedHST,CIFAR10,0.5,0.7,0.9999,115,1.737757813,0.290010201,33.82,23,100,696618,28.46730733,28.16996431,0.297343016,0.291725636,771.1630859,1
FedHST,CIFAR10,0.5,0.7,0.9999,116,1.675051757,0.330805485,36.75,20,100,696618,27.4774487,27.21358228,0.263866425,0.258328199,771.1630859,1
FedHST,CIFAR10,0.5,0.7,0.9999,117,1.703511466,0.294257023,34.84,29,100,696618,35.04966831,34.67346334,0.376204967,0.371055365,771.1630859,1
FedHST,CIFAR10,0.5,0.7,0.9999,118,1.6710779,0.3641187,38.7,21,100,696618,26.61876035,26.34465957,0.27410078,0.268630981,771.1630859,1
FedHST,CIFAR10,0.5,0.7,0.9999,119,1.828009262,0.300494421,31.05,30,100,696618,38.30110407,37.93421388,0.366890192,0.361255407,771.1630859,1
FedHST,CIFAR10,0.5,0.7,0.9999,120,1.789721744,0.288133521,31.01,24,100,696618,31.53041148,31.21523905,0.315172434,0.309890509,771.1630859,1
FedHST,CIFAR10,0.5,0.7,0.9999,121,1.633720227,0.388351561,40.71,28,100,696618,36.64972019,36.28459859,0.365121603,0.360069513,771.1630859,1
FedHST,CIFAR10,0.5,0.7,0.9999,122,1.750262931,0.309526033,35.42,22,100,696618,31.79983807,31.51658702,0.283251047,0.2784307,771.1630859,1
FedHST,CIFAR10,0.5,0.7,0.9999,123,1.70119393,0.298928799,34.12,24,100,696618,31.8632381,31.56557918,0.29765892,0.292230129,771.1630859,1
FedHST,CIFAR10,0.5,0.7,0.9999,124,1.827644043,0.21720465,29.29,22,100,696618,28.86462641,28.58606505,0.278561354,0.273004055,771.1630859,1
FedHST,CIFAR10,0.5,0.7,0.9999,125,1.710925084,0.266150414,32.91,23,100,696618,33.33365178,33.0483954,0.285256386,0.278892994,771.1630859,1
FedHST,CIFAR10,0.5,0.7,0.9999,126,1.673318519,0.287469051,34.4,23,100,696618,27.09341788,26.80188894,0.29152894,0.286785603,771.1630859,1
FedHST,CIFAR10,0.5,0.7,0.9999,127,1.660358664,0.337530044,38.14,26,100,696618,35.82345033,35.47989941,0.34355092,0.337842703,771.1630859,1
FedHST,CIFAR10,0.5,0.7,0.9999,128,1.687380402,0.323834061,35.55,22,100,696618,28.0103519,27.72846246,0.281889439,0.276948214,771.1630859,1
FedHST,CIFAR10,0.5,0.7,0.9999,129,1.66647634,0.307358922,35.27,27,100,696618,34.43310332,34.10067821,0.332425117,0.327370405,771.1630859,1
FedHST,CIFAR10,0.5,0.7,0.9999,130,1.747301881,0.239917858,31.04,24,100,696618,31.76428175,31.43880463,0.325477123,0.319497824,771.1630859,1
FedHST,CIFAR10,0.5,0.7,0.9999,131,1.683131815,0.30006288,34.15,26,100,696618,37.31516004,36.97520018,0.33995986,0.33455348,771.1630859,1
FedHST,CIFAR10,0.5,0.7,0.9999,132,1.599088596,0.40479766,41.76,20,100,696618,28.7550056,28.49216747,0.262838125,0.257460356,771.1630859,1
FedHST,CIFAR10,0.5,0.7,0.9999,133,1.668884687,0.352034626,38.52,20,100,696618,26.73437023,26.48151588,0.252854347,0.247997999,771.1630859,1
FedHST,CIFAR10,0.5,0.7,0.9999,134,1.65628922,0.399866425,40.78,30,100,696618,38.25877285,37.86007071,0.398702145,0.393253326,771.1630859,1
FedHST,CIFAR10,0.5,0.7,0.9999,135,1.617816517,0.380172975,40.33,26,100,696618,32.89984822,32.54480004,0.35504818,0.349535227,771.1630859,1
FedHST,CIFAR10,0.5,0.7,0.9999,136,1.635947828,0.340417049,38.1,28,100,696618,35.55884552,35.19858313,0.360262394,0.355102062,771.1630859,1
FedHST,CIFAR10,0.5,0.7,0.9999,137,1.611019387,0.34625873,38.51,23,100,696618,26.81766152,26.51405692,0.303604603,0.297959805,771.1630859,1
FedHST,CIFAR10,0.5,0.7,0.9999,138,1.614530982,0.379853266,39.6,28,100,696618,35.69106293,35.33054805,0.360514879,0.354928255,771.1630859,1
FedHST,CIFAR10,0.5,0.7,0.9999,139,1.589825215,0.371080588,39.48,21,100,696618,29.46695805,29.20628977,0.260668278,0.25493598,771.1630859,1
FedHST,CIFAR10,0.5,0.7,0.9999,140,1.618047618,0.311496076,36.74,24,100,696618,35.93168235,35.62730598,0.304376364,0.299321651,771.1630859,1
FedHST,CIFAR10,0.5,0.7,0.9999,141,1.666714175,0.292040772,34.87,25,100,696618,30.30959678,29.97117114,0.338425636,0.331690311,771.1630859,1
FedHST,CIFAR10,0.5,0.7,0.9999,142,1.585213172,0.365556367,40.17,27,100,696618,34.95892406,34.62793708,0.330986977,0.325842142,771.1630859,1
FedHST,CIFAR10,0.5,0.7,0.9999,143,1.622823837,0.332656446,38.19,23,100,696618,28.99870515,28.68963289,0.309072256,0.303714514,771.1630859,1
FedHST,CIFAR10,0.5,0.7,0.9999,144,1.535271277,0.386352246,41.91,22,100,696618,26.98031592,26.69824672,0.282069206,0.277066946,771.1630859,1
FedHST,CIFAR10,0.5,0.7,0.9999,145,1.562470943,0.368240712,40.45,23,100,696618,31.23819399,30.92788863,0.310305357,0.30468154,771.1630859,1
FedHST,CIFAR10,0.5,0.7,0.9999,146,1.61617155,0.406122575,41.14,21,100,696618,28.95158458,28.66051602,0.291068554,0.285540104,771.1630859,1
FedHST,CIFAR10,0.5,0.7,0.9999,147,1.563411404,0.422682957,43.48,24,100,696618,32.82015347,32.49875164,0.321401834,0.315724134,771.1630859,1
FedHST,CIFAR10,0.5,0.7,0.9999,148,1.532816354,0.404591466,43.07,22,100,696618,29.4428401,29.12944055,0.313399553,0.307661533,771.1630859,1
FedHST,CIFAR10,0.5,0.7,0.9999,149,1.66195537,0.345056971,36.22,20,100,696618,24.70425057,24.44498897,0.259261608,0.25417614,771.1630859,1
FedHST,CIFAR10,0.5,0.7,0.9999,150,1.545910529,0.404260863,42.85,22,100,696618,30.37183666,30.05761433,0.314222336,0.309027672,771.1630859,1
FedHST,CIFAR10,0.5,0.7,0.9999,151,1.615449692,0.384955024,40.84,23,100,696618,31.37328768,31.06682587,0.306461811,0.301076174,771.1630859,1
FedHST,CIFAR10,0.5,0.7,0.9999,152,1.615142121,0.405221235,42.59,25,100,696618,28.91160274,28.582335,0.32926774,0.32360363,771.1630859,1
FedHST,CIFAR10,0.5,0.7,0.9999,153,1.540579398,0.405858045,42.83,22,100,696618,24.65743232,24.37310529,0.28432703,0.278983831,771.1630859,1
FedHST,CIFAR10,0.5,0.7,0.9999,154,1.799802402,0.233055435,30.89,27,100,696618,40.791008,40.41670966,0.374298334,0.369016409,771.1630859,1
FedHST,CIFAR10,0.5,0.7,0.9999,155,1.657194735,0.305205586,37.3,27,100,696618,35.97393489,35.60579181,0.368143082,0.362692356,771.1630859,1
FedHST,CIFAR10,0.5,0.7,0.9999,156,1.734782825,0.286457709,33.63,22,100,696618,28.2324419,27.93269682,0.299745083,0.294446468,771.1630859,1
FedHST,CIFAR10,0.5,0.7,0.9999,157,1.562045734,0.404198134,43.48,24,100,696618,34.52503324,34.21236753,0.312665701,0.307036877,771.1630859,1
FedHST,CIFAR10,0.5,0.7,0.9999,158,1.489572811,0.422735526,44.96,24,100,696618,32.04013157,31.71420527,0.325926304,0.320152044,771.1630859,1
FedHST,CIFAR10,0.5,0.7,0.9999,159,1.613639812,0.359123302,38.84,28,100,696618,37.71411538,37.33176184,0.382353544,0.376754999,771.1630859,1
FedHST,CIFAR10,0.5,0.7,0.9999,160,1.60763058,0.381744279,40.83,22,100,696618,26.61626029,26.3187995,0.297460794,0.291614532,771.1630859,1
FedHST,CIFAR10,0.5,0.7,0.9999,161,1.602523674,0.375045391,39.47,21,100,696618,23.41751695,23.13365507,0.283861876,0.278572798,771.1630859,1
FedHST,CIFAR10,0.5,0.7,0.9999,162,1.520965149,0.389340346,42.14,26,100,696618,32.14678907,31.78591251,0.36087656,0.355355263,771.1630859,1
FedHST,CIFAR10,0.5,0.7,0.9999,163,1.583399217,0.345165642,39.89,27,100,696618,36.32116055,35.95482683,0.366333723,0.36092782,771.1630859,1
FedHST,CIFAR10,0.5,0.7,0.9999,164,1.688709912,0.29596596,36.23,23,100,696618,35.11576962,34.7945199,0.321249723,0.31563139,771.1630859,1
FedHST,CIFAR10,0.5,0.7,0.9999,165,1.543095374,0.360146434,40.84,23,100,696618,31.5118928,31.20178103,0.310111761,0.305206299,771.1630859,1
FedHST,CIFAR10,0.5,0.7,0.9999,166,1.612198604,0.365661097,40.43,20,100,696618,27.27776861,26.98885393,0.28891468,0.283286572,771.1630859,1
FedHST,CIFAR10,0.5,0.7,0.9999,167,1.474878297,0.436838901,46.44,30,100,696618,37.40054226,36.99472094,0.405821323,0.399798632,771.1630859,1
FedHST,CIFAR10,0.5,0.7,0.9999,168,1.514329033,0.418852359,43.56,20,100,696618,25.42001963,25.13744569,0.282573938,0.276851416,771.1630859,1
FedHST,CIFAR10,0.5,0.7,0.9999,169,1.506325671,0.38644824,42.34,30,100,696618,35.62186217,35.21657157,0.405290604,0.399612188,771.1630859,1
FedHST,CIFAR10,0.5,0.7,0.9999,170,1.610839013,0.342300127,39.19,26,100,696618,35.0160799,34.66966867,0.346411228,0.340902567,771.1630859,1
FedHST,CIFAR10,0.5,0.7,0.9999,171,1.528201951,0.360290613,41.36,24,100,696618,34.45466518,34.13194776,0.322717428,0.317293644,771.1630859,1
FedHST,CIFAR10,0.5,0.7,0.9999,172,1.733824299,0.308721647,35.64,26,100,696618,36.74552751,36.38226509,0.363262415,0.354473352,771.1630859,1
FedHST,CIFAR10,0.5,0.7,0.9999,173,1.547564153,0.399789019,42.74,21,100,696618,28.88675857,28.60529637,0.281462193,0.276038408,771.1630859,1
FedHST,CIFAR10,0.5,0.7,0.9999,174,1.544441196,0.396155041,43.23,26,100,696618,29.33090973,28.96842694,0.362482786,0.356851816,771.1630859,1
FedHST,CIFAR10,0.5,0.7,0.9999,175,1.68344474,0.308784764,33.97,25,100,696618,36.08787131,35.73993969,0.347931623,0.341731071,771.1630859,1
FedHST,CIFAR10,0.5,0.7,0.9999,176,1.580462927,0.3514082,39.26,30,100,696618,41.70346904,41.30984545,0.39362359,0.388704538,771.1630859,1
FedHST,CIFAR10,0.5,0.7,0.9999,177,1.564912859,0.422933829,43.54,28,100,696618,37.87581515,37.49823618,0.377578974,0.372207403,771.1630859,1
FedHST,CIFAR10,0.5,0.7,0.9999,178,1.441332849,0.456873527,47.39,26,100,696618,36.40101457,36.04957676,0.351437807,0.34553504,771.1630859,1
FedHST,CIFAR10,0.5,0.7,0.9999,179,1.46862027,0.463690147,47.26,24,100,696618,33.86641097,33.52632809,0.340082884,0.334194183,771.1630859,1
FedHST,CIFAR10,0.5,0.7,0.9999,180,1.541834311,0.35881022,39.53,26,100,696618,35.30226588,34.95884061,0.343425274,0.337872028,771.1630859,1
FedHST,CIFAR10,0.5,0.7,0.9999,181,1.561230874,0.366743337,39.95,30,100,696618,37.59639645,37.18917322,0.407223225,0.401298285,771.1630859,1
FedHST,CIFAR10,0.5,0.7,0.9999,182,1.432982474,0.457336784,47.49,30,100,696618,40.51290846,40.11163831,0.401270151,0.395964146,771.1630859,1
FedHST,CIFAR10,0.5,0.7,0.9999,183,1.472242872,0.432568236,45.47,27,100,696618,30.83375454,30.46055269,0.373201847,0.367628574,771.1630859,1
FedHST,CIFAR10,0.5,0.7,0.9999,184,1.537821171,0.399414443,42.28,20,100,696618,23.858464,23.58224177,0.276222229,0.270976543,771.1630859,1
FedHST,CIFAR10,0.5,0.7,0.9999,185,1.560779771,0.345894232,38.93,21,100,696618,26.09566402,25.80814409,0.287519932,0.28239274,771.1630859,1
FedHST,CIFAR10,0.5,0.7,0.9999,186,1.556022616,0.336283883,39.5,23,100,696618,31.22220373,30.88331366,0.338890076,0.333498478,771.1630859,1
FedHST,CIFAR10,0.5,0.7,0.9999,187,1.518989582,0.385518718,41.71,20,100,696618,26.69337773,26.42631435,0.267063379,0.261085987,771.1630859,1
FedHST,CIFAR10,0.5,0.7,0.9999,188,1.513036081,0.400563028,42.62,20,100,696618,25.67259741,25.40154028,0.271057129,0.265729189,771.1630859,1
FedHST,CIFAR10,0.5,0.7,0.9999,189,1.514208363,0.408094807,43.6,23,100,696618,31.74908781,31.45650625,0.292581558,0.286983728,771.1630859,1
FedHST,CIFAR10,0.5,0.7,0.9999,190,1.413535877,0.47122354,48.38,30,100,696618,37.06173015,36.70691085,0.354819298,0.349897623,771.1630859,1
FedHST,CIFAR10,0.5,0.7,0.9999,191,1.471514855,0.42262024,44.21,20,100,696618,25.25394893,24.98417163,0.269777298,0.264211655,771.1630859,1
FedHST,CIFAR10,0.5,0.7,0.9999,192,1.557509502,0.349791145,38.95,29,100,696618,39.24495173,38.8620131,0.382938623,0.377102613,771.1630859,1
FedHST,CIFAR10,0.5,0.7,0.9999,193,1.493261305,0.373772404,42.19,22,100,696618,26.58289552,26.2712214,0.311674118,0.305829048,771.1630859,1
FedHST,CIFAR10,0.5,0.7,0.9999,194,1.46741643,0.386140135,43.6,30,100,696618,40.16311216,39.77156758,0.39154458,0.386012077,771.1630859,1
FedHST,CIFAR10,0.5,0.7,0.9999,195,1.401610898,0.469290124,48.48,29,100,696618,37.85179281,37.49238467,0.35940814,0.354402781,771.1630859,1
FedHST,CIFAR10,0.5,0.7,0.9999,196,1.5034274,0.38978445,40.97,21,100,696618,26.52685452,26.2364285,0.290426016,0.284735441,771.1630859,1
FedHST,CIFAR10,0.5,0.7,0.9999,197,1.43080192,0.431983251,46.78,27,100,696618,34.08529949,33.73557281,0.349726677,0.344593763,771.1630859,1
FedHST,CIFAR10,0.5,0.7,0.9999,198,1.452602094,0.402141741,44.67,28,100,696618,32.6755569,32.31592083,0.359636068,0.353672028,771.1630859,1
FedHST,CIFAR10,0.5,0.7,0.9999,199,1.408591969,0.438172623,47.34,27,100,696618,34.50465202,34.16046858,0.344183445,0.339426517,771.1630859,1
FedHST,CIFAR10,0.5,0.7,0.9999,200,1.486743786,0.392393416,43.03,23,100,696618,31.20198679,30.90962863,0.29235816,0.286676645,771.1630859,1
FedHST,CIFAR10,0.5,0.7,0.9999,201,1.427201089,0.435870178,45.91,20,100,696618,30.13608384,29.8696003,0.266483545,0.261570215,771.1630859,1
FedHST,CIFAR10,0.5,0.7,0.9999,202,1.412312313,0.433863486,45.82,22,100,696618,27.92080927,27.63363147,0.287177801,0.281407595,771.1630859,1
FedHST,CIFAR10,0.5,0.7,0.9999,203,1.371909765,0.470485656,48.89,21,100,696618,25.72786522,25.45540977,0.272455454,0.26701498,771.1630859,1
FedHST,CIFAR10,0.5,0.7,0.9999,204,1.342471689,0.508373374,51.08,21,100,696618,26.6143415,26.3561368,0.258204699,0.252737999,771.1630859,1
FedHST,CIFAR10,0.5,0.7,0.9999,205,1.379250902,0.482097718,48.83,23,100,696618,28.01986146,27.71514225,0.30471921,0.299204588,771.1630859,1
FedHST,CIFAR10,0.5,0.7,0.9999,206,1.357606263,0.490862592,50.71,20,100,696618,23.14794469,22.88561368,0.262331009,0.256101608,771.1630859,1
FedHST,CIFAR10,0.5,0.7,0.9999,207,1.468443429,0.468364735,47.08,28,100,696618,34.65915823,34.30886388,0.350294352,0.345312119,771.1630859,1
FedHST,CIFAR10,0.5,0.7,0.9999,208,1.401378735,0.461046799,47.16,27,100,696618,34.81005669,34.43474627,0.375310421,0.369730711,771.1630859,1
FedHST,CIFAR10,0.5,0.7,0.9999,209,1.460055317,0.405237879,43.7,30,100,696618,41.45444894,41.08939695,0.365051985,0.359622478,771.1630859,1
FedHST,CIFAR10,0.5,0.7,0.9999,210,1.45077388,0.422782716,44.62,24,100,696618,33.86594915,33.54401803,0.321931124,0.315904856,771.1630859,1
FedHST,CIFAR10,0.5,0.7,0.9999,211,1.379837764,0.488988764,49.77,29,100,696618,40.3223834,39.92541432,0.39696908,0.391058922,771.1630859,1
FedHST,CIFAR10,0.5,0.7,0.9999,212,1.417005951,0.478851059,48.41,26,100,696618,28.44355059,28.11399794,0.32955265,0.32383275,771.1630859,1
FedHST,CIFAR10,0.5,0.7,0.9999,213,1.359312458,0.48584857,49.45,23,100,696618,30.98341107,30.68138027,0.302030802,0.296111345,771.1630859,1
FedHST,CIFAR10,0.5,0.7,0.9999,214,1.355787484,0.485099111,49.58,22,100,696618,26.68602633,26.40225863,0.2837677,0.278233051,771.1630859,1
FedHST,CIFAR10,0.5,0.7,0.9999,215,1.385972883,0.479564506,48.26,24,100,696618,27.04827499,26.75127935,0.29699564,0.291906118,771.1630859,1
FedHST,CIFAR10,0.5,0.7,0.9999,216,1.41662336,0.495505172,49.74,26,100,696618,35.22713494,34.89669347,0.330441475,0.324924469,771.1630859,1
FedHST,CIFAR10,0.5,0.7,0.9999,217,1.341357179,0.503574467,51.74,26,100,696618,35.69092345,35.36786175,0.323061705,0.317524195,771.1630859,1
FedHST,CIFAR10,0.5,0.7,0.9999,218,1.351632199,0.488330778,50.71,24,100,696618,29.54986715,29.23895526,0.310911894,0.305173159,771.1630859,1
FedHST,CIFAR10,0.5,0.7,0.9999,219,1.440525281,0.44778259,46.23,26,100,696618,36.88264251,36.55156398,0.331078529,0.325898886,771.1630859,1
FedHST,CIFAR10,0.5,0.7,0.9999,220,1.31540548,0.516786737,52.76,26,100,696618,32.04404068,31.71929264,0.324748039,0.319882393,771.1630859,1
FedHST,CIFAR10,0.5,0.7,0.9999,221,1.436642453,0.437568581,47.14,26,100,696618,30.72776103,30.38277841,0.344982624,0.339736462,771.1630859,1
FedHST,CIFAR10,0.5,0.7,0.9999,222,1.459854932,0.432831257,44.68,26,100,696618,30.84052944,30.48200011,0.358529329,0.353166819,771.1630859,1
FedHST,CIFAR10,0.5,0.7,0.9999,223,1.317690491,0.494599865,51.26,24,100,696618,32.11563826,31.80328989,0.312348366,0.307779074,771.1630859,1
FedHST,CIFAR10,0.5,0.7,0.9999,224,1.351844603,0.47181238,49.8,22,100,696618,29.73945284,29.42506003,0.314392805,0.30894804,771.1630859,1
FedHST,CIFAR10,0.5,0.7,0.9999,225,1.338486354,0.480793966,50,25,100,696618,34.21503043,33.90557647,0.309453964,0.30413866,771.1630859,1
FedHST,CIFAR10,0.5,0.7,0.9999,226,1.350292827,0.481304084,49.67,27,100,696618,37.81654239,37.47039342,0.346148968,0.340833187,771.1630859,1
FedHST,CIFAR10,0.5,0.7,0.9999,227,1.344196526,0.481203467,49.57,24,100,696618,30.33978486,30.01961803,0.320166826,0.314343452,771.1630859,1
FedHST,CIFAR10,0.5,0.7,0.9999,228,1.277463765,0.52883878,53.74,27,100,696618,36.04013681,35.69169235,0.348444462,0.342857122,771.1630859,1
FedHST,CIFAR10,0.5,0.7,0.9999,229,1.320580119,0.50414367,52.67,30,100,696618,38.6009109,38.19358969,0.407321215,0.40096426,771.1630859,1
FedHST,CIFAR10,0.5,0.7,0.9999,230,1.356474599,0.474089617,48.99,30,100,696618,38.70005774,38.31058955,0.389468193,0.384009361,771.1630859,1
FedHST,CIFAR10,0.5,0.7,0.9999,231,1.403281011,0.436069235,45.52,24,100,696618,31.41381598,31.07673669,0.337079287,0.331162691,771.1630859,1
FedHST,CIFAR10,0.5,0.7,0.9999,232,1.340647754,0.48236456,49.58,26,100,696618,33.48205876,33.14705491,0.335003853,0.329904795,771.1630859,1
FedHST,CIFAR10,0.5,0.7,0.9999,233,1.316471547,0.49692787,50.91,27,100,696618,39.33509421,38.97595644,0.359137774,0.353655815,771.1630859,1
FedHST,CIFAR10,0.5,0.7,0.9999,234,1.288731829,0.527153692,52.9,30,100,696618,39.08498693,38.72109842,0.363888502,0.358702183,771.1630859,1
FedHST,CIFAR10,0.5,0.7,0.9999,235,1.218762905,0.551976171,55.85,28,100,696618,38.1522963,37.77145457,0.380841732,0.374863386,771.1630859,1
FedHST,CIFAR10,0.5,0.7,0.9999,236,1.322275763,0.47695435,50.23,22,100,696618,33.16002584,32.867908,0.292117834,0.286319256,771.1630859,1
FedHST,CIFAR10,0.5,0.7,0.9999,237,1.375057774,0.464621181,48.09,23,100,696618,31.40940332,31.10677743,0.302625895,0.297682285,771.1630859,1
FedHST,CIFAR10,0.5,0.7,0.9999,238,1.227054302,0.536131375,55.14,23,100,696618,26.67196989,26.35562301,0.316346884,0.310695171,771.1630859,1
FedHST,CIFAR10,0.5,0.7,0.9999,239,1.24427926,0.53862957,54.36,25,100,696618,34.75570416,34.43293118,0.32277298,0.317195177,771.1630859,1
FedHST,CIFAR10,0.5,0.7,0.9999,240,1.253191428,0.531976176,53.69,27,100,696618,32.69045401,32.34152198,0.348932028,0.343758345,771.1630859,1
FedHST,CIFAR10,0.5,0.7,0.9999,241,1.267400502,0.535350658,54.27,25,100,696618,33.58510518,33.26294947,0.322155714,0.317199469,771.1630859,1
FedHST,CIFAR10,0.5,0.7,0.9999,242,1.207565551,0.543998106,56.23,24,100,696618,31.64452291,31.31320143,0.331321478,0.326022863,771.1630859,1
FedHST,CIFAR10,0.5,0.7,0.9999,243,1.25390333,0.518596795,53.25,29,100,696618,41.72921562,41.3641417,0.365073919,0.359871387,771.1630859,1
FedHST,CIFAR10,0.5,0.7,0.9999,244,1.489934066,0.398790488,43.27,21,100,696618,24.46991444,24.16925812,0.300656319,0.294475794,771.1630859,1
FedHST,CIFAR10,0.5,0.7,0.9999,245,1.329705168,0.497692536,50.63,26,100,696618,30.1272409,29.78974724,0.337493658,0.331973076,771.1630859,1
FedHST,CIFAR10,0.5,0.7,0.9999,246,1.190535723,0.560417041,56.6,25,100,696618,33.87602854,33.53814507,0.337883472,0.332750559,771.1630859,1
FedHST,CIFAR10,0.5,0.7,0.9999,247,1.222927296,0.540362364,55.09,25,100,696618,30.83140063,30.49161243,0.339788198,0.33411622,771.1630859,1
FedHST,CIFAR10,0.5,0.7,0.9999,248,1.288652677,0.498887245,51,25,100,696618,33.45948672,33.12383819,0.335648537,0.329242468,771.1630859,1
FedHST,CIFAR10,0.5,0.7,0.9999,249,1.362246139,0.457340358,48.58,24,100,696618,32.53549528,32.23176408,0.303731203,0.297962904,771.1630859,1
FedHST,CIFAR10,0.5,0.7,0.9999,250,1.239388508,0.556483182,55,22,100,696618,31.12954998,30.84194732,0.287602663,0.282781601,771.1630859,1
FedHST,CIFAR10,0.5,0.7,0.9999,251,1.266896023,0.540516468,53.84,28,100,696618,31.28474188,30.93092465,0.353817225,0.348603249,771.1630859,1
FedHST,CIFAR10,0.5,0.7,0.9999,252,1.262063049,0.516907306,53.65,30,100,696618,34.32042003,33.91563296,0.404787064,0.398702383,771.1630859,1
FedHST,CIFAR10,0.5,0.7,0.9999,253,1.291459008,0.489095823,52.49,21,100,696618,28.72475457,28.45905447,0.265700102,0.261096716,771.1630859,1
FedHST,CIFAR10,0.5,0.7,0.9999,254,1.405398997,0.443366407,46.66,29,100,696618,37.99113798,37.62827635,0.362861633,0.357461452,771.1630859,1
FedHST,CIFAR10,0.5,0.7,0.9999,255,1.32886525,0.486907011,50.3,25,100,696618,25.77488232,25.45710826,0.317774057,0.313034534,771.1630859,1
FedHST,CIFAR10,0.5,0.7,0.9999,256,1.351630272,0.450362874,48.6,20,100,696618,23.80774903,23.54035711,0.26739192,0.261817932,771.1630859,1
FedHST,CIFAR10,0.5,0.7,0.9999,257,1.302400454,0.478732409,50.72,30,100,696618,41.07356524,40.70203543,0.371529818,0.365916967,771.1630859,1
FedHST,CIFAR10,0.5,0.7,0.9999,258,1.199014992,0.56275364,56.53,28,100,696618,37.82210636,37.47031903,0.351787329,0.345929623,771.1630859,1
FedHST,CIFAR10,0.5,0.7,0.9999,259,1.288051521,0.529214238,52.43,28,100,696618,34.2561779,33.89804292,0.358134985,0.352971554,771.1630859,1
FedHST,CIFAR10,0.5,0.7,0.9999,260,1.176359041,0.570464519,57.58,22,100,696618,31.51659822,31.24048281,0.276115417,0.270836353,771.1630859,1
FedHST,CIFAR10,0.5,0.7,0.9999,261,1.347775393,0.457999519,49.44,29,100,696618,40.23487926,39.85677075,0.378108501,0.372420788,771.1630859,1
FedHST,CIFAR10,0.5,0.7,0.9999,262,1.300464156,0.51001922,51.68,21,100,696618,27.21111631,26.92333674,0.28777957,0.282058716,771.1630859,1
FedHST,CIFAR10,0.5,0.7,0.9999,263,1.471794405,0.488991763,47.93,22,100,696618,26.75205827,26.45606089,0.295997381,0.290992498,771.1630859,1
FedHST,CIFAR10,0.5,0.7,0.9999,264,1.212588815,0.559709629,55.66,24,100,696618,30.79339314,30.46197319,0.331419945,0.325691938,771.1630859,1
FedHST,CIFAR10,0.5,0.7,0.9999,265,1.426293274,0.461554615,48.4,29,100,696618,36.14519072,35.75448871,0.390702009,0.385534048,771.1630859,1
FedHST,CIFAR10,0.5,0.7,0.9999,266,1.288321652,0.492901086,52.29,23,100,696618,30.35673094,30.06495523,0.291775703,0.285960674,771.1630859,1
FedHST,CIFAR10,0.5,0.7,0.9999,267,1.335446519,0.502201002,51.1,23,100,696618,33.61716723,33.31161308,0.305554152,0.300247192,771.1630859,1
FedHST,CIFAR10,0.5,0.7,0.9999,268,1.215305676,0.547436382,55.4,27,100,696618,36.20518398,35.87507939,0.330104589,0.325011253,771.1630859,1
FedHST,CIFAR10,0.5,0.7,0.9999,269,1.264563499,0.51692488,53.7,20,100,696618,27.48973775,27.24501753,0.244720221,0.239306927,771.1630859,1
FedHST,CIFAR10,0.5,0.7,0.9999,270,1.231689083,0.541876336,55.83,30,100,696618,38.46250701,38.07437968,0.388127327,0.382663727,771.1630859,1
FedHST,CIFAR10,0.5,0.7,0.9999,271,1.306565977,0.501679578,51.29,28,100,696618,32.34884524,31.99331737,0.355527878,0.349856853,771.1630859,1
FedHST,CIFAR10,0.5,0.7,0.9999,272,1.349624066,0.45755556,49.31,30,100,696618,39.14220667,38.75567412,0.386532545,0.381183147,771.1630859,1
FedHST,CIFAR10,0.5,0.7,0.9999,273,1.330950589,0.483314602,51.37,29,100,696618,37.17540765,36.79673195,0.378675699,0.373434305,771.1630859,1
FedHST,CIFAR10,0.5,0.7,0.9999,274,1.219571917,0.534593524,56.12,20,100,696618,24.48789525,24.22407961,0.263815641,0.25846386,771.1630859,1
FedHST,CIFAR10,0.5,0.7,0.9999,275,1.174495294,0.573638864,57.37,26,100,696618,33.33825803,33.00772238,0.33053565,0.325815916,771.1630859,1
FedHST,CIFAR10,0.5,0.7,0.9999,276,1.213367019,0.550284833,55.7,20,100,696618,26.38797498,26.11862421,0.269350767,0.264460087,771.1630859,1
FedHST,CIFAR10,0.5,0.7,0.9999,277,1.220521166,0.520333156,54.43,22,100,696618,29.38631916,29.07771397,0.308605194,0.303319454,771.1630859,1
FedHST,CIFAR10,0.5,0.7,0.9999,278,1.137903319,0.579292553,58.2,29,100,696618,33.55631375,33.15512204,0.401191711,0.395961523,771.1630859,1
FedHST,CIFAR10,0.5,0.7,0.9999,279,1.221615587,0.551603277,55.51,29,100,696618,40.26259995,39.89809251,0.364507437,0.359105349,771.1630859,1
FedHST,CIFAR10,0.5,0.7,0.9999,280,1.140155478,0.581681757,58.94,24,100,696618,30.42032933,30.1051836,0.315145731,0.309868336,771.1630859,1
FedHST,CIFAR10,0.5,0.7,0.9999,281,1.389943811,0.44618872,47.87,20,100,696618,23.90670991,23.65279746,0.253912449,0.248808384,771.1630859,1
FedHST,CIFAR10,0.5,0.7,0.9999,282,1.15163368,0.572622226,58.31,23,100,696618,26.51878977,26.21213579,0.306653976,0.301194668,771.1630859,1
FedHST,CIFAR10,0.5,0.7,0.9999,283,1.373639947,0.458809754,48.39,25,100,696618,33.69176078,33.37492037,0.31684041,0.310085297,771.1630859,1
FedHST,CIFAR10,0.5,0.7,0.9999,284,1.56886206,0.366625703,42.15,30,100,696618,37.62061834,37.24855757,0.372060776,0.367031336,771.1630859,1
FedHST,CIFAR10,0.5,0.7,0.9999,285,1.386958266,0.440617266,48.36,25,100,696618,29.38385487,29.06840587,0.315448999,0.310397387,771.1630859,1
FedHST,CIFAR10,0.5,0.7,0.9999,286,1.306216749,0.489573751,51.63,28,100,696618,37.14905095,36.78609228,0.36295867,0.357932568,771.1630859,1
FedHST,CIFAR10,0.5,0.7,0.9999,287,1.228680021,0.533640248,54.78,23,100,696618,33.04983139,32.74324036,0.306591034,0.301004887,771.1630859,1
FedHST,CIFAR10,0.5,0.7,0.9999,288,1.201216769,0.562284371,56.71,29,100,696618,38.94487548,38.56137872,0.383496761,0.377784014,771.1630859,1
FedHST,CIFAR10,0.5,0.7,0.9999,289,1.333730055,0.472864605,49.75,25,100,696618,33.07287288,32.71738482,0.355488062,0.349678516,771.1630859,1
FedHST,CIFAR10,0.5,0.7,0.9999,290,1.360817959,0.491062373,51.42,21,100,696618,29.16109776,28.86845779,0.292639971,0.287109375,771.1630859,1
FedHST,CIFAR10,0.5,0.7,0.9999,291,1.236744459,0.502364825,53.3,28,100,696618,38.6473279,38.26629758,0.381030321,0.375415802,771.1630859,1
FedHST,CIFAR10,0.5,0.7,0.9999,292,1.166187408,0.567121311,58.12,27,100,696618,33.08751225,32.7146225,0.372889757,0.367350101,771.1630859,1
FedHST,CIFAR10,0.5,0.7,0.9999,293,1.160627599,0.560658014,57.52,23,100,696618,27.56078076,27.24575639,0.315024376,0.309812784,771.1630859,1
FedHST,CIFAR10,0.5,0.7,0.9999,294,1.163978041,0.572473899,57.6,21,100,696618,31.23315859,30.93988895,0.293269634,0.287418365,771.1630859,1
FedHST,CIFAR10,0.5,0.7,0.9999,295,1.465008231,0.434839504,46.94,23,100,696618,35.31403756,34.99147391,0.322563648,0.316881418,771.1630859,1
FedHST,CIFAR10,0.5,0.7,0.9999,296,1.292086968,0.497315482,52.96,30,100,696618,43.46077204,43.05181909,0.408952951,0.403391123,771.1630859,1
FedHST,CIFAR10,0.5,0.7,0.9999,297,1.182990026,0.557342133,56.49,20,100,696618,22.6488533,22.37302876,0.275824547,0.269843578,771.1630859,1
FedHST,CIFAR10,0.5,0.7,0.9999,298,1.237577334,0.533565034,53.45,21,100,696618,26.32509828,26.02376509,0.301333189,0.295814514,771.1630859,1
FedHST,CIFAR10,0.5,0.7,0.9999,299,1.120919958,0.592801277,59.68,26,100,696618,35.24917006,34.88484287,0.364327192,0.357713223,771.1630859,1
FedHST,CIFAR10,0.5,0.7,0.9999,300,1.176316698,0.569036057,56.98,23,100,696618,28.55350852,28.23634958,0.317158937,0.311370611,771.1630859,1
FedHST,CIFAR10,0.5,0.7,0.9999,301,1.190033007,0.542421327,55.65,30,100,696618,41.00552869,40.60219765,0.403331041,0.397525549,771.1630859,1
FedHST,CIFAR10,0.5,0.7,0.9999,302,1.096631578,0.579195935,59.61,27,100,696618,34.43009329,34.07604384,0.354049444,0.348423243,771.1630859,1
FedHST,CIFAR10,0.5,0.7,0.9999,303,1.175220489,0.567378489,56.88,28,100,696618,40.03867102,39.65532684,0.383344173,0.377443552,771.1630859,1
FedHST,CIFAR10,0.5,0.7,0.9999,304,1.192742316,0.536967781,54.92,21,100,696618,28.94736791,28.66763735,0.279730558,0.274612665,771.1630859,1
FedHST,CIFAR10,0.5,0.7,0.9999,305,1.264876722,0.523296818,52.42,26,100,696618,31.24725723,30.89087749,0.356379747,0.350701332,771.1630859,1
FedHST,CIFAR10,0.5,0.7,0.9999,306,1.082723227,0.608646072,60.89,23,100,696618,31.74766493,31.43571687,0.311948061,0.306138515,771.1630859,1
FedHST,CIFAR10,0.5,0.7,0.9999,307,1.132707622,0.574157402,58.91,29,100,696618,37.60794544,37.20826292,0.399682522,0.394163609,771.1630859,1
FedHST,CIFAR10,0.5,0.7,0.9999,308,1.048725529,0.615786122,62.45,24,100,696618,36.48869133,36.14969707,0.338994265,0.333310127,771.1630859,1
FedHST,CIFAR10,0.5,0.7,0.9999,309,1.149997872,0.564988389,58.35,26,100,696618,36.24509883,35.88217854,0.362920284,0.357440948,771.1630859,1
FedHST,CIFAR10,0.5,0.7,0.9999,310,1.126400432,0.574896321,58.8,27,100,696618,36.10493326,35.73010731,0.374825954,0.368985415,771.1630859,1
FedHST,CIFAR10,0.5,0.7,0.9999,311,1.162850696,0.567920232,57.25,28,100,696618,38.35224628,37.96115494,0.391091347,0.385374784,771.1630859,1
FedHST,CIFAR10,0.5,0.7,0.9999,312,1.113733168,0.597594176,60.26,29,100,696618,35.44352579,35.00920701,0.434318781,0.428423643,771.1630859,1
FedHST,CIFAR10,0.5,0.7,0.9999,313,1.172179979,0.552039096,57.93,23,100,696618,28.30947518,27.98889327,0.320581913,0.314216375,771.1630859,1
FedHST,CIFAR10,0.5,0.7,0.9999,314,1.220158468,0.536302879,55.47,22,100,696618,29.79431963,29.4905839,0.303735733,0.298180342,771.1630859,1
FedHST,CIFAR10,0.5,0.7,0.9999,315,1.122046387,0.594346551,59.67,26,100,696618,40.52268434,40.18037009,0.342314243,0.336756468,771.1630859,1
FedHST,CIFAR10,0.5,0.7,0.9999,316,1.095659878,0.610285384,61.03,20,100,696618,27.92584658,27.65313673,0.272709846,0.267175674,771.1630859,1
FedHST,CIFAR10,0.5,0.7,0.9999,317,1.05927901,0.621716982,62.37,29,100,696618,39.68261719,39.27750516,0.405112028,0.399657011,771.1630859,1
FedHST,CIFAR10,0.5,0.7,0.9999,318,1.082493867,0.603833822,60.77,26,100,696618,35.07577324,34.71586585,0.359907389,0.354628801,771.1630859,1
FedHST,CIFAR10,0.5,0.7,0.9999,319,1.20203589,0.540705241,56.06,20,100,696618,26.22308135,25.9537704,0.269310951,0.264106989,771.1630859,1
FedHST,CIFAR10,0.5,0.7,0.9999,320,1.053038489,0.614373353,62.44,30,100,696618,46.8919239,46.47935033,0.412573576,0.406592846,771.1630859,1
FedHST,CIFAR10,0.5,0.7,0.9999,321,1.172607318,0.582238783,58.5,23,100,696618,30.75143528,30.44950294,0.301932335,0.296630859,771.1630859,1
FedHST,CIFAR10,0.5,0.7,0.9999,322,1.081633246,0.617670313,61.87,25,100,696618,33.05128574,32.71275187,0.338533878,0.333594322,771.1630859,1
FedHST,CIFAR10,0.5,0.7,0.9999,323,1.153089676,0.588510855,58.22,23,100,696618,31.35950589,31.03271341,0.326792479,0.32122016,771.1630859,1
FedHST,CIFAR10,0.5,0.7,0.9999,324,1.113878184,0.586383139,59.19,21,100,696618,27.73832369,27.47246671,0.265856981,0.260924816,771.1630859,1
FedHST,CIFAR10,0.5,0.7,0.9999,325,1.105801308,0.590728034,60.62,26,100,696618,33.44645786,33.09219885,0.354259014,0.345869541,771.1630859,1
FedHST,CIFAR10,0.5,0.7,0.9999,326,1.010165022,0.630938254,63.89,22,100,696618,31.92822695,31.65147209,0.276754856,0.271034479,771.1630859,1
FedHST,CIFAR10,0.5,0.7,0.9999,327,1.074561941,0.622510206,61.83,28,100,696618,39.247015,38.89725447,0.349760532,0.344759464,771.1630859,1
FedHST,CIFAR10,0.5,0.7,0.9999,328,1.065256588,0.616478723,61.52,21,100,696618,30.39520884,30.10731268,0.287896156,0.282757998,771.1630859,1
FedHST,CIFAR10,0.5,0.7,0.9999,329,1.114318152,0.576261592,58.75,22,100,696618,29.54992795,29.27406383,0.275864124,0.271174431,771.1630859,1
FedHST,CIFAR10,0.5,0.7,0.9999,330,1.076668593,0.598494417,60.79,20,100,696618,25.03629041,24.77426028,0.262030125,0.256092787,771.1630859,1
FedHST,CIFAR10,0.5,0.7,0.9999,331,1.051563401,0.6213603,61.93,25,100,696618,29.98969531,29.65987253,0.329822779,0.323890209,771.1630859,1
FedHST,CIFAR10,0.5,0.7,0.9999,332,1.098418008,0.620232421,61.51,27,100,696618,29.62490344,29.27565765,0.349245787,0.344395399,771.1630859,1
FedHST,CIFAR10,0.5,0.7,0.9999,333,1.080686564,0.603240563,60.69,26,100,696618,32.38944674,32.01362967,0.37581706,0.368400574,771.1630859,1
FedHST,CIFAR10,0.5,0.7,0.9999,334,1.127309576,0.591666165,59.82,23,100,696618,30.45292687,30.16104865,0.291878223,0.286350727,771.1630859,1
FedHST,CIFAR10,0.5,0.7,0.9999,335,1.009106472,0.633899491,64.27,23,100,696618,31.19269586,30.88496733,0.307728529,0.302583456,771.1630859,1
FedHST,CIFAR10,0.5,0.7,0.9999,336,1.104356072,0.613636629,61.02,25,100,696618,32.27303028,31.93625736,0.336772919,0.331050634,771.1630859,1
FedHST,CIFAR10,0.5,0.7,0.9999,337,1.035939092,0.635007159,62.97,29,100,696618,31.48573995,31.12687635,0.358863592,0.353752136,771.1630859,1
FedHST,CIFAR10,0.5,0.7,0.9999,338,1.100764422,0.596561214,59.91,24,100,696618,29.90617704,29.60293174,0.303245306,0.298247099,771.1630859,1
FedHST,CIFAR10,0.5,0.7,0.9999,339,1.155648988,0.563407867,56.95,21,100,696618,27.96771526,27.68721986,0.280495405,0.275467873,771.1630859,1
FedHST,CIFAR10,0.5,0.7,0.9999,340,1.047897518,0.617874256,62.9,24,100,696618,33.00830579,32.67339945,0.33490634,0.327465773,771.1630859,1
FedHST,CIFAR10,0.5,0.7,0.9999,341,1.027712498,0.608595236,62.95,20,100,696618,27.54485154,27.26366663,0.281184912,0.275640011,771.1630859,1
FedHST,CIFAR10,0.5,0.7,0.9999,342,1.142533059,0.580087704,59.02,25,100,696618,34.40033388,34.06896615,0.331367731,0.326002359,771.1630859,1
FedHST,CIFAR10,0.5,0.7,0.9999,343,1.030517561,0.611999783,61.92,26,100,696618,34.43359756,34.08936834,0.344229221,0.339219093,771.1630859,1
FedHST,CIFAR10,0.5,0.7,0.9999,344,1.085645716,0.599018854,61.02,21,100,696618,25.73874617,25.43621016,0.302536011,0.296491385,771.1630859,1
FedHST,CIFAR10,0.5,0.7,0.9999,345,1.094047311,0.589589521,59.96,21,100,696618,29.2957828,29.02967095,0.266111851,0.261017084,771.1630859,1
FedHST,CIFAR10,0.5,0.7,0.9999,346,1.04016404,0.633968866,63.4,24,100,696618,27.41416693,27.08849192,0.325675011,0.320322037,771.1630859,1
FedHST,CIFAR10,0.5,0.7,0.9999,347,1.010395051,0.624879287,63.5,25,100,696618,33.64169884,33.30491853,0.33678031,0.33061862,771.1630859,1
FedHST,CIFAR10,0.5,0.7,0.9999,348,1.041619167,0.607457435,62.13,30,100,696618,37.28157234,36.90568185,0.375890493,0.369874477,771.1630859,1
FedHST,CIFAR10,0.5,0.7,0.9999,349,1.044906327,0.614596603,61.94,21,100,696618,29.69125247,29.42134428,0.26990819,0.26438117,771.1630859,1
FedHST,CIFAR10,0.5,0.7,0.9999,350,1.249610118,0.526351826,54.76,26,100,696618,33.62026811,33.28984571,0.330422401,0.324606895,771.1630859,1
FedHST,CIFAR10,0.5,0.7,0.9999,351,1.225045957,0.529080359,55.46,27,100,696618,37.01438665,36.66188097,0.352505684,0.346867085,771.1630859,1
FedHST,CIFAR10,0.5,0.7,0.9999,352,1.02013476,0.608776136,62.3,26,100,696618,34.57545805,34.23765945,0.337798595,0.332310677,771.1630859,1
FedHST,CIFAR10,0.5,0.7,0.9999,353,1.042960666,0.625284313,62.32,20,100,696618,22.88139844,22.62239408,0.259004354,0.254252672,771.1630859,1
FedHST,CIFAR10,0.5,0.7,0.9999,354,0.996793592,0.639079402,64.94,21,100,696618,29.56691718,29.28834867,0.278568506,0.273257017,771.1630859,1
FedHST,CIFAR10,0.5,0.7,0.9999,355,1.125878684,0.583904913,58.41,22,100,696618,28.92551184,28.63810515,0.287406683,0.281775951,771.1630859,1
FedHST,CIFAR10,0.5,0.7,0.9999,356,1.016455215,0.632746837,63.6,26,100,696618,32.05448699,31.71992493,0.334562063,0.329681635,771.1630859,1
FedHST,CIFAR10,0.5,0.7,0.9999,357,1.033554462,0.615863023,62.09,20,100,696618,25.80532694,25.54760885,0.257718086,0.252238274,771.1630859,1
FedHST,CIFAR10,0.5,0.7,0.9999,358,1.279399512,0.530940218,54.56,27,100,696618,34.92171812,34.55203533,0.369682789,0.363882065,771.1630859,1
FedHST,CIFAR10,0.5,0.7,0.9999,359,0.949820647,0.653455741,66.1,30,100,696618,35.52094388,35.14621115,0.374732733,0.369956017,771.1630859,1
FedHST,CIFAR10,0.5,0.7,0.9999,360,1.147083724,0.575773693,59.87,25,100,696618,28.63266015,28.29967785,0.332982302,0.327756405,771.1630859,1
FedHST,CIFAR10,0.5,0.7,0.9999,361,1.037505636,0.604622911,61.9,28,100,696618,34.94091105,34.58742738,0.353483677,0.348244667,771.1630859,1
FedHST,CIFAR10,0.5,0.7,0.9999,362,1.481195457,0.444713487,46.98,22,100,696618,26.67173338,26.38437223,0.287361145,0.278840065,771.1630859,1
FedHST,CIFAR10,0.5,0.7,0.9999,363,1.237086911,0.510376175,53.84,23,100,696618,33.70867419,33.41330934,0.295364857,0.29015255,771.1630859,1
FedHST,CIFAR10,0.5,0.7,0.9999,364,0.948907113,0.668567744,66.76,22,100,696618,29.52850032,29.24088144,0.287618876,0.281538725,771.1630859,1
FedHST,CIFAR10,0.5,0.7,0.9999,365,0.99174654,0.63860084,64.1,30,100,696618,41.5477016,41.13157487,0.416126728,0.410248756,771.1630859,1
FedHST,CIFAR10,0.5,0.7,0.9999,366,1.055892725,0.612459694,62.76,27,100,696618,36.86457372,36.50529432,0.359279394,0.353892088,771.1630859,1
FedHST,CIFAR10,0.5,0.7,0.9999,367,0.995170602,0.620111193,63.43,21,100,696618,28.06783175,27.78399968,0.283832073,0.278670311,771.1630859,1
FedHST,CIFAR10,0.5,0.7,0.9999,368,1.066902038,0.594350812,60.47,25,100,696618,30.81723905,30.48227429,0.334964752,0.329020739,771.1630859,1
FedHST,CIFAR10,0.5,0.7,0.9999,369,0.994665306,0.638574386,64.04,22,100,696618,31.96028304,31.66514158,0.295141459,0.289505959,771.1630859,1
FedHST,CIFAR10,0.5,0.7,0.9999,370,1.001625094,0.636024829,63.96,27,100,696618,35.36169124,35.00623202,0.355459213,0.350324154,771.1630859,1
FedHST,CIFAR10,0.5,0.7,0.9999,371,1.119247479,0.585323931,59.04,23,100,696618,29.70497489,29.42436004,0.280614853,0.275568008,771.1630859,1
FedHST,CIFAR10,0.5,0.7,0.9999,372,1.169745513,0.571342491,57.94,23,100,696618,31.50189781,31.19023585,0.311661959,0.305912971,771.1630859,1
FedHST,CIFAR10,0.5,0.7,0.9999,373,1.143283931,0.564252004,57.63,21,100,696618,27.6499784,27.36907625,0.280902147,0.275594473,771.1630859,1
FedHST,CIFAR10,0.5,0.7,0.9999,374,1.10605743,0.587491081,61.03,23,100,696618,24.54375482,24.22521996,0.318534851,0.313667774,771.1630859,1
FedHST,CIFAR10,0.5,0.7,0.9999,375,0.973354025,0.633367877,65.42,28,100,696618,33.44166684,33.06931734,0.372349501,0.366837025,771.1630859,1
FedHST,CIFAR10,0.5,0.7,0.9999,376,1.095716343,0.587667305,60.28,21,100,696618,27.57717991,27.29428172,0.282898188,0.27721858,771.1630859,1
FedHST,CIFAR10,0.5,0.7,0.9999,377,1.256436776,0.524199989,54.06,20,100,696618,26.4054904,26.15572548,0.249764919,0.244907618,771.1630859,1
FedHST,CIFAR10,0.5,0.7,0.9999,378,1.046856905,0.624299035,63.27,28,100,696618,37.52358222,37.15864849,0.364933729,0.358976603,771.1630859,1
FedHST,CIFAR10,0.5,0.7,0.9999,379,0.99998362,0.617678708,62.85,26,100,696618,29.43577504,29.09297824,0.342796803,0.334535837,771.1630859,1
FedHST,CIFAR10,0.5,0.7,0.9999,380,0.983643354,0.608794189,63.51,25,100,696618,25.23762012,24.90763092,0.329989195,0.324361324,771.1630859,1
FedHST,CIFAR10,0.5,0.7,0.9999,381,1.037154855,0.596745872,62.56,30,100,696618,38.66311955,38.27872396,0.384395599,0.378548861,771.1630859,1
FedHST,CIFAR10,0.5,0.7,0.9999,382,1.082920407,0.583124888,60.48,27,100,696618,36.10246992,35.74580312,0.356666803,0.350927114,771.1630859,1
FedHST,CIFAR10,0.5,0.7,0.9999,383,0.945811415,0.661627171,66.26,27,100,696618,33.58093143,33.2331388,0.347792625,0.342288494,771.1630859,1
FedHST,CIFAR10,0.5,0.7,0.9999,384,0.905204258,0.684870247,68.43,28,100,696618,36.82902789,36.45102787,0.378000021,0.37225008,771.1630859,1
FedHST,CIFAR10,0.5,0.7,0.9999,385,0.897937605,0.67965629,68.52,27,100,696618,32.94721794,32.6149435,0.332274437,0.326980591,771.1630859,1
FedHST,CIFAR10,0.5,0.7,0.9999,386,0.983995214,0.642526167,64.99,20,100,696618,25.5569222,25.28284454,0.274077654,0.26888752,771.1630859,1
FedHST,CIFAR10,0.5,0.7,0.9999,387,1.044251357,0.616718172,62.38,28,100,696618,33.8937993,33.51392293,0.379876375,0.374797821,771.1630859,1
FedHST,CIFAR10,0.5,0.7,0.9999,388,1.219579342,0.557910494,55.98,20,100,696618,27.85765529,27.58333755,0.274317741,0.269338131,771.1630859,1
FedHST,CIFAR10,0.5,0.7,0.9999,389,1.000474924,0.651753729,64.41,27,100,696618,32.18759322,31.83110046,0.356492758,0.351370573,771.1630859,1
FedHST,CIFAR10,0.5,0.7,0.9999,390,0.950960822,0.637018653,64.69,25,100,696618,33.82837462,33.4875164,0.340858221,0.33522439,771.1630859,1
FedHST,CIFAR10,0.5,0.7,0.9999,391,0.99470058,0.639652483,65.23,20,100,696618,29.67560005,29.40663457,0.268965483,0.263514996,771.1630859,1
FedHST,CIFAR10,0.5,0.7,0.9999,392,0.95307422,0.634716836,65.62,20,100,696618,23.60722804,23.33838153,0.268846512,0.262678862,771.1630859,1
FedHST,CIFAR10,0.5,0.7,0.9999,393,0.950171484,0.635195694,64.67,20,100,696618,25.35092998,25.05987334,0.291056633,0.285208225,771.1630859,1
FedHST,CIFAR10,0.5,0.7,0.9999,394,0.969155392,0.643691423,65.16,23,100,696618,28.65241909,28.34398961,0.30842948,0.302227497,771.1630859,1
FedHST,CIFAR10,0.5,0.7,0.9999,395,0.945257642,0.653074194,66.06,20,100,696618,23.7721405,23.51012516,0.262015343,0.25645709,771.1630859,1
FedHST,CIFAR10,0.5,0.7,0.9999,396,0.94701025,0.647744577,65.28,22,100,696618,30.5119977,30.22606683,0.285930872,0.280393124,771.1630859,1
FedHST,CIFAR10,0.5,0.7,0.9999,397,0.942115348,0.66192461,66.02,23,100,696618,27.43723559,27.13441181,0.302823782,0.297443151,771.1630859,1
FedHST,CIFAR10,0.5,0.7,0.9999,398,1.150305205,0.581313529,57.32,27,100,696618,34.95232129,34.58964825,0.362673044,0.35753274,771.1630859,1
FedHST,CIFAR10,0.5,0.7,0.9999,399,0.940373887,0.656330537,66.09,27,100,696618,31.12156725,30.78985643,0.331710815,0.326905727,771.1630859,1
FedHST,CIFAR10,0.5,0.7,0.9999,400,0.924522279,0.660243944,66.74,21,100,696618,25.94286871,25.68544936,0.257419348,0.252344131,771.1630859,1
FedHST,CIFAR10,0.5,0.7,0.9999,401,0.965425622,0.643509102,65.39,21,100,696618,25.30785894,25.01834583,0.289513111,0.284156084,771.1630859,1
FedHST,CIFAR10,0.5,0.7,0.9999,402,0.909287415,0.662718975,67.16,27,100,696618,35.49847913,35.1393106,0.35916853,0.353852749,771.1630859,1
FedHST,CIFAR10,0.5,0.7,0.9999,403,0.895308828,0.673837963,67.8,29,100,696618,33.2210753,32.84995461,0.371120691,0.365907192,771.1630859,1
FedHST,CIFAR10,0.5,0.7,0.9999,404,0.967739704,0.653645136,65.55,22,100,696618,31.81594634,31.52252221,0.293424129,0.28793025,771.1630859,1
FedHST,CIFAR10,0.5,0.7,0.9999,405,0.95984797,0.636931402,65.38,22,100,696618,28.18463993,27.90986896,0.274770975,0.269506931,771.1630859,1
FedHST,CIFAR10,0.5,0.7,0.9999,406,0.870251498,0.685565835,68.89,30,100,696618,37.87432504,37.48701191,0.387313128,0.381573915,771.1630859,1
FedHST,CIFAR10,0.5,0.7,0.9999,407,0.878966166,0.669868587,68.11,27,100,696618,36.22478795,35.85051417,0.374273777,0.36845088,771.1630859,1
FedHST,CIFAR10,0.5,0.7,0.9999,408,0.878464562,0.684441099,68.69,20,100,696618,26.25196409,25.98073363,0.271230459,0.265878201,771.1630859,1
FedHST,CIFAR10,0.5,0.7,0.9999,409,0.866682515,0.68938182,69.17,29,100,696618,39.30971098,38.93071747,0.378993511,0.373605251,771.1630859,1
FedHST,CIFAR10,0.5,0.7,0.9999,410,0.941732921,0.665199089,66.19,27,100,696618,35.34225559,35.00313449,0.339121103,0.333514214,771.1630859,1
FedHST,CIFAR10,0.5,0.7,0.9999,411,0.859575059,0.697413407,69.49,27,100,696618,32.29249215,31.91970229,0.37278986,0.367033243,771.1630859,1
FedHST,CIFAR10,0.5,0.7,0.9999,412,0.90610726,0.660549904,67.36,23,100,696618,28.72850132,28.43189788,0.296603441,0.290801764,771.1630859,1
FedHST,CIFAR10,0.5,0.7,0.9999,413,0.884717749,0.677967035,67.86,23,100,696618,29.11007261,28.81471229,0.295360327,0.289681673,771.1630859,1
FedHST,CIFAR10,0.5,0.7,0.9999,414,1.119784256,0.592196494,60.1,22,100,696618,27.82560158,27.54404616,0.281555414,0.276967764,771.1630859,1
FedHST,CIFAR10,0.5,0.7,0.9999,415,1.074819371,0.60673091,61.15,27,100,696618,36.73516369,36.38877368,0.346390009,0.340939283,771.1630859,1
FedHST,CIFAR10,0.5,0.7,0.9999,416,0.92684351,0.659730424,65.7,24,100,696618,30.52456045,30.1885519,0.336008549,0.330271482,771.1630859,1
FedHST,CIFAR10,0.5,0.7,0.9999,417,0.929559395,0.643669294,65.68,28,100,696618,33.7267375,33.371665,0.355072498,0.349039555,771.1630859,1
FedHST,CIFAR10,0.5,0.7,0.9999,418,0.894726367,0.681490003,68.27,29,100,696618,39.03832436,38.67302728,0.365297079,0.359808445,771.1630859,1
FedHST,CIFAR10,0.5,0.7,0.9999,419,0.884391298,0.683967337,68.17,26,100,696618,35.74853659,35.3955071,0.35302949,0.347817659,771.1630859,1
FedHST,CIFAR10,0.5,0.7,0.9999,420,1.025948539,0.615499886,63.04,22,100,696618,30.22535062,29.94607091,0.279279709,0.273893595,771.1630859,1
FedHST,CIFAR10,0.5,0.7,0.9999,421,0.909610881,0.668789507,66.63,25,100,696618,26.43437004,26.10696363,0.327406406,0.321831465,771.1630859,1
FedHST,CIFAR10,0.5,0.7,0.9999,422,0.959516808,0.655254415,65.83,23,100,696618,30.16954875,29.85665941,0.312889338,0.306847334,771.1630859,1
FedHST,CIFAR10,0.5,0.7,0.9999,423,0.88758485,0.675783837,68.15,24,100,696618,32.87335753,32.57370663,0.299650908,0.29376483,771.1630859,1
FedHST,CIFAR10,0.5,0.7,0.9999,424,1.025731441,0.635691567,63.93,25,100,696618,31.75903106,31.4421792,0.316851854,0.311913729,771.1630859,1
FedHST,CIFAR10,0.5,0.7,0.9999,425,0.893359813,0.685967394,68.5,29,100,696618,35.04361701,34.66470766,0.378909349,0.3729918,771.1630859,1
FedHST,CIFAR10,0.5,0.7,0.9999,426,0.817449868,0.709872601,71.04,28,100,696618,34.4435997,34.08853054,0.35506916,0.350197554,771.1630859,1
FedHST,CIFAR10,0.5,0.7,0.9999,427,0.959045126,0.656136979,65.41,23,100,696618,30.0934999,29.77507567,0.318424225,0.312853336,771.1630859,1
FedHST,CIFAR10,0.5,0.7,0.9999,428,1.066101139,0.604100286,61.78,21,100,696618,29.41513467,29.10248446,0.312650204,0.30710125,771.1630859,1
FedHST,CIFAR10,0.5,0.7,0.9999,429,0.944905981,0.656036158,66.44,27,100,696618,37.04775095,36.67636704,0.371383905,0.365197182,771.1630859,1
FedHST,CIFAR10,0.5,0.7,0.9999,430,0.917188614,0.676233074,67.42,30,100,696618,40.81305814,40.39658213,0.416476011,0.411356449,771.1630859,1
FedHST,CIFAR10,0.5,0.7,0.9999,431,0.964381347,0.65891697,65.49,22,100,696618,29.19745088,28.89235234,0.305098534,0.299014807,771.1630859,1
FedHST,CIFAR10,0.5,0.7,0.9999,432,0.901423326,0.679263781,67.94,20,100,696618,25.96747184,25.68489051,0.282581329,0.277078867,771.1630859,1
FedHST,CIFAR10,0.5,0.7,0.9999,433,0.98266036,0.631676997,64.3,30,100,696618,41.40526986,40.99237061,0.412899256,0.406433821,771.1630859,1
FedHST,CIFAR10,0.5,0.7,0.9999,434,1.015473175,0.631720285,65.04,23,100,696618,30.18528461,29.85718942,0.328095198,0.32190156,771.1630859,1
FedHST,CIFAR10,0.5,0.7,0.9999,435,0.952893669,0.641995704,66.01,30,100,696618,41.69994736,41.28516579,0.41478157,0.40901351,771.1630859,1
FedHST,CIFAR10,0.5,0.7,0.9999,436,0.892336234,0.672819416,67.4,21,100,696618,29.85802269,29.5625205,0.295502186,0.289761066,771.1630859,1
FedHST,CIFAR10,0.5,0.7,0.9999,437,0.894082414,0.675037357,68.22,27,100,696618,32.39404345,32.02005553,0.373987913,0.368041515,771.1630859,1
FedHST,CIFAR10,0.5,0.7,0.9999,438,0.902564773,0.668720887,67.69,21,100,696618,27.37732005,27.08140707,0.295912981,0.290687561,771.1630859,1
FedHST,CIFAR10,0.5,0.7,0.9999,439,0.880627679,0.68528,68.65,22,100,696618,28.07178497,27.76589727,0.305887699,0.300060749,771.1630859,1
FedHST,CIFAR10,0.5,0.7,0.9999,440,0.918691545,0.653378713,66.91,28,100,696618,36.60548162,36.21049142,0.394990206,0.389121771,771.1630859,1
FedHST,CIFAR10,0.5,0.7,0.9999,441,0.837527853,0.697963663,69.54,22,100,696618,25.28286338,24.98388934,0.298974037,0.293404341,771.1630859,1
FedHST,CIFAR10,0.5,0.7,0.9999,442,0.84180744,0.698174545,69.81,28,100,696618,32.15895653,31.77901053,0.379945993,0.374289513,771.1630859,1
FedHST,CIFAR10,0.5,0.7,0.9999,443,0.830769585,0.706053416,70.77,28,100,696618,35.42950273,35.07356071,0.355942011,0.351197958,771.1630859,1
FedHST,CIFAR10,0.5,0.7,0.9999,444,0.901274561,0.668741888,67.84,29,100,696618,37.77659106,37.41802025,0.358570814,0.352788448,771.1630859,1
FedHST,CIFAR10,0.5,0.7,0.9999,445,0.783787977,0.711592862,72.14,28,100,696618,34.08058095,33.69882798,0.381752968,0.376304626,771.1630859,1
FedHST,CIFAR10,0.5,0.7,0.9999,446,0.826962265,0.70968941,70.53,27,100,696618,31.88782406,31.50716352,0.380660534,0.375134468,771.1630859,1
FedHST,CIFAR10,0.5,0.7,0.9999,447,0.78867733,0.722468247,72.15,28,100,696618,41.37835073,41.02100945,0.35734129,0.351477861,771.1630859,1
FedHST,CIFAR10,0.5,0.7,0.9999,448,0.927827043,0.658081699,66.64,27,100,696618,36.13806176,35.77252579,0.365535975,0.36017704,771.1630859,1
FedHST,CIFAR10,0.5,0.7,0.9999,449,0.978012547,0.646170142,65.03,28,100,696618,39.93141079,39.57109904,0.360311747,0.355697155,771.1630859,1
FedHST,CIFAR10,0.5,0.7,0.9999,450,0.860325363,0.68446287,68.81,27,100,696618,33.20317745,32.84661627,0.356561184,0.350268364,771.1630859,1
FedHST,CIFAR10,0.5,0.7,0.9999,451,0.87848877,0.681075837,68.6,20,100,696618,28.60540199,28.34124541,0.26415658,0.258617401,771.1630859,1
FedHST,CIFAR10,0.5,0.7,0.9999,452,0.849194349,0.700265236,70.23,26,100,696618,40.40946698,40.04283929,0.366627693,0.361319304,771.1630859,1
FedHST,CIFAR10,0.5,0.7,0.9999,453,0.847704263,0.691921055,69.32,27,100,696618,38.612082,38.23330069,0.378781319,0.372901917,771.1630859,1
FedHST,CIFAR10,0.5,0.7,0.9999,454,0.806599148,0.711264001,70.99,26,100,696618,36.20316482,35.85229635,0.350868464,0.345185757,771.1630859,1
FedHST,CIFAR10,0.5,0.7,0.9999,455,0.849070391,0.685131391,70.11,25,100,696618,31.81557202,31.46256781,0.353004217,0.346567154,771.1630859,1
FedHST,CIFAR10,0.5,0.7,0.9999,456,0.775593217,0.724342121,72.8,20,100,696618,29.23359132,28.95274544,0.280845881,0.27510643,771.1630859,1
FedHST,CIFAR10,0.5,0.7,0.9999,457,0.85851096,0.694231591,69.9,27,100,696618,38.55545163,38.18160677,0.373844862,0.368021011,771.1630859,1
FedHST,CIFAR10,0.5,0.7,0.9999,458,0.839339118,0.704030919,70.45,23,100,696618,30.04594755,29.74049115,0.3054564,0.300004244,771.1630859,1
FedHST,CIFAR10,0.5,0.7,0.9999,459,0.827174091,0.709600999,70.54,28,100,696618,36.33663082,35.97280097,0.363829851,0.358525991,771.1630859,1
FedHST,CIFAR10,0.5,0.7,0.9999,460,0.878625553,0.685328552,68.76,22,100,696618,32.33570957,32.03848863,0.297220945,0.29183507,771.1630859,1
FedHST,CIFAR10,0.5,0.7,0.9999,461,0.801022593,0.717236059,71.85,29,100,696618,44.67404842,44.26686215,0.40718627,0.401495695,771.1630859,1
FedHST,CIFAR10,0.5,0.7,0.9999,462,0.831620414,0.70440669,70.83,24,100,696618,33.4490602,33.11063004,0.338430166,0.333158493,771.1630859,1
FedHST,CIFAR10,0.5,0.7,0.9999,463,0.861322129,0.691851952,68.59,21,100,696618,29.32166219,29.02084351,0.300818682,0.295071363,771.1630859,1
FedHST,CIFAR10,0.5,0.7,0.9999,464,0.767136718,0.723858653,72.55,26,100,696618,33.1307745,32.76892257,0.361851931,0.355559111,771.1630859,1
FedHST,CIFAR10,0.5,0.7,0.9999,465,1.030851062,0.618437345,63.98,23,100,696618,31.1121161,30.8229959,0.289120197,0.284239054,771.1630859,1
FedHST,CIFAR10,0.5,0.7,0.9999,466,0.780922246,0.730711614,72.92,23,100,696618,29.10033846,28.78521967,0.31511879,0.309184074,771.1630859,1
FedHST,CIFAR10,0.5,0.7,0.9999,467,0.746191082,0.742990757,74.28,27,100,696618,34.78505635,34.41814113,0.366915226,0.360580206,771.1630859,1
FedHST,CIFAR10,0.5,0.7,0.9999,468,0.815560915,0.713257614,71.12,22,100,696618,29.29840088,29.00158882,0.296812057,0.291240454,771.1630859,1
FedHST,CIFAR10,0.5,0.7,0.9999,469,0.882785487,0.669849066,68.21,21,100,696618,31.92524767,31.63210607,0.293141603,0.287514925,771.1630859,1
FedHST,CIFAR10,0.5,0.7,0.9999,470,0.944888896,0.651265654,65.73,27,100,696618,31.81701922,31.44841933,0.368599892,0.362778902,771.1630859,1
FedHST,CIFAR10,0.5,0.7,0.9999,471,0.814248755,0.709712374,70.96,25,100,696618,37.66205311,37.32819271,0.333860397,0.328832626,771.1630859,1
FedHST,CIFAR10,0.5,0.7,0.9999,472,0.739421763,0.742147044,73.92,25,100,696618,32.01543045,31.67858648,0.336843967,0.331010342,771.1630859,1
FedHST,CIFAR10,0.5,0.7,0.9999,473,0.795850484,0.721984249,72.04,25,100,696618,34.21316695,33.88942552,0.323741436,0.318244457,771.1630859,1
FedHST,CIFAR10,0.5,0.7,0.9999,474,0.959081011,0.647117599,66.09,26,100,696618,37.43560195,37.10036755,0.335234404,0.329665661,771.1630859,1
FedHST,CIFAR10,0.5,0.7,0.9999,475,0.813889795,0.697938465,70.37,23,100,696618,33.06799412,32.76597977,0.302014351,0.295789242,771.1630859,1
FedHST,CIFAR10,0.5,0.7,0.9999,476,0.755440409,0.723465915,72.83,26,100,696618,33.13820195,32.81302333,0.325178623,0.319482565,771.1630859,1
FedHST,CIFAR10,0.5,0.7,0.9999,477,0.887648813,0.692937476,68.67,25,100,696618,34.43294668,34.08658147,0.346365213,0.340942621,771.1630859,1
FedHST,CIFAR10,0.5,0.7,0.9999,478,0.813606968,0.709883714,70.28,20,100,696618,23.42392707,23.15319705,0.270730019,0.265310049,771.1630859,1
FedHST,CIFAR10,0.5,0.7,0.9999,479,0.947684871,0.654935478,65.69,26,100,696618,33.06857967,32.73938751,0.329192162,0.323814154,771.1630859,1
FedHST,CIFAR10,0.5,0.7,0.9999,480,0.950467344,0.649649572,67.67,24,100,696618,31.41298223,31.09738159,0.315600634,0.310286283,771.1630859,1
FedHST,CIFAR10,0.5,0.7,0.9999,481,0.778782678,0.71472657,73.04,25,100,696618,29.76839805,29.45777225,0.310625792,0.30604291,771.1630859,1
FedHST,CIFAR10,0.5,0.7,0.9999,482,0.913824205,0.673832511,67.53,26,100,696618,35.75423121,35.41581964,0.33841157,0.333605766,771.1630859,1
FedHST,CIFAR10,0.5,0.7,0.9999,483,0.783311612,0.720557137,72.15,27,100,696618,32.18947124,31.82519484,0.364276409,0.358334303,771.1630859,1
FedHST,CIFAR10,0.5,0.7,0.9999,484,0.748620654,0.734688692,73.5,28,100,696618,34.99466872,34.62239265,0.372276068,0.366446018,771.1630859,1
FedHST,CIFAR10,0.5,0.7,0.9999,485,0.758097543,0.7300474,73.16,23,100,696618,31.45164394,31.16163945,0.290004492,0.284512997,771.1630859,1
FedHST,CIFAR10,0.5,0.7,0.9999,486,0.882827773,0.667357358,68.73,26,100,696618,34.35415506,34.00664425,0.347510815,0.341854334,771.1630859,1
FedHST,CIFAR10,0.5,0.7,0.9999,487,0.801191651,0.713456619,71.51,28,100,696618,36.67173839,36.32949615,0.342242241,0.337675095,771.1630859,1
FedHST,CIFAR10,0.5,0.7,0.9999,488,0.845000212,0.697019665,70.01,22,100,696618,24.31398749,24.02830863,0.285678864,0.280673981,771.1630859,1
FedHST,CIFAR10,0.5,0.7,0.9999,489,0.717104834,0.744411311,74.76,24,100,696618,34.56830335,34.24068522,0.327618122,0.321789742,771.1630859,1
FedHST,CIFAR10,0.5,0.7,0.9999,490,0.856357605,0.694337701,70,29,100,696618,39.61144805,39.22926092,0.382187128,0.376553297,771.1630859,1
FedHST,CIFAR10,0.5,0.7,0.9999,491,0.756347818,0.729766052,73.26,21,100,696618,22.97876692,22.70230055,0.27646637,0.270909786,771.1630859,1
FedHST,CIFAR10,0.5,0.7,0.9999,492,0.805241507,0.690599957,71.02,25,100,696618,32.13108444,31.80211544,0.328969002,0.323564529,771.1630859,1
FedHST,CIFAR10,0.5,0.7,0.9999,493,0.856447275,0.697053277,69.54,25,100,696618,32.63958502,32.32899928,0.310585737,0.305438519,771.1630859,1
FedHST,CIFAR10,0.5,0.7,0.9999,494,0.743304944,0.746588801,74.55,21,100,696618,28.91157436,28.62422824,0.287346125,0.281647682,771.1630859,1
FedHST,CIFAR10,0.5,0.7,0.9999,495,0.773783539,0.721357771,72.41,23,100,696618,30.36923289,30.04853487,0.320698023,0.315404654,771.1630859,1
FedHST,CIFAR10,0.5,0.7,0.9999,496,0.750300409,0.733566651,73.41,30,100,696618,42.73947072,42.36140561,0.378065109,0.372886419,771.1630859,1
FedHST,CIFAR10,0.5,0.7,0.9999,497,0.741569337,0.736337428,73.63,21,100,696618,30.94168496,30.66922832,0.272456646,0.267296553,771.1630859,1
FedHST,CIFAR10,0.5,0.7,0.9999,498,0.937683567,0.649994968,65.59,22,100,696618,22.02684927,21.75953174,0.267317533,0.262198687,771.1630859,1
FedHST,CIFAR10,0.5,0.7,0.9999,499,0.750066717,0.720951367,73.48,28,100,696618,38.03300548,37.67772627,0.355279207,0.3498528,771.1630859,1
FedHST,CIFAR10,0.5,0.7,0.9999,500,0.816835119,0.702128701,70.9,23,100,696618,31.1832664,30.89269257,0.290573835,0.285485029,771.1630859,1
FedHST,CIFAR10,0.5,0.7,0.9999,1,2.542162246,0.018181818,10,20,100,696618,24.90914392,24.62914157,0.280002356,0.274417877,741.8417969,2
FedHST,CIFAR10,0.5,0.7,0.9999,2,2.34276683,0.018181818,10,28,100,696618,36.05698299,35.68516326,0.371819735,0.366454601,765.8300781,2
FedHST,CIFAR10,0.5,0.7,0.9999,3,2.325804082,0.018181818,10,26,100,696618,40.11874318,39.77137661,0.347366571,0.342012167,765.8300781,2
FedHST,CIFAR10,0.5,0.7,0.9999,4,2.324766639,0.018181818,10,27,100,696618,32.89964628,32.52333379,0.376312494,0.370593548,765.8300781,2
FedHST,CIFAR10,0.5,0.7,0.9999,5,2.329374239,0.06068592,13.92,21,100,696618,27.83778,27.57057858,0.267201424,0.261895657,765.8300781,2
FedHST,CIFAR10,0.5,0.7,0.9999,6,2.34421635,0.046282082,12.8,20,100,696618,24.77653337,24.51659751,0.259935856,0.254932404,765.8300781,2
FedHST,CIFAR10,0.5,0.7,0.9999,7,2.327990575,0.047913321,14.33,20,100,696618,26.15185499,25.91192102,0.239933968,0.234812975,765.8300781,2
FedHST,CIFAR10,0.5,0.7,0.9999,8,2.320269497,0.018181818,10,29,100,696618,37.43471336,37.07721066,0.357502699,0.351998806,768.4941406,2
FedHST,CIFAR10,0.5,0.7,0.9999,9,2.316182522,0.018183471,10,20,100,696618,28.23833179,27.98721409,0.251117706,0.245920897,768.4941406,2
FedHST,CIFAR10,0.5,0.7,0.9999,10,2.308397293,0.069308691,14.88,26,100,696618,34.87490201,34.5358386,0.339063406,0.333801031,768.4941406,2
FedHST,CIFAR10,0.5,0.7,0.9999,11,2.300753513,0.03923936,11.89,30,100,696618,33.01915812,32.60968757,0.409470558,0.404408216,771.1611328,2
FedHST,CIFAR10,0.5,0.7,0.9999,12,2.2701425,0.044317243,12.48,24,100,696618,27.58277369,27.29761386,0.285159826,0.280015707,771.1611328,2
FedHST,CIFAR10,0.5,0.7,0.9999,13,2.263834672,0.059835759,14.13,25,100,696618,34.76403499,34.42959476,0.334440231,0.32961154,771.1611328,2
FedHST,CIFAR10,0.5,0.7,0.9999,14,2.291861173,0.029318156,10.59,22,100,696618,27.42188263,27.15972114,0.262161493,0.25743413,771.1611328,2
FedHST,CIFAR10,0.5,0.7,0.9999,15,2.296053021,0.050801312,13.76,21,100,696618,26.0489428,25.79925799,0.249684811,0.244732141,771.1611328,2
FedHST,CIFAR10,0.5,0.7,0.9999,16,2.375815377,0.044868145,13.62,21,100,696618,27.50859284,27.21999288,0.288599968,0.282405853,771.1611328,2
FedHST,CIFAR10,0.5,0.7,0.9999,17,2.420825703,0.050823689,13.86,22,100,696618,25.13608909,24.86070919,0.275379896,0.270431995,771.1611328,2
FedHST,CIFAR10,0.5,0.7,0.9999,18,2.345804653,0.048186742,13.97,28,100,696618,34.68147635,34.35696411,0.324512243,0.319598198,771.1611328,2
FedHST,CIFAR10,0.5,0.7,0.9999,19,2.270982061,0.042352089,12.87,29,100,696618,34.1260519,33.77115989,0.354892015,0.349533081,771.1611328,2
FedHST,CIFAR10,0.5,0.7,0.9999,20,2.256618202,0.047169595,12.52,26,100,696618,34.023983,33.69977713,0.324205875,0.319574356,771.1611328,2
FedHST,CIFAR10,0.5,0.7,0.9999,21,2.242291956,0.072451244,15.79,27,100,696618,32.49158525,32.14486742,0.346717834,0.341563463,771.1611328,2
FedHST,CIFAR10,0.5,0.7,0.9999,22,2.240332194,0.05797922,13.95,24,100,696618,36.7503469,36.44341755,0.30692935,0.302202463,771.1611328,2
FedHST,CIFAR10,0.5,0.7,0.9999,23,2.243530878,0.056843136,13.28,27,100,696618,35.59666324,35.26500225,0.331660986,0.32657361,771.1611328,2
FedHST,CIFAR10,0.5,0.7,0.9999,24,2.233753152,0.074732636,15.28,26,100,696618,32.43866396,32.12481332,0.313850641,0.30833292,771.1611328,2
FedHST,CIFAR10,0.5,0.7,0.9999,25,2.22305184,0.087230709,18.05,21,100,696618,25.13649678,24.87015676,0.266340017,0.261032343,771.1611328,2
FedHST,CIFAR10,0.5,0.7,0.9999,26,2.224074446,0.106387122,18.6,27,100,696618,34.27976751,33.93513107,0.34463644,0.339233637,771.1611328,2
FedHST,CIFAR10,0.5,0.7,0.9999,27,2.23525221,0.050058825,14.94,25,100,696618,34.34521675,34.00564575,0.339570999,0.328447104,771.1611328,2
FedHST,CIFAR10,0.5,0.7,0.9999,28,2.227498035,0.051645517,14.96,22,100,696618,24.31358647,24.0390923,0.274494171,0.269437075,771.1611328,2
FedHST,CIFAR10,0.5,0.7,0.9999,29,2.203481491,0.050536631,14.48,22,100,696618,29.29314995,29.02361345,0.269536495,0.264114141,771.1611328,2
FedHST,CIFAR10,0.5,0.7,0.9999,30,2.203831927,0.049552294,13.94,28,100,696618,34.94080615,34.61154556,0.329260588,0.324587107,771.1611328,2
FedHST,CIFAR10,0.5,0.7,0.9999,31,2.183381587,0.05517036,15.13,22,100,696618,26.44247222,26.15666389,0.285808325,0.280875444,771.1611328,2
FedHST,CIFAR10,0.5,0.7,0.9999,32,2.176395397,0.099648707,16.69,24,100,696618,31.37676501,31.07895231,0.2978127,0.292843342,771.1611328,2
FedHST,CIFAR10,0.5,0.7,0.9999,33,2.163514668,0.093229437,17.54,20,100,696618,25.95995402,25.69393325,0.266020775,0.260627985,771.1611328,2
FedHST,CIFAR10,0.5,0.7,0.9999,34,2.140975925,0.092027261,19.28,23,100,696618,33.50294304,33.22849703,0.274446011,0.269778013,771.1611328,2
FedHST,CIFAR10,0.5,0.7,0.9999,35,2.133459586,0.12390849,20.91,26,100,696618,29.18238235,28.85572052,0.326661825,0.321769238,771.1611328,2
FedHST,CIFAR10,0.5,0.7,0.9999,36,2.090161345,0.143509448,21.59,22,100,696618,27.32761884,27.03827477,0.289344072,0.283987284,771.1611328,2
FedHST,CIFAR10,0.5,0.7,0.9999,37,2.08357735,0.150790976,20.85,28,100,696618,35.72256255,35.37634897,0.346213579,0.341417313,771.1611328,2
FedHST,CIFAR10,0.5,0.7,0.9999,38,2.084422695,0.101804519,17.99,29,100,696618,38.18940091,37.80697966,0.382421255,0.376800776,771.1611328,2
FedHST,CIFAR10,0.5,0.7,0.9999,39,2.052998593,0.119149146,19.77,24,100,696618,28.99783754,28.69344687,0.304390669,0.298580647,771.1611328,2
FedHST,CIFAR10,0.5,0.7,0.9999,40,2.046281715,0.217212456,25.61,29,100,696618,38.25696325,37.89189267,0.365070581,0.359802008,771.1611328,2
FedHST,CIFAR10,0.5,0.7,0.9999,41,2.075607016,0.13048972,19.71,20,100,696618,25.28846073,25.03371477,0.25474596,0.249980927,771.1611328,2
FedHST,CIFAR10,0.5,0.7,0.9999,42,2.049448352,0.104439064,19.61,28,100,696618,33.99063015,33.63438511,0.356245041,0.350687981,771.1611328,2
FedHST,CIFAR10,0.5,0.7,0.9999,43,2.046073746,0.119820971,21.5,20,100,696618,23.12472224,22.87144136,0.253280878,0.248002529,771.1611328,2
FedHST,CIFAR10,0.5,0.7,0.9999,44,2.076316327,0.081595922,17.79,23,100,696618,30.84737945,30.54039431,0.30698514,0.300852776,771.1611328,2
FedHST,CIFAR10,0.5,0.7,0.9999,45,2.097999093,0.08905908,17.97,22,100,696618,26.05391335,25.77410507,0.279808283,0.27489543,771.1611328,2
FedHST,CIFAR10,0.5,0.7,0.9999,46,2.025837304,0.108214185,21.61,26,100,696618,35.55662775,35.25301862,0.303609133,0.298999071,771.1611328,2
FedHST,CIFAR10,0.5,0.7,0.9999,47,2.097739487,0.09023975,16.4,21,100,696618,30.02815771,29.7560482,0.272109509,0.267071724,771.1611328,2
FedHST,CIFAR10,0.5,0.7,0.9999,48,2.038720767,0.077587369,18.32,25,100,696618,30.41143012,30.09426045,0.317169666,0.311769247,771.1611328,2
FedHST,CIFAR10,0.5,0.7,0.9999,49,2.075486391,0.136526456,20.71,27,100,696618,31.08975935,30.75703073,0.332728624,0.326844931,771.1611328,2
FedHST,CIFAR10,0.5,0.7,0.9999,50,2.024011422,0.165750399,24.68,20,100,696618,20.02824378,19.76860023,0.259643555,0.254318476,771.1611328,2
FedHST,CIFAR10,0.5,0.7,0.9999,51,2.022251546,0.133502647,22.1,27,100,696618,32.08836198,31.7256639,0.362698078,0.357239485,771.1611328,2
FedHST,CIFAR10,0.5,0.7,0.9999,52,1.970991758,0.164793899,25.66,26,100,696618,32.00816774,31.689044,0.319123745,0.314522266,771.1611328,2
FedHST,CIFAR10,0.5,0.7,0.9999,53,1.976161391,0.119882356,21.31,20,100,696618,25.56556201,25.31208014,0.253481865,0.247861862,771.1611328,2
FedHST,CIFAR10,0.5,0.7,0.9999,54,1.98941349,0.132059218,21.39,24,100,696618,30.77399921,30.46696305,0.307036161,0.302370071,771.1611328,2
FedHST,CIFAR10,0.5,0.7,0.9999,55,1.909880507,0.167136128,24.73,22,100,696618,26.04037714,25.75206876,0.288308382,0.283330202,771.1611328,2
FedHST,CIFAR10,0.5,0.7,0.9999,56,1.898333867,0.207798158,28.32,28,100,696618,36.20862746,35.86066341,0.347964048,0.342245817,771.1611328,2
FedHST,CIFAR10,0.5,0.7,0.9999,57,1.907543894,0.204956871,27.66,25,100,696618,30.10214472,29.79329085,0.308853865,0.303437948,771.1611328,2
FedHST,CIFAR10,0.5,0.7,0.9999,58,1.908427478,0.193826617,28.16,29,100,696618,41.45899272,41.10954881,0.349443913,0.34406352,771.1611328,2
FedHST,CIFAR10,0.5,0.7,0.9999,59,1.924247454,0.196436513,27.29,26,100,696618,30.74239254,30.43213725,0.310255289,0.304694891,771.1611328,2
FedHST,CIFAR10,0.5,0.7,0.9999,60,1.902989877,0.18983131,27.85,21,100,696618,23.62467527,23.36415291,0.260522366,0.255203009,771.1611328,2
FedHST,CIFAR10,0.5,0.7,0.9999,61,1.889189308,0.206453746,28.39,22,100,696618,25.47922468,25.21680999,0.262414694,0.257200718,771.1611328,2
FedHST,CIFAR10,0.5,0.7,0.9999,62,1.889799195,0.276485556,30.71,28,100,696618,39.19632268,38.84428811,0.352034569,0.347365618,771.1611328,2
FedHST,CIFAR10,0.5,0.7,0.9999,63,2.015946022,0.134223969,20.49,20,100,696618,26.0128274,25.75752687,0.255300522,0.250397444,771.1611328,2
FedHST,CIFAR10,0.5,0.7,0.9999,64,1.944964774,0.139971002,22.28,26,100,696618,37.30744362,36.97887492,0.328568697,0.323057175,771.1611328,2
FedHST,CIFAR10,0.5,0.7,0.9999,65,1.885539815,0.166990923,25.08,26,100,696618,27.14111471,26.79777479,0.34333992,0.337973356,771.1611328,2
FedHST,CIFAR10,0.5,0.7,0.9999,66,1.869152485,0.184571692,26.51,27,100,696618,32.87059975,32.51493382,0.355665922,0.350242376,771.1611328,2
FedHST,CIFAR10,0.5,0.7,0.9999,67,1.862266104,0.195409806,28.07,26,100,696618,34.91396165,34.58469844,0.32926321,0.324296236,771.1611328,2
FedHST,CIFAR10,0.5,0.7,0.9999,68,1.910396782,0.185446555,26.78,24,100,696618,27.41594315,27.11142373,0.304519415,0.299046278,771.1611328,2
FedHST,CIFAR10,0.5,0.7,0.9999,69,1.850362426,0.221881141,29.34,28,100,696618,37.00931692,36.66031337,0.349003553,0.344065189,771.1611328,2
FedHST,CIFAR10,0.5,0.7,0.9999,70,1.863173556,0.180922486,25,27,100,696618,30.10137248,29.76251674,0.338855743,0.334026337,771.1611328,2
FedHST,CIFAR10,0.5,0.7,0.9999,71,1.808425382,0.213495111,28.76,24,100,696618,29.27485228,28.98986816,0.284984112,0.279676676,771.1611328,2
FedHST,CIFAR10,0.5,0.7,0.9999,72,1.814348633,0.24780139,30.35,21,100,696618,27.01005459,26.74667454,0.263380051,0.258268595,771.1611328,2
FedHST,CIFAR10,0.5,0.7,0.9999,73,1.79982443,0.235294957,30.82,27,100,696618,32.52426362,32.18987083,0.334392786,0.329094172,771.1611328,2
FedHST,CIFAR10,0.5,0.7,0.9999,74,1.796343051,0.239700528,30.65,29,100,696618,38.7317996,38.37686753,0.35493207,0.349864721,771.1611328,2
FedHST,CIFAR10,0.5,0.7,0.9999,75,1.820441879,0.21999894,29.26,30,100,696618,39.25093627,38.86931515,0.381621122,0.376294851,771.1625977,2
FedHST,CIFAR10,0.5,0.7,0.9999,76,1.825614572,0.228558831,29.8,21,100,696618,26.24554896,25.96919656,0.276352406,0.270909786,771.1625977,2
FedHST,CIFAR10,0.5,0.7,0.9999,77,1.771617278,0.258346497,32.48,26,100,696618,34.53700447,34.22675204,0.310252428,0.305052042,771.1625977,2
FedHST,CIFAR10,0.5,0.7,0.9999,78,1.780125945,0.248959323,31.91,25,100,696618,29.13364577,28.820678,0.312967777,0.308034658,771.1625977,2
FedHST,CIFAR10,0.5,0.7,0.9999,79,1.828362705,0.217531059,29.37,29,100,696618,39.19504833,38.81885386,0.376194477,0.370620966,771.1625977,2
FedHST,CIFAR10,0.5,0.7,0.9999,80,1.905386033,0.181073911,26.26,29,100,696618,38.99744487,38.63898993,0.358454943,0.3533535,771.1625977,2
FedHST,CIFAR10,0.5,0.7,0.9999,81,1.815269428,0.21347211,29.6,28,100,696618,31.52865767,31.18113565,0.34752202,0.342519045,771.1625977,2
FedHST,CIFAR10,0.5,0.7,0.9999,82,1.772499127,0.217880269,31.54,27,100,696618,30.89812684,30.57155299,0.326573849,0.322017431,771.1625977,2
FedHST,CIFAR10,0.5,0.7,0.9999,83,1.777767232,0.212623823,30.74,24,100,696618,28.58988762,28.27705574,0.312831879,0.307415724,771.1625977,2
FedHST,CIFAR10,0.5,0.7,0.9999,84,1.815065477,0.210956068,28.9,22,100,696618,26.83665872,26.54272842,0.293930292,0.28787303,771.1625977,2
FedHST,CIFAR10,0.5,0.7,0.9999,85,1.824797875,0.21183681,28.72,23,100,696618,29.2122395,28.9103663,0.301873207,0.296706676,771.1625977,2
FedHST,CIFAR10,0.5,0.7,0.9999,86,1.794319363,0.210695633,29.82,25,100,696618,35.20722389,34.86562753,0.341596365,0.336704493,771.1625977,2
FedHST,CIFAR10,0.5,0.7,0.9999,87,1.834467908,0.222270261,28.87,24,100,696618,30.54407454,30.24023771,0.303836823,0.298193693,771.1625977,2
FedHST,CIFAR10,0.5,0.7,0.9999,88,1.794030114,0.23014909,29.01,23,100,696618,25.71175361,25.4011457,0.31060791,0.305205107,771.1625977,2
FedHST,CIFAR10,0.5,0.7,0.9999,89,1.744991292,0.240136808,30.88,20,100,696618,21.70594192,21.45949531,0.246446609,0.241374254,771.1625977,2
FedHST,CIFAR10,0.5,0.7,0.9999,90,1.72658757,0.22409222,30.14,27,100,696618,33.67107272,33.32104087,0.350031853,0.344355345,771.1625977,2
FedHST,CIFAR10,0.5,0.7,0.9999,91,1.737820375,0.218961897,29.4,30,100,696618,38.45552421,38.08141375,0.37411046,0.369197845,771.1625977,2
FedHST,CIFAR10,0.5,0.7,0.9999,92,1.705669711,0.284687431,34.29,23,100,696618,27.62370825,27.35617304,0.26753521,0.262423754,771.1625977,2
FedHST,CIFAR10,0.5,0.7,0.9999,93,1.70257624,0.281030465,34.5,22,100,696618,24.71950889,24.4321928,0.287316084,0.281760693,771.1625977,2
FedHST,CIFAR10,0.5,0.7,0.9999,94,1.704796686,0.282759108,34.54,30,100,696618,39.32487082,38.94725561,0.377615213,0.371590853,771.1625977,2
FedHST,CIFAR10,0.5,0.7,0.9999,95,1.690108834,0.294353913,35.92,26,100,696618,30.68479896,30.34513068,0.339668274,0.335032463,771.1625977,2
FedHST,CIFAR10,0.5,0.7,0.9999,96,1.862556252,0.181214015,26.69,22,100,696618,29.38900137,29.13032246,0.258678913,0.253377199,771.1625977,2
FedHST,CIFAR10,0.5,0.7,0.9999,97,1.708016425,0.24232561,31.77,23,100,696618,27.50080752,27.2317493,0.269058228,0.264211655,771.1625977,2
FedHST,CIFAR10,0.5,0.7,0.9999,98,1.721572753,0.270937879,32.1,27,100,696618,37.59108043,37.24221802,0.34886241,0.343225718,771.1625977,2
FedHST,CIFAR10,0.5,0.7,0.9999,99,1.713316096,0.288955912,33.99,30,100,696618,40.76121569,40.38632607,0.374889612,0.370033026,771.1625977,2
FedHST,CIFAR10,0.5,0.7,0.9999,100,1.793071438,0.263140237,31.12,22,100,696618,26.79641247,26.51970959,0.276702881,0.271632671,771.1625977,2
FedHST,CIFAR10,0.5,0.7,0.9999,101,1.75614555,0.269169219,31.52,20,100,696618,26.16010141,25.88231659,0.277784824,0.272277832,771.1625977,2
FedHST,CIFAR10,0.5,0.7,0.9999,102,1.665386197,0.318000251,36.38,28,100,696618,37.42799854,37.07877231,0.349226236,0.343898535,771.1625977,2
FedHST,CIFAR10,0.5,0.7,0.9999,103,1.71332382,0.304462787,35.12,20,100,696618,27.72779608,27.44615388,0.281642199,0.27692008,771.1625977,2
FedHST,CIFAR10,0.5,0.7,0.9999,104,1.733292489,0.300031098,35.09,23,100,696618,30.32731462,30.05001092,0.277303696,0.271808386,771.1625977,2
FedHST,CIFAR10,0.5,0.7,0.9999,105,1.737906111,0.253387432,31.48,30,100,696618,44.28150368,43.88597155,0.395532131,0.389860392,771.1625977,2
FedHST,CIFAR10,0.5,0.7,0.9999,106,1.676239102,0.3268622,36.5,28,100,696618,38.98607135,38.64098477,0.345086575,0.340359926,771.1625977,2
FedHST,CIFAR10,0.5,0.7,0.9999,107,1.667088127,0.303399618,35.78,30,100,696618,36.99858809,36.61237788,0.386210203,0.38147974,771.1625977,2
FedHST,CIFAR10,0.5,0.7,0.9999,108,1.672047714,0.310702929,38,20,100,696618,24.59051394,24.34453177,0.24598217,0.241017342,771.1625977,2
FedHST,CIFAR10,0.5,0.7,0.9999,109,1.825907537,0.204621483,29.8,22,100,696618,28.25180125,27.95500946,0.296791792,0.291932821,771.1625977,2
FedHST,CIFAR10,0.5,0.7,0.9999,110,1.784794279,0.265644573,32.05,25,100,696618,28.85811329,28.53862786,0.319485426,0.314605474,771.1625977,2
FedHST,CIFAR10,0.5,0.7,0.9999,111,1.642305569,0.33849911,38.83,21,100,696618,28.28204894,28.00470638,0.277342558,0.271634817,771.1625977,2
FedHST,CIFAR10,0.5,0.7,0.9999,112,1.648637141,0.313382258,36.55,30,100,696618,34.15589809,33.74641275,0.40948534,0.403473377,771.1625977,2
FedHST,CIFAR10,0.5,0.7,0.9999,113,1.657729487,0.333604296,37.48,26,100,696618,34.12559152,33.78938103,0.336210489,0.331111193,771.1625977,2
FedHST,CIFAR10,0.5,0.7,0.9999,114,1.699811117,0.302631782,34.98,21,100,696618,26.87555981,26.59147596,0.284083843,0.278636694,771.1625977,2
FedHST,CIFAR10,0.5,0.7,0.9999,115,1.628201112,0.363477503,39.13,29,100,696618,39.89649391,39.4928019,0.403692007,0.397595167,771.1625977,2
FedHST,CIFAR10,0.5,0.7,0.9999,116,1.630179631,0.356458851,39.18,20,100,696618,26.23702693,25.94953513,0.287491798,0.282035112,771.1625977,2
FedHST,CIFAR10,0.5,0.7,0.9999,117,1.709268635,0.239219521,30.37,21,100,696618,27.88287187,27.58531928,0.297552586,0.291620731,771.1625977,2
FedHST,CIFAR10,0.5,0.7,0.9999,118,1.740220515,0.185321632,28.14,27,100,696618,31.54466105,31.16891956,0.375741482,0.370178223,771.1625977,2
FedHST,CIFAR10,0.5,0.7,0.9999,119,1.659136415,0.275882715,33.36,24,100,696618,28.24006248,27.90338039,0.336682081,0.331073523,771.1625977,2
FedHST,CIFAR10,0.5,0.7,0.9999,120,1.66904863,0.280116412,33.48,26,100,696618,37.12865567,36.76800084,0.360654831,0.354768515,771.1625977,2
FedHST,CIFAR10,0.5,0.7,0.9999,121,1.660084117,0.2840592,34.14,23,100,696618,33.7031467,33.39161372,0.311532974,0.306150675,771.1625977,2
FedHST,CIFAR10,0.5,0.7,0.9999,122,1.646074972,0.325462657,37.06,29,100,696618,42.3624227,41.96956515,0.392857552,0.387794971,771.1625977,2
FedHST,CIFAR10,0.5,0.7,0.9999,123,1.631259773,0.323275219,37.12,29,100,696618,41.38889217,41.03682947,0.352062702,0.346401691,771.1625977,2
FedHST,CIFAR10,0.5,0.7,0.9999,124,1.601189804,0.36360489,39.76,29,100,696618,35.62766623,35.23940015,0.388266087,0.382398367,771.1625977,2
FedHST,CIFAR10,0.5,0.7,0.9999,125,1.564076703,0.352214083,39.59,25,100,696618,29.65882635,29.31546068,0.343365669,0.3374331,771.1625977,2
FedHST,CIFAR10,0.5,0.7,0.9999,126,1.554122256,0.349598946,39.68,27,100,696618,33.74739313,33.38650799,0.360885143,0.355208158,771.1625977,2
FedHST,CIFAR10,0.5,0.7,0.9999,127,1.572416597,0.341387371,38.65,29,100,696618,41.05748153,40.65165615,0.405825377,0.400085449,771.1625977,2
FedHST,CIFAR10,0.5,0.7,0.9999,128,1.633821164,0.309451635,36.33,30,100,696618,39.62291956,39.22510552,0.397814035,0.392461538,771.1625977,2
FedHST,CIFAR10,0.5,0.7,0.9999,129,1.542545586,0.374949088,41.32,22,100,696618,29.28610969,28.98333645,0.302773237,0.297156811,771.1625977,2
FedHST,CIFAR10,0.5,0.7,0.9999,130,1.527643727,0.401089629,42.49,27,100,696618,35.93911099,35.56714344,0.371967554,0.366256952,771.1625977,2
FedHST,CIFAR10,0.5,0.7,0.9999,131,1.568695778,0.387611656,39.91,23,100,696618,28.59088635,28.28415728,0.306729078,0.301488161,771.1625977,2
FedHST,CIFAR10,0.5,0.7,0.9999,132,1.559495383,0.380418147,39.71,25,100,696618,33.67094183,33.33697176,0.33397007,0.328667879,771.1625977,2
FedHST,CIFAR10,0.5,0.7,0.9999,133,1.519380278,0.406870419,42.6,21,100,696618,24.64325857,24.34375811,0.299500465,0.29188776,771.1625977,2
FedHST,CIFAR10,0.5,0.7,0.9999,134,1.560856717,0.403827443,42.58,25,100,696618,34.38396645,34.04420543,0.339761019,0.333776951,771.1625977,2
FedHST,CIFAR10,0.5,0.7,0.9999,135,1.564426626,0.387942623,40.71,29,100,696618,41.39127088,41.00873756,0.382533312,0.377107143,771.1625977,2
FedHST,CIFAR10,0.5,0.7,0.9999,136,1.541453681,0.38339396,40.71,30,100,696618,35.93297768,35.55145454,0.381523132,0.376003027,771.1625977,2
FedHST,CIFAR10,0.5,0.7,0.9999,137,1.520849682,0.382101222,41.39,24,100,696618,27.24811029,26.92031503,0.327795267,0.322867155,771.1625977,2
FedHST,CIFAR10,0.5,0.7,0.9999,138,1.501989822,0.38571756,42.77,28,100,696618,37.1754818,36.78023171,0.395250082,0.389842987,771.1625977,2
FedHST,CIFAR10,0.5,0.7,0.9999,139,1.536221338,0.354974105,40.77,22,100,696618,29.48212504,29.1782527,0.303872347,0.29837513,771.1625977,2
FedHST,CIFAR10,0.5,0.7,0.9999,140,1.669816426,0.331925932,38.09,22,100,696618,32.72595406,32.43382478,0.292129278,0.286516666,771.1625977,2
FedHST,CIFAR10,0.5,0.7,0.9999,141,1.468973186,0.408585094,44.76,28,100,696618,35.57061458,35.24626994,0.324344635,0.319852829,771.1625977,2
FedHST,CIFAR10,0.5,0.7,0.9999,142,1.588765384,0.365432815,41.67,27,100,696618,37.19618368,36.86634421,0.329839468,0.325140715,771.1625977,2
FedHST,CIFAR10,0.5,0.7,0.9999,143,1.499013281,0.417517983,44.17,26,100,696618,31.70026064,31.36139393,0.338866711,0.333345652,771.1625977,2
FedHST,CIFAR10,0.5,0.7,0.9999,144,1.533928835,0.401575853,42.67,21,100,696618,23.70926094,23.43114901,0.278111935,0.272693157,771.1625977,2
FedHST,CIFAR10,0.5,0.7,0.9999,145,1.464349398,0.4480719,45.62,29,100,696618,37.07448339,36.70296311,0.371520281,0.366764784,771.1625977,2
FedHST,CIFAR10,0.5,0.7,0.9999,146,1.472460349,0.42881123,44.41,27,100,696618,36.43285584,36.08225584,0.350600004,0.3461833,771.1625977,2
FedHST,CIFAR10,0.5,0.7,0.9999,147,1.5439777,0.401731841,41.93,22,100,696618,28.99478865,28.69867396,0.296114683,0.290453672,771.1625977,2
FedHST,CIFAR10,0.5,0.7,0.9999,148,1.475607961,0.421961612,44.35,21,100,696618,25.38921833,25.14211535,0.247102976,0.242222309,771.1625977,2
FedHST,CIFAR10,0.5,0.7,0.9999,149,1.436293626,0.43493117,47.3,24,100,696618,32.80417204,32.49112201,0.313050032,0.307962894,771.1625977,2
FedHST,CIFAR10,0.5,0.7,0.9999,150,1.416584123,0.447472501,47.49,24,100,696618,30.35607576,30.05229449,0.303781271,0.298826218,771.1625977,2
FedHST,CIFAR10,0.5,0.7,0.9999,151,1.456118127,0.429897042,45.42,27,100,696618,32.75031972,32.3967483,0.353571415,0.348208189,771.1625977,2
FedHST,CIFAR10,0.5,0.7,0.9999,152,1.487922334,0.404651838,43.05,27,100,696618,31.68321848,31.32797837,0.355240107,0.349963903,771.1625977,2
FedHST,CIFAR10,0.5,0.7,0.9999,153,1.450995591,0.402443601,43.32,24,100,696618,32.24467635,31.93466306,0.310013294,0.304725885,771.1625977,2
FedHST,CIFAR10,0.5,0.7,0.9999,154,1.45539467,0.412281649,44.81,26,100,696618,33.39390206,33.06509089,0.328811169,0.323531628,771.1625977,2
FedHST,CIFAR10,0.5,0.7,0.9999,155,1.431320773,0.441530756,46.91,20,100,696618,25.29086614,25.04354811,0.247318029,0.242446899,771.1625977,2
FedHST,CIFAR10,0.5,0.7,0.9999,156,1.456617228,0.440763874,45.13,26,100,696618,34.33415198,33.99334574,0.340806246,0.335154533,771.1625977,2
FedHST,CIFAR10,0.5,0.7,0.9999,157,1.504038635,0.43139345,44.32,28,100,696618,37.95987177,37.59195495,0.367916822,0.362210989,771.1625977,2
FedHST,CIFAR10,0.5,0.7,0.9999,158,1.547488103,0.369089376,40.72,24,100,696618,28.51733732,28.20838118,0.308956146,0.303621054,771.1625977,2
FedHST,CIFAR10,0.5,0.7,0.9999,159,1.492418686,0.411371132,43.79,29,100,696618,35.65363598,35.29885769,0.35477829,0.349391222,771.1625977,2
FedHST,CIFAR10,0.5,0.7,0.9999,160,1.432187419,0.46663722,46.6,28,100,696618,34.88724756,34.54917622,0.338071346,0.332942247,771.1625977,2
FedHST,CIFAR10,0.5,0.7,0.9999,161,1.476035974,0.431309372,44.26,28,100,696618,37.7760427,37.42528152,0.350761175,0.345961571,771.1625977,2
FedHST,CIFAR10,0.5,0.7,0.9999,162,1.459667864,0.393958296,42.87,27,100,696618,36.54911947,36.2002697,0.348849773,0.343565702,771.1625977,2
FedHST,CIFAR10,0.5,0.7,0.9999,163,1.508689083,0.350101879,40.41,23,100,696618,31.09690928,30.79821777,0.298691511,0.293609142,771.1625977,2
FedHST,CIFAR10,0.5,0.7,0.9999,164,1.42592304,0.426729012,46.14,20,100,696618,24.65339637,24.39788556,0.255510807,0.250138044,771.1625977,2
FedHST,CIFAR10,0.5,0.7,0.9999,165,1.528190724,0.37450383,40.75,27,100,696618,31.65995097,31.29443789,0.365513086,0.360153913,771.1625977,2
FedHST,CIFAR10,0.5,0.7,0.9999,166,1.390584491,0.47015464,49.52,30,100,696618,36.77534628,36.38164806,0.393698215,0.388427019,771.1625977,2
FedHST,CIFAR10,0.5,0.7,0.9999,167,1.625464802,0.314166328,34.26,29,100,696618,35.09712648,34.73350453,0.36362195,0.359036922,771.1625977,2
FedHST,CIFAR10,0.5,0.7,0.9999,168,1.411127081,0.442824078,46.73,28,100,696618,37.20752096,36.84845877,0.359062195,0.354275465,771.1625977,2
FedHST,CIFAR10,0.5,0.7,0.9999,169,1.435306845,0.462081623,47.37,24,100,696618,29.81877899,29.50999856,0.308780432,0.303038836,771.1625977,2
FedHST,CIFAR10,0.5,0.7,0.9999,170,1.376604092,0.474541865,48.64,20,100,696618,27.22053528,26.95891309,0.26162219,0.256567001,771.1625977,2
FedHST,CIFAR10,0.5,0.7,0.9999,171,1.392205794,0.468616431,47.61,23,100,696618,27.4373374,27.15388727,0.283450127,0.277884245,771.1625977,2
FedHST,CIFAR10,0.5,0.7,0.9999,172,1.413423749,0.436642823,45.18,30,100,696618,40.44394517,40.07176995,0.372175217,0.366121531,771.1625977,2
FedHST,CIFAR10,0.5,0.7,0.9999,173,1.429609102,0.417022852,45.41,20,100,696618,24.69233298,24.45220208,0.240130901,0.23509407,771.1625977,2
FedHST,CIFAR10,0.5,0.7,0.9999,174,1.412087971,0.437745136,46.61,26,100,696618,37.05918598,36.75234222,0.306843758,0.30176568,771.1625977,2
FedHST,CIFAR10,0.5,0.7,0.9999,175,1.447178617,0.424741781,44.29,20,100,696618,22.75815511,22.4928093,0.265345812,0.260462999,771.1625977,2
FedHST,CIFAR10,0.5,0.7,0.9999,176,1.342727286,0.495283354,50.04,22,100,696618,24.05525923,23.75514007,0.300119162,0.294946194,771.1625977,2
FedHST,CIFAR10,0.5,0.7,0.9999,177,1.325611286,0.480351239,50.29,22,100,696618,26.90143633,26.62194729,0.27948904,0.27423501,771.1625977,2
FedHST,CIFAR10,0.5,0.7,0.9999,178,1.438142109,0.418473951,44.58,30,100,696618,37.76415038,37.4004004,0.363749981,0.358701944,771.1625977,2
FedHST,CIFAR10,0.5,0.7,0.9999,179,1.323431956,0.492157111,50.28,21,100,696618,26.93391204,26.67865396,0.255258083,0.250383139,771.1625977,2
FedHST,CIFAR10,0.5,0.7,0.9999,180,1.365305954,0.505649211,50.67,30,100,696618,37.21701527,36.85509038,0.361924887,0.355184078,771.1625977,2
FedHST,CIFAR10,0.5,0.7,0.9999,181,1.320790066,0.515904987,51.52,20,100,696618,24.0875783,23.83277678,0.254801512,0.249877453,771.1625977,2
FedHST,CIFAR10,0.5,0.7,0.9999,182,1.319623717,0.512384847,51.36,20,100,696618,25.90601969,25.63282132,0.273198366,0.268209457,771.1625977,2
FedHST,CIFAR10,0.5,0.7,0.9999,183,1.467279689,0.398132064,43.08,22,100,696618,26.54553318,26.25552058,0.290012598,0.284626484,771.1625977,2
FedHST,CIFAR10,0.5,0.7,0.9999,184,1.415161249,0.425841538,46.08,24,100,696618,31.83020973,31.52085233,0.309357405,0.303921223,771.1625977,2
FedHST,CIFAR10,0.5,0.7,0.9999,185,1.372896786,0.486840103,49.91,30,100,696618,36.54260731,36.16689301,0.375714302,0.370219469,771.1625977,2
FedHST,CIFAR10,0.5,0.7,0.9999,186,1.324934044,0.525021386,52.61,27,100,696618,33.78403735,33.43960238,0.344434977,0.339016438,771.1625977,2
FedHST,CIFAR10,0.5,0.7,0.9999,187,1.478475077,0.396624501,43.93,25,100,696618,32.89607286,32.56408167,0.331991196,0.327453375,771.1625977,2
FedHST,CIFAR10,0.5,0.7,0.9999,188,1.413131543,0.423765016,44.83,28,100,696618,37.02688527,36.6623261,0.364559174,0.359741688,771.1625977,2
FedHST,CIFAR10,0.5,0.7,0.9999,189,1.375953708,0.434379452,46.17,23,100,696618,32.7813127,32.49527049,0.286042213,0.281143427,771.1625977,2
FedHST,CIFAR10,0.5,0.7,0.9999,190,1.326317398,0.493923843,51.66,29,100,696618,38.95505929,38.58121753,0.373841763,0.367057323,771.1625977,2
FedHST,CIFAR10,0.5,0.7,0.9999,191,1.384251637,0.4651661,48.07,20,100,696618,30.80311179,30.55450511,0.248606682,0.243980885,771.1625977,2
FedHST,CIFAR10,0.5,0.7,0.9999,192,1.28542841,0.525849698,52.89,26,100,696618,29.60606551,29.29618812,0.309877396,0.30443573,771.1625977,2
FedHST,CIFAR10,0.5,0.7,0.9999,193,1.302686877,0.523768434,52.56,27,100,696618,33.09047699,32.74293232,0.34754467,0.342148781,771.1625977,2
FedHST,CIFAR10,0.5,0.7,0.9999,194,1.335245798,0.485901402,49.71,26,100,696618,33.65589046,33.33123517,0.324655294,0.319099665,771.1625977,2
FedHST,CIFAR10,0.5,0.7,0.9999,195,1.301011552,0.490846892,50.44,30,100,696618,33.89896464,33.54857516,0.350389481,0.345652342,771.1625977,2
FedHST,CIFAR10,0.5,0.7,0.9999,196,1.411161005,0.455644509,47.09,29,100,696618,36.5079689,36.14880943,0.35915947,0.354010582,771.1625977,2
FedHST,CIFAR10,0.5,0.7,0.9999,197,1.292858321,0.487472658,50.72,24,100,696618,28.28996778,27.97374773,0.316220045,0.310657024,771.1625977,2
FedHST,CIFAR10,0.5,0.7,0.9999,198,1.337495417,0.4510211,48.48,29,100,696618,36.16813517,35.80812097,0.3600142,0.355008125,771.1625977,2
FedHST,CIFAR10,0.5,0.7,0.9999,199,1.308781294,0.476295052,50.26,24,100,696618,27.61941314,27.32128,0.298133135,0.292936802,771.1625977,2
FedHST,CIFAR10,0.5,0.7,0.9999,200,1.392403387,0.462125914,48.71,29,100,696618,34.89629054,34.53750277,0.358787775,0.353372812,771.1625977,2
FedHST,CIFAR10,0.5,0.7,0.9999,201,1.256385688,0.509014749,53.05,28,100,696618,38.30367017,37.93922472,0.364445448,0.359368801,771.1625977,2
FedHST,CIFAR10,0.5,0.7,0.9999,202,1.245064161,0.498017971,52.71,30,100,696618,38.47466183,38.11325455,0.36140728,0.356319427,771.1625977,2
FedHST,CIFAR10,0.5,0.7,0.9999,203,1.462300615,0.425099027,44.56,26,100,696618,31.09606481,30.76134396,0.33472085,0.329252481,771.1625977,2
FedHST,CIFAR10,0.5,0.7,0.9999,204,1.325261352,0.481196456,50.26,21,100,696618,24.76815057,24.48960161,0.278548956,0.272317171,771.1625977,2
FedHST,CIFAR10,0.5,0.7,0.9999,205,1.317973618,0.49093498,50.67,22,100,696618,27.70559907,27.42239237,0.283206701,0.278316498,771.1625977,2
FedHST,CIFAR10,0.5,0.7,0.9999,206,1.345975052,0.490541031,50.1,23,100,696618,28.76724291,28.47615671,0.291086197,0.285196304,771.1625977,2
FedHST,CIFAR10,0.5,0.7,0.9999,207,1.258929599,0.518435276,53.33,29,100,696618,37.44142127,37.09383154,0.347589731,0.342965841,771.1625977,2
FedHST,CIFAR10,0.5,0.7,0.9999,208,1.301802669,0.492861095,49.69,23,100,696618,29.7311759,29.43693638,0.294239521,0.288823366,771.1625977,2
FedHST,CIFAR10,0.5,0.7,0.9999,209,1.295696994,0.501994529,51.41,28,100,696618,33.32942367,32.92829919,0.401124477,0.396209955,771.1625977,2
FedHST,CIFAR10,0.5,0.7,0.9999,210,1.248744367,0.521069283,52.86,24,100,696618,29.70931792,29.39996791,0.309350014,0.304801464,771.1625977,2
FedHST,CIFAR10,0.5,0.7,0.9999,211,1.364261535,0.44452004,47.42,20,100,696618,24.64699769,24.37531543,0.271682262,0.265630007,771.1625977,2
FedHST,CIFAR10,0.5,0.7,0.9999,212,1.244595202,0.527854967,54.85,25,100,696618,29.75465965,29.42540669,0.329252958,0.32371974,771.1625977,2
FedHST,CIFAR10,0.5,0.7,0.9999,213,1.238183608,0.537393141,54.6,20,100,696618,25.54223228,25.29511309,0.247119188,0.242102146,771.1625977,2
FedHST,CIFAR10,0.5,0.7,0.9999,214,1.285710157,0.517571201,52.29,29,100,696618,35.71157622,35.34801817,0.363558054,0.358424664,771.1625977,2
FedHST,CIFAR10,0.5,0.7,0.9999,215,1.23623486,0.510452482,52.84,25,100,696618,33.24983501,32.926126,0.323709011,0.318051577,771.1625977,2
FedHST,CIFAR10,0.5,0.7,0.9999,216,1.400081903,0.442074872,48.1,22,100,696618,26.59127998,26.32195163,0.269328356,0.26406765,771.1625977,2
FedHST,CIFAR10,0.5,0.7,0.9999,217,1.226492187,0.510608623,54.08,30,100,696618,41.10590911,40.70309234,0.402816772,0.39763236,771.1625977,2
FedHST,CIFAR10,0.5,0.7,0.9999,218,1.181350715,0.551015931,56.64,29,100,696618,34.24202895,33.89268708,0.349341869,0.34462738,771.1625977,2
FedHST,CIFAR10,0.5,0.7,0.9999,219,1.361474211,0.456000263,48.6,26,100,696618,34.75048065,34.40673733,0.343743324,0.338663816,771.1625977,2
FedHST,CIFAR10,0.5,0.7,0.9999,220,1.20981823,0.521275472,54.05,28,100,696618,37.11170578,36.76741838,0.344287395,0.338997841,771.1625977,2
FedHST,CIFAR10,0.5,0.7,0.9999,221,1.239550476,0.519994752,54.05,20,100,696618,23.01469517,22.75349402,0.261201143,0.255837679,771.1625977,2
FedHST,CIFAR10,0.5,0.7,0.9999,222,1.199654193,0.566633005,56.36,28,100,696618,38.3606019,38.02290154,0.337700367,0.331443787,771.1625977,2
FedHST,CIFAR10,0.5,0.7,0.9999,223,1.294780021,0.508079342,51.68,20,100,696618,24.89217925,24.63296485,0.259214401,0.253936529,771.1625977,2
FedHST,CIFAR10,0.5,0.7,0.9999,224,1.428620803,0.433266472,46.87,26,100,696618,31.61878991,31.28533792,0.333451986,0.328202724,771.1625977,2
FedHST,CIFAR10,0.5,0.7,0.9999,225,1.19045428,0.567926807,57.39,30,100,696618,39.69319797,39.31742311,0.37577486,0.370568991,771.1625977,2
FedHST,CIFAR10,0.5,0.7,0.9999,226,1.37233868,0.467008533,48.32,20,100,696618,27.29310989,27.03534269,0.2577672,0.252530098,771.1625977,2
FedHST,CIFAR10,0.5,0.7,0.9999,227,1.352037218,0.471860427,50.07,26,100,696618,32.51172996,32.1947422,0.316987753,0.312047243,771.1625977,2
FedHST,CIFAR10,0.5,0.7,0.9999,228,1.190921194,0.544964699,55.43,22,100,696618,30.55674362,30.26923513,0.287508488,0.281800985,771.1625977,2
FedHST,CIFAR10,0.5,0.7,0.9999,229,1.329736792,0.497679633,52.21,28,100,696618,32.86787128,32.50443411,0.363437176,0.3579247,771.1625977,2
FedHST,CIFAR10,0.5,0.7,0.9999,230,1.304581639,0.493071815,52.76,21,100,696618,24.25631905,23.99389291,0.262426138,0.25657177,771.1625977,2
FedHST,CIFAR10,0.5,0.7,0.9999,231,1.226937248,0.519254737,53.31,28,100,696618,37.21693373,36.87345386,0.343479872,0.338054419,771.1625977,2
FedHST,CIFAR10,0.5,0.7,0.9999,232,1.199753157,0.549630191,56.01,25,100,696618,29.82725096,29.49637604,0.33087492,0.326279163,771.1625977,2
FedHST,CIFAR10,0.5,0.7,0.9999,233,1.211621914,0.518064672,56.25,30,100,696618,39.04487181,38.68260312,0.362268686,0.357017994,771.1625977,2
FedHST,CIFAR10,0.5,0.7,0.9999,234,1.380051173,0.427594675,48.15,28,100,696618,35.76198673,35.39094043,0.371046305,0.36548996,771.1625977,2
FedHST,CIFAR10,0.5,0.7,0.9999,235,1.260784571,0.498843423,52.15,29,100,696618,36.14022613,35.78359818,0.356627941,0.351146936,771.1625977,2
FedHST,CIFAR10,0.5,0.7,0.9999,236,1.17396509,0.555511756,56.46,27,100,696618,33.55808878,33.22276568,0.335323095,0.330047369,771.1625977,2
FedHST,CIFAR10,0.5,0.7,0.9999,237,1.168030528,0.548635058,56.11,20,100,696618,24.80469513,24.54197145,0.262723684,0.256213427,771.1625977,2
FedHST,CIFAR10,0.5,0.7,0.9999,238,1.225889936,0.521091755,53.41,26,100,696618,33.38862276,33.05577469,0.332848072,0.328273058,771.1625977,2
FedHST,CIFAR10,0.5,0.7,0.9999,239,1.148237884,0.57493791,57.9,30,100,696618,36.87539196,36.49908805,0.376303911,0.370765448,771.1625977,2
FedHST,CIFAR10,0.5,0.7,0.9999,240,1.134327501,0.574451594,58.36,25,100,696618,30.15109134,29.85294199,0.298149347,0.293584108,771.1625977,2
FedHST,CIFAR10,0.5,0.7,0.9999,241,1.119169555,0.586563485,59.05,30,100,696618,34.78077865,34.40635204,0.374426603,0.368836164,771.1625977,2
FedHST,CIFAR10,0.5,0.7,0.9999,242,1.17221753,0.551100676,55.84,28,100,696618,38.07244658,37.73736525,0.335081339,0.32971096,771.1625977,2
FedHST,CIFAR10,0.5,0.7,0.9999,243,1.251547203,0.526063302,53.3,20,100,696618,25.43912959,25.16110063,0.278028965,0.27243948,771.1625977,2
FedHST,CIFAR10,0.5,0.7,0.9999,244,1.119671285,0.571807632,57.97,30,100,696618,44.13611102,43.73125672,0.404854298,0.399246931,771.1625977,2
FedHST,CIFAR10,0.5,0.7,0.9999,245,1.205272304,0.530129495,54.7,29,100,696618,38.87050414,38.48170114,0.388803005,0.382857084,771.1625977,2
FedHST,CIFAR10,0.5,0.7,0.9999,246,1.176492008,0.538121871,55.41,23,100,696618,30.5642271,30.24376297,0.320464134,0.314708948,771.1625977,2
FedHST,CIFAR10,0.5,0.7,0.9999,247,1.128007948,0.576640714,57.98,28,100,696618,38.93092442,38.55115438,0.379770041,0.373943567,771.1625977,2
FedHST,CIFAR10,0.5,0.7,0.9999,248,1.153524954,0.558832562,57.03,24,100,696618,28.53346848,28.19771504,0.335753441,0.329584837,771.1625977,2
FedHST,CIFAR10,0.5,0.7,0.9999,249,1.085976505,0.594667751,60.34,20,100,696618,27.66237593,27.37363839,0.288737535,0.283028603,771.1625977,2
FedHST,CIFAR10,0.5,0.7,0.9999,250,1.100673163,0.583936185,60.46,30,100,696618,41.26045656,40.85941792,0.401038647,0.39261961,771.1625977,2
FedHST,CIFAR10,0.5,0.7,0.9999,251,1.228541128,0.499292921,52.94,22,100,696618,35.18103552,34.86951065,0.311524868,0.306608915,771.1625977,2
FedHST,CIFAR10,0.5,0.7,0.9999,252,1.161601649,0.551360014,57.15,21,100,696618,28.75573993,28.45440435,0.301335573,0.295731306,771.1625977,2
FedHST,CIFAR10,0.5,0.7,0.9999,253,1.088453788,0.589640715,59.42,26,100,696618,26.27314258,25.92426896,0.348873615,0.343460083,771.1625977,2
FedHST,CIFAR10,0.5,0.7,0.9999,254,1.077910655,0.610002133,61.08,22,100,696618,27.13394856,26.84337521,0.290573359,0.285278559,771.1625977,2
FedHST,CIFAR10,0.5,0.7,0.9999,255,1.133076715,0.564885831,58.16,30,100,696618,40.95809674,40.56745219,0.39064455,0.385326385,771.1625977,2
FedHST,CIFAR10,0.5,0.7,0.9999,256,1.082996604,0.596936142,60.42,29,100,696618,38.41965032,38.05801439,0.361635923,0.355833769,771.1625977,2
FedHST,CIFAR10,0.5,0.7,0.9999,257,1.098896711,0.588261287,59.97,23,100,696618,28.89093256,28.57723737,0.313695192,0.308590412,771.1625977,2
FedHST,CIFAR10,0.5,0.7,0.9999,258,1.062366943,0.610500729,61.22,30,100,696618,34.11782146,33.75403762,0.363783836,0.359136105,771.1625977,2
FedHST,CIFAR10,0.5,0.7,0.9999,259,1.120977347,0.562014757,57.39,22,100,696618,28.81325746,28.5298624,0.283395052,0.278263569,771.1625977,2
FedHST,CIFAR10,0.5,0.7,0.9999,260,1.046633615,0.619433683,61.95,30,100,696618,39.39723229,39.01209903,0.385133266,0.378726959,771.1625977,2
FedHST,CIFAR10,0.5,0.7,0.9999,261,1.183162877,0.530001752,54.4,29,100,696618,42.51264477,42.16003633,0.352608442,0.34713769,771.1625977,2
FedHST,CIFAR10,0.5,0.7,0.9999,262,1.235554759,0.513913764,53.6,25,100,696618,35.97527456,35.63900399,0.336270571,0.330431461,771.1625977,2
FedHST,CIFAR10,0.5,0.7,0.9999,263,1.20040214,0.551797594,56.06,24,100,696618,32.91109014,32.58070993,0.330380201,0.324323654,771.1625977,2
FedHST,CIFAR10,0.5,0.7,0.9999,264,1.188122071,0.565692479,56.67,25,100,696618,35.40288639,35.06130219,0.341584206,0.33611393,771.1625977,2
FedHST,CIFAR10,0.5,0.7,0.9999,265,1.089911585,0.574320447,59.47,20,100,696618,25.27753401,24.99594164,0.281592369,0.275995731,771.1625977,2
FedHST,CIFAR10,0.5,0.7,0.9999,266,1.078349998,0.580355458,59.85,30,100,696618,41.95729542,41.5465169,0.410778522,0.404342175,771.1625977,2
FedHST,CIFAR10,0.5,0.7,0.9999,267,1.05353302,0.620634293,61.9,30,100,696618,44.9242177,44.55226684,0.371950865,0.366737366,771.1630859,2
FedHST,CIFAR10,0.5,0.7,0.9999,268,1.198490308,0.5556274,56.4,27,100,696618,37.67602754,37.33846855,0.337558985,0.332415581,771.1630859,2
FedHST,CIFAR10,0.5,0.7,0.9999,269,1.126091495,0.581327748,58.88,26,100,696618,34.09689832,33.77313542,0.323762894,0.318181753,771.1630859,2
FedHST,CIFAR10,0.5,0.7,0.9999,270,1.438313819,0.447624303,49.33,20,100,696618,26.97939014,26.72002816,0.259361982,0.254662275,771.1630859,2
FedHST,CIFAR10,0.5,0.7,0.9999,271,1.134652966,0.560738458,57.94,29,100,696618,32.95052934,32.57695413,0.373575211,0.368204117,771.1630859,2
FedHST,CIFAR10,0.5,0.7,0.9999,272,1.151820473,0.574531066,58.12,28,100,696618,36.27604246,35.9218142,0.354228258,0.349171638,771.1630859,2
FedHST,CIFAR10,0.5,0.7,0.9999,273,1.059835668,0.610379645,61.7,22,100,696618,28.7790308,28.47057581,0.30845499,0.302829742,771.1630859,2
FedHST,CIFAR10,0.5,0.7,0.9999,274,1.124518789,0.553812067,57.6,30,100,696618,42.77563167,42.37623906,0.399392605,0.393674374,771.1630859,2
FedHST,CIFAR10,0.5,0.7,0.9999,275,1.03021486,0.606347206,61.52,29,100,696618,36.73773837,36.35792232,0.379816055,0.374185562,771.1630859,2
FedHST,CIFAR10,0.5,0.7,0.9999,276,1.203260078,0.544376104,55.48,24,100,696618,31.73220778,31.40857148,0.323636293,0.318062782,771.1630859,2
FedHST,CIFAR10,0.5,0.7,0.9999,277,1.065970236,0.602576242,61.31,30,100,696618,42.60510612,42.23043013,0.374675989,0.369087458,771.1630859,2
FedHST,CIFAR10,0.5,0.7,0.9999,278,1.073800409,0.587952349,60.94,20,100,696618,32.43072796,32.16585302,0.264874935,0.259664536,771.1630859,2
FedHST,CIFAR10,0.5,0.7,0.9999,279,1.210312675,0.527299579,54.39,24,100,696618,29.80636096,29.501508,0.304852962,0.299484253,771.1630859,2
FedHST,CIFAR10,0.5,0.7,0.9999,280,1.218422366,0.542221777,55.58,27,100,696618,35.10898638,34.75300193,0.355984449,0.350181818,771.1630859,2
FedHST,CIFAR10,0.5,0.7,0.9999,281,1.111029775,0.586975742,59.18,23,100,696618,28.83553171,28.54078674,0.294744968,0.289806843,771.1630859,2
FedHST,CIFAR10,0.5,0.7,0.9999,282,1.083626054,0.598742781,60.07,28,100,696618,35.41176748,35.03963828,0.372129202,0.367219448,771.1630859,2
FedHST,CIFAR10,0.5,0.7,0.9999,283,1.156956438,0.549689454,56.17,25,100,696618,29.69998145,29.38344646,0.316534996,0.310688019,771.1630859,2
FedHST,CIFAR10,0.5,0.7,0.9999,284,1.089496381,0.580170594,59.55,28,100,696618,33.99305391,33.64136672,0.351687193,0.346486568,771.1630859,2
FedHST,CIFAR10,0.5,0.7,0.9999,285,1.065359485,0.603627458,60.77,30,100,696618,38.78393984,38.42926979,0.354670048,0.349825859,771.1630859,2
FedHST,CIFAR10,0.5,0.7,0.9999,286,1.108652893,0.586506447,59.23,20,100,696618,24.80583286,24.55288577,0.252947092,0.246884823,771.1630859,2
FedHST,CIFAR10,0.5,0.7,0.9999,287,0.984687415,0.633627697,64.08,22,100,696618,29.5112977,29.23095918,0.280338526,0.274957657,771.1630859,2
FedHST,CIFAR10,0.5,0.7,0.9999,288,0.993675399,0.617791893,63.14,23,100,696618,26.948668,26.65649486,0.292173147,0.28707552,771.1630859,2
FedHST,CIFAR10,0.5,0.7,0.9999,289,0.973255698,0.63460322,64.08,26,100,696618,34.27387691,33.92480254,0.349074364,0.34398818,771.1630859,2
FedHST,CIFAR10,0.5,0.7,0.9999,290,1.126852175,0.580909522,59.01,27,100,696618,35.04315424,34.71313667,0.330017567,0.325103521,771.1630859,2
FedHST,CIFAR10,0.5,0.7,0.9999,291,1.062145039,0.602189393,61,22,100,696618,26.42573309,26.13528061,0.29045248,0.284700155,771.1630859,2
FedHST,CIFAR10,0.5,0.7,0.9999,292,1.014323705,0.627837805,63.09,30,100,696618,40.17544293,39.81246758,0.362975359,0.357800722,771.1630859,2
FedHST,CIFAR10,0.5,0.7,0.9999,293,0.925094522,0.666616827,66.98,22,100,696618,26.2300303,25.92376113,0.306269169,0.301645041,771.1630859,2
FedHST,CIFAR10,0.5,0.7,0.9999,294,1.110445561,0.581436452,59.13,22,100,696618,22.52092838,22.24743676,0.273491621,0.268327951,771.1630859,2
FedHST,CIFAR10,0.5,0.7,0.9999,295,1.310686243,0.48583795,52.46,20,100,696618,25.85601759,25.58435416,0.271663427,0.266754627,771.1630859,2
FedHST,CIFAR10,0.5,0.7,0.9999,296,1.140042487,0.555233137,58.68,30,100,696618,38.30234551,37.93421984,0.368125677,0.362033844,771.1630859,2
FedHST,CIFAR10,0.5,0.7,0.9999,297,1.046909927,0.598179122,61.52,25,100,696618,34.52646947,34.20799279,0.318476677,0.313348293,771.1630859,2
FedHST,CIFAR10,0.5,0.7,0.9999,298,0.932859794,0.658570921,66.46,30,100,696618,36.54011583,36.16553974,0.374576092,0.369113207,771.1630859,2
FedHST,CIFAR10,0.5,0.7,0.9999,299,1.044372481,0.600828267,61.31,25,100,696618,34.56133246,34.2424643,0.31886816,0.313732862,771.1630859,2
FedHST,CIFAR10,0.5,0.7,0.9999,300,1.186978025,0.546300426,55.4,21,100,696618,25.33475471,25.0690608,0.265693903,0.260120869,771.1630859,2
FedHST,CIFAR10,0.5,0.7,0.9999,301,1.082269176,0.584749415,60.16,24,100,696618,30.72249341,30.42132974,0.301163673,0.295291662,771.1630859,2
FedHST,CIFAR10,0.5,0.7,0.9999,302,1.109449869,0.563773957,58.09,29,100,696618,34.85349488,34.51568913,0.337805748,0.33297658,771.1630859,2
FedHST,CIFAR10,0.5,0.7,0.9999,303,1.131744523,0.561641589,57.93,29,100,696618,38.13077974,37.78423238,0.346547365,0.341359615,771.1630859,2
FedHST,CIFAR10,0.5,0.7,0.9999,304,0.99710922,0.642948559,63.81,30,100,696618,36.92686629,36.5660131,0.360853195,0.356069803,771.1630859,2
FedHST,CIFAR10,0.5,0.7,0.9999,305,0.994938763,0.629646175,63.11,23,100,696618,28.28792357,27.99177456,0.296149015,0.290887356,771.1630859,2
FedHST,CIFAR10,0.5,0.7,0.9999,306,0.973500756,0.634309888,65.18,28,100,696618,36.01472044,35.68050694,0.334213495,0.329251528,771.1630859,2
FedHST,CIFAR10,0.5,0.7,0.9999,307,0.945798513,0.655757455,66.77,29,100,696618,42.69204974,42.33708549,0.354964256,0.350158215,771.1630859,2
FedHST,CIFAR10,0.5,0.7,0.9999,308,1.040566403,0.618558676,62.58,24,100,696618,32.79557228,32.48171663,0.313855648,0.308697224,771.1630859,2
FedHST,CIFAR10,0.5,0.7,0.9999,309,1.002123023,0.628122485,63.04,20,100,696618,22.25264049,21.98821354,0.264426947,0.259039164,771.1630859,2
FedHST,CIFAR10,0.5,0.7,0.9999,310,1.095474013,0.570704954,59.91,20,100,696618,24.2435472,23.99629188,0.247255325,0.242218256,771.1630859,2
FedHST,CIFAR10,0.5,0.7,0.9999,311,1.063273714,0.592941054,60.44,24,100,696618,28.31142163,28.00880861,0.30261302,0.297329426,771.1630859,2
FedHST,CIFAR10,0.5,0.7,0.9999,312,1.233186901,0.531047855,54.89,29,100,696618,37.34545398,37.00886297,0.336591005,0.331213951,771.1630859,2
FedHST,CIFAR10,0.5,0.7,0.9999,313,0.979391949,0.627484364,64.46,24,100,696618,29.22284818,28.91037965,0.312468529,0.307410955,771.1630859,2
FedHST,CIFAR10,0.5,0.7,0.9999,314,1.070878726,0.581704855,60.23,26,100,696618,32.81572652,32.5132935,0.302433014,0.29740572,771.1630859,2
FedHST,CIFAR10,0.5,0.7,0.9999,315,0.981140416,0.61480416,63.54,27,100,696618,36.03491688,35.70792747,0.326989412,0.321950674,771.1630859,2
FedHST,CIFAR10,0.5,0.7,0.9999,316,1.080385897,0.588719522,61.04,23,100,696618,30.98014402,30.70779347,0.27235055,0.267102718,771.1630859,2
FedHST,CIFAR10,0.5,0.7,0.9999,317,0.99875679,0.630705683,63.22,22,100,696618,26.2478919,25.93841743,0.309474468,0.303917885,771.1630859,2
FedHST,CIFAR10,0.5,0.7,0.9999,318,1.109574058,0.602982981,61.3,28,100,696618,30.41062999,30.0545342,0.356095791,0.351151466,771.1630859,2
FedHST,CIFAR10,0.5,0.7,0.9999,319,0.993053984,0.638024753,64.31,29,100,696618,35.28219724,34.92319322,0.359004021,0.353460789,771.1630859,2
FedHST,CIFAR10,0.5,0.7,0.9999,320,1.05762002,0.588042436,60.51,26,100,696618,29.54038215,29.22701263,0.313369513,0.308309317,771.1630859,2
FedHST,CIFAR10,0.5,0.7,0.9999,321,0.944781158,0.656062799,65.92,21,100,696618,25.20157933,24.93279338,0.268785954,0.263609886,771.1630859,2
FedHST,CIFAR10,0.5,0.7,0.9999,322,0.965638842,0.658795081,65.65,23,100,696618,29.47101116,29.17807269,0.292938471,0.288333654,771.1630859,2
FedHST,CIFAR10,0.5,0.7,0.9999,323,0.971557376,0.632570713,64.33,29,100,696618,38.41031528,38.04450083,0.365814447,0.360659122,771.1630859,2
FedHST,CIFAR10,0.5,0.7,0.9999,324,1.076225951,0.587541963,61.09,26,100,696618,31.84831691,31.52003169,0.328285217,0.323137999,771.1630859,2
FedHST,CIFAR10,0.5,0.7,0.9999,325,0.909982002,0.662621122,67.33,27,100,696618,32.06521535,31.72750139,0.337713957,0.332731485,771.1630859,2
FedHST,CIFAR10,0.5,0.7,0.9999,326,0.914780473,0.662154864,66.64,23,100,696618,29.22585368,28.94196796,0.283885717,0.279080868,771.1630859,2
FedHST,CIFAR10,0.5,0.7,0.9999,327,0.881223877,0.671327054,68.23,29,100,696618,35.08195019,34.73100257,0.350947618,0.34554863,771.1630859,2
FedHST,CIFAR10,0.5,0.7,0.9999,328,1.032253733,0.60039512,63.53,24,100,696618,29.85191417,29.54057527,0.311338902,0.305990696,771.1630859,2
FedHST,CIFAR10,0.5,0.7,0.9999,329,1.061695973,0.612932172,62.39,25,100,696618,27.59682298,27.28786826,0.308954716,0.30328846,771.1630859,2
FedHST,CIFAR10,0.5,0.7,0.9999,330,0.948623211,0.672998263,66.9,26,100,696618,31.7754426,31.44412494,0.331317663,0.325891972,771.1630859,2
FedHST,CIFAR10,0.5,0.7,0.9999,331,1.107609674,0.608919207,60.47,25,100,696618,28.29732418,27.98010778,0.317216396,0.312264681,771.1630859,2
FedHST,CIFAR10,0.5,0.7,0.9999,332,0.97498231,0.629164031,63.98,20,100,696618,23.22373891,22.98329902,0.240439892,0.235616684,771.1630859,2
FedHST,CIFAR10,0.5,0.7,0.9999,333,0.979593635,0.631966917,64.27,24,100,696618,30.43768573,30.1144383,0.323247433,0.318057537,771.1630859,2
FedHST,CIFAR10,0.5,0.7,0.9999,334,1.045784692,0.610695955,61.32,22,100,696618,30.49344873,30.21075249,0.282696247,0.276890278,771.1630859,2
FedHST,CIFAR10,0.5,0.7,0.9999,335,0.94756148,0.656706933,65.88,22,100,696618,29.59843946,29.32331371,0.275125742,0.269833088,771.1630859,2
FedHST,CIFAR10,0.5,0.7,0.9999,336,0.89371568,0.662930565,67.91,24,100,696618,33.20208931,32.91286516,0.289224148,0.283719778,771.1630859,2
FedHST,CIFAR10,0.5,0.7,0.9999,337,0.936217515,0.668366944,66.51,21,100,696618,23.73529267,23.44437432,0.29091835,0.28529191,771.1630859,2
FedHST,CIFAR10,0.5,0.7,0.9999,338,0.920537525,0.660449251,66.32,23,100,696618,29.08415794,28.79494524,0.289212704,0.280369997,771.1630859,2
FedHST,CIFAR10,0.5,0.7,0.9999,339,1.10785558,0.588614415,59.91,25,100,696618,31.53090048,31.21180391,0.319096565,0.313609123,771.1630859,2
FedHST,CIFAR10,0.5,0.7,0.9999,340,0.935373168,0.649120194,66.26,24,100,696618,31.13609433,30.81146431,0.324630022,0.319437742,771.1630859,2
FedHST,CIFAR10,0.5,0.7,0.9999,341,0.910632448,0.664153987,67.61,25,100,696618,27.33889651,27.02683735,0.312059164,0.306607962,771.1630859,2
FedHST,CIFAR10,0.5,0.7,0.9999,342,0.867455724,0.680746192,68.21,27,100,696618,34.81719041,34.48236513,0.334825277,0.329146385,771.1630859,2
FedHST,CIFAR10,0.5,0.7,0.9999,343,0.83006141,0.697250685,70.73,20,100,696618,23.22743583,22.96341753,0.264018297,0.258538485,771.1630859,2
FedHST,CIFAR10,0.5,0.7,0.9999,344,0.852671127,0.684966569,69.51,20,100,696618,22.10747695,21.85207748,0.255399466,0.250384092,771.1630859,2
FedHST,CIFAR10,0.5,0.7,0.9999,345,0.910252406,0.661717416,66.96,23,100,696618,26.81371236,26.52731538,0.28639698,0.280819416,771.1630859,2
FedHST,CIFAR10,0.5,0.7,0.9999,346,0.868074611,0.685440496,68.83,20,100,696618,24.88414526,24.62485886,0.259286404,0.254034758,771.1630859,2
FedHST,CIFAR10,0.5,0.7,0.9999,347,0.904474716,0.671480202,67.24,21,100,696618,24.59419107,24.34359336,0.250597715,0.245033026,771.1630859,2
FedHST,CIFAR10,0.5,0.7,0.9999,348,1.008348707,0.631926829,64.83,20,100,696618,22.08505034,21.83588076,0.249169588,0.244152308,771.1630859,2
FedHST,CIFAR10,0.5,0.7,0.9999,349,0.872840988,0.675611078,68.81,27,100,696618,37.76239061,37.42707419,0.33531642,0.330294609,771.1630859,2
FedHST,CIFAR10,0.5,0.7,0.9999,350,1.037936157,0.610385204,62.6,21,100,696618,27.01053572,26.73327255,0.277263165,0.271675825,771.1630859,2
FedHST,CIFAR10,0.5,0.7,0.9999,351,0.878364961,0.692971802,69.31,30,100,696618,39.75269151,39.37147641,0.381215096,0.376428127,771.1630859,2
FedHST,CIFAR10,0.5,0.7,0.9999,352,0.900111961,0.691397053,68.23,30,100,696618,38.44070601,38.06092143,0.379784584,0.374377489,771.1630859,2
FedHST,CIFAR10,0.5,0.7,0.9999,353,0.825244974,0.703888813,70.51,23,100,696618,29.87134314,29.58096743,0.29037571,0.284831524,771.1630859,2
FedHST,CIFAR10,0.5,0.7,0.9999,354,0.959978424,0.638624569,65.53,29,100,696618,34.98993301,34.63841176,0.351521254,0.345849037,771.1630859,2
FedHST,CIFAR10,0.5,0.7,0.9999,355,0.818387278,0.694399151,70.81,25,100,696618,32.57905555,32.26119018,0.317865372,0.31289053,771.1630859,2
FedHST,CIFAR10,0.5,0.7,0.9999,356,0.852164908,0.682061415,68.74,23,100,696618,30.10594201,29.78980303,0.316138983,0.310464621,771.1630859,2
FedHST,CIFAR10,0.5,0.7,0.9999,357,0.899053876,0.668148137,67.51,27,100,696618,33.46287823,33.10495353,0.3579247,0.353184223,771.1630859,2
FedHST,CIFAR10,0.5,0.7,0.9999,358,0.87309239,0.674977355,68.72,30,100,696618,36.89848852,36.51004028,0.388448238,0.382830858,771.1630859,2
FedHST,CIFAR10,0.5,0.7,0.9999,359,0.87767037,0.679439332,68.64,24,100,696618,33.14202952,32.82634592,0.315683603,0.310035944,771.1630859,2
FedHST,CIFAR10,0.5,0.7,0.9999,360,0.822678624,0.701551177,70.47,27,100,696618,31.32281566,30.94579387,0.37702179,0.371539116,771.1630859,2
FedHST,CIFAR10,0.5,0.7,0.9999,361,0.790190426,0.713230492,72.07,21,100,696618,31.46803331,31.19953966,0.268493652,0.262853622,771.1630859,2
FedHST,CIFAR10,0.5,0.7,0.9999,362,0.83195121,0.695766207,70.21,26,100,696618,37.49704146,37.15756059,0.339480877,0.334040403,771.1630859,2
FedHST,CIFAR10,0.5,0.7,0.9999,363,0.806838104,0.716499905,71.72,21,100,696618,23.59599447,23.32234764,0.273646832,0.268751383,771.1630859,2
FedHST,CIFAR10,0.5,0.7,0.9999,364,0.88089957,0.682764947,68.15,29,100,696618,34.86909771,34.49780965,0.371288061,0.365797758,771.1630859,2
FedHST,CIFAR10,0.5,0.7,0.9999,365,1.053565056,0.625709021,61.08,20,100,696618,26.95625854,26.68801594,0.268242598,0.263029337,771.1630859,2
FedHST,CIFAR10,0.5,0.7,0.9999,366,0.860007011,0.700435267,69.75,29,100,696618,35.7135272,35.34797049,0.365556717,0.359944105,771.1630859,2
FedHST,CIFAR10,0.5,0.7,0.9999,367,0.888057658,0.673257528,69.08,22,100,696618,28.16155863,27.86064553,0.300913095,0.295810938,771.1630859,2
FedHST,CIFAR10,0.5,0.7,0.9999,368,0.926868812,0.654715742,66.49,26,100,696618,33.64955425,33.32612872,0.323425531,0.318478823,771.1630859,2
FedHST,CIFAR10,0.5,0.7,0.9999,369,0.828164904,0.703215688,70.38,27,100,696618,34.40511131,34.07274461,0.332366705,0.326655149,771.1630859,2
FedHST,CIFAR10,0.5,0.7,0.9999,370,0.983544165,0.645167479,64.76,24,100,696618,30.07646823,29.76291251,0.313555717,0.30819273,771.1630859,2
FedHST,CIFAR10,0.5,0.7,0.9999,371,0.905514789,0.669718816,68.48,20,100,696618,27.16736054,26.92617893,0.241181612,0.236203194,771.1630859,2
FedHST,CIFAR10,0.5,0.7,0.9999,372,0.882379075,0.678667807,68.49,29,100,696618,36.5484395,36.17981267,0.368626833,0.363485813,771.1630859,2
FedHST,CIFAR10,0.5,0.7,0.9999,373,0.829753386,0.702116924,70.25,24,100,696618,31.09867787,30.76900959,0.329668283,0.324472666,771.1630859,2
FedHST,CIFAR10,0.5,0.7,0.9999,374,0.868409883,0.689508465,69.25,28,100,696618,35.03865838,34.69821,0.34044838,0.334349632,771.1630859,2
FedHST,CIFAR10,0.5,0.7,0.9999,375,0.841293562,0.695831132,70.3,24,100,696618,31.0366478,30.71561813,0.321029663,0.316041231,771.1630859,2
FedHST,CIFAR10,0.5,0.7,0.9999,376,0.831770541,0.701937411,70.2,25,100,696618,34.79851222,34.47129321,0.327219009,0.32154274,771.1630859,2
FedHST,CIFAR10,0.5,0.7,0.9999,377,0.896776831,0.694053649,68.02,21,100,696618,26.77245307,26.50231528,0.270137787,0.26388073,771.1630859,2
FedHST,CIFAR10,0.5,0.7,0.9999,378,0.791407339,0.716427754,71.89,23,100,696618,25.42481923,25.12262893,0.302190304,0.296649456,771.1630859,2
FedHST,CIFAR10,0.5,0.7,0.9999,379,0.92207983,0.670547222,67.95,25,100,696618,35.74694324,35.43052936,0.316413879,0.310753822,771.1630859,2
FedHST,CIFAR10,0.5,0.7,0.9999,380,0.849789412,0.699114723,70.66,28,100,696618,36.39249301,36.04887033,0.343622684,0.338555098,771.1630859,2
FedHST,CIFAR10,0.5,0.7,0.9999,381,0.857027721,0.705322109,70.24,23,100,696618,33.08307338,32.80588675,0.277186632,0.272474289,771.1630859,2
FedHST,CIFAR10,0.5,0.7,0.9999,382,0.828400311,0.710773452,70.37,28,100,696618,33.20239329,32.83836532,0.364027977,0.358701706,771.1630859,2
FedHST,CIFAR10,0.5,0.7,0.9999,383,0.833799444,0.686729496,70.68,20,100,696618,21.62108207,21.34769678,0.273385286,0.267921448,771.1630859,2
FedHST,CIFAR10,0.5,0.7,0.9999,384,0.870405866,0.658557418,68.19,30,100,696618,37.53509903,37.15836811,0.376730919,0.371390104,771.1630859,2
FedHST,CIFAR10,0.5,0.7,0.9999,385,0.863548251,0.694066312,69.73,22,100,696618,32.17606568,31.85674,0.319325686,0.313420534,771.1630859,2
FedHST,CIFAR10,0.5,0.7,0.9999,386,0.98352688,0.655090805,64.65,24,100,696618,34.97770166,34.63067389,0.347027779,0.341239929,771.1630859,2
FedHST,CIFAR10,0.5,0.7,0.9999,387,0.851485031,0.688811028,68.81,23,100,696618,33.98922729,33.66007066,0.329156637,0.323727608,771.1630859,2
FedHST,CIFAR10,0.5,0.7,0.9999,388,0.859090961,0.691220965,69.91,28,100,696618,37.77797222,37.40153074,0.376441479,0.3707757,771.1630859,2
FedHST,CIFAR10,0.5,0.7,0.9999,389,0.99777613,0.614390834,64.04,21,100,696618,32.80365062,32.51637292,0.287277699,0.281832933,771.1630859,2
FedHST,CIFAR10,0.5,0.7,0.9999,390,0.848897868,0.679182049,68.9,25,100,696618,33.90328765,33.60086703,0.302420616,0.296848059,771.1630859,2
FedHST,CIFAR10,0.5,0.7,0.9999,391,0.806123905,0.719729327,71.69,24,100,696618,32.77501011,32.4681623,0.306847811,0.301842451,771.1630859,2
FedHST,CIFAR10,0.5,0.7,0.9999,392,0.803447054,0.724578495,72.04,22,100,696618,32.27893877,31.98933482,0.289603949,0.283926249,771.1630859,2
FedHST,CIFAR10,0.5,0.7,0.9999,393,0.727709951,0.749395477,74.83,20,100,696618,24.9176681,24.64856625,0.269101858,0.263328314,771.1630859,2
FedHST,CIFAR10,0.5,0.7,0.9999,394,0.885966074,0.68624317,69,29,100,696618,41.44442868,41.0525589,0.391869783,0.386103392,771.1630859,2
FedHST,CIFAR10,0.5,0.7,0.9999,395,0.778893245,0.71587377,72.54,29,100,696618,43.08649206,42.67400384,0.412488222,0.406673193,771.1630859,2
FedHST,CIFAR10,0.5,0.7,0.9999,396,0.789503846,0.723707595,72.44,25,100,696618,34.59482145,34.25028181,0.344539642,0.338811398,771.1630859,2
FedHST,CIFAR10,0.5,0.7,0.9999,397,0.715550112,0.750059174,74.9,30,100,696618,42.49417472,42.06421256,0.429962158,0.424399614,771.1630859,2
FedHST,CIFAR10,0.5,0.7,0.9999,398,0.736156527,0.741832145,74.24,20,100,696618,26.72210693,26.4294641,0.292642832,0.286350489,771.1630859,2
FedHST,CIFAR10,0.5,0.7,0.9999,399,0.778145229,0.733011823,73.21,25,100,696618,35.3146987,34.95294714,0.361751556,0.355794191,771.1630859,2
FedHST,CIFAR10,0.5,0.7,0.9999,400,0.777313904,0.732641936,73.07,28,100,696618,38.85184908,38.46898484,0.382864237,0.376526594,771.1630859,2
FedHST,CIFAR10,0.5,0.7,0.9999,401,0.78786885,0.716468673,72.43,22,100,696618,29.9879663,29.681005,0.306961298,0.300979614,771.1630859,2
FedHST,CIFAR10,0.5,0.7,0.9999,402,0.791701727,0.714105546,72.39,21,100,696618,28.61355042,28.32593083,0.287619591,0.281997919,771.1630859,2
FedHST,CIFAR10,0.5,0.7,0.9999,403,0.733034751,0.748140347,74.64,26,100,696618,38.55527067,38.20255947,0.352711201,0.347129822,771.1630859,2
FedHST,CIFAR10,0.5,0.7,0.9999,404,0.886317218,0.693023645,68.46,21,100,696618,31.85033894,31.55652666,0.293812275,0.288087606,771.1630859,2
FedHST,CIFAR10,0.5,0.7,0.9999,405,0.745415063,0.736739513,73.72,22,100,696618,31.83913517,31.52219915,0.316936016,0.311519861,771.1630859,2
FedHST,CIFAR10,0.5,0.7,0.9999,406,0.906050445,0.679495277,68.68,23,100,696618,30.38249779,30.06718111,0.315316677,0.310068846,771.1630859,2
FedHST,CIFAR10,0.5,0.7,0.9999,407,0.797159591,0.721415025,71.62,25,100,696618,35.57411671,35.23040676,0.343709946,0.337823391,771.1630859,2
FedHST,CIFAR10,0.5,0.7,0.9999,408,0.809413869,0.724964813,72.05,25,100,696618,32.03126073,31.68452764,0.346733093,0.340783358,771.1630859,2
FedHST,CIFAR10,0.5,0.7,0.9999,409,0.794475995,0.703242608,72.58,21,100,696618,29.27279902,28.97387266,0.298926353,0.293081284,771.1630859,2
FedHST,CIFAR10,0.5,0.7,0.9999,410,0.720004407,0.743628154,74.75,29,100,696618,42.92952347,42.51983738,0.409686089,0.40352726,771.1630859,2
FedHST,CIFAR10,0.5,0.7,0.9999,411,0.794820467,0.724446429,72.03,29,100,696618,38.44681859,38.06592011,0.380898476,0.37541008,771.1630859,2
FedHST,CIFAR10,0.5,0.7,0.9999,412,0.789702407,0.718714247,71.91,21,100,696618,30.23285103,29.92815828,0.304692745,0.299145222,771.1630859,2
FedHST,CIFAR10,0.5,0.7,0.9999,413,0.786251407,0.726365022,72.77,21,100,696618,30.09734225,29.8012073,0.296134949,0.289910555,771.1630859,2
FedHST,CIFAR10,0.5,0.7,0.9999,414,0.735887822,0.743068231,74.37,24,100,696618,33.7168355,33.39342785,0.32340765,0.317742825,771.1630859,2
FedHST,CIFAR10,0.5,0.7,0.9999,415,0.735274949,0.743917616,74.41,29,100,696618,41.65383887,41.26497483,0.38886404,0.383121252,771.1630859,2
FedHST,CIFAR10,0.5,0.7,0.9999,416,0.716574627,0.739756983,74.32,28,100,696618,38.40903234,38.03764462,0.37138772,0.365660906,771.1630859,2
FedHST,CIFAR10,0.5,0.7,0.9999,417,0.774397011,0.71636462,72.92,25,100,696618,34.16250277,33.82386994,0.338632822,0.333173037,771.1630859,2
FedHST,CIFAR10,0.5,0.7,0.9999,418,0.754955882,0.724751382,73.76,22,100,696618,28.83849955,28.53050327,0.307996273,0.302437067,771.1630859,2
FedHST,CIFAR10,0.5,0.7,0.9999,419,0.7939767,0.712047519,71.45,28,100,696618,32.92859626,32.5655055,0.363090754,0.357807636,771.1630859,2
FedHST,CIFAR10,0.5,0.7,0.9999,420,0.701549061,0.761114732,75.68,26,100,696618,31.78436685,31.43875575,0.345611095,0.339384556,771.1630859,2
FedHST,CIFAR10,0.5,0.7,0.9999,421,0.812493381,0.704492515,71.32,20,100,696618,26.22577739,25.95603871,0.269738674,0.26433897,771.1630859,2
FedHST,CIFAR10,0.5,0.7,0.9999,422,0.784273293,0.712209851,72.29,25,100,696618,28.09092546,27.74748731,0.343438148,0.337986708,771.1630859,2
FedHST,CIFAR10,0.5,0.7,0.9999,423,0.906025977,0.67807929,68.32,28,100,696618,40.17010713,39.80571532,0.364391804,0.358845949,771.1630859,2
FedHST,CIFAR10,0.5,0.7,0.9999,424,0.867617275,0.7080729,71.39,25,100,696618,33.49467182,33.15177274,0.342899084,0.337090969,771.1630859,2
FedHST,CIFAR10,0.5,0.7,0.9999,425,0.794795458,0.723245597,72.15,30,100,696618,41.0916419,40.69475865,0.396883249,0.391381979,771.1630859,2
FedHST,CIFAR10,0.5,0.7,0.9999,426,0.710948111,0.744200682,74.97,26,100,696618,32.70730567,32.35427904,0.353026628,0.348000526,771.1630859,2
FedHST,CIFAR10,0.5,0.7,0.9999,427,0.722207716,0.731746495,74.74,29,100,696618,37.66597271,37.29933691,0.366635799,0.360933781,771.1630859,2
FedHST,CIFAR10,0.5,0.7,0.9999,428,0.657462132,0.759009473,76.58,20,100,696618,26.69635677,26.43207216,0.264284611,0.258390427,771.1630859,2
FedHST,CIFAR10,0.5,0.7,0.9999,429,0.749176291,0.742845896,74.25,20,100,696618,24.14831758,23.87753057,0.270787001,0.265255213,771.1630859,2
FedHST,CIFAR10,0.5,0.7,0.9999,430,0.896409908,0.682208715,68.58,21,100,696618,25.95263529,25.68381739,0.268817902,0.263714314,771.1630859,2
FedHST,CIFAR10,0.5,0.7,0.9999,431,1.042215144,0.647300421,65.48,21,100,696618,27.59661436,27.31008434,0.286530018,0.281217575,771.1630859,2
FedHST,CIFAR10,0.5,0.7,0.9999,432,0.735589683,0.738491524,74.44,26,100,696618,31.4805181,31.12729621,0.353221893,0.347994804,771.1630859,2
FedHST,CIFAR10,0.5,0.7,0.9999,433,0.799697626,0.696637071,70.59,28,100,696618,36.83013177,36.46841502,0.361716747,0.355791092,771.1630859,2
FedHST,CIFAR10,0.5,0.7,0.9999,434,0.789861422,0.725638971,72.23,23,100,696618,30.86371756,30.52606344,0.337654114,0.332420826,771.1630859,2
FedHST,CIFAR10,0.5,0.7,0.9999,435,0.744261891,0.745791675,74.45,25,100,696618,33.78324938,33.45321894,0.330030441,0.324707031,771.1630859,2
FedHST,CIFAR10,0.5,0.7,0.9999,436,0.787874898,0.725932534,72.61,26,100,696618,31.79539299,31.45905733,0.336335659,0.330347776,771.1630859,2
FedHST,CIFAR10,0.5,0.7,0.9999,437,0.771826848,0.736700396,73.59,22,100,696618,29.55679917,29.26186037,0.294938803,0.289925098,771.1630859,2
FedHST,CIFAR10,0.5,0.7,0.9999,438,0.658542631,0.775277437,77.09,28,100,696618,37.52329898,37.14369535,0.379603624,0.374514818,771.1630859,2
FedHST,CIFAR10,0.5,0.7,0.9999,439,0.689152033,0.756267895,75.92,28,100,696618,34.35551405,33.98238182,0.373132229,0.367815495,771.1630859,2
FedHST,CIFAR10,0.5,0.7,0.9999,440,0.706859868,0.740247317,74.94,21,100,696618,26.17272711,25.90391493,0.26881218,0.263291359,771.1630859,2
FedHST,CIFAR10,0.5,0.7,0.9999,441,0.776316613,0.73216144,73.09,28,100,696618,38.79647565,38.43347549,0.363000154,0.358062983,771.1630859,2
FedHST,CIFAR10,0.5,0.7,0.9999,442,0.836168944,0.706183694,71.32,23,100,696618,28.63898087,28.35420585,0.284775019,0.279112577,771.1630859,2
FedHST,CIFAR10,0.5,0.7,0.9999,443,0.803191987,0.70319781,72.21,20,100,696618,24.94625592,24.68490672,0.261349201,0.25658536,771.1630859,2
FedHST,CIFAR10,0.5,0.7,0.9999,444,0.866676086,0.680913447,69.42,24,100,696618,33.02992296,32.71147203,0.318450928,0.313565016,771.1630859,2
FedHST,CIFAR10,0.5,0.7,0.9999,445,0.81950874,0.699446896,70.16,21,100,696618,30.43760633,30.14439464,0.293211699,0.287737131,771.1630859,2
FedHST,CIFAR10,0.5,0.7,0.9999,446,0.790889991,0.717571194,72.36,24,100,696618,33.15720582,32.8483665,0.308839321,0.303929329,771.1630859,2
FedHST,CIFAR10,0.5,0.7,0.9999,447,0.862339777,0.701631668,68.77,23,100,696618,29.78865838,29.50105166,0.287606716,0.282673597,771.1630859,2
FedHST,CIFAR10,0.5,0.7,0.9999,448,0.848907179,0.681521067,69.76,30,100,696618,37.8503654,37.45827579,0.392089605,0.386425972,771.1630859,2
FedHST,CIFAR10,0.5,0.7,0.9999,449,0.718990571,0.73484296,74.37,24,100,696618,31.95759273,31.64559174,0.31200099,0.306270599,771.1630859,2
FedHST,CIFAR10,0.5,0.7,0.9999,450,0.656155429,0.7646636,77.06,26,100,696618,34.85034084,34.4965179,0.353822947,0.348528862,771.1630859,2
FedHST,CIFAR10,0.5,0.7,0.9999,451,0.751447745,0.736847283,73.97,22,100,696618,28.03370309,27.73740482,0.296298265,0.290560722,771.1630859,2
FedHST,CIFAR10,0.5,0.7,0.9999,452,0.666754741,0.764310892,76.68,29,100,696618,37.59081125,37.20538306,0.38542819,0.379745483,771.1630859,2
FedHST,CIFAR10,0.5,0.7,0.9999,453,0.767181316,0.73432308,73.72,26,100,696618,33.6678791,33.35105562,0.316823483,0.311457634,771.1630859,2
FedHST,CIFAR10,0.5,0.7,0.9999,454,0.721158256,0.74391294,74.59,23,100,696618,27.73470831,27.4270761,0.307632208,0.302460194,771.1630859,2
FedHST,CIFAR10,0.5,0.7,0.9999,455,0.629650581,0.780159998,78.22,20,100,696618,21.18324256,20.92647982,0.256762743,0.251917124,771.1630859,2
FedHST,CIFAR10,0.5,0.7,0.9999,456,0.695280739,0.756247041,76.12,30,100,696618,41.26992154,40.87787247,0.392049074,0.384277105,771.1630859,2
FedHST,CIFAR10,0.5,0.7,0.9999,457,0.782003004,0.710057533,72.8,27,100,696618,35.51668525,35.17699218,0.339693069,0.334721804,771.1630859,2
FedHST,CIFAR10,0.5,0.7,0.9999,458,0.75644595,0.733396041,73.79,26,100,696618,36.59155297,36.25515628,0.336396694,0.330679417,771.1630859,2
FedHST,CIFAR10,0.5,0.7,0.9999,459,0.765716954,0.729361563,73.98,26,100,696618,34.03199768,33.6840961,0.347901583,0.342838526,771.1630859,2
FedHST,CIFAR10,0.5,0.7,0.9999,460,0.642830942,0.776063611,77.76,30,100,696618,40.3853116,39.97353053,0.411781073,0.406428337,771.1630859,2
FedHST,CIFAR10,0.5,0.7,0.9999,461,0.842922515,0.708425109,70.95,23,100,696618,30.36615062,30.05822754,0.307923079,0.302395105,771.1630859,2
FedHST,CIFAR10,0.5,0.7,0.9999,462,0.62080358,0.781083951,78.39,27,100,696618,36.15576029,35.80821109,0.3475492,0.342186213,771.1630859,2
FedHST,CIFAR10,0.5,0.7,0.9999,463,0.740110907,0.738811585,74.42,29,100,696618,36.53940129,36.16181421,0.37758708,0.371773958,771.1630859,2
FedHST,CIFAR10,0.5,0.7,0.9999,464,0.754498092,0.732944413,73.52,21,100,696618,29.5008285,29.19909406,0.301734447,0.296149492,771.1630859,2
FedHST,CIFAR10,0.5,0.7,0.9999,465,0.607750378,0.791946506,79.12,20,100,696618,27.17766762,26.92470384,0.252963781,0.247544289,771.1630859,2
FedHST,CIFAR10,0.5,0.7,0.9999,466,0.627951815,0.779511723,78.19,21,100,696618,29.90623474,29.62724757,0.278987169,0.273832798,771.1630859,2
FedHST,CIFAR10,0.5,0.7,0.9999,467,0.639615712,0.768677877,77.52,26,100,696618,33.533957,33.16927314,0.364683867,0.358843327,771.1630859,2
FedHST,CIFAR10,0.5,0.7,0.9999,468,0.746153061,0.740731468,74.13,22,100,696618,27.44386029,27.17684412,0.267016172,0.261999607,771.1630859,2
FedHST,CIFAR10,0.5,0.7,0.9999,469,0.644632741,0.778986229,77.8,28,100,696618,37.75077581,37.40416527,0.346610546,0.341923475,771.1630859,2
FedHST,CIFAR10,0.5,0.7,0.9999,470,0.688908577,0.760978397,76.41,24,100,696618,31.03358984,30.73163223,0.301957607,0.296806574,771.1630859,2
FedHST,CIFAR10,0.5,0.7,0.9999,471,0.658660146,0.77467767,77.51,28,100,696618,39.45885849,39.08685112,0.37200737,0.366894722,771.1630859,2
FedHST,CIFAR10,0.5,0.7,0.9999,472,0.626979854,0.783986625,78.24,29,100,696618,34.25397038,33.88921165,0.36475873,0.359371424,771.1630859,2
FedHST,CIFAR10,0.5,0.7,0.9999,473,0.783102981,0.705164442,71.9,22,100,696618,27.1062572,26.81827521,0.287981987,0.283159733,771.1630859,2
FedHST,CIFAR10,0.5,0.7,0.9999,474,0.717296779,0.75405376,75.28,28,100,696618,38.76594949,38.38945937,0.376490116,0.371119738,771.1630859,2
FedHST,CIFAR10,0.5,0.7,0.9999,475,0.672258121,0.759392973,76.2,22,100,696618,25.74820852,25.46942735,0.278781176,0.273453236,771.1630859,2
FedHST,CIFAR10,0.5,0.7,0.9999,476,0.647561696,0.768781896,77.28,23,100,696618,30.94976497,30.65525937,0.294505596,0.288968801,771.1630859,2
FedHST,CIFAR10,0.5,0.7,0.9999,477,0.682623383,0.760301428,76.24,22,100,696618,28.93781757,28.65205407,0.285763502,0.280818701,771.1630859,2
FedHST,CIFAR10,0.5,0.7,0.9999,478,0.584893235,0.800357445,79.97,27,100,696618,31.35525203,30.98432779,0.370924234,0.364991665,771.1630859,2
FedHST,CIFAR10,0.5,0.7,0.9999,479,0.658279675,0.77136195,76.92,23,100,696618,29.85333753,29.55394864,0.299388885,0.294643164,771.1630859,2
FedHST,CIFAR10,0.5,0.7,0.9999,480,0.604415665,0.791746479,79.25,30,100,696618,42.05818439,41.69731522,0.360869169,0.356197834,771.1630859,2
FedHST,CIFAR10,0.5,0.7,0.9999,481,0.674201046,0.765244701,76.3,24,100,696618,30.85735703,30.54750538,0.309851646,0.305037975,771.1630859,2
FedHST,CIFAR10,0.5,0.7,0.9999,482,0.592488518,0.792514806,79.31,21,100,696618,23.92911625,23.63677049,0.292345762,0.287448645,771.1630859,2
FedHST,CIFAR10,0.5,0.7,0.9999,483,0.703149232,0.751022546,75.39,21,100,696618,27.28114867,26.99708009,0.284068584,0.279195547,771.1630859,2
FedHST,CIFAR10,0.5,0.7,0.9999,484,0.664359275,0.767631045,77.2,22,100,696618,27.56020737,27.27416968,0.286037683,0.280339718,771.1630859,2
FedHST,CIFAR10,0.5,0.7,0.9999,485,0.684537655,0.770057221,76.78,27,100,696618,34.39351606,34.03338909,0.360126972,0.353726149,771.1630859,2
FedHST,CIFAR10,0.5,0.7,0.9999,486,0.593029631,0.79299202,79.35,27,100,696618,32.77235842,32.42773461,0.344623804,0.339224815,771.1630859,2
FedHST,CIFAR10,0.5,0.7,0.9999,487,0.618813793,0.78204482,78.36,21,100,696618,28.45227337,28.16802001,0.284253359,0.278791666,771.1630859,2
FedHST,CIFAR10,0.5,0.7,0.9999,488,0.758833623,0.745083754,74.06,23,100,696618,32.5294466,32.20913243,0.320314169,0.315062284,771.1630859,2
FedHST,CIFAR10,0.5,0.7,0.9999,489,0.636418007,0.772308761,78.01,20,100,696618,29.74714446,29.48675203,0.260392427,0.255319118,771.1630859,2
FedHST,CIFAR10,0.5,0.7,0.9999,490,0.655516967,0.759956921,77,24,100,696618,33.16565371,32.84058356,0.325070143,0.320242882,771.1630859,2
FedHST,CIFAR10,0.5,0.7,0.9999,491,0.721768817,0.745191589,74.97,24,100,696618,32.20780778,31.88632083,0.32148695,0.316332817,771.1630859,2
FedHST,CIFAR10,0.5,0.7,0.9999,492,0.636459671,0.778828691,77.52,27,100,696618,37.90468502,37.5525763,0.352108717,0.346519947,771.1630859,2
FedHST,CIFAR10,0.5,0.7,0.9999,493,1.006557649,0.647770913,64.73,23,100,696618,30.6284802,30.32412314,0.304357052,0.299412966,771.1630859,2
FedHST,CIFAR10,0.5,0.7,0.9999,494,0.695723833,0.74027864,75.37,22,100,696618,30.54484463,30.25708508,0.287759542,0.282269239,771.1630859,2
FedHST,CIFAR10,0.5,0.7,0.9999,495,0.626636694,0.779732835,78.24,23,100,696618,25.97638702,25.67267609,0.303710938,0.29665494,771.1630859,2
FedHST,CIFAR10,0.5,0.7,0.9999,496,0.64807044,0.770319047,76.63,27,100,696618,35.1981163,34.84087515,0.357241154,0.351476908,771.1630859,2
FedHST,CIFAR10,0.5,0.7,0.9999,497,0.643729028,0.775966862,77.67,28,100,696618,36.69894886,36.34228706,0.356661797,0.35162735,771.1630859,2
FedHST,CIFAR10,0.5,0.7,0.9999,498,0.613079529,0.789820167,78.82,26,100,696618,29.03554511,28.71146774,0.324077368,0.319408178,771.1630859,2
FedHST,CIFAR10,0.5,0.7,0.9999,499,0.63408522,0.77384263,77.51,30,100,696618,33.46202898,33.08948493,0.37254405,0.366841078,771.1630859,2
FedHST,CIFAR10,0.5,0.7,0.9999,500,0.600100692,0.795493502,79.55,25,100,696618,32.20981383,31.89624739,0.313566446,0.30840683,771.1630859,2
FedAdam,CIFAR10,,0.9,0.999,1,2.617455947,0.018181818,10,26,100,696618,31.7541573,31.47960258,0.274554729,,757.8261719,0
FedAdam,CIFAR10,,0.9,0.999,2,2.403307504,0.018181818,10,27,100,696618,38.00385451,37.69686699,0.306987524,,763.1552734,0
FedAdam,CIFAR10,,0.9,0.999,3,2.373108898,0.018181818,10,29,100,696618,41.2045908,40.89109921,0.313491583,,768.4833984,0
FedAdam,CIFAR10,,0.9,0.999,4,2.408350202,0.018181818,10,22,100,696618,29.73219919,29.49113083,0.241068363,,768.4833984,0
FedAdam,CIFAR10,,0.9,0.999,5,2.394040794,0.018181818,10,26,100,696618,32.85112333,32.56516623,0.285957098,,768.4833984,0
FedAdam,CIFAR10,,0.9,0.999,6,2.324709639,0.018181818,10,20,100,696618,24.02749467,23.80427456,0.22322011,,768.4833984,0
FedAdam,CIFAR10,,0.9,0.999,7,2.352665627,0.019393536,10.05,23,100,696618,29.2631793,28.99417448,0.269004822,,768.4833984,0
FedAdam,CIFAR10,,0.9,0.999,8,2.362303175,0.018181818,10,28,100,696618,35.69595289,35.38368177,0.312271118,,768.4833984,0
FedAdam,CIFAR10,,0.9,0.999,9,2.343451467,0.02114528,10.12,28,100,696618,36.9719336,36.65913486,0.312798738,,768.4833984,0
FedAdam,CIFAR10,,0.9,0.999,10,2.381616562,0.023084422,10.11,30,100,696618,37.80118322,37.45365238,0.347530842,,771.1474609,0
FedAdam,CIFAR10,,0.9,0.999,11,2.411192427,0.04557997,13.27,20,100,696618,27.16163731,26.9172914,0.244345903,,771.1474609,0
FedAdam,CIFAR10,,0.9,0.999,12,2.400439108,0.032712114,10.42,20,100,696618,25.5883038,25.34618878,0.242115021,,771.1474609,0
FedAdam,CIFAR10,,0.9,0.999,13,2.357609852,0.031218249,10.38,24,100,696618,32.70941424,32.43547916,0.27393508,,771.1474609,0
FedAdam,CIFAR10,,0.9,0.999,14,2.318534416,0.018181818,10,28,100,696618,34.5133369,34.19853926,0.31479764,,771.1474609,0
FedAdam,CIFAR10,,0.9,0.999,15,2.31288954,0.018181818,10,27,100,696618,34.30646062,33.98824787,0.318212748,,771.1474609,0
FedAdam,CIFAR10,,0.9,0.999,16,2.302074549,0.027713398,10.37,25,100,696618,30.46530056,30.19145918,0.273841381,,771.1474609,0
FedAdam,CIFAR10,,0.9,0.999,17,2.328088282,0.051147147,12.7,26,100,696618,33.80562234,33.50017262,0.305449724,,771.1474609,0
FedAdam,CIFAR10,,0.9,0.999,18,2.427657863,0.018181818,10,26,100,696618,30.81641221,30.52145028,0.294961929,,771.1474609,0
FedAdam,CIFAR10,,0.9,0.999,19,2.490258791,0.018181818,10,20,100,696618,23.82661271,23.59446263,0.232150078,,771.1474609,0
FedAdam,CIFAR10,,0.9,0.999,20,2.392754778,0.018590615,10.02,27,100,696618,32.24543142,31.92121601,0.324215412,,771.1474609,0
FedAdam,CIFAR10,,0.9,0.999,21,2.381501761,0.029716933,10.14,30,100,696618,39.09002233,38.73694348,0.353078842,,771.1474609,0
FedAdam,CIFAR10,,0.9,0.999,22,2.437436738,0.018784984,10.03,25,100,696618,32.96587253,32.68994999,0.275922537,,771.1474609,0
FedAdam,CIFAR10,,0.9,0.999,23,2.465302399,0.018186783,9.99,29,100,696618,40.45942426,40.11307836,0.346345901,,771.1474609,0
FedAdam,CIFAR10,,0.9,0.999,24,2.409153283,0.038153864,11.18,20,100,696618,23.26467204,23.02707696,0.237595081,,771.1474609,0
FedAdam,CIFAR10,,0.9,0.999,25,2.338756065,0.051258473,11.43,21,100,696618,26.60603619,26.36405873,0.241977453,,771.1474609,0
FedAdam,CIFAR10,,0.9,0.999,26,2.310335677,0.023484732,10.17,25,100,696618,33.08576465,32.79762363,0.288141012,,771.1474609,0
FedAdam,CIFAR10,,0.9,0.999,27,2.306711443,0.038907707,11.53,25,100,696618,32.88063669,32.59744716,0.283189535,,771.1474609,0
FedAdam,CIFAR10,,0.9,0.999,28,2.314783073,0.048976309,14.4,25,100,696618,30.67738748,30.39279604,0.284591436,,771.1474609,0
FedAdam,CIFAR10,,0.9,0.999,29,2.330114412,0.039534446,11.56,20,100,696618,25.65184665,25.42993808,0.221908569,,771.1474609,0
FedAdam,CIFAR10,,0.9,0.999,30,2.362282806,0.020481158,10.09,27,100,696618,33.51369405,33.21081376,0.302880287,,771.1474609,0
FedAdam,CIFAR10,,0.9,0.999,31,2.383559352,0.018181818,10,28,100,696618,36.79752469,36.47670388,0.320820808,,771.1474609,0
FedAdam,CIFAR10,,0.9,0.999,32,2.386028754,0.019391177,10.05,30,100,696618,38.67787647,38.33564329,0.342233181,,771.1474609,0
FedAdam,CIFAR10,,0.9,0.999,33,2.369278492,0.047203348,11.02,25,100,696618,34.36006999,34.09877372,0.261296272,,771.1474609,0
FedAdam,CIFAR10,,0.9,0.999,34,2.345146096,0.020347918,10.07,30,100,696618,39.6147151,39.26812816,0.346586943,,771.1474609,0
FedAdam,CIFAR10,,0.9,0.999,35,2.305551286,0.022266367,10.09,26,100,696618,32.9044621,32.61795187,0.286510229,,771.1474609,0
FedAdam,CIFAR10,,0.9,0.999,36,2.300408586,0.043784011,11.02,27,100,696618,34.53878355,34.24056578,0.298217773,,771.1474609,0
FedAdam,CIFAR10,,0.9,0.999,37,2.310462856,0.031846722,10.82,30,100,696618,39.23611927,38.90383244,0.332286835,,771.1474609,0
FedAdam,CIFAR10,,0.9,0.999,38,2.299380422,0.063575032,13.74,25,100,696618,30.10551643,29.8121562,0.293360233,,771.1474609,0
FedAdam,CIFAR10,,0.9,0.999,39,2.291550802,0.059799744,14.39,26,100,696618,35.26755238,34.9610846,0.306467772,,771.1474609,0
FedAdam,CIFAR10,,0.9,0.999,40,2.289708044,0.035045903,11.24,27,100,696618,39.66656685,39.35427594,0.312290907,,771.1474609,0
FedAdam,CIFAR10,,0.9,0.999,41,2.304805943,0.038298428,12.2,24,100,696618,32.28003669,31.99419236,0.285844326,,771.1474609,0
FedAdam,CIFAR10,,0.9,0.999,42,2.315212212,0.048817262,14.01,30,100,696618,33.43457127,33.11001778,0.32455349,,771.1474609,0
FedAdam,CIFAR10,,0.9,0.999,43,2.329486085,0.045781077,12.6,22,100,696618,24.73635197,24.49402308,0.242328882,,771.1474609,0
FedAdam,CIFAR10,,0.9,0.999,44,2.362483928,0.036282067,10.93,29,100,696618,37.91214657,37.59502673,0.317119837,,771.1474609,0
FedAdam,CIFAR10,,0.9,0.999,45,2.418513847,0.018181818,10,27,100,696618,36.12333727,35.80485439,0.318482876,,771.1474609,0
FedAdam,CIFAR10,,0.9,0.999,46,2.417621576,0.018181818,10,21,100,696618,23.42023683,23.18620968,0.234027147,,771.1474609,0
FedAdam,CIFAR10,,0.9,0.999,47,2.341948071,0.02212361,10.18,28,100,696618,32.3676641,32.04564857,0.322015524,,771.1474609,0
FedAdam,CIFAR10,,0.9,0.999,48,2.27208742,0.057918389,12.56,29,100,696618,40.48960996,40.15634489,0.333265066,,771.1474609,0
FedAdam,CIFAR10,,0.9,0.999,49,2.236246857,0.10421531,17.28,26,100,696618,34.53642988,34.25780296,0.278626919,,771.1474609,0
FedAdam,CIFAR10,,0.9,0.999,50,2.241012585,0.077191807,17.12,30,100,696618,36.20878792,35.87377644,0.335011482,,771.1474609,0
FedAdam,CIFAR10,,0.9,0.999,51,2.261757052,0.075562375,16.29,26,100,696618,30.67050052,30.38030958,0.290190935,,771.1474609,0
FedAdam,CIFAR10,,0.9,0.999,52,2.287359798,0.088406362,15.26,29,100,696618,36.02006865,35.67622662,0.34384203,,771.1474609,0
FedAdam,CIFAR10,,0.9,0.999,53,2.312222883,0.046497148,12.9,20,100,696618,25.38291264,25.16418386,0.218728781,,771.1474609,0
FedAdam,CIFAR10,,0.9,0.999,54,2.341406933,0.044042849,12.37,23,100,696618,29.44194698,29.19692516,0.24502182,,771.1474609,0
FedAdam,CIFAR10,,0.9,0.999,55,2.379496925,0.040785699,11.79,29,100,696618,35.81060457,35.47414398,0.33646059,,771.1474609,0
FedAdam,CIFAR10,,0.9,0.999,56,2.383404472,0.038800592,11.52,20,100,696618,25.06344891,24.82425761,0.239191294,,771.1474609,0
FedAdam,CIFAR10,,0.9,0.999,57,2.361347295,0.042368295,12.06,26,100,696618,28.24242306,27.95735502,0.285068035,,771.1474609,0
FedAdam,CIFAR10,,0.9,0.999,58,2.313857069,0.051902876,14.09,24,100,696618,33.67711091,33.39623642,0.280874491,,771.1474609,0
FedAdam,CIFAR10,,0.9,0.999,59,2.277637709,0.094506504,16.54,29,100,696618,37.03236604,36.70416379,0.328202248,,771.1474609,0
FedAdam,CIFAR10,,0.9,0.999,60,2.250113498,0.101126542,18.33,25,100,696618,28.0968256,27.81068897,0.286136627,,771.1474609,0
FedAdam,CIFAR10,,0.9,0.999,61,2.226233818,0.122361661,18.38,29,100,696618,37.18058014,36.87304544,0.307534695,,771.1474609,0
FedAdam,CIFAR10,,0.9,0.999,62,2.232659817,0.071701181,14.85,20,100,696618,24.55425072,24.33769035,0.216560364,,771.1474609,0
FedAdam,CIFAR10,,0.9,0.999,63,2.230497339,0.072567283,15.19,22,100,696618,28.12069964,27.86930919,0.251390457,,771.1474609,0
FedAdam,CIFAR10,,0.9,0.999,64,2.242574512,0.070117228,15.8,27,100,696618,30.41210866,30.09901786,0.313090801,,771.1474609,0
FedAdam,CIFAR10,,0.9,0.999,65,2.259888282,0.05747522,13.74,26,100,696618,28.91082072,28.60831785,0.302502871,,771.1474609,0
FedAdam,CIFAR10,,0.9,0.999,66,2.280047932,0.052458302,12.26,30,100,696618,37.02061105,36.67272234,0.347888708,,771.1474609,0
FedAdam,CIFAR10,,0.9,0.999,67,2.320865693,0.069306834,12.8,27,100,696618,34.75016427,34.44072437,0.309439898,,771.1474609,0
FedAdam,CIFAR10,,0.9,0.999,68,2.346143664,0.071975372,14.98,26,100,696618,28.42630911,28.13564658,0.290662527,,771.1474609,0
FedAdam,CIFAR10,,0.9,0.999,69,2.321275424,0.059524807,13.55,28,100,696618,38.05285621,37.74681163,0.306044579,,771.1474609,0
FedAdam,CIFAR10,,0.9,0.999,70,2.276919503,0.044486727,12.38,23,100,696618,22.69854188,22.44518852,0.253353357,,771.1474609,0
FedAdam,CIFAR10,,0.9,0.999,71,2.224675433,0.048134267,13.18,24,100,696618,28.11366057,27.85142684,0.262233734,,771.1474609,0
FedAdam,CIFAR10,,0.9,0.999,72,2.204637823,0.056422824,13.9,28,100,696618,33.69137478,33.39138627,0.299988508,,771.1474609,0
FedAdam,CIFAR10,,0.9,0.999,73,2.202072645,0.091116338,17.15,27,100,696618,40.00914645,39.71090245,0.298243999,,771.1474609,0
FedAdam,CIFAR10,,0.9,0.999,74,2.211329548,0.09461552,17.3,28,100,696618,33.63853621,33.32793951,0.310596704,,771.1474609,0
FedAdam,CIFAR10,,0.9,0.999,75,2.213251422,0.096194448,17.21,21,100,696618,24.98886776,24.75898242,0.22988534,,771.1474609,0
FedAdam,CIFAR10,,0.9,0.999,76,2.20743482,0.059339703,14.86,23,100,696618,31.32709026,31.08074093,0.246349335,,771.1474609,0
FedAdam,CIFAR10,,0.9,0.999,77,2.216400502,0.05742386,14.57,26,100,696618,34.33922243,34.0668478,0.27237463,,771.1474609,0
FedAdam,CIFAR10,,0.9,0.999,78,2.234034692,0.059740867,15.3,24,100,696618,31.10742974,30.8190577,0.28837204,,771.1474609,0
FedAdam,CIFAR10,,0.9,0.999,79,2.25766469,0.092612107,17.44,20,100,696618,24.23132563,23.97835183,0.252973795,,771.1474609,0
FedAdam,CIFAR10,,0.9,0.999,80,2.264311222,0.095718069,17.84,23,100,696618,28.7680552,28.49618244,0.271872759,,771.1474609,0
FedAdam,CIFAR10,,0.9,0.999,81,2.269227207,0.078058142,15.76,22,100,696618,28.74375439,28.4826529,0.261101484,,771.1474609,0
FedAdam,CIFAR10,,0.9,0.999,82,2.254154839,0.076822042,15.86,27,100,696618,29.94876432,29.64384723,0.304917097,,771.1474609,0
FedAdam,CIFAR10,,0.9,0.999,83,2.199375716,0.081541756,17.54,27,100,696618,37.206954,36.92037439,0.286579609,,771.1474609,0
FedAdam,CIFAR10,,0.9,0.999,84,2.168744,0.080696432,16.88,27,100,696618,32.65412092,32.36148572,0.292635202,,771.1474609,0
FedAdam,CIFAR10,,0.9,0.999,85,2.167053766,0.156397592,20.01,28,100,696618,35.48563981,35.16925931,0.316380501,,771.1474609,0
FedAdam,CIFAR10,,0.9,0.999,86,2.185303331,0.082952205,14.68,27,100,696618,31.81684446,31.49536419,0.321480274,,771.1474609,0
FedAdam,CIFAR10,,0.9,0.999,87,2.183451366,0.109494209,17.12,30,100,696618,38.17046809,37.85361481,0.316853285,,771.1474609,0
FedAdam,CIFAR10,,0.9,0.999,88,2.188126371,0.11742335,18.8,26,100,696618,33.37257767,33.07526779,0.297309875,,771.1474609,0
FedAdam,CIFAR10,,0.9,0.999,89,2.192341091,0.108287775,18.62,20,100,696618,29.0223999,28.78992677,0.232473135,,771.1474609,0
FedAdam,CIFAR10,,0.9,0.999,90,2.178337309,0.133020462,19.94,28,100,696618,34.45380402,34.13592076,0.317883253,,771.1474609,0
FedAdam,CIFAR10,,0.9,0.999,91,2.16253805,0.137539373,20.17,28,100,696618,38.39687872,38.05893803,0.337940693,,771.1474609,0
FedAdam,CIFAR10,,0.9,0.999,92,2.189337963,0.122813692,17.93,20,100,696618,28.60558724,28.3694706,0.236116648,,771.1474609,0
FedAdam,CIFAR10,,0.9,0.999,93,2.206409293,0.079186251,14.86,27,100,696618,38.33936787,38.02727079,0.312097073,,771.1474609,0
FedAdam,CIFAR10,,0.9,0.999,94,2.198382706,0.084633634,16.9,26,100,696618,35.39676237,35.07648993,0.320272446,,771.1474609,0
FedAdam,CIFAR10,,0.9,0.999,95,2.207773597,0.100890938,19.13,20,100,696618,26.61774588,26.37130737,0.246438503,,771.1474609,0
FedAdam,CIFAR10,,0.9,0.999,96,2.188168724,0.145771614,22.64,24,100,696618,32.83530283,32.5418489,0.293453932,,771.1474609,0
FedAdam,CIFAR10,,0.9,0.999,97,2.1401876,0.144043185,19.78,22,100,696618,28.09310532,27.81021881,0.282886505,,771.1474609,0
FedAdam,CIFAR10,,0.9,0.999,98,2.125896503,0.134276965,18.03,24,100,696618,34.67610145,34.39041209,0.285689354,,771.1474609,0
FedAdam,CIFAR10,,0.9,0.999,99,2.050328678,0.163898256,22.1,25,100,696618,29.93642235,29.62797856,0.308443785,,771.1474609,0
FedAdam,CIFAR10,,0.9,0.999,100,2.025091605,0.180339631,23.79,29,100,696618,42.07092309,41.71302009,0.357903004,,771.1474609,0
FedAdam,CIFAR10,,0.9,0.999,101,2.077952735,0.180591875,23.65,27,100,696618,31.34874773,31.0197134,0.329034328,,771.1474609,0
FedAdam,CIFAR10,,0.9,0.999,102,2.067899674,0.177189953,23.38,21,100,696618,26.30339241,26.04670954,0.256682873,,771.1474609,0
FedAdam,CIFAR10,,0.9,0.999,103,1.980266352,0.175337167,24.54,29,100,696618,37.74513602,37.39878654,0.346349478,,771.1474609,0
FedAdam,CIFAR10,,0.9,0.999,104,2.035419086,0.16572986,22.78,29,100,696618,43.86475301,43.50847745,0.356275558,,771.1474609,0
FedAdam,CIFAR10,,0.9,0.999,105,1.996776091,0.187690032,24.6,21,100,696618,28.07993674,27.83562946,0.24430728,,771.1474609,0
FedAdam,CIFAR10,,0.9,0.999,106,2.000043042,0.174384852,24.3,29,100,696618,37.77232742,37.43401146,0.338315964,,771.1474609,0
FedAdam,CIFAR10,,0.9,0.999,107,1.991047966,0.189496221,24.44,24,100,696618,31.52802992,31.23992705,0.288102865,,771.1474609,0
FedAdam,CIFAR10,,0.9,0.999,108,1.95387415,0.196460878,25.17,25,100,696618,29.35539508,29.0960803,0.259314775,,771.1474609,0
FedAdam,CIFAR10,,0.9,0.999,109,1.945584053,0.199408119,25.92,25,100,696618,30.99252748,30.69346189,0.29906559,,771.1474609,0
FedAdam,CIFAR10,,0.9,0.999,110,1.957275245,0.148211267,22.71,28,100,696618,32.48893952,32.19091988,0.298019648,,771.1474609,0
FedAdam,CIFAR10,,0.9,0.999,111,1.97891502,0.140200911,22.14,24,100,696618,30.75983787,30.46970463,0.290133238,,771.1474609,0
FedAdam,CIFAR10,,0.9,0.999,112,2.008155312,0.125841978,22.51,29,100,696618,36.12552571,35.80634046,0.319185257,,771.1474609,0
FedAdam,CIFAR10,,0.9,0.999,113,2.018055788,0.110707362,21.11,29,100,696618,35.13457561,34.81684375,0.317731857,,771.1474609,0
FedAdam,CIFAR10,,0.9,0.999,114,1.987872973,0.123934451,21.59,25,100,696618,36.05095243,35.75979519,0.291157246,,771.1474609,0
FedAdam,CIFAR10,,0.9,0.999,115,1.940948498,0.155160767,24.65,29,100,696618,34.54716372,34.19454527,0.352618456,,771.1474609,0
FedAdam,CIFAR10,,0.9,0.999,116,1.950848843,0.13106765,21.87,22,100,696618,29.60361719,29.36114359,0.242473602,,771.1474609,0
FedAdam,CIFAR10,,0.9,0.999,117,1.99020091,0.103771115,20.34,22,100,696618,23.01210499,22.76618266,0.245922327,,771.1474609,0
FedAdam,CIFAR10,,0.9,0.999,118,1.975933022,0.147945293,23.28,30,100,696618,41.15078521,40.81241345,0.338371754,,771.1474609,0
FedAdam,CIFAR10,,0.9,0.999,119,1.948115154,0.173431624,24.89,26,100,696618,34.56993604,34.27405,0.29588604,,771.1474609,0
FedAdam,CIFAR10,,0.9,0.999,120,1.920832597,0.182368011,25.46,28,100,696618,35.63979936,35.33794785,0.301851511,,771.1474609,0
FedAdam,CIFAR10,,0.9,0.999,121,1.914891798,0.182246129,26.42,23,100,696618,29.92250371,29.65409374,0.268409967,,771.1474609,0
FedAdam,CIFAR10,,0.9,0.999,122,1.903432348,0.210339312,27.25,30,100,696618,41.76394582,41.42434382,0.339601994,,771.1474609,0
FedAdam,CIFAR10,,0.9,0.999,123,1.899769661,0.185800189,25.09,26,100,696618,36.16010761,35.87428856,0.285819054,,771.1474609,0
FedAdam,CIFAR10,,0.9,0.999,124,1.904158527,0.19229694,26.95,30,100,696618,37.21817183,36.88210535,0.336066484,,771.1474609,0
FedAdam,CIFAR10,,0.9,0.999,125,1.914586829,0.179366151,26.46,24,100,696618,28.70512056,28.44846416,0.256656408,,771.1474609,0
FedAdam,CIFAR10,,0.9,0.999,126,1.959377694,0.136758308,24.11,21,100,696618,30.45968366,30.21167731,0.248006344,,771.1474609,0
FedAdam,CIFAR10,,0.9,0.999,127,1.983075803,0.145753472,24.64,22,100,696618,27.31982636,27.08577013,0.234056234,,771.1474609,0
FedAdam,CIFAR10,,0.9,0.999,128,1.961885517,0.148565623,25.78,22,100,696618,28.84970236,28.59153867,0.258163691,,771.1474609,0
FedAdam,CIFAR10,,0.9,0.999,129,1.956426801,0.170139486,27.04,24,100,696618,28.97002506,28.71476316,0.255261898,,771.1474609,0
FedAdam,CIFAR10,,0.9,0.999,130,1.970331468,0.155618276,26.11,22,100,696618,28.62800956,28.37346482,0.254544735,,771.1474609,0
FedAdam,CIFAR10,,0.9,0.999,131,1.945366999,0.161393319,25.9,23,100,696618,27.11851621,26.87049627,0.248019934,,771.1474609,0
FedAdam,CIFAR10,,0.9,0.999,132,1.883558656,0.191065827,27.88,26,100,696618,31.86380029,31.57761025,0.286190033,,771.1474609,0
FedAdam,CIFAR10,,0.9,0.999,133,1.892902677,0.202367558,28.08,30,100,696618,39.15330219,38.85017776,0.303124428,,771.1474609,0
FedAdam,CIFAR10,,0.9,0.999,134,1.858501845,0.206888394,28.71,28,100,696618,34.56811833,34.26714826,0.300970078,,771.1474609,0
FedAdam,CIFAR10,,0.9,0.999,135,1.841518203,0.219586606,29.28,22,100,696618,26.55902314,26.32502985,0.233993292,,771.1474609,0
FedAdam,CIFAR10,,0.9,0.999,136,1.863157001,0.246390635,29.23,22,100,696618,29.10975099,28.87003136,0.239719629,,771.1474609,0
FedAdam,CIFAR10,,0.9,0.999,137,1.87781049,0.236025208,27.67,30,100,696618,35.76469564,35.42002177,0.344673872,,771.1474609,0
FedAdam,CIFAR10,,0.9,0.999,138,1.834777898,0.265735391,29.51,27,100,696618,33.87237906,33.57097173,0.301407337,,771.1474609,0
FedAdam,CIFAR10,,0.9,0.999,139,1.821689002,0.258028445,30.12,20,100,696618,24.32135534,24.09567285,0.225682497,,771.1474609,0
FedAdam,CIFAR10,,0.9,0.999,140,1.80718937,0.266695881,31.07,29,100,696618,32.71565485,32.38921905,0.326435804,,771.1474609,0
FedAdam,CIFAR10,,0.9,0.999,141,1.83793365,0.252190763,29.14,22,100,696618,27.42927313,27.17717052,0.252102613,,771.1474609,0
FedAdam,CIFAR10,,0.9,0.999,142,1.89120641,0.23118404,27.86,21,100,696618,29.91969848,29.66437078,0.255327702,,771.1474609,0
FedAdam,CIFAR10,,0.9,0.999,143,1.849033791,0.237022732,30.14,30,100,696618,34.12854695,33.80446362,0.324083328,,771.1474609,0
FedAdam,CIFAR10,,0.9,0.999,144,1.812216792,0.239127723,31.52,21,100,696618,24.3076961,24.07225418,0.235441923,,771.1474609,0
FedAdam,CIFAR10,,0.9,0.999,145,1.821661341,0.233225215,30.76,22,100,696618,23.66760516,23.42250109,0.245104074,,771.1474609,0
FedAdam,CIFAR10,,0.9,0.999,146,1.828317136,0.185065722,27.22,26,100,696618,31.7279923,31.44674277,0.281249523,,771.1474609,0
FedAdam,CIFAR10,,0.9,0.999,147,1.821320847,0.156739954,25.66,30,100,696618,39.20391273,38.87374163,0.330171108,,771.1474609,0
FedAdam,CIFAR10,,0.9,0.999,148,1.804512128,0.183584813,27.24,28,100,696618,33.34770346,33.02909565,0.318607807,,771.1474609,0
FedAdam,CIFAR10,,0.9,0.999,149,1.815337976,0.206926837,27.82,30,100,696618,35.18096304,34.84447265,0.336490393,,771.1474609,0
FedAdam,CIFAR10,,0.9,0.999,150,1.828296854,0.255958156,30.05,23,100,696618,28.7630837,28.50521755,0.257866144,,771.1474609,0
FedAdam,CIFAR10,,0.9,0.999,151,1.821652332,0.265580931,31,21,100,696618,24.89486742,24.6589303,0.235937119,,771.1474609,0
FedAdam,CIFAR10,,0.9,0.999,152,1.774991585,0.247013525,32.12,21,100,696618,28.04519105,27.80099154,0.244199514,,771.1474609,0
FedAdam,CIFAR10,,0.9,0.999,153,1.80581039,0.20913245,28.25,21,100,696618,26.26182985,26.02095652,0.240873337,,771.1474609,0
FedAdam,CIFAR10,,0.9,0.999,154,1.830734958,0.194333556,27.13,25,100,696618,34.14747643,33.87179637,0.275680065,,771.1474609,0
FedAdam,CIFAR10,,0.9,0.999,155,1.795208783,0.222568305,29.07,26,100,696618,32.51369357,32.24153972,0.272153854,,771.1474609,0
FedAdam,CIFAR10,,0.9,0.999,156,1.762742482,0.266453445,30.79,21,100,696618,24.18802118,23.94963574,0.238385439,,771.1474609,0
FedAdam,CIFAR10,,0.9,0.999,157,1.758255271,0.233017568,29.85,26,100,696618,33.14578891,32.85939741,0.286391497,,771.1474609,0
FedAdam,CIFAR10,,0.9,0.999,158,1.759171657,0.260921512,32.18,23,100,696618,29.74101019,29.46822643,0.272783756,,771.1474609,0
FedAdam,CIFAR10,,0.9,0.999,159,1.830746814,0.226684775,28.81,25,100,696618,31.46126437,31.17258048,0.288683891,,771.1474609,0
FedAdam,CIFAR10,,0.9,0.999,160,1.855155023,0.18961192,26.94,27,100,696618,34.93865585,34.64184976,0.296806097,,771.1474609,0
FedAdam,CIFAR10,,0.9,0.999,161,1.829141095,0.197649168,27.81,24,100,696618,31.80934286,31.538167,0.271175861,,771.1474609,0
FedAdam,CIFAR10,,0.9,0.999,162,1.802812797,0.22039067,29.7,21,100,696618,27.43491006,27.19873667,0.236173391,,771.1474609,0
FedAdam,CIFAR10,,0.9,0.999,163,1.778701098,0.282382711,33.68,27,100,696618,35.79393363,35.47387838,0.320055246,,771.1474609,0
FedAdam,CIFAR10,,0.9,0.999,164,1.761529457,0.338502639,36.88,25,100,696618,29.80414844,29.51813483,0.286013603,,771.1474609,0
FedAdam,CIFAR10,,0.9,0.999,165,1.728288333,0.322939778,36.07,25,100,696618,29.59178066,29.31247568,0.279304981,,771.1474609,0
FedAdam,CIFAR10,,0.9,0.999,166,1.738851761,0.274433743,33,27,100,696618,32.84296203,32.54252934,0.300432682,,771.1474609,0
FedAdam,CIFAR10,,0.9,0.999,167,1.777389705,0.269757442,32.87,29,100,696618,39.9404192,39.61392927,0.326489925,,771.1474609,0
FedAdam,CIFAR10,,0.9,0.999,168,1.761032,0.270972211,32.64,21,100,696618,22.93000746,22.69065142,0.239356041,,771.1474609,0
FedAdam,CIFAR10,,0.9,0.999,169,1.71696008,0.315330637,34.94,24,100,696618,30.45124078,30.17624187,0.274998903,,771.1474609,0
FedAdam,CIFAR10,,0.9,0.999,170,1.696111008,0.339880165,35.89,29,100,696618,42.77141762,42.43213344,0.339284182,,771.1474609,0
FedAdam,CIFAR10,,0.9,0.999,171,1.741952436,0.291548869,32.46,20,100,696618,26.97599769,26.7587707,0.217226982,,771.1474609,0
FedAdam,CIFAR10,,0.9,0.999,172,1.773219134,0.290373185,31.49,28,100,696618,34.30801892,34.01309109,0.294927835,,771.1474609,0
FedAdam,CIFAR10,,0.9,0.999,173,1.882348178,0.207625277,26.81,24,100,696618,29.74041224,29.47215486,0.26825738,,771.1474609,0
FedAdam,CIFAR10,,0.9,0.999,174,1.801746321,0.192991745,28.09,24,100,696618,25.96135783,25.70213151,0.259226322,,771.1474609,0
FedAdam,CIFAR10,,0.9,0.999,175,1.705375336,0.22287484,31.14,22,100,696618,29.33618212,29.09874988,0.237432241,,771.1474609,0
FedAdam,CIFAR10,,0.9,0.999,176,1.730328774,0.269404202,33.48,29,100,696618,32.15206194,31.82814431,0.323917627,,771.1474609,0
FedAdam,CIFAR10,,0.9,0.999,177,1.772526313,0.292130891,34.39,20,100,696618,25.16894507,24.93272281,0.236222267,,771.1474609,0
FedAdam,CIFAR10,,0.9,0.999,178,1.772249479,0.286227997,34.27,22,100,696618,24.40939569,24.13390994,0.275485754,,771.1474609,0
FedAdam,CIFAR10,,0.9,0.999,179,1.690974117,0.303945413,35.8,28,100,696618,37.35364723,37.04670668,0.306940556,,771.1474609,0
FedAdam,CIFAR10,,0.9,0.999,180,1.79407376,0.246270732,29.52,24,100,696618,30.36269259,30.0756402,0.287052393,,771.1474609,0
FedAdam,CIFAR10,,0.9,0.999,181,1.857453377,0.221514042,27.59,27,100,696618,32.30389857,31.98006344,0.323835135,,771.1474609,0
FedAdam,CIFAR10,,0.9,0.999,182,1.764201269,0.248904966,31,27,100,696618,38.3154273,38.00272632,0.312700987,,771.1474609,0
FedAdam,CIFAR10,,0.9,0.999,183,1.695447014,0.294005006,35.22,30,100,696618,37.46317863,37.10907865,0.354099989,,771.1474609,0
FedAdam,CIFAR10,,0.9,0.999,184,1.771404296,0.28949377,32.9,22,100,696618,28.05991745,27.80153322,0.258384228,,771.1474609,0
FedAdam,CIFAR10,,0.9,0.999,185,1.78425472,0.292246347,32.41,27,100,696618,33.5983901,33.30215883,0.29623127,,771.1474609,0
FedAdam,CIFAR10,,0.9,0.999,186,1.699998831,0.322551666,36.16,29,100,696618,34.85567808,34.54341078,0.312267303,,771.1474609,0
FedAdam,CIFAR10,,0.9,0.999,187,1.669488001,0.329148535,37.03,22,100,696618,30.63168621,30.38307571,0.248610497,,771.1474609,0
FedAdam,CIFAR10,,0.9,0.999,188,1.686021,0.309338348,34.88,25,100,696618,34.23814774,33.92661095,0.311536789,,771.1474609,0
FedAdam,CIFAR10,,0.9,0.999,189,1.684297041,0.332847307,36.16,23,100,696618,31.21661639,30.94247651,0.274139881,,771.1474609,0
FedAdam,CIFAR10,,0.9,0.999,190,1.644653266,0.377740303,39.95,29,100,696618,40.16085458,39.82779717,0.333057404,,771.1474609,0
FedAdam,CIFAR10,,0.9,0.999,191,1.641125457,0.345196772,38.74,30,100,696618,41.14167786,40.80296373,0.338714123,,771.1474609,0
FedAdam,CIFAR10,,0.9,0.999,192,1.732060617,0.304254398,35.65,20,100,696618,28.88298798,28.65396786,0.229020119,,771.1474609,0
FedAdam,CIFAR10,,0.9,0.999,193,1.677062387,0.339637307,37.57,29,100,696618,35.43497849,35.11689734,0.318081141,,771.1474609,0
FedAdam,CIFAR10,,0.9,0.999,194,1.649310183,0.302892197,34.76,20,100,696618,25.48408556,25.25700426,0.227081299,,771.1474609,0
FedAdam,CIFAR10,,0.9,0.999,195,1.822927806,0.211948247,28.93,20,100,696618,27.87730527,27.65802574,0.219279528,,771.1474609,0
FedAdam,CIFAR10,,0.9,0.999,196,1.832305294,0.209572164,28.13,23,100,696618,30.76018786,30.50697613,0.253211737,,771.1474609,0
FedAdam,CIFAR10,,0.9,0.999,197,1.658277351,0.293082404,33.11,20,100,696618,28.30128598,28.07022595,0.231060028,,771.1474609,0
FedAdam,CIFAR10,,0.9,0.999,198,1.610572042,0.376741926,40,27,100,696618,38.89043403,38.59012008,0.30031395,,771.1474609,0
FedAdam,CIFAR10,,0.9,0.999,199,1.608970761,0.403401616,41.41,22,100,696618,27.8576858,27.5981729,0.259512901,,771.1474609,0
FedAdam,CIFAR10,,0.9,0.999,200,1.585833655,0.39130988,40,30,100,696618,40.2404952,39.9169302,0.323565006,,771.1474609,0
FedAdam,CIFAR10,,0.9,0.999,201,1.658088318,0.29345581,34.31,20,100,696618,21.83539009,21.57964611,0.25574398,,771.1474609,0
FedAdam,CIFAR10,,0.9,0.999,202,1.731046091,0.245505584,30.95,20,100,696618,22.16802669,21.95665264,0.211374044,,771.1474609,0
FedAdam,CIFAR10,,0.9,0.999,203,1.694492471,0.283099701,33.93,25,100,696618,32.82735968,32.53946328,0.287896395,,771.1474609,0
FedAdam,CIFAR10,,0.9,0.999,204,1.664567197,0.341237245,37.47,26,100,696618,31.3605175,31.08162308,0.278894424,,771.1474609,0
FedAdam,CIFAR10,,0.9,0.999,205,1.581105004,0.398937444,42.38,20,100,696618,23.36854386,23.14120603,0.227337837,,771.1474609,0
FedAdam,CIFAR10,,0.9,0.999,206,1.630443999,0.386336776,39.95,27,100,696618,35.3030951,35.00403142,0.299063683,,771.1474609,0
FedAdam,CIFAR10,,0.9,0.999,207,1.716738781,0.340696354,34.34,29,100,696618,32.16599607,31.85599065,0.310005426,,771.1474609,0
FedAdam,CIFAR10,,0.9,0.999,208,1.585204562,0.405188722,40.79,20,100,696618,25.79753137,25.5615375,0.235993862,,771.1474609,0
FedAdam,CIFAR10,,0.9,0.999,209,1.566835076,0.385201392,40.98,26,100,696618,31.08571887,30.80555987,0.280158997,,771.1474609,0
FedAdam,CIFAR10,,0.9,0.999,210,1.624888147,0.303120867,36.04,22,100,696618,26.11664867,25.88113117,0.235517502,,771.1474609,0
FedAdam,CIFAR10,,0.9,0.999,211,1.584739556,0.326045553,38.09,27,100,696618,32.08597517,31.77009892,0.315876245,,771.1474609,0
FedAdam,CIFAR10,,0.9,0.999,212,1.594959223,0.354433267,39.26,21,100,696618,25.20775437,24.95860982,0.249144554,,771.1474609,0
FedAdam,CIFAR10,,0.9,0.999,213,1.677606882,0.337454626,38.3,21,100,696618,29.53732157,29.26721787,0.270103693,,771.1474609,0
FedAdam,CIFAR10,,0.9,0.999,214,1.69986786,0.289486971,35.53,25,100,696618,37.24719357,36.9400034,0.30719018,,771.1474609,0
FedAdam,CIFAR10,,0.9,0.999,215,1.671928376,0.272122904,34.61,24,100,696618,29.19872022,28.91028738,0.288432837,,771.1474609,0
FedAdam,CIFAR10,,0.9,0.999,216,1.721686366,0.270705811,33.82,22,100,696618,29.000741,28.73914099,0.261600018,,771.1474609,0
FedAdam,CIFAR10,,0.9,0.999,217,1.657130982,0.318017292,36.84,22,100,696618,28.76379871,28.48898864,0.274810076,,771.1474609,0
FedAdam,CIFAR10,,0.9,0.999,218,1.624251435,0.348667799,38.18,25,100,696618,31.82399178,31.53234386,0.291647911,,771.1474609,0
FedAdam,CIFAR10,,0.9,0.999,219,1.668280942,0.329238098,37.26,20,100,696618,27.01531386,26.77653646,0.238777399,,771.1474609,0
FedAdam,CIFAR10,,0.9,0.999,220,1.600946601,0.37967059,41.25,29,100,696618,42.82763171,42.47227287,0.355358839,,771.1474609,0
FedAdam,CIFAR10,,0.9,0.999,221,1.586080472,0.393577813,40.64,26,100,696618,32.19409561,31.85620403,0.337891579,,771.1474609,0
FedAdam,CIFAR10,,0.9,0.999,222,1.553854527,0.374428071,40.47,23,100,696618,33.1536274,32.88546896,0.268158436,,771.1474609,0
FedAdam,CIFAR10,,0.9,0.999,223,1.71062528,0.279558434,33.66,26,100,696618,39.32495451,39.02278137,0.302173138,,771.1474609,0
FedAdam,CIFAR10,,0.9,0.999,224,1.66679091,0.318787509,36.72,20,100,696618,27.22445226,26.98553157,0.238920689,,771.1474609,0
FedAdam,CIFAR10,,0.9,0.999,225,1.665841608,0.292322092,35.19,23,100,696618,33.46406531,33.18047047,0.283594847,,771.1474609,0
FedAdam,CIFAR10,,0.9,0.999,226,1.658180195,0.298047526,35.03,20,100,696618,31.52767038,31.27710485,0.250565529,,771.1474609,0
FedAdam,CIFAR10,,0.9,0.999,227,1.61204956,0.366941216,40.14,26,100,696618,38.29393125,37.98288822,0.311043024,,771.1474609,0
FedAdam,CIFAR10,,0.9,0.999,228,1.619533886,0.349659495,38.94,27,100,696618,35.15713692,34.84298062,0.314156294,,771.1474609,0
FedAdam,CIFAR10,,0.9,0.999,229,1.607496394,0.335582918,38.64,24,100,696618,31.35367775,31.07223535,0.281442404,,771.1474609,0
FedAdam,CIFAR10,,0.9,0.999,230,1.540043219,0.374642478,41.75,21,100,696618,26.83204651,26.58544159,0.246604919,,771.1474609,0
FedAdam,CIFAR10,,0.9,0.999,231,1.564443577,0.347238791,40.43,24,100,696618,31.00335574,30.72374725,0.279608488,,771.1474609,0
FedAdam,CIFAR10,,0.9,0.999,232,1.69377225,0.27738486,33.75,24,100,696618,32.47700572,32.20324755,0.273758173,,771.1474609,0
FedAdam,CIFAR10,,0.9,0.999,233,1.733605296,0.260906148,33.09,30,100,696618,40.26670504,39.92316318,0.343541861,,771.1474609,0
FedAdam,CIFAR10,,0.9,0.999,234,1.642428561,0.351263577,39.29,22,100,696618,27.60620761,27.35288882,0.253318787,,771.1474609,0
FedAdam,CIFAR10,,0.9,0.999,235,1.548521367,0.370689163,40.09,21,100,696618,27.55628872,27.30485606,0.251432657,,771.1474609,0
FedAdam,CIFAR10,,0.9,0.999,236,1.611209645,0.323794445,37.6,20,100,696618,27.84192395,27.59302449,0.24889946,,771.1474609,0
FedAdam,CIFAR10,,0.9,0.999,237,1.593542846,0.341267066,39.47,26,100,696618,37.26588464,36.96029639,0.305588245,,771.1474609,0
FedAdam,CIFAR10,,0.9,0.999,238,1.523709873,0.401672686,42.78,27,100,696618,34.85341978,34.52417445,0.329245329,,771.1474609,0
FedAdam,CIFAR10,,0.9,0.999,239,1.592618457,0.394223696,41.73,24,100,696618,32.71802115,32.43807602,0.279945135,,771.1474609,0
FedAdam,CIFAR10,,0.9,0.999,240,1.693192927,0.346799031,36.94,23,100,696618,33.30984831,33.02517462,0.284673691,,771.1474609,0
FedAdam,CIFAR10,,0.9,0.999,241,1.614193703,0.373872736,38.68,23,100,696618,31.1598897,30.89366722,0.266222477,,771.1474609,0
FedAdam,CIFAR10,,0.9,0.999,242,1.529535457,0.3901304,41.91,24,100,696618,35.51115751,35.23440862,0.276748896,,771.1474609,0
FedAdam,CIFAR10,,0.9,0.999,243,1.672531445,0.32370265,36.66,21,100,696618,27.52328038,27.27776742,0.245512962,,771.1474609,0
FedAdam,CIFAR10,,0.9,0.999,244,1.572579863,0.360123785,39.43,29,100,696618,43.66354346,43.31807184,0.345471621,,771.1474609,0
FedAdam,CIFAR10,,0.9,0.999,245,1.476072032,0.44237699,45.08,25,100,696618,33.57340193,33.2758503,0.297551632,,771.1474609,0
FedAdam,CIFAR10,,0.9,0.999,246,1.488801033,0.464095873,46.14,28,100,696618,35.06173229,34.74148369,0.320248604,,771.1474609,0
FedAdam,CIFAR10,,0.9,0.999,247,1.526391339,0.438894712,44.28,23,100,696618,28.07226157,27.79641032,0.27585125,,771.1474609,0
FedAdam,CIFAR10,,0.9,0.999,248,1.509869501,0.434432731,44.67,28,100,696618,36.48086143,36.15434027,0.326521158,,771.1474609,0
FedAdam,CIFAR10,,0.9,0.999,249,1.468601268,0.436447104,45.75,21,100,696618,31.53302145,31.27274203,0.260279417,,771.1474609,0
FedAdam,CIFAR10,,0.9,0.999,250,1.474221292,0.427341589,44.81,25,100,696618,33.01819634,32.74523568,0.272960663,,771.1474609,0
FedAdam,CIFAR10,,0.9,0.999,251,1.532938631,0.378895425,40.91,21,100,696618,22.16971087,21.91497636,0.254734516,,771.1474609,0
FedAdam,CIFAR10,,0.9,0.999,252,1.579239587,0.328937188,37.28,22,100,696618,28.87309027,28.61588216,0.257208109,,771.1474609,0
FedAdam,CIFAR10,,0.9,0.999,253,1.524134142,0.366158039,40.21,29,100,696618,36.37709212,36.04062176,0.336470366,,771.1474609,0
FedAdam,CIFAR10,,0.9,0.999,254,1.459769725,0.409665286,43.58,22,100,696618,26.6421876,26.38712287,0.255064726,,771.1474609,0
FedAdam,CIFAR10,,0.9,0.999,255,1.402617072,0.441990604,47.46,25,100,696618,31.69429827,31.42480373,0.269494534,,771.1474609,0
FedAdam,CIFAR10,,0.9,0.999,256,1.424920658,0.437033414,46.79,21,100,696618,26.4218576,26.17325211,0.24860549,,771.1474609,0
FedAdam,CIFAR10,,0.9,0.999,257,1.511496836,0.403186945,43.38,29,100,696618,36.09326196,35.75044394,0.342818022,,771.1474609,0
FedAdam,CIFAR10,,0.9,0.999,258,1.474527466,0.427329969,44.91,27,100,696618,38.94937921,38.62554026,0.323838949,,771.1474609,0
FedAdam,CIFAR10,,0.9,0.999,259,1.417010455,0.465429167,48.19,20,100,696618,23.5080905,23.27341747,0.234673023,,771.1474609,0
FedAdam,CIFAR10,,0.9,0.999,260,1.394861008,0.483664519,49.23,23,100,696618,29.85669208,29.61060333,0.246088743,,771.1474609,0
FedAdam,CIFAR10,,0.9,0.999,261,1.427175344,0.463753252,47.35,24,100,696618,30.16755962,29.90394187,0.263617754,,771.1474609,0
FedAdam,CIFAR10,,0.9,0.999,262,1.42825033,0.446362221,46.54,29,100,696618,37.04322982,36.72684002,0.316389799,,771.1474609,0
FedAdam,CIFAR10,,0.9,0.999,263,1.430118553,0.452101079,47.41,25,100,696618,33.48456836,33.17973375,0.304834604,,771.1474609,0
FedAdam,CIFAR10,,0.9,0.999,264,1.412855803,0.466374584,48.66,21,100,696618,23.96901298,23.71842837,0.250584602,,771.1474609,0
FedAdam,CIFAR10,,0.9,0.999,265,1.365473664,0.48051002,49.88,25,100,696618,30.43932676,30.11924458,0.320082188,,771.1474609,0
FedAdam,CIFAR10,,0.9,0.999,266,1.321437934,0.491755765,51.17,24,100,696618,35.44694686,35.18092322,0.266023636,,771.1474609,0
FedAdam,CIFAR10,,0.9,0.999,267,1.32332951,0.495811325,51.69,25,100,696618,31.16663694,30.88099694,0.285640001,,771.1474609,0
FedAdam,CIFAR10,,0.9,0.999,268,1.337028597,0.500153765,51.51,29,100,696618,34.27723193,33.93356156,0.343670368,,771.1474609,0
FedAdam,CIFAR10,,0.9,0.999,269,1.363792504,0.495900445,50.49,20,100,696618,25.11456251,24.8891077,0.225454807,,771.1474609,0
FedAdam,CIFAR10,,0.9,0.999,270,1.327434463,0.498021265,50.48,23,100,696618,28.82189918,28.54952312,0.27237606,,771.1474609,0
FedAdam,CIFAR10,,0.9,0.999,271,1.454924095,0.421264614,43.83,29,100,696618,36.14851284,35.80182743,0.34668541,,771.1474609,0
FedAdam,CIFAR10,,0.9,0.999,272,1.582968196,0.351800234,37.05,23,100,696618,28.76535082,28.4835403,0.281810522,,771.1474609,0
FedAdam,CIFAR10,,0.9,0.999,273,1.493551262,0.389542113,40.94,29,100,696618,39.09542704,38.75199413,0.343432903,,771.1474609,0
FedAdam,CIFAR10,,0.9,0.999,274,1.338742082,0.509311556,51.61,28,100,696618,36.51258564,36.19965553,0.312930107,,771.1474609,0
FedAdam,CIFAR10,,0.9,0.999,275,1.355804461,0.493464489,50.05,24,100,696618,29.62696123,29.36513114,0.261830091,,771.1474609,0
FedAdam,CIFAR10,,0.9,0.999,276,1.382827347,0.479010685,48.74,28,100,696618,31.10832834,30.8072021,0.301126242,,771.1474609,0
FedAdam,CIFAR10,,0.9,0.999,277,1.466356007,0.431028459,45.71,25,100,696618,29.51301765,29.22766662,0.285351038,,771.1474609,0
FedAdam,CIFAR10,,0.9,0.999,278,1.428713231,0.431750996,46.02,24,100,696618,31.26457071,30.99228787,0.272282839,,771.1474609,0
FedAdam,CIFAR10,,0.9,0.999,279,1.422119065,0.42211253,45.91,20,100,696618,27.17708921,26.95165777,0.225431442,,771.1474609,0
FedAdam,CIFAR10,,0.9,0.999,280,1.461372259,0.406080993,44.3,29,100,696618,38.20020556,37.86119056,0.339015007,,771.1474609,0
FedAdam,CIFAR10,,0.9,0.999,281,1.518433704,0.379406264,41.61,20,100,696618,23.30126023,23.07151365,0.22974658,,771.1474609,0
FedAdam,CIFAR10,,0.9,0.999,282,1.421470829,0.469388266,47.95,30,100,696618,37.50884128,37.18089151,0.327949762,,771.1474609,0
FedAdam,CIFAR10,,0.9,0.999,283,1.374077628,0.50618244,50.06,28,100,696618,37.47102809,37.14681625,0.324211836,,771.1474609,0
FedAdam,CIFAR10,,0.9,0.999,284,1.356612398,0.494288183,49.73,21,100,696618,27.83259344,27.5893085,0.243284941,,771.1474609,0
FedAdam,CIFAR10,,0.9,0.999,285,1.390228158,0.480706802,49.17,24,100,696618,28.20117497,27.92529511,0.27587986,,771.1474609,0
FedAdam,CIFAR10,,0.9,0.999,286,1.349380747,0.504586173,51.01,23,100,696618,28.93400669,28.67475772,0.259248972,,771.1474609,0
FedAdam,CIFAR10,,0.9,0.999,287,1.303889455,0.504157386,51.71,29,100,696618,39.59218073,39.25763226,0.334548473,,771.1474609,0
FedAdam,CIFAR10,,0.9,0.999,288,1.406854919,0.457267231,46.75,22,100,696618,28.82347131,28.58973002,0.233741283,,771.1474609,0
FedAdam,CIFAR10,,0.9,0.999,289,1.466623023,0.449102372,45.48,24,100,696618,26.8675077,26.59345317,0.274054527,,771.1474609,0
FedAdam,CIFAR10,,0.9,0.999,290,1.362585002,0.501318104,51.26,21,100,696618,26.26067019,26.02285647,0.237813711,,771.1474609,0
FedAdam,CIFAR10,,0.9,0.999,291,1.331393394,0.493878439,51.16,21,100,696618,26.34592247,26.10964799,0.236274481,,771.1474609,0
FedAdam,CIFAR10,,0.9,0.999,292,1.488169777,0.408882254,44.6,22,100,696618,26.10991859,25.85041833,0.259500265,,771.1474609,0
FedAdam,CIFAR10,,0.9,0.999,293,1.559345311,0.393541323,42.86,28,100,696618,40.81092834,40.47171402,0.339214325,,771.1474609,0
FedAdam,CIFAR10,,0.9,0.999,294,1.312512005,0.510354354,52.1,22,100,696618,25.86323333,25.60281444,0.260418892,,771.1474609,0
FedAdam,CIFAR10,,0.9,0.999,295,1.244859316,0.536647573,54.54,26,100,696618,31.80493641,31.50238371,0.3025527,,771.1474609,0
FedAdam,CIFAR10,,0.9,0.999,296,1.367321761,0.496440868,51.11,25,100,696618,34.11001539,33.83557105,0.274444342,,771.1474609,0
FedAdam,CIFAR10,,0.9,0.999,297,1.448401672,0.463836366,48.46,24,100,696618,31.66030908,31.39791226,0.262396812,,771.1474609,0
FedAdam,CIFAR10,,0.9,0.999,298,1.42418009,0.446158908,47.46,27,100,696618,35.57414961,35.26328874,0.310860872,,771.1474609,0
FedAdam,CIFAR10,,0.9,0.999,299,1.319874838,0.485969157,50.49,23,100,696618,28.8893683,28.63156605,0.257802248,,771.1474609,0
FedAdam,CIFAR10,,0.9,0.999,300,1.358389046,0.465695956,48.17,25,100,696618,33.33421063,33.05929303,0.274917603,,771.1474609,0
FedAdam,CIFAR10,,0.9,0.999,301,1.379141617,0.485489465,49.75,27,100,696618,35.09448743,34.79544973,0.299037695,,771.1474609,0
FedAdam,CIFAR10,,0.9,0.999,302,1.331550085,0.514619771,51.72,21,100,696618,27.48981714,27.23605728,0.253759861,,771.1474609,0
FedAdam,CIFAR10,,0.9,0.999,303,1.274351437,0.540758317,53.91,24,100,696618,31.83068514,31.5542531,0.276432037,,771.1474609,0
FedAdam,CIFAR10,,0.9,0.999,304,1.250717545,0.544037866,55.18,23,100,696618,27.71737576,27.44792247,0.269453287,,771.1474609,0
FedAdam,CIFAR10,,0.9,0.999,305,1.320500141,0.507246589,52.18,22,100,696618,31.23624086,30.97941065,0.256830215,,771.1474609,0
FedAdam,CIFAR10,,0.9,0.999,306,1.321056,0.490654292,51.05,22,100,696618,30.88781714,30.63223624,0.255580902,,771.1474609,0
FedAdam,CIFAR10,,0.9,0.999,307,1.302755979,0.47489486,50.17,24,100,696618,35.21164584,34.93695235,0.274693489,,771.1474609,0
FedAdam,CIFAR10,,0.9,0.999,308,1.378860275,0.443542364,47.58,25,100,696618,31.91357827,31.6305356,0.283042669,,771.1474609,0
FedAdam,CIFAR10,,0.9,0.999,309,1.310748277,0.502988291,51.42,26,100,696618,32.83895278,32.54238749,0.296565294,,771.1474609,0
FedAdam,CIFAR10,,0.9,0.999,310,1.25239217,0.550562113,55.07,29,100,696618,30.2163322,29.87986326,0.336468935,,771.1474609,0
FedAdam,CIFAR10,,0.9,0.999,311,1.32288313,0.494965051,50.36,24,100,696618,27.29503703,27.03210449,0.262932539,,771.1474609,0
FedAdam,CIFAR10,,0.9,0.999,312,1.361121953,0.468044491,48.6,25,100,696618,28.72083187,28.43797541,0.282856464,,771.1474609,0
FedAdam,CIFAR10,,0.9,0.999,313,1.328030733,0.508034684,51.31,22,100,696618,33.14299154,32.90678549,0.236206055,,771.1474609,0
FedAdam,CIFAR10,,0.9,0.999,314,1.327656338,0.509992735,51.21,27,100,696618,33.83166575,33.52282572,0.308840036,,771.1474609,0
FedAdam,CIFAR10,,0.9,0.999,315,1.527593324,0.406112901,43.46,24,100,696618,31.01512694,30.72814345,0.28698349,,771.1474609,0
FedAdam,CIFAR10,,0.9,0.999,316,1.452065506,0.440904865,46.43,30,100,696618,40.28761768,39.93135405,0.356263638,,771.1474609,0
FedAdam,CIFAR10,,0.9,0.999,317,1.249896553,0.543209552,55.24,26,100,696618,32.16238284,31.87467527,0.287707567,,771.1474609,0
FedAdam,CIFAR10,,0.9,0.999,318,1.235231066,0.546634779,55.13,25,100,696618,31.66186023,31.35944963,0.302410603,,771.1474609,0
FedAdam,CIFAR10,,0.9,0.999,319,1.315673903,0.495927583,50.55,30,100,696618,36.0336771,35.68652654,0.347150564,,771.1474609,0
FedAdam,CIFAR10,,0.9,0.999,320,1.274960909,0.519550213,52.92,24,100,696618,27.70044374,27.44702148,0.25342226,,771.1474609,0
FedAdam,CIFAR10,,0.9,0.999,321,1.191168878,0.562408544,56.84,24,100,696618,33.15788913,32.88044977,0.277439356,,771.1474609,0
FedAdam,CIFAR10,,0.9,0.999,322,1.249863806,0.527150578,54.51,29,100,696618,38.62485576,38.31023002,0.31462574,,771.1474609,0
FedAdam,CIFAR10,,0.9,0.999,323,1.333392441,0.494378364,52.59,29,100,696618,35.76800299,35.44115615,0.326846838,,771.1474609,0
FedAdam,CIFAR10,,0.9,0.999,324,1.217261249,0.542641195,55.4,28,100,696618,33.89577603,33.58587933,0.309896708,,771.1474609,0
FedAdam,CIFAR10,,0.9,0.999,325,1.251950915,0.558980142,54.84,30,100,696618,34.86690784,34.54000878,0.326899052,,771.1474609,0
FedAdam,CIFAR10,,0.9,0.999,326,1.325012513,0.514227253,50.79,28,100,696618,35.88403296,35.58044767,0.303585291,,771.1474609,0
FedAdam,CIFAR10,,0.9,0.999,327,1.240383959,0.546691833,54.39,22,100,696618,26.84464884,26.5954268,0.24922204,,771.1474609,0
FedAdam,CIFAR10,,0.9,0.999,328,1.215047466,0.562112252,57.15,24,100,696618,28.24426079,27.96126294,0.282997847,,771.1474609,0
FedAdam,CIFAR10,,0.9,0.999,329,1.245493454,0.532540319,55.23,30,100,696618,35.97438693,35.64144206,0.33294487,,771.1474609,0
FedAdam,CIFAR10,,0.9,0.999,330,1.21729444,0.530980564,55.31,28,100,696618,37.30274463,36.99003148,0.312713146,,771.1474609,0
FedAdam,CIFAR10,,0.9,0.999,331,1.184841877,0.543676824,56.19,25,100,696618,29.85597515,29.58464551,0.271329641,,771.1474609,0
FedAdam,CIFAR10,,0.9,0.999,332,1.348185033,0.522176259,51.79,22,100,696618,27.71268392,27.46954465,0.243139267,,771.1474609,0
FedAdam,CIFAR10,,0.9,0.999,333,1.397398457,0.520876309,51.23,30,100,696618,39.42965317,39.09177589,0.337877274,,771.1474609,0
FedAdam,CIFAR10,,0.9,0.999,334,1.262340101,0.532851343,53.4,22,100,696618,28.0890379,27.84144354,0.247594357,,771.1474609,0
FedAdam,CIFAR10,,0.9,0.999,335,1.339971614,0.465266382,50.07,21,100,696618,29.985641,29.75158882,0.234052181,,771.1474609,0
FedAdam,CIFAR10,,0.9,0.999,336,1.457545337,0.441557305,47.26,29,100,696618,31.59677076,31.2766571,0.320113659,,771.1474609,0
FedAdam,CIFAR10,,0.9,0.999,337,1.204074326,0.558137724,57.29,28,100,696618,37.30525708,36.98401642,0.321240664,,771.1474609,0
FedAdam,CIFAR10,,0.9,0.999,338,1.179194204,0.574782312,57.41,27,100,696618,34.29829335,33.99074769,0.307545662,,771.1474609,0
FedAdam,CIFAR10,,0.9,0.999,339,1.292823948,0.527646637,51.82,30,100,696618,38.54096556,38.210989,0.329976559,,771.1474609,0
FedAdam,CIFAR10,,0.9,0.999,340,1.234371197,0.549861082,54.31,21,100,696618,26.24548912,26.01633692,0.229152203,,771.1474609,0
FedAdam,CIFAR10,,0.9,0.999,341,1.174132686,0.552635462,56.39,25,100,696618,27.52333164,27.23442793,0.288903713,,771.1474609,0
FedAdam,CIFAR10,,0.9,0.999,342,1.285416273,0.50091342,52.74,27,100,696618,33.36864519,33.06987619,0.298768997,,771.1474609,0
FedAdam,CIFAR10,,0.9,0.999,343,1.342512115,0.48493758,51.02,25,100,696618,34.04078841,33.75918961,0.281598806,,771.1474609,0
FedAdam,CIFAR10,,0.9,0.999,344,1.206559358,0.550641489,56.51,29,100,696618,38.17035413,37.85791159,0.312442541,,771.1474609,0
FedAdam,CIFAR10,,0.9,0.999,345,1.153349574,0.570389707,57.82,25,100,696618,30.62082815,30.31986856,0.300959587,,771.1474609,0
FedAdam,CIFAR10,,0.9,0.999,346,1.203775426,0.542617172,54.66,22,100,696618,26.76294351,26.50940609,0.253537416,,771.1474609,0
FedAdam,CIFAR10,,0.9,0.999,347,1.283791047,0.528872906,52.27,22,100,696618,24.3098042,24.0735178,0.236286402,,771.1474609,0
FedAdam,CIFAR10,,0.9,0.999,348,1.160606483,0.575830572,57.34,27,100,696618,33.50372982,33.20013475,0.303595066,,771.1474609,0
FedAdam,CIFAR10,,0.9,0.999,349,1.143080111,0.572723968,58.27,29,100,696618,38.30683136,37.98426151,0.322569847,,771.1474609,0
FedAdam,CIFAR10,,0.9,0.999,350,1.338652739,0.47023977,49.74,29,100,696618,36.00866079,35.68712926,0.321531534,,771.1474609,0
FedAdam,CIFAR10,,0.9,0.999,351,1.337745119,0.473381214,50.18,26,100,696618,30.59104085,30.29733419,0.293706656,,771.1474609,0
FedAdam,CIFAR10,,0.9,0.999,352,1.192726804,0.544946914,56.47,20,100,696618,22.23534942,22.01343989,0.221909523,,771.1474609,0
FedAdam,CIFAR10,,0.9,0.999,353,1.141447362,0.584195165,58.98,26,100,696618,30.18021178,29.87990522,0.300306559,,771.1474609,0
FedAdam,CIFAR10,,0.9,0.999,354,1.15131251,0.572468207,57.67,20,100,696618,28.99425364,28.77075958,0.223494053,,771.1474609,0
FedAdam,CIFAR10,,0.9,0.999,355,1.179710961,0.564847217,56.51,24,100,696618,29.20175982,28.91730142,0.284458399,,771.1474609,0
FedAdam,CIFAR10,,0.9,0.999,356,1.188596786,0.562357268,57.07,30,100,696618,37.47476387,37.12033677,0.354427099,,771.1474609,0
FedAdam,CIFAR10,,0.9,0.999,357,1.254531527,0.523833621,54.12,22,100,696618,27.50998378,27.24662375,0.263360023,,771.1474609,0
FedAdam,CIFAR10,,0.9,0.999,358,1.255534289,0.513637507,53.58,26,100,696618,31.26698852,30.94935608,0.317632437,,771.1474609,0
FedAdam,CIFAR10,,0.9,0.999,359,1.217836544,0.528446683,55.1,27,100,696618,31.32726359,31.00667477,0.320588827,,771.1474609,0
FedAdam,CIFAR10,,0.9,0.999,360,1.1877588,0.5568961,57.57,21,100,696618,26.35123658,26.09319854,0.258038044,,771.1474609,0
FedAdam,CIFAR10,,0.9,0.999,361,1.16516673,0.575690171,58.68,22,100,696618,30.73059726,30.45987177,0.270725489,,771.1474609,0
FedAdam,CIFAR10,,0.9,0.999,362,1.079166889,0.603876559,61.6,23,100,696618,29.15949774,28.88597322,0.273524523,,771.1474609,0
FedAdam,CIFAR10,,0.9,0.999,363,1.122051374,0.594565767,59.81,29,100,696618,38.39701462,38.05807376,0.338940859,,771.1474609,0
FedAdam,CIFAR10,,0.9,0.999,364,1.132230627,0.589520664,58.91,23,100,696618,28.48799968,28.22839475,0.259604931,,771.1474609,0
FedAdam,CIFAR10,,0.9,0.999,365,1.101313358,0.5987998,59.68,22,100,696618,25.94856286,25.70187783,0.246685028,,771.1474609,0
FedAdam,CIFAR10,,0.9,0.999,366,1.10436043,0.595871952,60.09,22,100,696618,25.76860571,25.49667907,0.271926641,,771.1474609,0
FedAdam,CIFAR10,,0.9,0.999,367,1.156633936,0.567890362,58.19,30,100,696618,38.61434364,38.27264118,0.341702461,,771.1474609,0
FedAdam,CIFAR10,,0.9,0.999,368,1.103949057,0.585127782,59.89,27,100,696618,30.90808797,30.5915947,0.316493273,,771.1474609,0
FedAdam,CIFAR10,,0.9,0.999,369,1.074998486,0.603769589,61.33,29,100,696618,38.58482838,38.26438141,0.320446968,,771.1474609,0
FedAdam,CIFAR10,,0.9,0.999,370,1.109106607,0.591086178,59.64,29,100,696618,40.05062294,39.71735501,0.333267927,,771.1474609,0
FedAdam,CIFAR10,,0.9,0.999,371,1.112630033,0.58568239,59.31,28,100,696618,38.57339454,38.23464441,0.338750124,,771.1474609,0
FedAdam,CIFAR10,,0.9,0.999,372,1.138484162,0.567136363,57.57,25,100,696618,32.82209158,32.54367065,0.278420925,,771.1474609,0
FedAdam,CIFAR10,,0.9,0.999,373,1.14184178,0.554887744,56.62,26,100,696618,34.12460589,33.82760286,0.297003031,,771.1474609,0
FedAdam,CIFAR10,,0.9,0.999,374,1.088958924,0.605158754,61.03,26,100,696618,35.25930667,34.92624569,0.33306098,,771.1474609,0
FedAdam,CIFAR10,,0.9,0.999,375,1.074731394,0.614843684,61.45,28,100,696618,35.66774583,35.33862853,0.329117298,,771.1474609,0
FedAdam,CIFAR10,,0.9,0.999,376,1.168322549,0.576454381,56.39,20,100,696618,26.46880984,26.22076702,0.248042822,,771.1474609,0
FedAdam,CIFAR10,,0.9,0.999,377,1.174539425,0.563399866,55.23,30,100,696618,41.13055515,40.75876737,0.371787786,,771.1474609,0
FedAdam,CIFAR10,,0.9,0.999,378,1.132421347,0.567806114,57.96,25,100,696618,33.83986497,33.55246854,0.287396431,,771.1474609,0
FedAdam,CIFAR10,,0.9,0.999,379,1.182225578,0.549190002,56.97,21,100,696618,26.79996204,26.53988433,0.260077715,,771.1474609,0
FedAdam,CIFAR10,,0.9,0.999,380,1.181920823,0.548372626,57.02,22,100,696618,28.81361628,28.54495692,0.268659353,,771.1474609,0
FedAdam,CIFAR10,,0.9,0.999,381,1.179740694,0.553923964,57.22,22,100,696618,25.7653451,25.50149202,0.263853073,,771.1474609,0
FedAdam,CIFAR10,,0.9,0.999,382,1.172120692,0.564492176,57.33,28,100,696618,33.21828055,32.89204192,0.326238632,,771.1474609,0
FedAdam,CIFAR10,,0.9,0.999,383,1.158035385,0.578735839,58.23,26,100,696618,31.36620784,31.07693219,0.289275646,,771.1474609,0
FedAdam,CIFAR10,,0.9,0.999,384,1.109457998,0.603813063,60.41,27,100,696618,38.62863612,38.3158865,0.312749624,,771.1474609,0
FedAdam,CIFAR10,,0.9,0.999,385,1.107887867,0.603246277,61.12,22,100,696618,26.32310414,26.06212902,0.260975122,,771.1474609,0
FedAdam,CIFAR10,,0.9,0.999,386,1.145188978,0.582299302,59.86,21,100,696618,27.22036338,26.9549365,0.265426874,,771.1474609,0
FedAdam,CIFAR10,,0.9,0.999,387,1.059368001,0.60406708,62,30,100,696618,41.24513578,40.92089963,0.324236155,,771.1474609,0
FedAdam,CIFAR10,,0.9,0.999,388,1.01118999,0.622539755,63.08,29,100,696618,38.81546521,38.48116302,0.334302187,,771.1474609,0
FedAdam,CIFAR10,,0.9,0.999,389,1.053198119,0.608418866,61.21,20,100,696618,20.95895624,20.72393203,0.235024214,,771.1474609,0
FedAdam,CIFAR10,,0.9,0.999,390,1.016858252,0.626091619,63.45,21,100,696618,25.57498217,25.33608413,0.238898039,,771.1474609,0
FedAdam,CIFAR10,,0.9,0.999,391,1.157234246,0.567280003,58.17,24,100,696618,30.68194389,30.41265488,0.269289017,,771.1474609,0
FedAdam,CIFAR10,,0.9,0.999,392,1.115503286,0.578625421,59.89,21,100,696618,24.88140273,24.63025761,0.251145124,,771.1474609,0
FedAdam,CIFAR10,,0.9,0.999,393,1.046363001,0.602960323,62.21,30,100,696618,31.66284037,31.32415462,0.338685751,,771.1474609,0
FedAdam,CIFAR10,,0.9,0.999,394,1.100352595,0.562939472,59.24,30,100,696618,35.35347414,34.99851584,0.354958296,,771.1474609,0
FedAdam,CIFAR10,,0.9,0.999,395,1.078306771,0.595753266,59.97,22,100,696618,29.23034263,28.97653532,0.253807306,,771.1474609,0
FedAdam,CIFAR10,,0.9,0.999,396,1.091090792,0.607311129,60.8,24,100,696618,32.13249063,31.85284829,0.279642344,,771.1474609,0
FedAdam,CIFAR10,,0.9,0.999,397,1.126222944,0.56678059,57.39,28,100,696618,38.06246805,37.73985028,0.322617769,,771.1474609,0
FedAdam,CIFAR10,,0.9,0.999,398,1.174723485,0.525830622,55.12,21,100,696618,29.2063303,28.96592093,0.240409374,,771.1474609,0
FedAdam,CIFAR10,,0.9,0.999,399,1.102605887,0.571392342,60.09,30,100,696618,33.92578602,33.59281182,0.332974195,,771.1474609,0
FedAdam,CIFAR10,,0.9,0.999,400,1.030919168,0.601741833,62.4,28,100,696618,39.04632258,38.74648762,0.299834967,,771.1474609,0
FedAdam,CIFAR10,,0.9,0.999,401,1.030397645,0.617757904,63.21,20,100,696618,25.12591624,24.88111663,0.244799614,,771.1474609,0
FedAdam,CIFAR10,,0.9,0.999,402,0.946865319,0.661510445,66.07,23,100,696618,33.50566912,33.25743675,0.248232365,,771.1474609,0
FedAdam,CIFAR10,,0.9,0.999,403,1.082078779,0.597461425,59.79,26,100,696618,32.83498502,32.54887366,0.286111355,,771.1474609,0
FedAdam,CIFAR10,,0.9,0.999,404,1.070786953,0.603390704,59.91,21,100,696618,26.40171218,26.15960193,0.242110252,,771.1474609,0
FedAdam,CIFAR10,,0.9,0.999,405,1.019762556,0.626302456,62.79,20,100,696618,24.7770927,24.53803492,0.239057779,,771.1474609,0
FedAdam,CIFAR10,,0.9,0.999,406,0.992519136,0.640552581,64.27,27,100,696618,32.94317961,32.63562322,0.307556391,,771.1474609,0
FedAdam,CIFAR10,,0.9,0.999,407,0.995934225,0.643710355,64.38,25,100,696618,29.05971885,28.76540518,0.294313669,,771.1474609,0
FedAdam,CIFAR10,,0.9,0.999,408,0.988265793,0.651481269,64.76,24,100,696618,30.38283706,30.09806776,0.284769297,,771.1474609,0
FedAdam,CIFAR10,,0.9,0.999,409,1.003250047,0.638663761,64.49,22,100,696618,24.01088285,23.74853063,0.262352228,,771.1474609,0
FedAdam,CIFAR10,,0.9,0.999,410,1.030435634,0.626455364,63.5,24,100,696618,29.3300302,29.0640285,0.266001701,,771.1474609,0
FedAdam,CIFAR10,,0.9,0.999,411,1.014440661,0.628659222,63.63,29,100,696618,33.90226269,33.58469009,0.317572594,,771.1474609,0
FedAdam,CIFAR10,,0.9,0.999,412,0.926522603,0.665462802,66.91,22,100,696618,25.15283132,24.90257168,0.250259638,,771.1474609,0
FedAdam,CIFAR10,,0.9,0.999,413,1.052549751,0.624970193,62.51,20,100,696618,22.89029837,22.6739881,0.216310263,,771.1474609,0
FedAdam,CIFAR10,,0.9,0.999,414,1.279424123,0.525849493,53.54,27,100,696618,33.2936883,33.008003,0.285685301,,771.1474609,0
FedAdam,CIFAR10,,0.9,0.999,415,1.101780937,0.594108429,59.8,21,100,696618,22.71474624,22.48992991,0.224816322,,771.1474609,0
FedAdam,CIFAR10,,0.9,0.999,416,1.007584862,0.63217264,63.76,25,100,696618,31.64732862,31.35324025,0.294088364,,771.1474609,0
FedAdam,CIFAR10,,0.9,0.999,417,1.099290088,0.586121894,61.06,20,100,696618,23.96302652,23.71987534,0.243151188,,771.1474609,0
FedAdam,CIFAR10,,0.9,0.999,418,0.998458281,0.636105382,64.43,28,100,696618,35.70797706,35.40493822,0.303038836,,771.1474609,0
FedAdam,CIFAR10,,0.9,0.999,419,1.076370269,0.603721868,60.67,26,100,696618,35.62137175,35.32371783,0.297653913,,771.1474609,0
FedAdam,CIFAR10,,0.9,0.999,420,1.231330503,0.529969431,54.84,26,100,696618,31.27658343,30.97921157,0.297371864,,771.1474609,0
FedAdam,CIFAR10,,0.9,0.999,421,1.141436612,0.565712341,57.48,27,100,696618,30.83459163,30.52754641,0.307045221,,771.1474609,0
FedAdam,CIFAR10,,0.9,0.999,422,0.951657846,0.657453994,65.7,21,100,696618,24.66965199,24.42379928,0.245852709,,771.1474609,0
FedAdam,CIFAR10,,0.9,0.999,423,1.029890069,0.617126889,62.95,29,100,696618,36.2914505,35.98482203,0.306628466,,771.1474609,0
FedAdam,CIFAR10,,0.9,0.999,424,1.02732134,0.612241115,62.93,30,100,696618,31.44043851,31.09955645,0.340882063,,771.1474609,0
FedAdam,CIFAR10,,0.9,0.999,425,0.985005868,0.635205363,65,26,100,696618,32.47286773,32.20574617,0.267121553,,771.1474609,0
FedAdam,CIFAR10,,0.9,0.999,426,1.014047735,0.633693069,64.37,22,100,696618,23.83661413,23.60227942,0.234334707,,771.1474609,0
FedAdam,CIFAR10,,0.9,0.999,427,0.974028221,0.645204636,65.55,29,100,696618,36.34351087,36.00202775,0.341483116,,771.1474609,0
FedAdam,CIFAR10,,0.9,0.999,428,1.037866542,0.614445359,62.28,22,100,696618,28.93965292,28.70125747,0.238395452,,771.1474609,0
FedAdam,CIFAR10,,0.9,0.999,429,1.002333347,0.640190377,63.95,20,100,696618,24.24589944,23.99078035,0.255119085,,771.1474609,0
FedAdam,CIFAR10,,0.9,0.999,430,1.01704428,0.634840922,63.41,30,100,696618,38.6265986,38.26623988,0.360358715,,771.1474609,0
FedAdam,CIFAR10,,0.9,0.999,431,0.989793439,0.6431405,64.08,29,100,696618,36.60641766,36.27312446,0.3332932,,771.1474609,0
FedAdam,CIFAR10,,0.9,0.999,432,1.161791248,0.570546381,56.52,23,100,696618,27.67785621,27.43060923,0.247246981,,771.1474609,0
FedAdam,CIFAR10,,0.9,0.999,433,1.118110423,0.58571738,58.52,28,100,696618,33.57064652,33.25538397,0.315262556,,771.1474609,0
FedAdam,CIFAR10,,0.9,0.999,434,0.98005452,0.648046552,65.21,25,100,696618,29.90064859,29.61001372,0.290634871,,771.1474609,0
FedAdam,CIFAR10,,0.9,0.999,435,0.911133265,0.672756818,67.6,28,100,696618,34.40609717,34.09027314,0.315824032,,771.1474609,0
FedAdam,CIFAR10,,0.9,0.999,436,0.894649962,0.66774975,67.64,23,100,696618,29.28366113,29.01247644,0.271184683,,771.1474609,0
FedAdam,CIFAR10,,0.9,0.999,437,0.905214523,0.670588248,67.57,29,100,696618,36.59719896,36.27370214,0.323496819,,771.1474609,0
FedAdam,CIFAR10,,0.9,0.999,438,0.971953164,0.650619465,65.43,23,100,696618,30.66529107,30.39916706,0.26612401,,771.1474609,0
FedAdam,CIFAR10,,0.9,0.999,439,1.040555409,0.616326172,62.41,25,100,696618,30.01906276,29.73700738,0.282055378,,771.1474609,0
FedAdam,CIFAR10,,0.9,0.999,440,0.934229985,0.654021683,65.78,28,100,696618,31.54591441,31.24868441,0.297230005,,771.1474609,0
FedAdam,CIFAR10,,0.9,0.999,441,0.938500439,0.644616126,65.95,27,100,696618,36.3611052,36.06077242,0.300332785,,771.1474609,0
FedAdam,CIFAR10,,0.9,0.999,442,0.943284992,0.653499776,66,23,100,696618,28.04314089,27.79510498,0.248035908,,771.1474609,0
FedAdam,CIFAR10,,0.9,0.999,443,0.940572904,0.655025282,65.91,27,100,696618,34.00804687,33.69678974,0.311257124,,771.1474609,0
FedAdam,CIFAR10,,0.9,0.999,444,0.937147315,0.656495007,65.64,23,100,696618,32.56333971,32.30406451,0.259275198,,771.1474609,0
FedAdam,CIFAR10,,0.9,0.999,445,0.869552066,0.693903718,69.2,26,100,696618,29.98880363,29.70688486,0.281918764,,771.1474609,0
FedAdam,CIFAR10,,0.9,0.999,446,0.884116637,0.682804462,68.4,21,100,696618,30.12674856,29.89067316,0.236075401,,771.1474609,0
FedAdam,CIFAR10,,0.9,0.999,447,0.868859112,0.675510641,68.52,25,100,696618,26.98680234,26.70872307,0.278079271,,771.1474609,0
FedAdam,CIFAR10,,0.9,0.999,448,0.920837065,0.657991471,66.19,20,100,696618,24.93646073,24.72017241,0.216288328,,771.1474609,0
FedAdam,CIFAR10,,0.9,0.999,449,0.893274558,0.676809068,67.89,30,100,696618,36.38382316,36.04596829,0.337854862,,771.1474609,0
FedAdam,CIFAR10,,0.9,0.999,450,0.84643653,0.690485262,69.55,29,100,696618,35.46838593,35.14131665,0.327069283,,771.1474609,0
FedAdam,CIFAR10,,0.9,0.999,451,0.892535062,0.66566637,67.67,27,100,696618,33.29621983,33.0174911,0.278728724,,771.1474609,0
FedAdam,CIFAR10,,0.9,0.999,452,0.909069378,0.666640735,67.51,30,100,696618,39.07479358,38.7531755,0.32161808,,771.1474609,0
FedAdam,CIFAR10,,0.9,0.999,453,0.859779022,0.69007459,69.45,23,100,696618,25.49690247,25.26129413,0.235608339,,771.1474609,0
FedAdam,CIFAR10,,0.9,0.999,454,0.840774043,0.694266221,69.87,28,100,696618,35.85147429,35.55474854,0.29672575,,771.1474609,0
FedAdam,CIFAR10,,0.9,0.999,455,0.880972744,0.679834032,68.25,30,100,696618,36.94251561,36.59031534,0.35220027,,771.1474609,0
FedAdam,CIFAR10,,0.9,0.999,456,0.838934291,0.700487189,70.12,26,100,696618,35.55698252,35.27034354,0.286638975,,771.1474609,0
FedAdam,CIFAR10,,0.9,0.999,457,0.886124734,0.680954757,68.37,22,100,696618,33.45698071,33.19302726,0.263953447,,771.1474609,0
FedAdam,CIFAR10,,0.9,0.999,458,0.934916346,0.657000961,66.21,26,100,696618,35.72521663,35.4301908,0.295025826,,771.1474609,0
FedAdam,CIFAR10,,0.9,0.999,459,0.875989394,0.682785071,69.08,21,100,696618,26.54201126,26.30685139,0.235159874,,771.1474609,0
FedAdam,CIFAR10,,0.9,0.999,460,0.8672088,0.683264004,68.96,21,100,696618,26.9306159,26.69621611,0.234399796,,771.1474609,0
FedAdam,CIFAR10,,0.9,0.999,461,0.860142363,0.690725102,69.33,25,100,696618,31.26760888,30.97830749,0.289301395,,771.1474609,0
FedAdam,CIFAR10,,0.9,0.999,462,0.898604787,0.678681811,67.8,29,100,696618,35.82553267,35.50403666,0.32149601,,771.1474609,0
FedAdam,CIFAR10,,0.9,0.999,463,0.892807774,0.678472854,68,29,100,696618,39.41077089,39.10377979,0.3069911,,771.1474609,0
FedAdam,CIFAR10,,0.9,0.999,464,0.865030509,0.690791742,69.39,25,100,696618,26.87639093,26.60785389,0.268537045,,771.1474609,0
FedAdam,CIFAR10,,0.9,0.999,465,0.90171808,0.671620248,67.87,30,100,696618,37.39405727,37.03880239,0.355254889,,771.1474609,0
FedAdam,CIFAR10,,0.9,0.999,466,0.84416515,0.694550471,69.75,25,100,696618,27.89748526,27.61715746,0.280327797,,771.1474609,0
FedAdam,CIFAR10,,0.9,0.999,467,0.87337816,0.682958764,68.76,24,100,696618,28.29386854,28.02726746,0.266601086,,771.1474609,0
FedAdam,CIFAR10,,0.9,0.999,468,1.054219912,0.618279996,62.38,20,100,696618,20.66876388,20.44964504,0.219118834,,771.1474609,0
FedAdam,CIFAR10,,0.9,0.999,469,1.004165611,0.637648335,64.52,20,100,696618,22.18609524,21.95388389,0.232211351,,771.1474609,0
FedAdam,CIFAR10,,0.9,0.999,470,0.893329159,0.675107278,68.94,27,100,696618,32.20098472,31.89896202,0.302022696,,771.1474609,0
FedAdam,CIFAR10,,0.9,0.999,471,0.92848224,0.659033322,67.28,28,100,696618,34.57282043,34.26888967,0.303930759,,771.1474609,0
FedAdam,CIFAR10,,0.9,0.999,472,0.849167195,0.691861669,69.6,21,100,696618,23.76993918,23.5299654,0.239973783,,771.1474609,0
FedAdam,CIFAR10,,0.9,0.999,473,0.821770773,0.70719105,70.9,28,100,696618,39.87360072,39.57824254,0.295358181,,771.1474609,0
FedAdam,CIFAR10,,0.9,0.999,474,0.937297985,0.658610308,65.83,30,100,696618,34.63625813,34.3078208,0.328437328,,771.1474609,0
FedAdam,CIFAR10,,0.9,0.999,475,0.844837216,0.695451827,69.39,25,100,696618,33.82421064,33.54070354,0.283507109,,771.1474609,0
FedAdam,CIFAR10,,0.9,0.999,476,0.776800302,0.724006465,72.33,23,100,696618,28.76677012,28.51604342,0.2507267,,771.1474609,0
FedAdam,CIFAR10,,0.9,0.999,477,0.767575704,0.730361739,72.99,22,100,696618,31.12044215,30.87251401,0.247928143,,771.1474609,0
FedAdam,CIFAR10,,0.9,0.999,478,0.937858422,0.649095918,65.77,26,100,696618,35.02754211,34.73609734,0.291444778,,771.1474609,0
FedAdam,CIFAR10,,0.9,0.999,479,0.930552729,0.656469236,66.05,21,100,696618,25.11611867,24.8797946,0.236324072,,771.1474609,0
FedAdam,CIFAR10,,0.9,0.999,480,0.806945225,0.723704132,71.49,20,100,696618,24.00808716,23.77384853,0.234238625,,771.1474609,0
FedAdam,CIFAR10,,0.9,0.999,481,0.805921793,0.71529266,71.19,29,100,696618,36.45317626,36.14589429,0.307281971,,771.1474609,0
FedAdam,CIFAR10,,0.9,0.999,482,0.818818947,0.700377946,71.02,29,100,696618,31.97949433,31.65053248,0.328961849,,771.1474609,0
FedAdam,CIFAR10,,0.9,0.999,483,0.852304159,0.689668491,70.11,25,100,696618,30.23273849,29.93306208,0.299676418,,771.1474609,0
FedAdam,CIFAR10,,0.9,0.999,484,0.872840878,0.68313425,69.02,28,100,696618,35.13786125,34.81900501,0.318856239,,771.1474609,0
FedAdam,CIFAR10,,0.9,0.999,485,0.907725039,0.680142754,68.26,21,100,696618,28.05871177,27.82872128,0.229990482,,771.1474609,0
FedAdam,CIFAR10,,0.9,0.999,486,0.965675694,0.664598862,66.22,22,100,696618,28.45800066,28.18843174,0.26956892,,771.1474609,0
FedAdam,CIFAR10,,0.9,0.999,487,0.814432557,0.717045696,71.5,22,100,696618,29.05570459,28.80348659,0.252218008,,771.1474609,0
FedAdam,CIFAR10,,0.9,0.999,488,0.785479078,0.722713295,72.49,24,100,696618,29.44847488,29.19086313,0.257611752,,771.1474609,0
FedAdam,CIFAR10,,0.9,0.999,489,0.895705049,0.692216678,69.63,22,100,696618,27.93695641,27.6790154,0.257941008,,771.1474609,0
FedAdam,CIFAR10,,0.9,0.999,490,0.840690243,0.704444886,70.31,21,100,696618,22.61966777,22.38126063,0.238407135,,771.1474609,0
FedAdam,CIFAR10,,0.9,0.999,491,0.763327212,0.732787232,73.26,21,100,696618,25.06081891,24.81602669,0.244792223,,771.1474609,0
FedAdam,CIFAR10,,0.9,0.999,492,0.824976209,0.704195097,70.65,21,100,696618,29.64614224,29.39985251,0.24628973,,771.1474609,0
FedAdam,CIFAR10,,0.9,0.999,493,0.83457044,0.690887542,69.7,26,100,696618,32.31698608,32.00712061,0.309865475,,771.1474609,0
FedAdam,CIFAR10,,0.9,0.999,494,0.766784643,0.716059652,72.41,28,100,696618,34.68960071,34.36656952,0.323031187,,771.1474609,0
FedAdam,CIFAR10,,0.9,0.999,495,0.782920702,0.72230081,72.53,29,100,696618,36.49140358,36.16235113,0.329052448,,771.1474609,0
FedAdam,CIFAR10,,0.9,0.999,496,1.23889362,0.566384775,56.53,22,100,696618,28.57081056,28.30461955,0.266191006,,771.1474609,0
FedAdam,CIFAR10,,0.9,0.999,497,0.924638107,0.667985366,66.7,28,100,696618,36.44102097,36.12347555,0.317545414,,771.1474609,0
FedAdam,CIFAR10,,0.9,0.999,498,0.814189982,0.712439812,71.75,26,100,696618,29.93859124,29.62825799,0.310333252,,771.1474609,0
FedAdam,CIFAR10,,0.9,0.999,499,0.839260853,0.694499712,69.95,24,100,696618,29.35941434,29.07927728,0.280137062,,771.1474609,0
FedAdam,CIFAR10,,0.9,0.999,500,0.813994316,0.716945842,71.06,24,100,696618,27.09477139,26.82600117,0.268770218,,771.1474609,0
FedAdam,CIFAR10,,0.9,0.999,1,2.716492675,0.048174665,13.02,22,100,696618,27.98549461,27.74146318,0.244031429,,747.1699219,1
FedAdam,CIFAR10,,0.9,0.999,2,2.428969077,0.018181818,10,21,100,696618,28.84285259,28.58048368,0.262368917,,747.1708984,1
FedAdam,CIFAR10,,0.9,0.999,3,2.338586028,0.018181818,10,24,100,696618,31.45183897,31.18658042,0.265258551,,755.1630859,1
FedAdam,CIFAR10,,0.9,0.999,4,2.399912711,0.018181818,10,27,100,696618,34.38829374,34.07472801,0.313565731,,763.1552734,1
FedAdam,CIFAR10,,0.9,0.999,5,2.419898858,0.034603216,10.35,30,100,696618,35.69460773,35.37998724,0.314620495,,771.1474609,1
FedAdam,CIFAR10,,0.9,0.999,6,2.343792854,0.018188432,10,23,100,696618,27.40204477,27.14272428,0.259320498,,771.1474609,1
FedAdam,CIFAR10,,0.9,0.999,7,2.294016619,0.051625567,13.86,24,100,696618,31.52204704,31.21594381,0.30610323,,771.1474609,1
FedAdam,CIFAR10,,0.9,0.999,8,2.336881172,0.032120977,10.8,25,100,696618,29.55773091,29.26354051,0.294190407,,771.1474609,1
FedAdam,CIFAR10,,0.9,0.999,9,2.334573082,0.063199875,13.14,30,100,696618,35.67987657,35.34721398,0.332662582,,771.1474609,1
FedAdam,CIFAR10,,0.9,0.999,10,2.257159521,0.058368697,16.23,29,100,696618,35.31460285,34.98987103,0.324731827,,771.1474609,1
FedAdam,CIFAR10,,0.9,0.999,11,2.250608559,0.08021436,16.41,25,100,696618,29.98852396,29.68550825,0.303015709,,771.1474609,1
FedAdam,CIFAR10,,0.9,0.999,12,2.3469728,0.083740119,17.11,22,100,696618,25.59174299,25.34313178,0.248611212,,771.1474609,1
FedAdam,CIFAR10,,0.9,0.999,13,2.375925379,0.051991533,12.03,20,100,696618,23.57040691,23.32611394,0.244292974,,771.1474609,1
FedAdam,CIFAR10,,0.9,0.999,14,2.220763899,0.099723301,17.96,21,100,696618,25.46537614,25.22743511,0.237941027,,771.1474609,1
FedAdam,CIFAR10,,0.9,0.999,15,2.218930241,0.114236223,18.32,24,100,696618,31.62139606,31.33982038,0.28157568,,771.1474609,1
FedAdam,CIFAR10,,0.9,0.999,16,2.222312452,0.080293409,16.94,21,100,696618,28.36920214,28.13819337,0.231008768,,771.1474609,1
FedAdam,CIFAR10,,0.9,0.999,17,2.214328419,0.054202848,15.44,21,100,696618,24.92255974,24.6721642,0.250395536,,771.1474609,1
FedAdam,CIFAR10,,0.9,0.999,18,2.216007013,0.070395128,15.12,20,100,696618,25.97113705,25.73252153,0.238615513,,771.1474609,1
FedAdam,CIFAR10,,0.9,0.999,19,2.22981309,0.08811608,16.98,30,100,696618,39.42654085,39.11686063,0.309680223,,771.1474609,1
FedAdam,CIFAR10,,0.9,0.999,20,2.285720243,0.074899485,16.65,26,100,696618,33.18775511,32.89990926,0.28784585,,771.1474609,1
FedAdam,CIFAR10,,0.9,0.999,21,2.255990626,0.069824295,16.5,26,100,696618,32.25448608,31.96191716,0.292568922,,771.1474609,1
FedAdam,CIFAR10,,0.9,0.999,22,2.220911991,0.092499846,17.79,20,100,696618,25.45472074,25.23603249,0.21868825,,771.1474609,1
FedAdam,CIFAR10,,0.9,0.999,23,2.174091963,0.090168395,18.43,28,100,696618,30.04875588,29.74159551,0.307160378,,771.1474609,1
FedAdam,CIFAR10,,0.9,0.999,24,2.158229941,0.090481402,18.15,23,100,696618,31.36667776,31.11725187,0.249425888,,771.1474609,1
FedAdam,CIFAR10,,0.9,0.999,25,2.146928717,0.117779389,20.42,28,100,696618,37.05469871,36.75586867,0.298830032,,771.1474609,1
FedAdam,CIFAR10,,0.9,0.999,26,2.159517749,0.066587318,15.65,23,100,696618,25.61027145,25.35900187,0.251269579,,771.1474609,1
FedAdam,CIFAR10,,0.9,0.999,27,2.133488026,0.095559946,19.22,27,100,696618,33.39963603,33.09445262,0.305183411,,771.1474609,1
FedAdam,CIFAR10,,0.9,0.999,28,2.153434754,0.086866798,18.05,22,100,696618,23.99989796,23.74176526,0.258132696,,771.1474609,1
FedAdam,CIFAR10,,0.9,0.999,29,2.156158148,0.053591312,15.42,30,100,696618,36.73531318,36.37753773,0.35777545,,771.1474609,1
FedAdam,CIFAR10,,0.9,0.999,30,2.137936665,0.093085707,19.73,20,100,696618,25.84100866,25.59951186,0.241496801,,771.1474609,1
FedAdam,CIFAR10,,0.9,0.999,31,2.122070409,0.074596395,17.7,30,100,696618,39.86962318,39.54571557,0.323907614,,771.1474609,1
FedAdam,CIFAR10,,0.9,0.999,32,2.104621622,0.084157262,18.52,24,100,696618,29.45620012,29.17601585,0.280184269,,771.1474609,1
FedAdam,CIFAR10,,0.9,0.999,33,2.19840385,0.086242304,18.56,21,100,696618,24.6344564,24.40450954,0.229946852,,771.1474609,1
FedAdam,CIFAR10,,0.9,0.999,34,2.185560165,0.091886826,18.63,30,100,696618,39.0020709,38.6598618,0.342209101,,771.1474609,1
FedAdam,CIFAR10,,0.9,0.999,35,2.073756341,0.116544192,20.77,20,100,696618,24.71237421,24.476372,0.236002207,,771.1474609,1
FedAdam,CIFAR10,,0.9,0.999,36,2.070328484,0.114726592,19.93,22,100,696618,30.34572673,30.10850501,0.237221718,,771.1474609,1
FedAdam,CIFAR10,,0.9,0.999,37,2.059914009,0.111264603,20.6,30,100,696618,38.25045991,37.94565845,0.304801464,,771.1474609,1
FedAdam,CIFAR10,,0.9,0.999,38,2.111651788,0.101384994,19.62,29,100,696618,39.59239221,39.26143694,0.330955267,,771.1474609,1
FedAdam,CIFAR10,,0.9,0.999,39,2.137553819,0.089924375,18.48,28,100,696618,34.04801106,33.74464464,0.303366423,,771.1474609,1
FedAdam,CIFAR10,,0.9,0.999,40,2.070319453,0.101438966,20.19,22,100,696618,25.64073896,25.38639903,0.254339933,,771.1474609,1
FedAdam,CIFAR10,,0.9,0.999,41,2.071929162,0.082915095,18.62,21,100,696618,29.47268581,29.23541164,0.23727417,,771.1474609,1
FedAdam,CIFAR10,,0.9,0.999,42,2.041722326,0.105752897,19.95,27,100,696618,31.55084276,31.27197003,0.278872728,,771.1474609,1
FedAdam,CIFAR10,,0.9,0.999,43,2.040918629,0.130803219,21.16,20,100,696618,24.82012796,24.60801935,0.212108612,,771.1474609,1
FedAdam,CIFAR10,,0.9,0.999,44,2.042199725,0.137621034,21.24,21,100,696618,22.11951876,21.89116716,0.228351593,,771.1474609,1
FedAdam,CIFAR10,,0.9,0.999,45,2.057404017,0.136362992,19.99,26,100,696618,30.78377724,30.4822371,0.301540136,,771.1474609,1
FedAdam,CIFAR10,,0.9,0.999,46,2.042015957,0.129982955,19.96,20,100,696618,25.490345,25.25195336,0.238391638,,771.1474609,1
FedAdam,CIFAR10,,0.9,0.999,47,1.980096822,0.153232371,23.65,29,100,696618,33.13396859,32.81228948,0.321679115,,771.1474609,1
FedAdam,CIFAR10,,0.9,0.999,48,2.006911071,0.09700619,19.12,25,100,696618,30.38238478,30.09372306,0.288661718,,771.1474609,1
FedAdam,CIFAR10,,0.9,0.999,49,2.049317475,0.102702737,18.49,26,100,696618,35.28054023,34.97945142,0.30108881,,771.1474609,1
FedAdam,CIFAR10,,0.9,0.999,50,2.050449674,0.090824911,19.61,28,100,696618,37.03539872,36.7050972,0.330301523,,771.1474609,1
FedAdam,CIFAR10,,0.9,0.999,51,2.042397705,0.086721399,18.92,21,100,696618,26.48639679,26.23504305,0.251353741,,771.1474609,1
FedAdam,CIFAR10,,0.9,0.999,52,2.028144972,0.118325591,20.91,20,100,696618,28.28596234,28.05800509,0.227957249,,771.1474609,1
FedAdam,CIFAR10,,0.9,0.999,53,2.138383518,0.122640447,18.51,24,100,696618,31.74660325,31.45515704,0.291446209,,771.1474609,1
FedAdam,CIFAR10,,0.9,0.999,54,2.082793781,0.126454644,19.05,22,100,696618,27.19060206,26.94478607,0.245815992,,771.1474609,1
FedAdam,CIFAR10,,0.9,0.999,55,2.026736782,0.13291516,20.46,22,100,696618,24.804178,24.53356004,0.270617962,,771.1474609,1
FedAdam,CIFAR10,,0.9,0.999,56,2.018604092,0.152475449,21.13,20,100,696618,25.57646394,25.3381846,0.238279343,,771.1474609,1
FedAdam,CIFAR10,,0.9,0.999,57,2.014649349,0.172625558,22.75,24,100,696618,28.92836285,28.65616488,0.272197962,,771.1474609,1
FedAdam,CIFAR10,,0.9,0.999,58,1.995180094,0.187790994,25.24,24,100,696618,28.41821313,28.14417052,0.274042606,,771.1474609,1
FedAdam,CIFAR10,,0.9,0.999,59,1.9849668,0.182838045,25.19,28,100,696618,35.3187387,35.00438404,0.314354658,,771.1474609,1
FedAdam,CIFAR10,,0.9,0.999,60,2.000410537,0.123339305,21.54,30,100,696618,38.55166984,38.19939137,0.352278471,,771.1474609,1
FedAdam,CIFAR10,,0.9,0.999,61,2.049101206,0.086574196,18.55,30,100,696618,37.45087481,37.09960437,0.351270437,,771.1474609,1
FedAdam,CIFAR10,,0.9,0.999,62,2.015062833,0.092694101,18.53,24,100,696618,32.18302751,31.92949271,0.253534794,,771.1474609,1
FedAdam,CIFAR10,,0.9,0.999,63,1.989380746,0.152731098,22.67,25,100,696618,33.47761774,33.20213866,0.275479078,,771.1474609,1
FedAdam,CIFAR10,,0.9,0.999,64,2.029924807,0.113436901,19.14,23,100,696618,30.75291109,30.50244951,0.250461578,,771.1474609,1
FedAdam,CIFAR10,,0.9,0.999,65,2.127450883,0.084890798,17.08,29,100,696618,36.42485023,36.10275364,0.322096586,,771.1474609,1
FedAdam,CIFAR10,,0.9,0.999,66,2.117345062,0.089897165,17.62,28,100,696618,36.1199615,35.81195521,0.308006287,,771.1474609,1
FedAdam,CIFAR10,,0.9,0.999,67,2.0232379,0.140452708,22.17,27,100,696618,35.89837241,35.60206485,0.296307564,,771.1474609,1
FedAdam,CIFAR10,,0.9,0.999,68,1.993613597,0.178440082,25.39,26,100,696618,29.59711719,29.27769041,0.319426775,,771.1474609,1
FedAdam,CIFAR10,,0.9,0.999,69,2.034179988,0.16473664,23.78,29,100,696618,33.782902,33.44133735,0.341564655,,771.1474609,1
FedAdam,CIFAR10,,0.9,0.999,70,2.033392155,0.14408022,22.61,30,100,696618,37.81338167,37.47698236,0.336399317,,771.1474609,1
FedAdam,CIFAR10,,0.9,0.999,71,2.012895671,0.161631836,23.92,24,100,696618,33.85239506,33.57416296,0.278232098,,771.1474609,1
FedAdam,CIFAR10,,0.9,0.999,72,2.008815475,0.144058567,24.1,21,100,696618,26.14745212,25.92045617,0.226995945,,771.1474609,1
FedAdam,CIFAR10,,0.9,0.999,73,2.001370371,0.144637151,23.58,20,100,696618,27.80828476,27.58035755,0.227927208,,771.1474609,1
FedAdam,CIFAR10,,0.9,0.999,74,1.962952904,0.15790221,24.38,20,100,696618,22.96374178,22.74250007,0.221241713,,771.1474609,1
FedAdam,CIFAR10,,0.9,0.999,75,1.950667642,0.158181592,22.16,28,100,696618,35.93017769,35.61873198,0.311445713,,771.1474609,1
FedAdam,CIFAR10,,0.9,0.999,76,2.006946003,0.148316951,20.93,24,100,696618,29.08183885,28.81528354,0.266555309,,771.1474609,1
FedAdam,CIFAR10,,0.9,0.999,77,1.99422721,0.141982539,21.54,21,100,696618,25.79142857,25.53516078,0.256267786,,771.1474609,1
FedAdam,CIFAR10,,0.9,0.999,78,2.013956471,0.129268361,20.59,25,100,696618,31.05219555,30.74063849,0.311557055,,771.1474609,1
FedAdam,CIFAR10,,0.9,0.999,79,1.989761125,0.132821616,21.73,21,100,696618,29.06793523,28.80647731,0.26145792,,771.1474609,1
FedAdam,CIFAR10,,0.9,0.999,80,1.973609306,0.110504647,20.98,21,100,696618,29.17153215,28.9132874,0.258244753,,771.1474609,1
FedAdam,CIFAR10,,0.9,0.999,81,1.969261064,0.115433651,20.95,26,100,696618,38.89544296,38.56726933,0.328173637,,771.1474609,1
FedAdam,CIFAR10,,0.9,0.999,82,1.971458712,0.162114968,22.92,20,100,696618,26.30548811,26.04912567,0.256362438,,771.1474609,1
FedAdam,CIFAR10,,0.9,0.999,83,1.972911653,0.151691007,23.49,29,100,696618,34.86904788,34.52002907,0.349018812,,771.1474609,1
FedAdam,CIFAR10,,0.9,0.999,84,1.94186298,0.171883538,23.58,28,100,696618,36.79598999,36.48588133,0.310108662,,771.1474609,1
FedAdam,CIFAR10,,0.9,0.999,85,1.94946904,0.147828391,22.53,27,100,696618,33.03156376,32.7300446,0.301519156,,771.1474609,1
FedAdam,CIFAR10,,0.9,0.999,86,1.988202102,0.121864929,20.68,25,100,696618,30.88202071,30.58536959,0.296651125,,771.1474609,1
FedAdam,CIFAR10,,0.9,0.999,87,1.995428548,0.137515458,20.37,23,100,696618,27.44708633,27.16974449,0.277341843,,771.1474609,1
FedAdam,CIFAR10,,0.9,0.999,88,1.924148953,0.19169769,24.71,25,100,696618,36.35461116,36.05071139,0.303899765,,771.1474609,1
FedAdam,CIFAR10,,0.9,0.999,89,1.873955685,0.207751896,26.37,25,100,696618,34.71570444,34.40698862,0.30871582,,771.1474609,1
FedAdam,CIFAR10,,0.9,0.999,90,1.893341569,0.149826876,24.75,29,100,696618,39.99860978,39.65433884,0.344270945,,771.1474609,1
FedAdam,CIFAR10,,0.9,0.999,91,1.900141145,0.158717721,25.5,22,100,696618,31.69379091,31.44157863,0.252212286,,771.1474609,1
FedAdam,CIFAR10,,0.9,0.999,92,1.90535501,0.184654548,26.45,30,100,696618,39.99270964,39.67042112,0.322288513,,771.1474609,1
FedAdam,CIFAR10,,0.9,0.999,93,1.933419867,0.195384051,24.68,29,100,696618,38.12605619,37.78801155,0.338044643,,771.1474609,1
FedAdam,CIFAR10,,0.9,0.999,94,2.002248388,0.131565261,20.41,27,100,696618,36.48955488,36.16209912,0.327455759,,771.1474609,1
FedAdam,CIFAR10,,0.9,0.999,95,1.953852331,0.121318433,21.27,27,100,696618,38.12042856,37.78162241,0.338806152,,771.1474609,1
FedAdam,CIFAR10,,0.9,0.999,96,1.907249369,0.150199868,24.79,29,100,696618,36.09891224,35.73263168,0.366280556,,771.1474609,1
FedAdam,CIFAR10,,0.9,0.999,97,1.919318203,0.170806443,25.85,27,100,696618,39.42973661,39.10832071,0.321415901,,771.1474609,1
FedAdam,CIFAR10,,0.9,0.999,98,1.903036707,0.191406064,26.55,22,100,696618,26.60832953,26.35026169,0.258067846,,771.1474609,1
FedAdam,CIFAR10,,0.9,0.999,99,1.904075144,0.192211824,26.43,29,100,696618,39.23935676,38.8907187,0.348638058,,771.1474609,1
FedAdam,CIFAR10,,0.9,0.999,100,1.901649409,0.216744922,27.82,26,100,696618,34.12799931,33.81950355,0.30849576,,771.1474609,1
FedAdam,CIFAR10,,0.9,0.999,101,1.915811511,0.232571457,27.91,27,100,696618,32.36857581,32.03998637,0.328589439,,771.1474609,1
FedAdam,CIFAR10,,0.9,0.999,102,1.886266471,0.200427435,26.69,20,100,696618,25.85490847,25.60656095,0.248347521,,771.1474609,1
FedAdam,CIFAR10,,0.9,0.999,103,1.89752109,0.160832335,24.44,29,100,696618,41.57756829,41.22376943,0.353798866,,771.1474609,1
FedAdam,CIFAR10,,0.9,0.999,104,1.863187598,0.202241202,28.06,28,100,696618,37.18353009,36.86082244,0.322707653,,771.1474609,1
FedAdam,CIFAR10,,0.9,0.999,105,1.849573501,0.20160436,29.03,21,100,696618,25.98881054,25.73557115,0.253239393,,771.1474609,1
FedAdam,CIFAR10,,0.9,0.999,106,2.003659538,0.187253213,25.82,29,100,696618,40.17467833,39.83330512,0.341373205,,771.1474609,1
FedAdam,CIFAR10,,0.9,0.999,107,2.057042625,0.182052638,24.16,22,100,696618,30.90131164,30.64144659,0.259865046,,771.1474609,1
FedAdam,CIFAR10,,0.9,0.999,108,1.886113675,0.214865727,27.96,20,100,696618,28.62475085,28.38479161,0.23995924,,771.1474609,1
FedAdam,CIFAR10,,0.9,0.999,109,1.851436944,0.225431446,28.62,30,100,696618,37.63529468,37.28556585,0.349728823,,771.1474609,1
FedAdam,CIFAR10,,0.9,0.999,110,1.841146277,0.234818892,29.33,29,100,696618,31.56969905,31.25784087,0.311858177,,771.1474609,1
FedAdam,CIFAR10,,0.9,0.999,111,1.820005247,0.288509379,32.73,25,100,696618,34.217628,33.91003156,0.307596445,,771.1474609,1
FedAdam,CIFAR10,,0.9,0.999,112,1.84012281,0.258098889,29.7,29,100,696618,35.54200339,35.19269252,0.349310875,,771.1474609,1
FedAdam,CIFAR10,,0.9,0.999,113,1.900133644,0.191730662,26.12,22,100,696618,28.05149984,27.77989435,0.271605492,,771.1474609,1
FedAdam,CIFAR10,,0.9,0.999,114,1.938147665,0.175185272,25.86,25,100,696618,28.36508274,28.07231379,0.292768955,,771.1474609,1
FedAdam,CIFAR10,,0.9,0.999,115,1.924441803,0.163619552,25.05,23,100,696618,27.77533555,27.52251339,0.252822161,,771.1474609,1
FedAdam,CIFAR10,,0.9,0.999,116,1.876651864,0.178117192,25.87,20,100,696618,27.15608096,26.91647124,0.239609718,,771.1474609,1
FedAdam,CIFAR10,,0.9,0.999,117,1.853521573,0.253254505,29.61,29,100,696618,34.88514233,34.56244493,0.322697401,,771.1474609,1
FedAdam,CIFAR10,,0.9,0.999,118,1.821103888,0.260114261,29.57,21,100,696618,25.54582238,25.29666305,0.249159336,,771.1474609,1
FedAdam,CIFAR10,,0.9,0.999,119,1.813974063,0.276897076,31.25,30,100,696618,36.99755883,36.67798948,0.319569349,,771.1474609,1
FedAdam,CIFAR10,,0.9,0.999,120,1.920966671,0.240919037,27.53,24,100,696618,30.5741396,30.30465889,0.269480705,,771.1474609,1
FedAdam,CIFAR10,,0.9,0.999,121,1.87916715,0.232787354,28.32,28,100,696618,34.82987642,34.51327229,0.316604137,,771.1474609,1
FedAdam,CIFAR10,,0.9,0.999,122,1.805268108,0.233584241,29.83,22,100,696618,32.69601011,32.45683265,0.239177465,,771.1474609,1
FedAdam,CIFAR10,,0.9,0.999,123,1.856677939,0.22057437,29.76,24,100,696618,31.95838642,31.67818904,0.280197382,,771.1474609,1
FedAdam,CIFAR10,,0.9,0.999,124,1.867294351,0.199485962,28.24,22,100,696618,28.78248763,28.53859425,0.243893385,,771.1474609,1
FedAdam,CIFAR10,,0.9,0.999,125,1.913844565,0.191444484,27.78,23,100,696618,31.70586085,31.45971513,0.246145725,,771.1474609,1
FedAdam,CIFAR10,,0.9,0.999,126,2.08930566,0.169018743,24.72,23,100,696618,26.90876818,26.63032675,0.278441429,,771.1474609,1
FedAdam,CIFAR10,,0.9,0.999,127,1.990962455,0.16283273,26.03,26,100,696618,35.81857395,35.51975226,0.298821688,,771.1474609,1
FedAdam,CIFAR10,,0.9,0.999,128,1.879651141,0.17086672,27.21,22,100,696618,26.6011107,26.34822202,0.25288868,,771.1474609,1
FedAdam,CIFAR10,,0.9,0.999,129,1.821474146,0.178096139,27.93,27,100,696618,33.28068066,32.97657394,0.304106712,,771.1474609,1
FedAdam,CIFAR10,,0.9,0.999,130,1.836824326,0.177725914,27.39,24,100,696618,31.49317479,31.22047853,0.272696257,,771.1474609,1
FedAdam,CIFAR10,,0.9,0.999,131,1.908387688,0.207258069,25.97,26,100,696618,36.43421483,36.13681889,0.297395945,,771.1474609,1
FedAdam,CIFAR10,,0.9,0.999,132,1.876254256,0.221791293,26.27,20,100,696618,28.09960508,27.8846488,0.214956284,,771.1474609,1
FedAdam,CIFAR10,,0.9,0.999,133,1.8115371,0.23144477,28.21,20,100,696618,26.86282325,26.64523053,0.217592716,,771.1474609,1
FedAdam,CIFAR10,,0.9,0.999,134,1.97965681,0.182268598,22.63,30,100,696618,36.98230147,36.6427083,0.339593172,,771.1474609,1
FedAdam,CIFAR10,,0.9,0.999,135,1.964463164,0.198329503,23.82,26,100,696618,30.52750421,30.23634648,0.291157722,,771.1474609,1
FedAdam,CIFAR10,,0.9,0.999,136,1.785884032,0.287447349,33.11,28,100,696618,34.59989977,34.27535033,0.324549437,,771.1474609,1
FedAdam,CIFAR10,,0.9,0.999,137,1.749511628,0.321611371,34.15,23,100,696618,26.35927963,26.09106374,0.268215895,,771.1474609,1
FedAdam,CIFAR10,,0.9,0.999,138,1.784701694,0.271597891,31.49,28,100,696618,34.47566462,34.17875218,0.296912432,,771.1474609,1
FedAdam,CIFAR10,,0.9,0.999,139,1.80730841,0.239148926,30.09,21,100,696618,28.16865063,27.9467032,0.221947432,,771.1474609,1
FedAdam,CIFAR10,,0.9,0.999,140,1.865197698,0.190812825,27.74,24,100,696618,34.4162178,34.13017583,0.286041975,,771.1474609,1
FedAdam,CIFAR10,,0.9,0.999,141,1.936837301,0.175596505,26.53,25,100,696618,30.62273836,30.35271072,0.270027637,,771.1474609,1
FedAdam,CIFAR10,,0.9,0.999,142,1.842512591,0.17770463,28.04,27,100,696618,33.31122088,33.01510596,0.296114922,,771.1474609,1
FedAdam,CIFAR10,,0.9,0.999,143,1.821755543,0.178746964,28.47,23,100,696618,27.69585872,27.42725778,0.268600941,,771.1474609,1
FedAdam,CIFAR10,,0.9,0.999,144,1.793319856,0.189815799,29.21,22,100,696618,26.37503743,26.13501596,0.240021467,,771.1474609,1
FedAdam,CIFAR10,,0.9,0.999,145,1.764978654,0.221696632,30.72,23,100,696618,29.49088168,29.22206068,0.268821001,,771.1474609,1
FedAdam,CIFAR10,,0.9,0.999,146,1.814570359,0.23709503,30.07,21,100,696618,26.67321634,26.45093298,0.222283363,,771.1474609,1
FedAdam,CIFAR10,,0.9,0.999,147,1.967386762,0.198956688,24.59,24,100,696618,29.77814078,29.50589085,0.272249937,,771.1474609,1
FedAdam,CIFAR10,,0.9,0.999,148,1.889938753,0.231644031,27.1,22,100,696618,27.46513271,27.21416593,0.250966787,,771.1474609,1
FedAdam,CIFAR10,,0.9,0.999,149,1.755050397,0.275615506,32.97,20,100,696618,23.29474807,23.0632813,0.23146677,,771.1474609,1
FedAdam,CIFAR10,,0.9,0.999,150,1.766390123,0.263495415,32.58,22,100,696618,31.05431628,30.79335999,0.260956287,,771.1474609,1
FedAdam,CIFAR10,,0.9,0.999,151,1.749001445,0.285256295,33.03,23,100,696618,28.57431197,28.32832932,0.245982647,,771.1474609,1
FedAdam,CIFAR10,,0.9,0.999,152,1.697256953,0.303778243,34.91,25,100,696618,28.16269565,27.8714149,0.291280746,,771.1474609,1
FedAdam,CIFAR10,,0.9,0.999,153,1.799413937,0.245085277,30.13,22,100,696618,25.09000444,24.82353187,0.266472578,,771.1474609,1
FedAdam,CIFAR10,,0.9,0.999,154,1.867767439,0.183598692,25.91,27,100,696618,38.12423539,37.81654501,0.307690382,,771.1474609,1
FedAdam,CIFAR10,,0.9,0.999,155,1.896546098,0.18505486,26.81,27,100,696618,33.05432844,32.7610755,0.293252945,,771.1474609,1
FedAdam,CIFAR10,,0.9,0.999,156,1.934057926,0.174128151,27.16,22,100,696618,25.87336612,25.62610888,0.247257233,,771.1474609,1
FedAdam,CIFAR10,,0.9,0.999,157,1.837842469,0.200256956,29.74,24,100,696618,31.9163475,31.66409731,0.252250195,,771.1474609,1
FedAdam,CIFAR10,,0.9,0.999,158,1.812405708,0.212643704,30.56,24,100,696618,30.61859655,30.36437631,0.254220247,,771.1474609,1
FedAdam,CIFAR10,,0.9,0.999,159,1.777973834,0.248370405,31.82,28,100,696618,36.6172595,36.29932284,0.317936659,,771.1474609,1
FedAdam,CIFAR10,,0.9,0.999,160,1.731143059,0.302251661,34.24,22,100,696618,25.06064057,24.80913782,0.251502752,,771.1474609,1
FedAdam,CIFAR10,,0.9,0.999,161,1.705536061,0.311575187,34.64,21,100,696618,22.59496856,22.35351992,0.241448641,,771.1474609,1
FedAdam,CIFAR10,,0.9,0.999,162,1.720294776,0.282375598,33.71,26,100,696618,31.35355163,31.05616546,0.297386169,,771.1474609,1
FedAdam,CIFAR10,,0.9,0.999,163,1.78752944,0.23873788,30.94,27,100,696618,34.8418355,34.52710319,0.314732313,,771.1474609,1
FedAdam,CIFAR10,,0.9,0.999,164,1.870672103,0.190809862,27.96,23,100,696618,33.0249486,32.76674604,0.258202553,,771.1474609,1
FedAdam,CIFAR10,,0.9,0.999,165,1.853088738,0.166450101,26.56,23,100,696618,30.51162744,30.24991155,0.261715889,,771.1474609,1
FedAdam,CIFAR10,,0.9,0.999,166,1.898609164,0.166883119,26.56,20,100,696618,26.36651015,26.13400292,0.232507229,,771.1474609,1
FedAdam,CIFAR10,,0.9,0.999,167,1.816867611,0.228708981,31.14,30,100,696618,35.96981359,35.6250205,0.344793081,,771.1474609,1
FedAdam,CIFAR10,,0.9,0.999,168,1.766237673,0.267761278,32.74,20,100,696618,24.54013538,24.29213071,0.248004675,,771.1474609,1
FedAdam,CIFAR10,,0.9,0.999,169,1.763794437,0.239906316,30.97,30,100,696618,34.6964252,34.33746815,0.358957052,,771.1474609,1
FedAdam,CIFAR10,,0.9,0.999,170,1.749117232,0.272957624,33.1,26,100,696618,32.97459316,32.6601789,0.314414263,,771.1474609,1
FedAdam,CIFAR10,,0.9,0.999,171,1.868830798,0.207023889,28.56,24,100,696618,34.051507,33.76511979,0.286387205,,771.1474609,1
FedAdam,CIFAR10,,0.9,0.999,172,1.84594861,0.197449987,29.13,26,100,696618,34.25384355,33.96217465,0.291668892,,771.1474609,1
FedAdam,CIFAR10,,0.9,0.999,173,1.783288735,0.207402331,29.23,21,100,696618,26.27026939,26.03009868,0.240170717,,771.1474609,1
FedAdam,CIFAR10,,0.9,0.999,174,1.75560519,0.232750714,31.09,26,100,696618,28.44736671,28.14351773,0.303848982,,771.1474609,1
FedAdam,CIFAR10,,0.9,0.999,175,1.756357433,0.270031018,32.46,25,100,696618,34.33840489,34.05999303,0.278411865,,771.1474609,1
FedAdam,CIFAR10,,0.9,0.999,176,1.738592162,0.313887395,34.04,30,100,696618,39.64228725,39.27277875,0.369508505,,771.1474609,1
FedAdam,CIFAR10,,0.9,0.999,177,1.757006219,0.307915281,33.57,28,100,696618,37.06068444,36.74207902,0.318605423,,771.1474609,1
FedAdam,CIFAR10,,0.9,0.999,178,1.72527767,0.315520166,34.75,26,100,696618,32.6052947,32.30515981,0.300134897,,771.1474609,1
FedAdam,CIFAR10,,0.9,0.999,179,1.653487729,0.361066009,39.19,24,100,696618,33.06919694,32.79855871,0.270638227,,771.1474609,1
FedAdam,CIFAR10,,0.9,0.999,180,1.661122452,0.328770151,36.72,26,100,696618,34.44036222,34.14891219,0.291450024,,771.1474609,1
FedAdam,CIFAR10,,0.9,0.999,181,1.692677303,0.276379362,33.45,30,100,696618,35.89626694,35.567523,0.328743935,,771.1474609,1
FedAdam,CIFAR10,,0.9,0.999,182,1.66437086,0.29651658,35.17,30,100,696618,37.44447637,37.1114099,0.333066463,,771.1474609,1
FedAdam,CIFAR10,,0.9,0.999,183,1.634821836,0.344030035,37.31,27,100,696618,29.68044257,29.3746748,0.305767775,,771.1474609,1
FedAdam,CIFAR10,,0.9,0.999,184,1.755723267,0.276473065,31.59,20,100,696618,22.67153502,22.4496634,0.221871614,,771.1474609,1
FedAdam,CIFAR10,,0.9,0.999,185,1.940537539,0.219221412,26.64,21,100,696618,23.73638058,23.48613334,0.25024724,,771.1474609,1
FedAdam,CIFAR10,,0.9,0.999,186,1.905662538,0.238029097,28.21,23,100,696618,29.32465911,29.0576098,0.267049313,,771.1474609,1
FedAdam,CIFAR10,,0.9,0.999,187,1.74518951,0.272310197,31.44,20,100,696618,24.99241066,24.75586867,0.236541986,,771.1474609,1
FedAdam,CIFAR10,,0.9,0.999,188,1.721156562,0.256657559,31.32,20,100,696618,24.55617833,24.33830118,0.21787715,,771.1474609,1
FedAdam,CIFAR10,,0.9,0.999,189,1.717532438,0.257397685,31.87,23,100,696618,30.36110568,30.10240769,0.258697987,,771.1474609,1
FedAdam,CIFAR10,,0.9,0.999,190,1.689401646,0.294741326,35.56,30,100,696618,36.60136652,36.28735256,0.314013958,,771.1474609,1
FedAdam,CIFAR10,,0.9,0.999,191,1.686611697,0.294021295,35.69,20,100,696618,25.17148495,24.95609713,0.215387821,,771.1474609,1
FedAdam,CIFAR10,,0.9,0.999,192,1.754384105,0.258130959,31.64,29,100,696618,38.40184951,38.07158995,0.330259562,,771.1474609,1
FedAdam,CIFAR10,,0.9,0.999,193,1.784950041,0.250616268,30.96,22,100,696618,24.5508554,24.29590678,0.254948616,,771.1474609,1
FedAdam,CIFAR10,,0.9,0.999,194,1.706456454,0.301200665,35.35,30,100,696618,39.02938294,38.69355893,0.335824013,,771.1474609,1
FedAdam,CIFAR10,,0.9,0.999,195,1.678040101,0.27537587,34.55,29,100,696618,38.9691391,38.63502431,0.33411479,,771.1474609,1
FedAdam,CIFAR10,,0.9,0.999,196,1.706873314,0.254440189,33.13,21,100,696618,25.44376397,25.19910121,0.244662762,,771.1474609,1
FedAdam,CIFAR10,,0.9,0.999,197,1.688879439,0.26825527,34.19,27,100,696618,34.01053429,33.70639968,0.304134607,,771.1474609,1
FedAdam,CIFAR10,,0.9,0.999,198,1.683929904,0.310229294,35.57,28,100,696618,33.31066871,33.01197386,0.298694849,,771.1474609,1
FedAdam,CIFAR10,,0.9,0.999,199,1.690160572,0.314303397,35.6,27,100,696618,34.31470919,34.00499082,0.30971837,,771.1474609,1
FedAdam,CIFAR10,,0.9,0.999,200,1.684960128,0.31840306,36.13,23,100,696618,30.96284461,30.72350311,0.239341497,,771.1474609,1
FedAdam,CIFAR10,,0.9,0.999,201,1.655460497,0.336283334,37.88,20,100,696618,30.38351512,30.14557528,0.237939835,,771.1474609,1
FedAdam,CIFAR10,,0.9,0.999,202,1.648198145,0.302608084,35.82,22,100,696618,27.16544676,26.91122484,0.254221916,,771.1474609,1
FedAdam,CIFAR10,,0.9,0.999,203,1.676810819,0.245403469,32.25,21,100,696618,27.49758077,27.22069955,0.276881218,,771.1474609,1
FedAdam,CIFAR10,,0.9,0.999,204,1.685087817,0.270957692,33.13,21,100,696618,29.16617799,28.89758611,0.268591881,,771.1474609,1
FedAdam,CIFAR10,,0.9,0.999,205,1.724656605,0.282936768,33.19,23,100,696618,29.14470053,28.88596797,0.258732557,,771.1474609,1
FedAdam,CIFAR10,,0.9,0.999,206,1.656486513,0.324044743,36.12,20,100,696618,22.52271199,22.29684901,0.22586298,,771.1474609,1
FedAdam,CIFAR10,,0.9,0.999,207,1.679895102,0.313807042,33.74,28,100,696618,34.92106271,34.60984826,0.311214447,,771.1474609,1
FedAdam,CIFAR10,,0.9,0.999,208,1.713059228,0.351945941,35.81,27,100,696618,33.60606003,33.32270169,0.283358335,,771.1474609,1
FedAdam,CIFAR10,,0.9,0.999,209,1.652379063,0.36156477,38.04,30,100,696618,40.31063414,39.97161269,0.339021444,,771.1474609,1
FedAdam,CIFAR10,,0.9,0.999,210,1.595278004,0.343830416,38.37,24,100,696618,32.8629272,32.59930873,0.263618469,,771.1474609,1
FedAdam,CIFAR10,,0.9,0.999,211,1.651317311,0.318709025,36.26,29,100,696618,39.33094931,39.01265502,0.318294287,,771.1474609,1
FedAdam,CIFAR10,,0.9,0.999,212,1.656953778,0.33207251,36.57,26,100,696618,29.41149116,29.11868715,0.292804003,,771.1474609,1
FedAdam,CIFAR10,,0.9,0.999,213,1.585979032,0.401138595,41.15,23,100,696618,31.59550905,31.34312797,0.252381086,,771.1474609,1
FedAdam,CIFAR10,,0.9,0.999,214,1.717863898,0.343003637,35.76,22,100,696618,27.0729599,26.82532716,0.247632742,,771.1474609,1
FedAdam,CIFAR10,,0.9,0.999,215,1.84882562,0.295289591,31.85,24,100,696618,27.2702837,27.00333643,0.266947269,,771.1474609,1
FedAdam,CIFAR10,,0.9,0.999,216,1.834930652,0.317530335,33.81,26,100,696618,35.52508116,35.21763682,0.307444334,,771.1474609,1
FedAdam,CIFAR10,,0.9,0.999,217,1.632310431,0.386264872,40.39,26,100,696618,35.83659291,35.53038645,0.306206465,,771.1474609,1
FedAdam,CIFAR10,,0.9,0.999,218,1.629073659,0.373183187,40.3,24,100,696618,28.49333596,28.23166156,0.261674404,,771.1474609,1
FedAdam,CIFAR10,,0.9,0.999,219,1.635883879,0.350194269,38.07,26,100,696618,36.38827777,36.09536695,0.292910814,,771.1474609,1
FedAdam,CIFAR10,,0.9,0.999,220,1.699708527,0.307019133,33.54,26,100,696618,30.93122649,30.64473319,0.286493301,,771.1474609,1
FedAdam,CIFAR10,,0.9,0.999,221,1.679270825,0.311180565,34.37,26,100,696618,31.35780835,31.04555702,0.312251329,,771.1474609,1
FedAdam,CIFAR10,,0.9,0.999,222,1.821837291,0.289912434,32.35,26,100,696618,32.14337492,31.84301472,0.300360203,,771.1474609,1
FedAdam,CIFAR10,,0.9,0.999,223,1.715083637,0.294171038,34.78,24,100,696618,33.32808208,33.04619074,0.281891346,,771.1474609,1
FedAdam,CIFAR10,,0.9,0.999,224,1.678575203,0.291124082,34.82,22,100,696618,30.5500648,30.29318523,0.256879568,,771.1474609,1
FedAdam,CIFAR10,,0.9,0.999,225,1.632076896,0.336478293,36.94,25,100,696618,35.92405057,35.61753798,0.306512594,,771.1474609,1
FedAdam,CIFAR10,,0.9,0.999,226,1.563414323,0.381705825,40.69,27,100,696618,38.97170615,38.66079569,0.310910463,,771.1474609,1
FedAdam,CIFAR10,,0.9,0.999,227,1.573485682,0.406970001,41.47,24,100,696618,30.40066838,30.10396862,0.296699762,,771.1474609,1
FedAdam,CIFAR10,,0.9,0.999,228,1.615470081,0.39386616,40.19,27,100,696618,37.29005885,36.96031475,0.329744101,,771.1474609,1
FedAdam,CIFAR10,,0.9,0.999,229,1.636975263,0.364368899,38.94,30,100,696618,38.47814608,38.13736129,0.340784788,,771.1474609,1
FedAdam,CIFAR10,,0.9,0.999,230,1.579927846,0.393573365,40.67,30,100,696618,38.94038677,38.58919311,0.351193666,,771.1474609,1
FedAdam,CIFAR10,,0.9,0.999,231,1.524940068,0.430092994,43.07,24,100,696618,30.06724167,29.78199601,0.285245657,,771.1474609,1
FedAdam,CIFAR10,,0.9,0.999,232,1.5916049,0.336648703,37.07,26,100,696618,32.97874451,32.68135023,0.297394276,,771.1474609,1
FedAdam,CIFAR10,,0.9,0.999,233,1.659735509,0.294380077,34.11,27,100,696618,38.5004046,38.19057274,0.309831858,,771.1474609,1
FedAdam,CIFAR10,,0.9,0.999,234,1.638805022,0.315434846,35.78,30,100,696618,40.45304918,40.10351849,0.349530697,,771.1474609,1
FedAdam,CIFAR10,,0.9,0.999,235,1.645728756,0.355217186,38.88,28,100,696618,38.10009456,37.77139926,0.328695297,,771.1474609,1
FedAdam,CIFAR10,,0.9,0.999,236,1.642887101,0.36943308,39.35,22,100,696618,33.84231758,33.57962036,0.26269722,,771.1474609,1
FedAdam,CIFAR10,,0.9,0.999,237,1.574187423,0.376314065,39.99,23,100,696618,31.34749126,31.06973886,0.277752399,,771.1474609,1
FedAdam,CIFAR10,,0.9,0.999,238,1.540256617,0.398281669,42.06,23,100,696618,28.23361731,27.96288347,0.270733833,,771.1474609,1
FedAdam,CIFAR10,,0.9,0.999,239,1.598546888,0.407319009,42.11,25,100,696618,35.24781513,34.9353106,0.31250453,,771.1474609,1
FedAdam,CIFAR10,,0.9,0.999,240,1.588802855,0.400158072,41.92,27,100,696618,32.9616487,32.64683795,0.314810753,,771.1474609,1
FedAdam,CIFAR10,,0.9,0.999,241,1.529577535,0.394152255,41.93,25,100,696618,33.60111165,33.31639838,0.284713268,,771.1474609,1
FedAdam,CIFAR10,,0.9,0.999,242,1.603678547,0.38175431,40.09,24,100,696618,31.75425339,31.46910596,0.285147429,,771.1474609,1
FedAdam,CIFAR10,,0.9,0.999,243,1.539029381,0.426275807,43.88,29,100,696618,42.02319026,41.68018222,0.343008041,,771.1474609,1
FedAdam,CIFAR10,,0.9,0.999,244,1.565433394,0.373835766,40.45,21,100,696618,25.42458582,25.17158246,0.253003359,,771.1474609,1
FedAdam,CIFAR10,,0.9,0.999,245,1.597860337,0.336858865,37.92,26,100,696618,29.781425,29.48587871,0.295546293,,771.1474609,1
FedAdam,CIFAR10,,0.9,0.999,246,1.545984718,0.366035537,40.26,25,100,696618,34.76513839,34.47925234,0.285886049,,771.1474609,1
FedAdam,CIFAR10,,0.9,0.999,247,1.493764122,0.411973703,43.37,25,100,696618,31.15030384,30.84277344,0.307530403,,771.1474609,1
FedAdam,CIFAR10,,0.9,0.999,248,1.562134687,0.383007817,40.85,25,100,696618,34.54438758,34.23950887,0.304878712,,771.1474609,1
FedAdam,CIFAR10,,0.9,0.999,249,1.609520912,0.347357172,38.73,24,100,696618,33.8712666,33.58486366,0.286402941,,771.1474609,1
FedAdam,CIFAR10,,0.9,0.999,250,1.564260411,0.374444201,40.25,22,100,696618,30.83532977,30.58984613,0.245483637,,771.1474609,1
FedAdam,CIFAR10,,0.9,0.999,251,1.460373512,0.452443686,45.97,28,100,696618,32.77063775,32.4694767,0.301161051,,771.1474609,1
FedAdam,CIFAR10,,0.9,0.999,252,1.448298949,0.476458815,47.56,30,100,696618,34.23812509,33.90475464,0.333370447,,771.1474609,1
FedAdam,CIFAR10,,0.9,0.999,253,1.469385387,0.457162453,46.51,21,100,696618,27.42301106,27.17896318,0.24404788,,771.1474609,1
FedAdam,CIFAR10,,0.9,0.999,254,1.417132012,0.479807532,48.7,29,100,696618,37.48163271,37.17382646,0.307806253,,771.1474609,1
FedAdam,CIFAR10,,0.9,0.999,255,1.435201113,0.449355717,46.23,25,100,696618,25.67093229,25.36394811,0.306984186,,771.1474609,1
FedAdam,CIFAR10,,0.9,0.999,256,1.632374846,0.351424334,38.97,20,100,696618,23.7979002,23.55567598,0.242224216,,771.1474609,1
FedAdam,CIFAR10,,0.9,0.999,257,1.604609278,0.339563698,38.73,30,100,696618,40.72562623,40.40683007,0.318796158,,771.1474609,1
FedAdam,CIFAR10,,0.9,0.999,258,1.456830594,0.410488822,44.47,28,100,696618,37.22721791,36.91752934,0.309688568,,771.1474609,1
FedAdam,CIFAR10,,0.9,0.999,259,1.433860378,0.439217848,45.42,28,100,696618,34.39885306,34.0877645,0.311088562,,771.1474609,1
FedAdam,CIFAR10,,0.9,0.999,260,1.461842193,0.454600431,46.26,22,100,696618,30.57713056,30.33590627,0.241224289,,771.1474609,1
FedAdam,CIFAR10,,0.9,0.999,261,1.453558642,0.458107001,46.55,29,100,696618,38.61920595,38.29464459,0.324561357,,771.1474609,1
FedAdam,CIFAR10,,0.9,0.999,262,1.445880765,0.472282278,47.15,21,100,696618,26.63176155,26.40364456,0.228116989,,771.1474609,1
FedAdam,CIFAR10,,0.9,0.999,263,1.619405689,0.391288286,38.9,22,100,696618,25.95565844,25.69020748,0.265450954,,771.1474609,1
FedAdam,CIFAR10,,0.9,0.999,264,1.701231541,0.327727972,34.31,24,100,696618,29.59466076,29.31447339,0.280187368,,771.1474609,1
FedAdam,CIFAR10,,0.9,0.999,265,1.550518129,0.347774931,38.63,29,100,696618,35.29918742,34.96524477,0.333942652,,771.1474609,1
FedAdam,CIFAR10,,0.9,0.999,266,1.497679459,0.377460803,41.91,23,100,696618,28.92461705,28.65305519,0.271561861,,771.1474609,1
FedAdam,CIFAR10,,0.9,0.999,267,1.49383956,0.371367577,41.41,23,100,696618,31.68960142,31.43931842,0.250283003,,771.1474609,1
FedAdam,CIFAR10,,0.9,0.999,268,1.407060605,0.422145186,45.48,27,100,696618,35.06306124,34.77939606,0.28366518,,771.1474609,1
FedAdam,CIFAR10,,0.9,0.999,269,1.421932409,0.449840949,47.09,20,100,696618,26.83609104,26.59319401,0.242897034,,771.1474609,1
FedAdam,CIFAR10,,0.9,0.999,270,1.421766792,0.438190352,46.11,30,100,696618,36.00661206,35.67499518,0.331616879,,771.1474609,1
FedAdam,CIFAR10,,0.9,0.999,271,1.413432899,0.452153725,46.71,28,100,696618,30.10755229,29.80786228,0.299690008,,771.1474609,1
FedAdam,CIFAR10,,0.9,0.999,272,1.431538466,0.459071801,47.03,30,100,696618,39.93656421,39.61137438,0.325189829,,771.1474609,1
FedAdam,CIFAR10,,0.9,0.999,273,1.501009953,0.373093529,41.74,29,100,696618,35.64098668,35.31715178,0.323834896,,771.1474609,1
FedAdam,CIFAR10,,0.9,0.999,274,1.570645087,0.325373003,39.3,20,100,696618,24.05608249,23.839082,0.217000484,,771.1474609,1
FedAdam,CIFAR10,,0.9,0.999,275,1.481563578,0.357418077,42.25,26,100,696618,32.90643668,32.62708068,0.279356003,,771.1474609,1
FedAdam,CIFAR10,,0.9,0.999,276,1.523856679,0.3820498,42.83,20,100,696618,25.39693809,25.18414354,0.212794542,,771.1474609,1
FedAdam,CIFAR10,,0.9,0.999,277,1.62016473,0.38156084,40.4,22,100,696618,27.22942829,26.9994626,0.229965687,,771.1474609,1
FedAdam,CIFAR10,,0.9,0.999,278,1.56838822,0.391907598,40.44,29,100,696618,33.27671099,32.95886087,0.317850113,,771.1474609,1
FedAdam,CIFAR10,,0.9,0.999,279,1.389130707,0.461958169,47.65,29,100,696618,39.09207821,38.75750494,0.334573269,,771.1474609,1
FedAdam,CIFAR10,,0.9,0.999,280,1.390087242,0.46877007,49.43,24,100,696618,28.94582534,28.6778357,0.267989635,,771.1474609,1
FedAdam,CIFAR10,,0.9,0.999,281,1.472566698,0.430335559,46.22,20,100,696618,21.85388184,21.61561084,0.238270998,,771.1474609,1
FedAdam,CIFAR10,,0.9,0.999,282,1.482899386,0.413696542,44.9,23,100,696618,24.63208365,24.38170314,0.250380516,,771.1474609,1
FedAdam,CIFAR10,,0.9,0.999,283,1.39208047,0.461072137,48.18,25,100,696618,31.61921549,31.34308839,0.2761271,,771.1474609,1
FedAdam,CIFAR10,,0.9,0.999,284,1.559596793,0.357132618,39.11,30,100,696618,36.67092991,36.33817792,0.332751989,,771.1474609,1
FedAdam,CIFAR10,,0.9,0.999,285,1.604894205,0.34617297,39.08,25,100,696618,27.66988659,27.40523028,0.264656305,,771.1474609,1
FedAdam,CIFAR10,,0.9,0.999,286,1.610366475,0.337835231,40.14,28,100,696618,34.86981368,34.5490346,0.320779085,,771.1474609,1
FedAdam,CIFAR10,,0.9,0.999,287,1.539269642,0.342799398,40.73,23,100,696618,30.6331985,30.38666368,0.246534824,,771.1474609,1
FedAdam,CIFAR10,,0.9,0.999,288,1.441025764,0.402791924,44.04,29,100,696618,35.09635425,34.77074814,0.325606108,,771.1474609,1
FedAdam,CIFAR10,,0.9,0.999,289,1.45322074,0.450538826,46.68,25,100,696618,30.3414278,30.06402135,0.277406454,,771.1474609,1
FedAdam,CIFAR10,,0.9,0.999,290,1.417176353,0.465685846,48.36,21,100,696618,26.91596317,26.6811347,0.234828472,,771.1474609,1
FedAdam,CIFAR10,,0.9,0.999,291,1.397426875,0.485647274,49.12,28,100,696618,35.74448967,35.41291118,0.331578493,,771.1474609,1
FedAdam,CIFAR10,,0.9,0.999,292,1.420541672,0.477867306,48.5,27,100,696618,31.63435149,31.32698536,0.307366133,,771.1474609,1
FedAdam,CIFAR10,,0.9,0.999,293,1.534786112,0.423557471,43.14,23,100,696618,24.68635416,24.44219351,0.244160652,,771.1474609,1
FedAdam,CIFAR10,,0.9,0.999,294,1.428401972,0.456960077,46.53,21,100,696618,28.56278586,28.3153398,0.24744606,,771.1474609,1
FedAdam,CIFAR10,,0.9,0.999,295,1.389780427,0.468494042,47.85,23,100,696618,31.91759086,31.66832376,0.249267101,,771.1474609,1
FedAdam,CIFAR10,,0.9,0.999,296,1.531847347,0.381715017,41.21,30,100,696618,39.76016927,39.40710974,0.35305953,,771.1474609,1
FedAdam,CIFAR10,,0.9,0.999,297,1.536362726,0.375902391,40.96,20,100,696618,20.72654057,20.50379086,0.22274971,,771.1474609,1
FedAdam,CIFAR10,,0.9,0.999,298,1.41308135,0.432499,45.75,21,100,696618,23.16919208,22.93089414,0.238297939,,771.1474609,1
FedAdam,CIFAR10,,0.9,0.999,299,1.357854545,0.463818587,48.58,26,100,696618,31.85865402,31.55763388,0.301020145,,771.1474609,1
FedAdam,CIFAR10,,0.9,0.999,300,1.450805579,0.460499707,47.22,23,100,696618,27.1398983,26.87087178,0.269026518,,771.1474609,1
FedAdam,CIFAR10,,0.9,0.999,301,1.438816804,0.478288733,48.02,30,100,696618,37.92979622,37.60517979,0.324616432,,771.1474609,1
FedAdam,CIFAR10,,0.9,0.999,302,1.365040555,0.505155622,50.44,27,100,696618,32.68118024,32.38037324,0.300806999,,771.1474609,1
FedAdam,CIFAR10,,0.9,0.999,303,1.43324361,0.436010376,45.29,28,100,696618,36.7195816,36.42191696,0.297664642,,771.1474609,1
FedAdam,CIFAR10,,0.9,0.999,304,1.444618641,0.40869952,44.38,21,100,696618,26.7339983,26.49063945,0.24335885,,771.1474609,1
FedAdam,CIFAR10,,0.9,0.999,305,1.377701903,0.440063501,47.75,26,100,696618,28.54905128,28.25258756,0.296463728,,771.1474609,1
FedAdam,CIFAR10,,0.9,0.999,306,1.366801499,0.459322538,48.07,23,100,696618,29.29200459,29.03420186,0.257802725,,771.1474609,1
FedAdam,CIFAR10,,0.9,0.999,307,1.318483162,0.493490482,49.72,29,100,696618,35.35208416,35.03090978,0.321174383,,771.1474609,1
FedAdam,CIFAR10,,0.9,0.999,308,1.309513631,0.506464862,51.05,24,100,696618,33.52355599,33.22911501,0.294440985,,771.1474609,1
FedAdam,CIFAR10,,0.9,0.999,309,1.29756976,0.512754362,52.1,26,100,696618,33.49242663,33.20621133,0.286215305,,771.1474609,1
FedAdam,CIFAR10,,0.9,0.999,310,1.310752778,0.495953603,51.68,27,100,696618,32.72140384,32.42479134,0.296612501,,771.1474609,1
FedAdam,CIFAR10,,0.9,0.999,311,1.342253912,0.480213189,49.94,28,100,696618,36.37428069,36.06947327,0.304807425,,771.1474609,1
FedAdam,CIFAR10,,0.9,0.999,312,1.396754992,0.453826255,47.98,29,100,696618,33.69232392,33.34587145,0.346452475,,771.1474609,1
FedAdam,CIFAR10,,0.9,0.999,313,1.308709971,0.489346054,51.3,23,100,696618,26.12534928,25.85961127,0.26573801,,771.1474609,1
FedAdam,CIFAR10,,0.9,0.999,314,1.312970542,0.484238768,50.2,22,100,696618,28.8749063,28.62085271,0.254053593,,771.1474609,1
FedAdam,CIFAR10,,0.9,0.999,315,1.360040199,0.464779143,48.49,26,100,696618,39.45261884,39.16473269,0.287886143,,771.1474609,1
FedAdam,CIFAR10,,0.9,0.999,316,1.336677384,0.483557574,49.85,20,100,696618,25.01555943,24.78470778,0.23085165,,771.1474609,1
FedAdam,CIFAR10,,0.9,0.999,317,1.320236559,0.515735316,51.85,29,100,696618,36.65574408,36.33669376,0.319050312,,771.1474609,1
FedAdam,CIFAR10,,0.9,0.999,318,1.381884048,0.496311565,49.18,26,100,696618,32.39300227,32.11401033,0.278991938,,771.1474609,1
FedAdam,CIFAR10,,0.9,0.999,319,1.402468561,0.486083539,48.84,20,100,696618,23.54390693,23.32685947,0.217047453,,771.1474609,1
FedAdam,CIFAR10,,0.9,0.999,320,1.301372316,0.518421573,52.9,30,100,696618,44.24084234,43.92897129,0.311871052,,771.1474609,1
FedAdam,CIFAR10,,0.9,0.999,321,1.306212365,0.500658833,52.3,23,100,696618,28.9749136,28.70779657,0.267117023,,771.1474609,1
FedAdam,CIFAR10,,0.9,0.999,322,1.356589246,0.480051722,49.92,25,100,696618,31.05154753,30.78552103,0.266026497,,771.1474609,1
FedAdam,CIFAR10,,0.9,0.999,323,1.261008011,0.526354073,53.11,23,100,696618,28.63279366,28.35524225,0.277551413,,771.1474609,1
FedAdam,CIFAR10,,0.9,0.999,324,1.306518062,0.535259076,52.87,21,100,696618,26.55928516,26.3273983,0.231886864,,771.1474609,1
FedAdam,CIFAR10,,0.9,0.999,325,1.429331087,0.48306596,48.79,26,100,696618,31.45301342,31.1614604,0.29155302,,771.1474609,1
FedAdam,CIFAR10,,0.9,0.999,326,1.465731775,0.452682611,47.25,22,100,696618,29.74757767,29.51033688,0.237240791,,771.1474609,1
FedAdam,CIFAR10,,0.9,0.999,327,1.307877523,0.519288396,52.55,28,100,696618,36.48002601,36.16603947,0.31398654,,771.1474609,1
FedAdam,CIFAR10,,0.9,0.999,328,1.286568003,0.540988247,53.76,21,100,696618,28.32896209,28.09867883,0.23028326,,771.1474609,1
FedAdam,CIFAR10,,0.9,0.999,329,1.431307894,0.461010782,46.82,22,100,696618,28.01097727,27.75709486,0.253882408,,771.1474609,1
FedAdam,CIFAR10,,0.9,0.999,330,1.373096778,0.470488317,48.9,20,100,696618,23.66549659,23.43752575,0.227970839,,771.1474609,1
FedAdam,CIFAR10,,0.9,0.999,331,1.273940124,0.500273554,52.04,25,100,696618,30.56565976,30.29539776,0.270262003,,771.1474609,1
FedAdam,CIFAR10,,0.9,0.999,332,1.283493321,0.531800619,53.65,27,100,696618,29.95168662,29.65324211,0.29844451,,771.1474609,1
FedAdam,CIFAR10,,0.9,0.999,333,1.413232113,0.504595529,50.65,26,100,696618,31.69227242,31.40871906,0.283553362,,771.1474609,1
FedAdam,CIFAR10,,0.9,0.999,334,1.27490525,0.555560498,55.03,23,100,696618,30.05344391,29.80159879,0.251845121,,771.1474609,1
FedAdam,CIFAR10,,0.9,0.999,335,1.204101822,0.57303552,57.35,23,100,696618,30.6362071,30.37332702,0.262880087,,771.1474609,1
FedAdam,CIFAR10,,0.9,0.999,336,1.253014344,0.553675538,55.95,25,100,696618,31.18797374,30.91011357,0.277860165,,771.1474609,1
FedAdam,CIFAR10,,0.9,0.999,337,1.295207443,0.537937619,54.45,29,100,696618,29.92440486,29.59568238,0.328722477,,771.1474609,1
FedAdam,CIFAR10,,0.9,0.999,338,1.259027768,0.526102112,53.23,24,100,696618,28.00960994,27.74193525,0.267674685,,771.1474609,1
FedAdam,CIFAR10,,0.9,0.999,339,1.351939042,0.468791116,49.16,21,100,696618,27.26880169,27.02792263,0.240879059,,771.1474609,1
FedAdam,CIFAR10,,0.9,0.999,340,1.390382981,0.476334355,49.68,24,100,696618,31.1673286,30.90364385,0.26368475,,771.1474609,1
FedAdam,CIFAR10,,0.9,0.999,341,1.269059936,0.517428854,53.81,20,100,696618,26.69564509,26.47740531,0.218239784,,771.1474609,1
FedAdam,CIFAR10,,0.9,0.999,342,1.190636981,0.533346662,55.68,25,100,696618,33.38639784,33.09516358,0.291234255,,771.1474609,1
FedAdam,CIFAR10,,0.9,0.999,343,1.263716651,0.499849031,52.8,26,100,696618,33.08869433,32.77972054,0.308973789,,771.1474609,1
FedAdam,CIFAR10,,0.9,0.999,344,1.291965541,0.503761106,52.29,21,100,696618,24.1627481,23.93564868,0.227099419,,771.1474609,1
FedAdam,CIFAR10,,0.9,0.999,345,1.241231766,0.544888542,55.2,21,100,696618,28.22407603,27.98746252,0.236613512,,771.1474609,1
FedAdam,CIFAR10,,0.9,0.999,346,1.216916611,0.563297623,56.48,24,100,696618,27.14424253,26.87677765,0.267464876,,771.1474609,1
FedAdam,CIFAR10,,0.9,0.999,347,1.254175361,0.54489891,54.8,25,100,696618,32.1293757,31.84217858,0.287197113,,771.1474609,1
FedAdam,CIFAR10,,0.9,0.999,348,1.276424179,0.527413645,53.54,30,100,696618,35.82306385,35.49696207,0.32610178,,771.1474609,1
FedAdam,CIFAR10,,0.9,0.999,349,1.215632902,0.555984714,55.41,21,100,696618,28.95593786,28.71575046,0.240187407,,771.1474609,1
FedAdam,CIFAR10,,0.9,0.999,350,1.187486811,0.556585924,56.3,26,100,696618,31.96620607,31.67767239,0.288533688,,771.1474609,1
FedAdam,CIFAR10,,0.9,0.999,351,1.318949919,0.508346841,51.98,27,100,696618,36.45285296,36.16240788,0.290445089,,771.1474609,1
FedAdam,CIFAR10,,0.9,0.999,352,1.385097093,0.469375829,48.7,26,100,696618,33.77699757,33.48502874,0.291968822,,771.1474609,1
FedAdam,CIFAR10,,0.9,0.999,353,1.242846474,0.536767122,54.55,20,100,696618,22.28058219,22.07134247,0.209239721,,771.1474609,1
FedAdam,CIFAR10,,0.9,0.999,354,1.163610208,0.571709921,57.96,21,100,696618,28.58289599,28.33290339,0.249992609,,771.1474609,1
FedAdam,CIFAR10,,0.9,0.999,355,1.202110954,0.562126006,56.7,22,100,696618,27.38744044,27.12622094,0.261219501,,771.1474609,1
FedAdam,CIFAR10,,0.9,0.999,356,1.285963609,0.521821423,53.38,26,100,696618,31.04740262,30.75737476,0.290027857,,771.1474609,1
FedAdam,CIFAR10,,0.9,0.999,357,1.223390106,0.553124356,55.72,20,100,696618,25.30281544,25.08038092,0.222434521,,771.1474609,1
FedAdam,CIFAR10,,0.9,0.999,358,1.334829256,0.479081556,48.72,27,100,696618,34.71673799,34.38304782,0.333690166,,771.1474609,1
FedAdam,CIFAR10,,0.9,0.999,359,1.397020946,0.428568349,46.55,30,100,696618,35.67147207,35.30969596,0.361776114,,771.1474609,1
FedAdam,CIFAR10,,0.9,0.999,360,1.206182427,0.53508274,55.97,25,100,696618,28.56662512,28.26481557,0.301809549,,771.1474609,1
FedAdam,CIFAR10,,0.9,0.999,361,1.280070572,0.492095717,53.3,28,100,696618,36.39176655,36.05527449,0.336492062,,771.1474609,1
FedAdam,CIFAR10,,0.9,0.999,362,1.283351296,0.505458995,53.09,22,100,696618,27.22196984,26.96630478,0.255665064,,771.1474609,1
FedAdam,CIFAR10,,0.9,0.999,363,1.272093617,0.505851589,52.84,23,100,696618,35.35885096,35.08752465,0.271326303,,771.1474609,1
FedAdam,CIFAR10,,0.9,0.999,364,1.3650862,0.482405561,50.18,22,100,696618,29.26292968,29.00878024,0.254149437,,771.1474609,1
FedAdam,CIFAR10,,0.9,0.999,365,1.359774596,0.473757204,48.73,30,100,696618,41.42084241,41.05760956,0.363232851,,771.1474609,1
FedAdam,CIFAR10,,0.9,0.999,366,1.244515037,0.542081873,54.3,27,100,696618,39.66355062,39.34355354,0.319997072,,771.1474609,1
FedAdam,CIFAR10,,0.9,0.999,367,1.176442348,0.566166858,57.24,21,100,696618,29.24495506,28.99806499,0.246890068,,771.1474609,1
FedAdam,CIFAR10,,0.9,0.999,368,1.190421946,0.530996474,54.92,25,100,696618,31.6305244,31.31247759,0.318046808,,771.1474609,1
FedAdam,CIFAR10,,0.9,0.999,369,1.170746351,0.552692795,56.96,22,100,696618,33.06892514,32.7883482,0.280576944,,771.1474609,1
FedAdam,CIFAR10,,0.9,0.999,370,1.181310363,0.571707138,57.7,27,100,696618,37.18655729,36.8514235,0.335133791,,771.1474609,1
FedAdam,CIFAR10,,0.9,0.999,371,1.269999343,0.527248015,53.52,23,100,696618,30.92137361,30.64277911,0.278594494,,771.1474609,1
FedAdam,CIFAR10,,0.9,0.999,372,1.51322354,0.415011366,44.26,23,100,696618,31.11705089,30.84686875,0.270182133,,771.1474609,1
FedAdam,CIFAR10,,0.9,0.999,373,1.417051446,0.44181128,48.07,21,100,696618,27.91000009,27.66832948,0.241670609,,771.1474609,1
FedAdam,CIFAR10,,0.9,0.999,374,1.290452558,0.508525053,52.65,23,100,696618,25.67024732,25.39345193,0.276795387,,771.1474609,1
FedAdam,CIFAR10,,0.9,0.999,375,1.272679335,0.516720113,53.06,28,100,696618,34.45658445,34.12696815,0.329616308,,771.1474609,1
FedAdam,CIFAR10,,0.9,0.999,376,1.185848227,0.555444629,56.81,21,100,696618,28.24651885,28.0030899,0.243428946,,771.1474609,1
FedAdam,CIFAR10,,0.9,0.999,377,1.249298626,0.537083696,54.89,20,100,696618,27.39562416,27.17404723,0.221576929,,771.1474609,1
FedAdam,CIFAR10,,0.9,0.999,378,1.323632223,0.515998791,52.54,28,100,696618,39.40580583,39.06950235,0.336303473,,771.1474609,1
FedAdam,CIFAR10,,0.9,0.999,379,1.14926255,0.580010244,58.9,26,100,696618,29.3289907,29.0405736,0.288417101,,771.1474609,1
FedAdam,CIFAR10,,0.9,0.999,380,1.212892457,0.52607979,55.43,25,100,696618,24.99183083,24.67571688,0.316113949,,771.1474609,1
FedAdam,CIFAR10,,0.9,0.999,381,1.347259866,0.470395472,50.93,30,100,696618,39.84571218,39.48652387,0.359188318,,771.1474609,1
FedAdam,CIFAR10,,0.9,0.999,382,1.213812058,0.526131666,55.46,27,100,696618,34.77678084,34.45547748,0.321303368,,771.1474609,1
FedAdam,CIFAR10,,0.9,0.999,383,1.117570417,0.577546741,59.36,27,100,696618,33.70877886,33.41597342,0.292805433,,771.1474609,1
FedAdam,CIFAR10,,0.9,0.999,384,1.220328948,0.55269331,55.7,28,100,696618,37.87652397,37.55056238,0.32596159,,771.1474609,1
FedAdam,CIFAR10,,0.9,0.999,385,1.258146277,0.543552862,54.24,27,100,696618,32.85823202,32.54583788,0.312394142,,771.1474609,1
FedAdam,CIFAR10,,0.9,0.999,386,1.207882034,0.56415609,55.97,20,100,696618,25.39750314,25.17100525,0.226497889,,771.1474609,1
FedAdam,CIFAR10,,0.9,0.999,387,1.160073957,0.574879261,57.43,28,100,696618,33.48755956,33.1595161,0.328043461,,771.1474609,1
FedAdam,CIFAR10,,0.9,0.999,388,1.343201358,0.479630518,49.62,20,100,696618,28.84009171,28.59010482,0.249986887,,771.1474609,1
FedAdam,CIFAR10,,0.9,0.999,389,1.308499511,0.484075483,50.26,27,100,696618,33.02517676,32.71183205,0.313344717,,771.1474609,1
FedAdam,CIFAR10,,0.9,0.999,390,1.150126915,0.568355151,57.18,25,100,696618,33.70651078,33.41201782,0.29449296,,771.1474609,1
FedAdam,CIFAR10,,0.9,0.999,391,1.16402813,0.551716694,56.86,20,100,696618,28.9151125,28.67266178,0.242450714,,771.1474609,1
FedAdam,CIFAR10,,0.9,0.999,392,1.150425163,0.564381902,58.36,20,100,696618,23.90903974,23.67091227,0.23812747,,771.1474609,1
FedAdam,CIFAR10,,0.9,0.999,393,1.137752875,0.557986659,58.3,20,100,696618,25.52232766,25.27983117,0.24249649,,771.1474609,1
FedAdam,CIFAR10,,0.9,0.999,394,1.148651613,0.556692454,57.79,23,100,696618,28.13633466,27.88288784,0.253446817,,771.1474609,1
FedAdam,CIFAR10,,0.9,0.999,395,1.204880291,0.523011803,54.89,20,100,696618,22.8526845,22.62153006,0.231154442,,771.1474609,1
FedAdam,CIFAR10,,0.9,0.999,396,1.132413598,0.570631966,58.57,22,100,696618,30.80248904,30.56646037,0.236028671,,771.1474609,1
FedAdam,CIFAR10,,0.9,0.999,397,1.126483763,0.576875858,58.61,23,100,696618,26.54013896,26.27888918,0.261249781,,771.1474609,1
FedAdam,CIFAR10,,0.9,0.999,398,1.220568445,0.531164104,54.23,27,100,696618,33.08624649,32.7894206,0.296825886,,771.1474609,1
FedAdam,CIFAR10,,0.9,0.999,399,1.144402113,0.582236932,58.36,27,100,696618,30.10468459,29.80586338,0.298821211,,771.1474609,1
FedAdam,CIFAR10,,0.9,0.999,400,1.113040336,0.585407399,59.45,21,100,696618,24.919554,24.67620206,0.243351936,,771.1474609,1
FedAdam,CIFAR10,,0.9,0.999,401,1.159354717,0.56367616,58.1,21,100,696618,23.03108931,22.78341722,0.247672081,,771.1474609,1
FedAdam,CIFAR10,,0.9,0.999,402,1.15687544,0.568555987,58.3,27,100,696618,33.71836638,33.43489385,0.283472538,,771.1474609,1
FedAdam,CIFAR10,,0.9,0.999,403,1.139622879,0.578270041,58.74,29,100,696618,31.64458108,31.32511449,0.319466591,,771.1474609,1
FedAdam,CIFAR10,,0.9,0.999,404,1.092433262,0.593768308,59.88,22,100,696618,29.12069869,28.8694818,0.251216888,,771.1474609,1
FedAdam,CIFAR10,,0.9,0.999,405,1.123839279,0.574213701,58.11,22,100,696618,27.10098863,26.8534627,0.24752593,,771.1474609,1
FedAdam,CIFAR10,,0.9,0.999,406,1.183032146,0.557080497,56.42,30,100,696618,36.09055471,35.760849,0.329705715,,771.1474609,1
FedAdam,CIFAR10,,0.9,0.999,407,1.121531078,0.572531998,58.94,27,100,696618,33.20006299,32.90174389,0.298319101,,771.1474609,1
FedAdam,CIFAR10,,0.9,0.999,408,1.06861069,0.607173472,61.62,20,100,696618,26.0784719,25.85452414,0.223947763,,771.1474609,1
FedAdam,CIFAR10,,0.9,0.999,409,1.09336536,0.60175646,61.32,29,100,696618,37.51535058,37.21631098,0.299039602,,771.1474609,1
FedAdam,CIFAR10,,0.9,0.999,410,1.065658559,0.617439018,62.38,27,100,696618,34.30984616,34.01485467,0.294991493,,771.1474609,1
FedAdam,CIFAR10,,0.9,0.999,411,1.068716743,0.616707867,61.67,27,100,696618,30.41030908,30.10365415,0.30665493,,771.1474609,1
FedAdam,CIFAR10,,0.9,0.999,412,1.079164835,0.602595104,60.55,23,100,696618,26.11471701,25.84473324,0.269983768,,771.1474609,1
FedAdam,CIFAR10,,0.9,0.999,413,1.132098454,0.583641521,58.7,23,100,696618,27.93800688,27.65054035,0.287466526,,771.1474609,1
FedAdam,CIFAR10,,0.9,0.999,414,1.166610873,0.556234394,57.27,22,100,696618,27.82301021,27.59559846,0.227411747,,771.1474609,1
FedAdam,CIFAR10,,0.9,0.999,415,1.282571733,0.510103284,53.34,27,100,696618,34.69501781,34.41559815,0.279419661,,771.1474609,1
FedAdam,CIFAR10,,0.9,0.999,416,1.262779874,0.51225342,52.2,24,100,696618,29.05342436,28.80064225,0.252782106,,771.1474609,1
FedAdam,CIFAR10,,0.9,0.999,417,1.109892047,0.590416245,59.69,28,100,696618,32.38685632,32.06652069,0.320335627,,771.1474609,1
FedAdam,CIFAR10,,0.9,0.999,418,1.056808658,0.610392528,61.68,29,100,696618,37.49530745,37.20143104,0.29387641,,771.1474609,1
FedAdam,CIFAR10,,0.9,0.999,419,1.114602504,0.588527835,59.63,26,100,696618,35.57429385,35.2855804,0.288713455,,771.1474609,1
FedAdam,CIFAR10,,0.9,0.999,420,1.07391043,0.60241852,61.1,22,100,696618,29.22602749,28.98724103,0.238786459,,771.1474609,1
FedAdam,CIFAR10,,0.9,0.999,421,1.087915801,0.597369152,60.47,25,100,696618,26.34033537,26.06883264,0.271502733,,771.1474609,1
FedAdam,CIFAR10,,0.9,0.999,422,1.137735642,0.568726246,58.45,23,100,696618,29.38140965,29.14157796,0.239831686,,771.1474609,1
FedAdam,CIFAR10,,0.9,0.999,423,1.174518336,0.559508177,57.53,24,100,696618,32.97171617,32.69681883,0.274897337,,771.1474609,1
FedAdam,CIFAR10,,0.9,0.999,424,1.100774821,0.585993773,59.44,25,100,696618,31.04067206,30.76901865,0.271653414,,771.1474609,1
FedAdam,CIFAR10,,0.9,0.999,425,1.020750755,0.635480027,63.42,29,100,696618,33.64468956,33.33867192,0.306017637,,771.1474609,1
FedAdam,CIFAR10,,0.9,0.999,426,1.025328993,0.632919737,63.47,28,100,696618,33.26066637,32.95309925,0.30756712,,771.1474609,1
FedAdam,CIFAR10,,0.9,0.999,427,1.023352869,0.62321026,63.14,23,100,696618,27.91611648,27.66170263,0.254413843,,771.1474609,1
FedAdam,CIFAR10,,0.9,0.999,428,1.109867947,0.588750655,59.57,21,100,696618,26.74345684,26.50764871,0.235808134,,771.1474609,1
FedAdam,CIFAR10,,0.9,0.999,429,1.165828861,0.55410492,56.69,27,100,696618,33.17241883,32.86643767,0.305981159,,771.1474609,1
FedAdam,CIFAR10,,0.9,0.999,430,1.091656866,0.580244475,59.15,30,100,696618,37.0842731,36.76733923,0.31693387,,771.1474609,1
FedAdam,CIFAR10,,0.9,0.999,431,1.120682355,0.579854607,57.99,22,100,696618,27.10825038,26.86308384,0.24516654,,771.1474609,1
FedAdam,CIFAR10,,0.9,0.999,432,1.150278001,0.590596457,58.56,20,100,696618,23.90484571,23.6868751,0.21797061,,771.1474609,1
FedAdam,CIFAR10,,0.9,0.999,433,1.119518161,0.598265867,60.1,30,100,696618,36.58057189,36.25227594,0.328295946,,771.1474609,1
FedAdam,CIFAR10,,0.9,0.999,434,1.129890838,0.590387817,59.52,23,100,696618,27.61695337,27.36359882,0.253354549,,771.1474609,1
FedAdam,CIFAR10,,0.9,0.999,435,1.115139585,0.575599638,59.94,30,100,696618,38.41929507,38.08384299,0.33545208,,771.1474609,1
FedAdam,CIFAR10,,0.9,0.999,436,1.145951082,0.560327571,59.01,21,100,696618,27.54348421,27.3245244,0.218959808,,771.1474609,1
FedAdam,CIFAR10,,0.9,0.999,437,1.073213068,0.585994246,60.99,27,100,696618,29.34647751,29.07053947,0.275938034,,771.1474609,1
FedAdam,CIFAR10,,0.9,0.999,438,1.027840079,0.612840292,62.13,21,100,696618,25.5127573,25.26210189,0.250655413,,771.1474609,1
FedAdam,CIFAR10,,0.9,0.999,439,1.107224663,0.583879604,59.07,22,100,696618,26.68858671,26.44474697,0.243839741,,771.1474609,1
FedAdam,CIFAR10,,0.9,0.999,440,1.134839084,0.570660804,57.27,28,100,696618,35.39401722,35.06821322,0.325803995,,771.1474609,1
FedAdam,CIFAR10,,0.9,0.999,441,1.061938459,0.61095281,61.46,22,100,696618,23.45127439,23.19664955,0.254624844,,771.1474609,1
FedAdam,CIFAR10,,0.9,0.999,442,1.012168425,0.638023999,64,28,100,696618,30.88037825,30.56004,0.320338249,,771.1474609,1
FedAdam,CIFAR10,,0.9,0.999,443,1.047317131,0.612318289,61.66,28,100,696618,32.88151789,32.56836581,0.313152075,,771.1474609,1
FedAdam,CIFAR10,,0.9,0.999,444,1.018154122,0.617672777,62.51,29,100,696618,35.47507405,35.14597583,0.329098225,,771.1474609,1
FedAdam,CIFAR10,,0.9,0.999,445,1.020238696,0.620579069,62.81,28,100,696618,33.54795671,33.23488688,0.31306982,,771.1474609,1
FedAdam,CIFAR10,,0.9,0.999,446,0.951681732,0.651030135,65.52,27,100,696618,29.34658742,29.03418827,0.312399149,,771.1474609,1
FedAdam,CIFAR10,,0.9,0.999,447,0.969366504,0.645835301,64.91,28,100,696618,39.51275229,39.20002842,0.312723875,,771.1474609,1
FedAdam,CIFAR10,,0.9,0.999,448,1.041295333,0.609097097,61.34,27,100,696618,33.73746753,33.43449068,0.302976847,,771.1474609,1
FedAdam,CIFAR10,,0.9,0.999,449,1.087340423,0.595523997,59.6,28,100,696618,37.61811137,37.31814265,0.299968719,,771.1474609,1
FedAdam,CIFAR10,,0.9,0.999,450,0.982199779,0.649051341,64.72,27,100,696618,31.00903034,30.7085166,0.300513744,,771.1474609,1
FedAdam,CIFAR10,,0.9,0.999,451,0.987340413,0.639161176,63.99,20,100,696618,26.88919449,26.64283824,0.246356249,,771.1474609,1
FedAdam,CIFAR10,,0.9,0.999,452,1.100170832,0.588552001,60.3,26,100,696618,36.63527036,36.35500526,0.280265093,,771.1474609,1
FedAdam,CIFAR10,,0.9,0.999,453,1.028791947,0.619442722,63.07,27,100,696618,35.23854613,34.92928624,0.309259892,,771.1474609,1
FedAdam,CIFAR10,,0.9,0.999,454,0.9310091,0.663015426,66.41,26,100,696618,33.26260042,32.96591663,0.296683788,,771.1474609,1
FedAdam,CIFAR10,,0.9,0.999,455,1.083913159,0.59457772,59.6,25,100,696618,28.36931968,28.09717011,0.272149563,,771.1474609,1
FedAdam,CIFAR10,,0.9,0.999,456,1.245050737,0.533926416,54.06,20,100,696618,27.51723218,27.2951982,0.222033978,,771.1474609,1
FedAdam,CIFAR10,,0.9,0.999,457,1.109907487,0.588038446,60.09,27,100,696618,36.05189872,35.73954201,0.31235671,,771.1474609,1
FedAdam,CIFAR10,,0.9,0.999,458,1.014588039,0.632314102,64,23,100,696618,28.70223236,28.45269871,0.249533653,,771.1474609,1
FedAdam,CIFAR10,,0.9,0.999,459,0.977199434,0.64466492,65.3,28,100,696618,34.42119098,34.10257411,0.318616867,,771.1474609,1
FedAdam,CIFAR10,,0.9,0.999,460,1.059649792,0.617237925,61.67,22,100,696618,29.30107903,29.04003716,0.26104188,,771.1474609,1
FedAdam,CIFAR10,,0.9,0.999,461,1.061169707,0.631288097,62.42,29,100,696618,41.6444838,41.33387899,0.310604811,,771.1474609,1
FedAdam,CIFAR10,,0.9,0.999,462,1.003397159,0.649994505,64.31,24,100,696618,30.94313073,30.66509438,0.278036356,,771.1474609,1
FedAdam,CIFAR10,,0.9,0.999,463,0.959901989,0.649605036,65.37,21,100,696618,26.74964905,26.51152563,0.238123417,,771.1474609,1
FedAdam,CIFAR10,,0.9,0.999,464,0.954636549,0.65354387,66.03,26,100,696618,31.12797904,30.84852409,0.279454947,,771.1474609,1
FedAdam,CIFAR10,,0.9,0.999,465,1.001901675,0.622581098,63.52,23,100,696618,29.74057126,29.48856401,0.252007246,,771.1474609,1
FedAdam,CIFAR10,,0.9,0.999,466,1.014615496,0.613652495,62.42,23,100,696618,28.35980725,28.09341407,0.266393185,,771.1474609,1
FedAdam,CIFAR10,,0.9,0.999,467,1.014541259,0.618485593,62.82,27,100,696618,32.89056969,32.57103634,0.319533348,,771.1474609,1
FedAdam,CIFAR10,,0.9,0.999,468,0.937641467,0.667987422,66.33,22,100,696618,27.95669508,27.71406507,0.242630005,,771.1474609,1
FedAdam,CIFAR10,,0.9,0.999,469,0.923912539,0.664968519,66.55,21,100,696618,29.71909809,29.49087858,0.228219509,,771.1474609,1
FedAdam,CIFAR10,,0.9,0.999,470,1.01061806,0.611637627,63.19,27,100,696618,29.81712317,29.50207424,0.315048933,,771.1474609,1
FedAdam,CIFAR10,,0.9,0.999,471,1.059024638,0.588732093,61.64,25,100,696618,34.92212033,34.64055562,0.281564713,,771.1474609,1
FedAdam,CIFAR10,,0.9,0.999,472,0.956064654,0.640392111,65.24,25,100,696618,30.95162892,30.67297363,0.278655291,,771.1474609,1
FedAdam,CIFAR10,,0.9,0.999,473,0.951167543,0.6638969,66.4,25,100,696618,32.74970007,32.48326731,0.266432762,,771.1474609,1
FedAdam,CIFAR10,,0.9,0.999,474,0.997821858,0.644634152,64.25,26,100,696618,34.91589427,34.61545205,0.300442219,,771.1474609,1
FedAdam,CIFAR10,,0.9,0.999,475,0.997760748,0.64393765,64.06,23,100,696618,31.95910239,31.69943714,0.259665251,,771.1474609,1
FedAdam,CIFAR10,,0.9,0.999,476,0.9376135,0.653622554,65.8,26,100,696618,31.91201305,31.61033106,0.301681995,,771.1474609,1
FedAdam,CIFAR10,,0.9,0.999,477,0.959827846,0.650810059,65.23,25,100,696618,33.22764683,32.95205832,0.275588512,,771.1474609,1
FedAdam,CIFAR10,,0.9,0.999,478,1.086582613,0.606809309,60.33,20,100,696618,22.43876433,22.21438527,0.224379063,,771.1474609,1
FedAdam,CIFAR10,,0.9,0.999,479,0.96370445,0.655891992,65.33,26,100,696618,30.72607827,30.45560551,0.270472765,,771.1474609,1
FedAdam,CIFAR10,,0.9,0.999,480,1.005344575,0.640825046,64.89,24,100,696618,29.28151846,29.02317452,0.258343935,,771.1474609,1
FedAdam,CIFAR10,,0.9,0.999,481,1.187717348,0.577149496,58.1,25,100,696618,28.4895792,28.21958876,0.269990444,,771.1474609,1
FedAdam,CIFAR10,,0.9,0.999,482,1.078692168,0.602744669,61.37,26,100,696618,33.65369964,33.38231397,0.27138567,,771.1474609,1
FedAdam,CIFAR10,,0.9,0.999,483,0.985536602,0.641693613,65.25,27,100,696618,30.76756406,30.46168208,0.305881977,,771.1474609,1
FedAdam,CIFAR10,,0.9,0.999,484,1.082182686,0.605272384,61.05,28,100,696618,33.77865744,33.47032762,0.308329821,,771.1474609,1
FedAdam,CIFAR10,,0.9,0.999,485,1.091595287,0.592361651,59.91,23,100,696618,30.06352735,29.79971671,0.263810635,,771.1474609,1
FedAdam,CIFAR10,,0.9,0.999,486,1.037116451,0.614940269,62.02,26,100,696618,32.15485692,31.8595624,0.295294523,,771.1474609,1
FedAdam,CIFAR10,,0.9,0.999,487,1.077160763,0.615206282,61.78,28,100,696618,36.93367672,36.60855126,0.325125456,,771.1474609,1
FedAdam,CIFAR10,,0.9,0.999,488,0.99362867,0.643453948,64.82,22,100,696618,23.30500984,23.04547167,0.259538174,,771.1474609,1
FedAdam,CIFAR10,,0.9,0.999,489,0.952872672,0.657421456,66.65,24,100,696618,31.76873231,31.51923156,0.249500751,,771.1474609,1
FedAdam,CIFAR10,,0.9,0.999,490,0.979492415,0.622267935,64.22,29,100,696618,37.68372965,37.32362604,0.360103607,,771.1474609,1
FedAdam,CIFAR10,,0.9,0.999,491,1.002115728,0.628462834,64.61,21,100,696618,22.20173812,21.95094252,0.250795603,,771.1474609,1
FedAdam,CIFAR10,,0.9,0.999,492,1.017899103,0.635833286,64.31,25,100,696618,30.0820024,29.79088473,0.291117668,,771.1474609,1
FedAdam,CIFAR10,,0.9,0.999,493,1.045294027,0.63132541,62.76,25,100,696618,30.36541867,30.08350205,0.281916618,,771.1474609,1
FedAdam,CIFAR10,,0.9,0.999,494,1.0009356,0.637186979,63.92,21,100,696618,27.35288239,27.12578702,0.227095366,,771.1474609,1
FedAdam,CIFAR10,,0.9,0.999,495,0.938966354,0.663445203,66.23,23,100,696618,29.22200513,28.97186804,0.250137091,,771.1474609,1
FedAdam,CIFAR10,,0.9,0.999,496,1.031167429,0.621614048,62.35,30,100,696618,40.14704204,39.8072505,0.339791536,,771.1474609,1
FedAdam,CIFAR10,,0.9,0.999,497,0.955225112,0.644553463,65.22,21,100,696618,30.58853459,30.34766173,0.24087286,,771.1474609,1
FedAdam,CIFAR10,,0.9,0.999,498,0.904591692,0.677919577,68.04,22,100,696618,21.99766803,21.74487925,0.252788782,,771.1474609,1
FedAdam,CIFAR10,,0.9,0.999,499,1.003001186,0.638803271,64.45,28,100,696618,36.80407071,36.49364066,0.31043005,,771.1474609,1
FedAdam,CIFAR10,,0.9,0.999,500,0.977370237,0.631776955,64.7,23,100,696618,29.68599892,29.41757894,0.268419981,,771.1474609,1
FedAdam,CIFAR10,,0.9,0.999,1,2.694420684,0.033745508,10.74,20,100,696618,22.76960182,22.55320406,0.216397762,,741.8417969,2
FedAdam,CIFAR10,,0.9,0.999,2,2.358002796,0.042745095,12.34,28,100,696618,33.14805937,32.85103917,0.297020197,,765.8193359,2
FedAdam,CIFAR10,,0.9,0.999,3,2.369719177,0.018171886,9.98,26,100,696618,37.11286259,36.83662009,0.276242495,,765.8193359,2
FedAdam,CIFAR10,,0.9,0.999,4,2.380340881,0.018181818,10,27,100,696618,30.364995,30.08253932,0.282455683,,765.8193359,2
FedAdam,CIFAR10,,0.9,0.999,5,2.378627196,0.021500116,10.17,21,100,696618,24.03423977,23.80455971,0.229680061,,765.8193359,2
FedAdam,CIFAR10,,0.9,0.999,6,2.380928399,0.042184549,12.8,20,100,696618,23.3706708,23.13066077,0.240010023,,765.8193359,2
FedAdam,CIFAR10,,0.9,0.999,7,2.354923045,0.018384725,10.01,20,100,696618,26.78919554,26.54834867,0.240846872,,765.8193359,2
FedAdam,CIFAR10,,0.9,0.999,8,2.34295458,0.018181818,10,29,100,696618,36.00700927,35.70191455,0.305094719,,768.4833984,2
FedAdam,CIFAR10,,0.9,0.999,9,2.332967162,0.018181818,10,20,100,696618,26.9768827,26.76376629,0.213116407,,768.4833984,2
FedAdam,CIFAR10,,0.9,0.999,10,2.360510591,0.018181818,10,26,100,696618,33.59801745,33.29823136,0.299786091,,768.4833984,2
FedAdam,CIFAR10,,0.9,0.999,11,2.372069827,0.018181818,10,30,100,696618,32.65262985,32.30743504,0.345194817,,771.1474609,2
FedAdam,CIFAR10,,0.9,0.999,12,2.29465826,0.034395384,10.92,24,100,696618,26.55502486,26.2899828,0.265042067,,771.1474609,2
FedAdam,CIFAR10,,0.9,0.999,13,2.304319975,0.048903803,14.73,25,100,696618,33.96498203,33.7065649,0.25841713,,771.1474609,2
FedAdam,CIFAR10,,0.9,0.999,14,2.399031135,0.018181818,10,22,100,696618,26.95267272,26.72582912,0.226843596,,771.1474609,2
FedAdam,CIFAR10,,0.9,0.999,15,2.414943649,0.018383271,10.01,21,100,696618,25.55549502,25.31428814,0.241206884,,771.1474609,2
FedAdam,CIFAR10,,0.9,0.999,16,2.503027351,0.069292588,15.48,21,100,696618,28.09568453,27.84373236,0.251952171,,771.1474609,2
FedAdam,CIFAR10,,0.9,0.999,17,2.636722633,0.035072084,11.05,22,100,696618,25.86168909,25.59272933,0.268959761,,771.1474609,2
FedAdam,CIFAR10,,0.9,0.999,18,2.467989706,0.041901131,11.95,28,100,696618,35.55404973,35.25060725,0.303442478,,771.1474609,2
FedAdam,CIFAR10,,0.9,0.999,19,2.260648914,0.06156512,14.86,29,100,696618,33.50652671,33.21398377,0.292542934,,771.1474609,2
FedAdam,CIFAR10,,0.9,0.999,20,2.268000906,0.058982641,15.38,26,100,696618,33.07307315,32.79971552,0.27335763,,771.1474609,2
FedAdam,CIFAR10,,0.9,0.999,21,2.301707312,0.085635818,14.21,27,100,696618,31.99298143,31.68897152,0.304009914,,771.1474609,2
FedAdam,CIFAR10,,0.9,0.999,22,2.277093491,0.078201682,14.06,24,100,696618,37.32539773,37.06206536,0.263332367,,771.1474609,2
FedAdam,CIFAR10,,0.9,0.999,23,2.28170536,0.065097318,12.58,27,100,696618,37.92933989,37.61211824,0.317221642,,771.1474609,2
FedAdam,CIFAR10,,0.9,0.999,24,2.34438001,0.030353979,10.7,26,100,696618,34.57338309,34.2714448,0.301938295,,771.1474609,2
FedAdam,CIFAR10,,0.9,0.999,25,2.392664202,0.028779089,10.57,21,100,696618,26.20575237,25.96544981,0.240302563,,771.1474609,2
FedAdam,CIFAR10,,0.9,0.999,26,2.399107841,0.049890407,13.4,27,100,696618,33.84781361,33.56025386,0.287559748,,771.1474609,2
FedAdam,CIFAR10,,0.9,0.999,27,2.408507026,0.050477054,14.29,25,100,696618,32.77574134,32.49366641,0.282074928,,771.1474609,2
FedAdam,CIFAR10,,0.9,0.999,28,2.346357185,0.050699451,14.23,22,100,696618,24.54822588,24.29998851,0.248237371,,771.1474609,2
FedAdam,CIFAR10,,0.9,0.999,29,2.298090421,0.065648655,14.03,22,100,696618,28.92344666,28.68564868,0.237797976,,771.1474609,2
FedAdam,CIFAR10,,0.9,0.999,30,2.308554762,0.052935024,14.26,28,100,696618,34.53340673,34.23325229,0.300154448,,771.1474609,2
FedAdam,CIFAR10,,0.9,0.999,31,2.330426604,0.051715922,13.19,22,100,696618,26.71535969,26.4765029,0.238856792,,771.1474609,2
FedAdam,CIFAR10,,0.9,0.999,32,2.312531764,0.063425465,13.06,24,100,696618,32.09820747,31.82357073,0.274636745,,771.1474609,2
FedAdam,CIFAR10,,0.9,0.999,33,2.275656852,0.050774308,14.49,20,100,696618,26.41246057,26.18028235,0.232178211,,771.1474609,2
FedAdam,CIFAR10,,0.9,0.999,34,2.297958852,0.05850606,14.82,23,100,696618,36.76856446,36.51766014,0.250904322,,771.1474609,2
FedAdam,CIFAR10,,0.9,0.999,35,2.320798432,0.062383566,13.56,26,100,696618,30.36657,30.07055211,0.296017885,,771.1474609,2
FedAdam,CIFAR10,,0.9,0.999,36,2.313942873,0.042604509,11.55,22,100,696618,27.34670019,27.09730101,0.249399185,,771.1474609,2
FedAdam,CIFAR10,,0.9,0.999,37,2.352372952,0.023611471,10.26,28,100,696618,38.22956967,37.91143012,0.318139553,,771.1474609,2
FedAdam,CIFAR10,,0.9,0.999,38,2.35196985,0.039905835,11.16,29,100,696618,40.24665618,39.89143085,0.355225325,,771.1474609,2
FedAdam,CIFAR10,,0.9,0.999,39,2.291533464,0.048833021,12.28,24,100,696618,30.26807857,29.96220565,0.305872917,,771.1474609,2
FedAdam,CIFAR10,,0.9,0.999,40,2.224510667,0.07899235,15.42,29,100,696618,38.26668882,37.93245101,0.334237814,,771.1474609,2
FedAdam,CIFAR10,,0.9,0.999,41,2.199460094,0.123385437,18.19,20,100,696618,27.0370574,26.81192374,0.225133657,,771.1474609,2
FedAdam,CIFAR10,,0.9,0.999,42,2.213181881,0.072694682,16.1,28,100,696618,35.47243643,35.15200901,0.320427418,,771.1474609,2
FedAdam,CIFAR10,,0.9,0.999,43,2.244713904,0.053442607,15.06,20,100,696618,24.12029743,23.87618971,0.244107723,,771.1474609,2
FedAdam,CIFAR10,,0.9,0.999,44,2.274175735,0.051619008,13.55,23,100,696618,30.53884721,30.27765918,0.26118803,,771.1474609,2
FedAdam,CIFAR10,,0.9,0.999,45,2.302860141,0.071722502,12.88,22,100,696618,25.65595412,25.3931222,0.262831926,,771.1474609,2
FedAdam,CIFAR10,,0.9,0.999,46,2.251085156,0.066563383,14.33,26,100,696618,36.62049007,36.31285238,0.307637691,,771.1474609,2
FedAdam,CIFAR10,,0.9,0.999,47,2.223332564,0.090673006,17.28,21,100,696618,30.94887209,30.71065879,0.238213301,,771.1474609,2
FedAdam,CIFAR10,,0.9,0.999,48,2.250606116,0.060549541,12.76,25,100,696618,33.63082767,33.33517265,0.295655012,,771.1474609,2
FedAdam,CIFAR10,,0.9,0.999,49,2.22523275,0.046945468,14.15,27,100,696618,33.26592159,32.96636224,0.299559355,,771.1474609,2
FedAdam,CIFAR10,,0.9,0.999,50,2.225940382,0.046740252,12.77,20,100,696618,20.67089367,20.44054604,0.230347633,,771.1474609,2
FedAdam,CIFAR10,,0.9,0.999,51,2.266702786,0.072218919,13.96,27,100,696618,32.91440606,32.59890199,0.315504074,,771.1474609,2
FedAdam,CIFAR10,,0.9,0.999,52,2.250249364,0.067741224,13.58,26,100,696618,34.21959043,33.91461349,0.30497694,,771.1474609,2
FedAdam,CIFAR10,,0.9,0.999,53,2.190904233,0.103404234,17.54,20,100,696618,25.83729672,25.60791087,0.229385853,,771.1474609,2
FedAdam,CIFAR10,,0.9,0.999,54,2.162045047,0.109037018,19.17,24,100,696618,30.7721796,30.50019598,0.271983624,,771.1474609,2
FedAdam,CIFAR10,,0.9,0.999,55,2.147916439,0.123897458,20.48,22,100,696618,26.75556517,26.48414803,0.271417141,,771.1474609,2
FedAdam,CIFAR10,,0.9,0.999,56,2.12137316,0.143331123,21.32,28,100,696618,35.82113266,35.50570154,0.315431118,,771.1474609,2
FedAdam,CIFAR10,,0.9,0.999,57,2.102906891,0.152206694,21.78,25,100,696618,31.37840295,31.05255747,0.32584548,,771.1474609,2
FedAdam,CIFAR10,,0.9,0.999,58,2.109292498,0.138926394,21.47,29,100,696618,42.5427494,42.17484379,0.367905617,,771.1474609,2
FedAdam,CIFAR10,,0.9,0.999,59,2.120972874,0.136028875,20.85,26,100,696618,31.72955561,31.43771076,0.291844845,,771.1474609,2
FedAdam,CIFAR10,,0.9,0.999,60,2.118181099,0.120422147,20.68,21,100,696618,25.43868995,25.18747759,0.251212358,,771.1474609,2
FedAdam,CIFAR10,,0.9,0.999,61,2.06327711,0.138711174,22.41,22,100,696618,26.74206758,26.46703672,0.275030851,,771.1474609,2
FedAdam,CIFAR10,,0.9,0.999,62,2.046880247,0.176986691,23.09,28,100,696618,40.4747417,40.14596462,0.328777075,,771.1474609,2
FedAdam,CIFAR10,,0.9,0.999,63,2.110706319,0.087208072,17.04,20,100,696618,27.81419373,27.56709909,0.247094631,,771.1474609,2
FedAdam,CIFAR10,,0.9,0.999,64,2.208103767,0.086949581,16.03,26,100,696618,39.82097745,39.50972939,0.311248064,,771.1474609,2
FedAdam,CIFAR10,,0.9,0.999,65,2.08601972,0.111870156,18.48,26,100,696618,28.74031329,28.43136978,0.30894351,,771.1474609,2
FedAdam,CIFAR10,,0.9,0.999,66,2.042157852,0.134597882,22.01,27,100,696618,35.21904922,34.8837707,0.335278511,,771.1474609,2
FedAdam,CIFAR10,,0.9,0.999,67,2.059215488,0.123334072,21.87,26,100,696618,36.63807583,36.31825018,0.319825649,,771.1474609,2
FedAdam,CIFAR10,,0.9,0.999,68,2.023173154,0.167535846,24.32,24,100,696618,29.53077912,29.25761342,0.273165703,,771.1474609,2
FedAdam,CIFAR10,,0.9,0.999,69,2.065329974,0.135080938,21.73,28,100,696618,38.18742442,37.84664631,0.340778112,,771.1474609,2
FedAdam,CIFAR10,,0.9,0.999,70,2.033653484,0.128741237,21.35,27,100,696618,31.67845702,31.35063076,0.327826262,,771.1474609,2
FedAdam,CIFAR10,,0.9,0.999,71,1.984700994,0.180700137,24.77,24,100,696618,30.73867822,30.45015025,0.288527966,,771.1474609,2
FedAdam,CIFAR10,,0.9,0.999,72,1.979197801,0.140556041,23.05,21,100,696618,28.70115018,28.44221473,0.258935452,,771.1474609,2
FedAdam,CIFAR10,,0.9,0.999,73,1.950181762,0.139768527,23.01,27,100,696618,35.76765251,35.44126344,0.326389074,,771.1474609,2
FedAdam,CIFAR10,,0.9,0.999,74,1.94305873,0.19185027,25.5,29,100,696618,42.1762073,41.82591057,0.350296736,,771.1474609,2
FedAdam,CIFAR10,,0.9,0.999,75,1.985652213,0.178127359,21.85,30,100,696618,40.30106878,39.93726826,0.363800526,,771.1474609,2
FedAdam,CIFAR10,,0.9,0.999,76,1.984771869,0.140304924,21.39,21,100,696618,27.47883129,27.21777725,0.261054039,,771.1474609,2
FedAdam,CIFAR10,,0.9,0.999,77,1.961788824,0.144665675,22.13,26,100,696618,36.97720122,36.6737318,0.303469419,,771.1474609,2
FedAdam,CIFAR10,,0.9,0.999,78,1.947806002,0.158996761,23.68,25,100,696618,31.31660438,31.01463246,0.301971912,,771.1474609,2
FedAdam,CIFAR10,,0.9,0.999,79,1.96102557,0.155537742,24.32,29,100,696618,42.30438113,41.95401525,0.350365877,,771.1474609,2
FedAdam,CIFAR10,,0.9,0.999,80,1.997527755,0.142501912,23.98,29,100,696618,41.39394999,41.04937029,0.344579697,,771.1474609,2
FedAdam,CIFAR10,,0.9,0.999,81,2.009723277,0.135333612,23.01,28,100,696618,33.610883,33.27048588,0.34039712,,771.1474609,2
FedAdam,CIFAR10,,0.9,0.999,82,2.007402308,0.135693697,22.1,27,100,696618,32.76125026,32.43161583,0.329634428,,771.1474609,2
FedAdam,CIFAR10,,0.9,0.999,83,1.986388419,0.153055041,22.74,24,100,696618,31.63651562,31.33229113,0.304224491,,771.1474609,2
FedAdam,CIFAR10,,0.9,0.999,84,1.947801727,0.16377834,23.66,22,100,696618,29.29479384,29.02298188,0.271811962,,771.1474609,2
FedAdam,CIFAR10,,0.9,0.999,85,1.932444896,0.138268414,21.9,23,100,696618,31.66400099,31.39851904,0.265481949,,771.1474609,2
FedAdam,CIFAR10,,0.9,0.999,86,1.927741487,0.12393107,22.21,25,100,696618,35.84793615,35.53163648,0.316299677,,771.1474609,2
FedAdam,CIFAR10,,0.9,0.999,87,1.915528956,0.119654473,20.8,24,100,696618,32.15514874,31.88239884,0.272749901,,771.1474609,2
FedAdam,CIFAR10,,0.9,0.999,88,1.934739464,0.203871669,26.02,23,100,696618,25.70693779,25.43777609,0.269161701,,771.1474609,2
FedAdam,CIFAR10,,0.9,0.999,89,1.960199791,0.17903667,23.39,20,100,696618,23.64322352,23.39704156,0.246181965,,771.1474609,2
FedAdam,CIFAR10,,0.9,0.999,90,1.871548473,0.156108065,23.49,27,100,696618,35.13603902,34.83473182,0.301307201,,771.1474609,2
FedAdam,CIFAR10,,0.9,0.999,91,1.877209103,0.132255598,22.44,30,100,696618,39.53119588,39.1970067,0.334189177,,771.1474609,2
FedAdam,CIFAR10,,0.9,0.999,92,1.957246659,0.107923779,20.2,23,100,696618,28.6120739,28.3328445,0.279229403,,771.1474609,2
FedAdam,CIFAR10,,0.9,0.999,93,1.961666283,0.103147011,20.42,22,100,696618,23.86822677,23.59403706,0.274189711,,771.1474609,2
FedAdam,CIFAR10,,0.9,0.999,94,1.925715182,0.145287034,23.45,30,100,696618,39.72199869,39.40934563,0.312653065,,771.1474609,2
FedAdam,CIFAR10,,0.9,0.999,95,1.934797795,0.172074496,24.84,26,100,696618,30.97494459,30.70395827,0.270986319,,771.1474609,2
FedAdam,CIFAR10,,0.9,0.999,96,2.015747164,0.155086092,22.64,22,100,696618,29.43622446,29.20883346,0.227391005,,771.1474609,2
FedAdam,CIFAR10,,0.9,0.999,97,1.926704391,0.165776376,23.19,23,100,696618,28.4385066,28.17697382,0.261532784,,771.1474609,2
FedAdam,CIFAR10,,0.9,0.999,98,1.855918064,0.20488129,28,27,100,696618,36.67814255,36.40024805,0.277894497,,771.1474609,2
FedAdam,CIFAR10,,0.9,0.999,99,1.888787929,0.213406855,27.64,30,100,696618,40.13755155,39.82346129,0.314090252,,771.1474609,2
FedAdam,CIFAR10,,0.9,0.999,100,1.854440704,0.188209223,26.47,22,100,696618,26.514148,26.26256537,0.251582623,,771.1474609,2
FedAdam,CIFAR10,,0.9,0.999,101,1.855204508,0.203241176,27.87,20,100,696618,26.18765378,25.95406914,0.233584642,,771.1474609,2
FedAdam,CIFAR10,,0.9,0.999,102,1.851065954,0.217012822,28.48,28,100,696618,37.65714741,37.34926105,0.307886362,,771.1474609,2
FedAdam,CIFAR10,,0.9,0.999,103,1.857872314,0.227516646,28.89,20,100,696618,26.31526828,26.06947255,0.245795727,,771.1474609,2
FedAdam,CIFAR10,,0.9,0.999,104,1.82355854,0.277968662,32.11,23,100,696618,30.63937664,30.38439536,0.254981279,,771.1474609,2
FedAdam,CIFAR10,,0.9,0.999,105,1.811052707,0.242390119,31.24,30,100,696618,43.15842938,42.82626843,0.33216095,,771.1474609,2
FedAdam,CIFAR10,,0.9,0.999,106,1.839927536,0.238040715,30.74,28,100,696618,39.29726505,38.99714732,0.300117731,,771.1474609,2
FedAdam,CIFAR10,,0.9,0.999,107,1.804640476,0.224636251,30.12,30,100,696618,36.80560923,36.48653674,0.319072485,,771.1474609,2
FedAdam,CIFAR10,,0.9,0.999,108,1.821864519,0.221290695,30.15,20,100,696618,24.63664579,24.38015342,0.256492376,,771.1474609,2
FedAdam,CIFAR10,,0.9,0.999,109,1.84805582,0.239293211,30.98,22,100,696618,28.65415478,28.39132881,0.262825966,,771.1474609,2
FedAdam,CIFAR10,,0.9,0.999,110,1.936156389,0.177695465,25.01,25,100,696618,28.16855454,27.89110947,0.277445078,,771.1474609,2
FedAdam,CIFAR10,,0.9,0.999,111,1.829411462,0.198633603,27.25,21,100,696618,28.5592885,28.31558108,0.243707418,,771.1474609,2
FedAdam,CIFAR10,,0.9,0.999,112,1.758650281,0.241699801,31.49,30,100,696618,34.88040352,34.52138329,0.359020233,,771.1474609,2
FedAdam,CIFAR10,,0.9,0.999,113,1.742658277,0.24003949,31.41,26,100,696618,35.83885312,35.52763677,0.311216354,,771.1474609,2
FedAdam,CIFAR10,,0.9,0.999,114,1.752424774,0.243172043,31.15,21,100,696618,27.02626824,26.77331686,0.252951384,,771.1474609,2
FedAdam,CIFAR10,,0.9,0.999,115,1.754213187,0.272858733,32.93,29,100,696618,40.3809402,40.01931429,0.36162591,,771.1474609,2
FedAdam,CIFAR10,,0.9,0.999,116,1.762056648,0.278963453,33.69,20,100,696618,26.61938095,26.38251376,0.236867189,,771.1474609,2
FedAdam,CIFAR10,,0.9,0.999,117,1.842618293,0.262451146,31.46,21,100,696618,26.42550945,26.18513536,0.240374088,,771.1474609,2
FedAdam,CIFAR10,,0.9,0.999,118,1.854828519,0.219813016,27.83,27,100,696618,30.43521667,30.10434699,0.330869675,,771.1474609,2
FedAdam,CIFAR10,,0.9,0.999,119,1.803719469,0.212701503,28.3,24,100,696618,27.14610696,26.86425662,0.281850338,,771.1474609,2
FedAdam,CIFAR10,,0.9,0.999,120,1.791454166,0.199180669,28.42,26,100,696618,34.26950383,33.96518183,0.304322004,,771.1474609,2
FedAdam,CIFAR10,,0.9,0.999,121,1.745198054,0.210905474,30.36,23,100,696618,32.19727898,31.92835498,0.268923998,,771.1474609,2
FedAdam,CIFAR10,,0.9,0.999,122,1.738601499,0.205295797,29.95,29,100,696618,41.13666558,40.82498169,0.311683893,,771.1474609,2
FedAdam,CIFAR10,,0.9,0.999,123,1.72894481,0.244211563,31.68,29,100,696618,40.48244739,40.1488111,0.333636284,,771.1474609,2
FedAdam,CIFAR10,,0.9,0.999,124,1.722141638,0.277863844,33.19,29,100,696618,35.15546322,34.82850456,0.326958656,,771.1474609,2
FedAdam,CIFAR10,,0.9,0.999,125,1.72964837,0.266371124,32.14,25,100,696618,28.24553275,27.95349956,0.292033195,,771.1474609,2
FedAdam,CIFAR10,,0.9,0.999,126,1.700701368,0.295382469,34.75,27,100,696618,31.53729415,31.2379694,0.299324751,,771.1474609,2
FedAdam,CIFAR10,,0.9,0.999,127,1.692907274,0.315333649,35.66,29,100,696618,38.85999775,38.52805424,0.331943512,,771.1474609,2
FedAdam,CIFAR10,,0.9,0.999,128,1.708026664,0.302211261,34.27,30,100,696618,38.00107479,37.6880641,0.313010693,,771.1474609,2
FedAdam,CIFAR10,,0.9,0.999,129,1.687790221,0.321382018,35.16,22,100,696618,27.75075746,27.49761605,0.253141403,,771.1474609,2
FedAdam,CIFAR10,,0.9,0.999,130,1.645238497,0.318058252,36.39,27,100,696618,34.27858591,33.97131181,0.307274103,,771.1474609,2
FedAdam,CIFAR10,,0.9,0.999,131,1.655930789,0.305015315,35.42,23,100,696618,27.8143034,27.54472256,0.269580841,,771.1474609,2
FedAdam,CIFAR10,,0.9,0.999,132,1.728524034,0.31222905,34.29,25,100,696618,33.40578938,33.08790302,0.317886353,,771.1474609,2
FedAdam,CIFAR10,,0.9,0.999,133,1.751630673,0.299122136,33.12,21,100,696618,26.57947135,26.3305459,0.248925447,,771.1474609,2
FedAdam,CIFAR10,,0.9,0.999,134,1.714540313,0.305948156,33.8,25,100,696618,34.9561801,34.64741874,0.308761358,,771.1474609,2
FedAdam,CIFAR10,,0.9,0.999,135,1.680305231,0.306196984,35.39,29,100,696618,40.66709256,40.32945514,0.337637424,,771.1474609,2
FedAdam,CIFAR10,,0.9,0.999,136,1.709563198,0.301051251,34.98,30,100,696618,35.21376657,34.85177326,0.361993313,,771.1474609,2
FedAdam,CIFAR10,,0.9,0.999,137,1.700173967,0.284432835,34.23,24,100,696618,27.27035022,26.98441434,0.285935879,,771.1474609,2
FedAdam,CIFAR10,,0.9,0.999,138,1.662082399,0.296364995,35.22,28,100,696618,36.35302138,36.03044295,0.32257843,,771.1474609,2
FedAdam,CIFAR10,,0.9,0.999,139,1.680989244,0.281193528,34.27,22,100,696618,28.50110292,28.23207164,0.269031286,,771.1474609,2
FedAdam,CIFAR10,,0.9,0.999,140,1.729256242,0.27275646,33.68,22,100,696618,31.62662625,31.36497808,0.261648178,,771.1474609,2
FedAdam,CIFAR10,,0.9,0.999,141,1.692951385,0.290395761,34.88,28,100,696618,35.51298141,35.17308021,0.339901209,,771.1474609,2
FedAdam,CIFAR10,,0.9,0.999,142,1.641621454,0.312911137,37.2,27,100,696618,37.59648132,37.28147745,0.315003872,,771.1474609,2
FedAdam,CIFAR10,,0.9,0.999,143,1.67768491,0.317613097,36.42,26,100,696618,33.69057536,33.3922236,0.298351765,,771.1474609,2
FedAdam,CIFAR10,,0.9,0.999,144,1.639746083,0.339419966,38.86,21,100,696618,25.30326462,25.06556988,0.23769474,,771.1474609,2
FedAdam,CIFAR10,,0.9,0.999,145,1.582762908,0.378273366,40.75,29,100,696618,37.11639118,36.79455996,0.321831226,,771.1474609,2
FedAdam,CIFAR10,,0.9,0.999,146,1.645129017,0.350816972,37.26,27,100,696618,37.50213766,37.18519831,0.316939354,,771.1474609,2
FedAdam,CIFAR10,,0.9,0.999,147,1.739835987,0.288626938,32.36,22,100,696618,28.32864499,28.07825732,0.250387669,,771.1474609,2
FedAdam,CIFAR10,,0.9,0.999,148,1.687990829,0.300188739,33.74,21,100,696618,24.86006069,24.59720659,0.262854099,,771.1474609,2
FedAdam,CIFAR10,,0.9,0.999,149,1.619303802,0.316811013,36.47,24,100,696618,33.33635163,33.05980611,0.276545525,,771.1474609,2
FedAdam,CIFAR10,,0.9,0.999,150,1.628589499,0.334771991,38.38,24,100,696618,31.22831726,30.93756104,0.290756226,,771.1474609,2
FedAdam,CIFAR10,,0.9,0.999,151,1.598265494,0.379759965,40.86,27,100,696618,34.81568933,34.51432419,0.301365137,,771.1474609,2
FedAdam,CIFAR10,,0.9,0.999,152,1.618817653,0.335782209,38.25,27,100,696618,33.05703306,32.74193001,0.315103054,,771.1474609,2
FedAdam,CIFAR10,,0.9,0.999,153,1.789494239,0.24338337,31.06,24,100,696618,31.93093467,31.65679026,0.274144411,,771.1474609,2
FedAdam,CIFAR10,,0.9,0.999,154,1.739570896,0.231926958,31.33,26,100,696618,34.42412066,34.13642883,0.287691832,,771.1474609,2
FedAdam,CIFAR10,,0.9,0.999,155,1.673296584,0.254706673,32.83,20,100,696618,25.43106174,25.19860387,0.232457876,,771.1474609,2
FedAdam,CIFAR10,,0.9,0.999,156,1.634316895,0.307836854,35.93,26,100,696618,33.43651366,33.13332343,0.303190231,,771.1474609,2
FedAdam,CIFAR10,,0.9,0.999,157,1.627496791,0.343344833,38.81,28,100,696618,39.24560404,38.94710636,0.298497677,,771.1474609,2
FedAdam,CIFAR10,,0.9,0.999,158,1.641013085,0.335715692,36.74,24,100,696618,30.45974827,30.18087316,0.278875113,,771.1474609,2
FedAdam,CIFAR10,,0.9,0.999,159,1.636124988,0.335117007,35.65,29,100,696618,38.32018638,37.98885798,0.331328392,,771.1474609,2
FedAdam,CIFAR10,,0.9,0.999,160,1.64081112,0.36667811,37.55,28,100,696618,36.42565012,36.08098269,0.344667435,,771.1474609,2
FedAdam,CIFAR10,,0.9,0.999,161,1.588540691,0.385954329,39.55,28,100,696618,38.36315465,38.04788899,0.315265656,,771.1474609,2
FedAdam,CIFAR10,,0.9,0.999,162,1.570812003,0.352272354,37.86,27,100,696618,37.29717302,36.99121523,0.305957794,,771.1474609,2
FedAdam,CIFAR10,,0.9,0.999,163,1.569396537,0.340118531,37.62,23,100,696618,31.35080576,31.0736115,0.277194262,,771.1474609,2
FedAdam,CIFAR10,,0.9,0.999,164,1.629420812,0.321205927,36.65,20,100,696618,24.97445941,24.72343397,0.251025438,,771.1474609,2
FedAdam,CIFAR10,,0.9,0.999,165,1.540232138,0.360892496,40.25,27,100,696618,33.18280816,32.88642144,0.296386719,,771.1474609,2
FedAdam,CIFAR10,,0.9,0.999,166,1.559935814,0.397107997,43.01,30,100,696618,37.12655497,36.79436016,0.332194805,,771.1474609,2
FedAdam,CIFAR10,,0.9,0.999,167,1.624414415,0.403594469,42.15,29,100,696618,35.93426347,35.59729004,0.336973429,,771.1474609,2
FedAdam,CIFAR10,,0.9,0.999,168,1.663001177,0.354758078,37.1,28,100,696618,38.19157863,37.88259745,0.30898118,,771.1474609,2
FedAdam,CIFAR10,,0.9,0.999,169,1.603131238,0.335403514,36.58,24,100,696618,30.83147764,30.57106948,0.260408163,,771.1474609,2
FedAdam,CIFAR10,,0.9,0.999,170,1.520076339,0.415629133,43.6,20,100,696618,28.03039026,27.8075664,0.222823858,,771.1474609,2
FedAdam,CIFAR10,,0.9,0.999,171,1.549453049,0.391789362,42.29,23,100,696618,27.49040699,27.23263431,0.257772684,,771.1474609,2
FedAdam,CIFAR10,,0.9,0.999,172,1.514255116,0.41861871,43.66,30,100,696618,40.6837225,40.33404922,0.349673271,,771.1474609,2
FedAdam,CIFAR10,,0.9,0.999,173,1.522743611,0.424456788,43.31,20,100,696618,23.02309251,22.81031156,0.212780952,,771.1474609,2
FedAdam,CIFAR10,,0.9,0.999,174,1.571876239,0.38327546,40.22,26,100,696618,36.14509273,35.8687005,0.276392221,,771.1474609,2
FedAdam,CIFAR10,,0.9,0.999,175,1.65996539,0.302176629,35.44,20,100,696618,22.94970727,22.71539617,0.234311104,,771.1474609,2
FedAdam,CIFAR10,,0.9,0.999,176,1.562540275,0.357289645,39.5,22,100,696618,23.74857903,23.50869083,0.239888191,,771.1474609,2
FedAdam,CIFAR10,,0.9,0.999,177,1.532742548,0.367598659,39.52,22,100,696618,28.2694478,28.01873565,0.250712156,,771.1474609,2
FedAdam,CIFAR10,,0.9,0.999,178,1.490003424,0.389942307,41.96,30,100,696618,38.16748762,37.83660483,0.330882788,,771.1474609,2
FedAdam,CIFAR10,,0.9,0.999,179,1.476253719,0.390544773,41.93,21,100,696618,27.63418889,27.40147614,0.232712746,,771.1474609,2
FedAdam,CIFAR10,,0.9,0.999,180,1.488267414,0.398761002,41.98,30,100,696618,38.23709679,37.87432837,0.362768412,,771.1474609,2
FedAdam,CIFAR10,,0.9,0.999,181,1.485283549,0.424092518,43.28,20,100,696618,23.90112925,23.66148806,0.23964119,,771.1474609,2
FedAdam,CIFAR10,,0.9,0.999,182,1.496045337,0.431954862,44.06,20,100,696618,25.29694676,25.07233691,0.224609852,,771.1474609,2
FedAdam,CIFAR10,,0.9,0.999,183,1.496754708,0.418696745,43.68,22,100,696618,27.35340047,27.09605312,0.257347345,,771.1474609,2
FedAdam,CIFAR10,,0.9,0.999,184,1.518571655,0.392575169,41.78,24,100,696618,30.17314672,29.91002893,0.26311779,,771.1474609,2
FedAdam,CIFAR10,,0.9,0.999,185,1.47792084,0.427260474,44.18,30,100,696618,35.6887753,35.35856915,0.330206156,,771.1474609,2
FedAdam,CIFAR10,,0.9,0.999,186,1.494804808,0.429266041,43.99,27,100,696618,32.47950816,32.17785954,0.301648617,,771.1474609,2
FedAdam,CIFAR10,,0.9,0.999,187,1.569357864,0.355588364,39.3,25,100,696618,33.34573197,33.06056786,0.285164118,,771.1474609,2
FedAdam,CIFAR10,,0.9,0.999,188,1.54694792,0.36394272,39.69,28,100,696618,38.74278641,38.43151379,0.311272621,,771.1474609,2
FedAdam,CIFAR10,,0.9,0.999,189,1.53522702,0.371837053,39.19,23,100,696618,33.70935321,33.44040608,0.268947124,,771.1474609,2
FedAdam,CIFAR10,,0.9,0.999,190,1.492164745,0.416174106,43.33,29,100,696618,38.62879801,38.28843665,0.340361357,,771.1474609,2
FedAdam,CIFAR10,,0.9,0.999,191,1.470730631,0.418322536,44.04,20,100,696618,30.94481778,30.72213888,0.2226789,,771.1474609,2
FedAdam,CIFAR10,,0.9,0.999,192,1.434057776,0.44154668,46.08,26,100,696618,30.77183008,30.48300123,0.28882885,,771.1474609,2
FedAdam,CIFAR10,,0.9,0.999,193,1.46823197,0.433144392,44.83,27,100,696618,34.82145476,34.48995328,0.331501484,,771.1474609,2
FedAdam,CIFAR10,,0.9,0.999,194,1.556231521,0.376479094,40.65,26,100,696618,35.34846926,35.02740407,0.321065187,,771.1474609,2
FedAdam,CIFAR10,,0.9,0.999,195,1.472371326,0.426860094,44.5,30,100,696618,36.70433664,36.3306694,0.37366724,,771.1474609,2
FedAdam,CIFAR10,,0.9,0.999,196,1.437126373,0.432110315,45.44,29,100,696618,39.25837374,38.92072868,0.337645054,,771.1474609,2
FedAdam,CIFAR10,,0.9,0.999,197,1.467517449,0.424015598,44.48,24,100,696618,30.94215894,30.64955425,0.292604685,,771.1474609,2
FedAdam,CIFAR10,,0.9,0.999,198,1.443500256,0.445766007,46.3,29,100,696618,37.41116619,37.06994772,0.341218472,,771.1474609,2
FedAdam,CIFAR10,,0.9,0.999,199,1.444733027,0.427337318,44.76,24,100,696618,28.09969854,27.81766367,0.282034874,,771.1474609,2
FedAdam,CIFAR10,,0.9,0.999,200,1.502039917,0.393155368,42.58,29,100,696618,37.11914396,36.77427149,0.344872475,,771.1474609,2
FedAdam,CIFAR10,,0.9,0.999,201,1.43320852,0.432667738,45.63,28,100,696618,40.27387905,39.93042994,0.343449116,,771.1474609,2
FedAdam,CIFAR10,,0.9,0.999,202,1.38107649,0.452277019,48.09,30,100,696618,40.53946424,40.18438196,0.355082273,,771.1474609,2
FedAdam,CIFAR10,,0.9,0.999,203,1.375151649,0.480103285,49.56,26,100,696618,32.51515555,32.20904207,0.306113482,,771.1474609,2
FedAdam,CIFAR10,,0.9,0.999,204,1.435264179,0.455428666,46.8,21,100,696618,25.33403325,25.07897091,0.255062342,,771.1474609,2
FedAdam,CIFAR10,,0.9,0.999,205,1.384676814,0.49001469,49.59,22,100,696618,28.85533023,28.5838542,0.27147603,,771.1474609,2
FedAdam,CIFAR10,,0.9,0.999,206,1.374363469,0.481275247,49.26,23,100,696618,30.61007857,30.33372617,0.276352406,,771.1474609,2
FedAdam,CIFAR10,,0.9,0.999,207,1.365363089,0.495118062,50.6,29,100,696618,40.41035461,40.06578708,0.344567537,,771.1474609,2
FedAdam,CIFAR10,,0.9,0.999,208,1.417076463,0.471517821,47.69,23,100,696618,30.98363972,30.70477819,0.278861523,,771.1474609,2
FedAdam,CIFAR10,,0.9,0.999,209,1.544209273,0.378710524,41.42,28,100,696618,35.56806445,35.22867346,0.339390993,,771.1474609,2
FedAdam,CIFAR10,,0.9,0.999,210,1.567363019,0.366673924,40.42,24,100,696618,32.09475565,31.8042531,0.290502548,,771.1474609,2
FedAdam,CIFAR10,,0.9,0.999,211,1.444910002,0.42735716,43.72,20,100,696618,24.99338627,24.75088024,0.242506027,,771.1474609,2
FedAdam,CIFAR10,,0.9,0.999,212,1.426820838,0.424821455,45.21,25,100,696618,30.31842494,30.01818848,0.300236464,,771.1474609,2
FedAdam,CIFAR10,,0.9,0.999,213,1.422062109,0.433398256,46.5,20,100,696618,26.48583937,26.24724722,0.238592148,,771.1474609,2
FedAdam,CIFAR10,,0.9,0.999,214,1.390045533,0.482658987,49.72,29,100,696618,38.00218153,37.67397738,0.328204155,,771.1474609,2
FedAdam,CIFAR10,,0.9,0.999,215,1.425512403,0.425976253,45.29,25,100,696618,35.08037472,34.77831888,0.302055836,,771.1474609,2
FedAdam,CIFAR10,,0.9,0.999,216,1.48952095,0.383279673,42.44,22,100,696618,28.10906553,27.84268475,0.266380787,,771.1474609,2
FedAdam,CIFAR10,,0.9,0.999,217,1.533844912,0.405965952,43.58,30,100,696618,43.29550576,42.93433261,0.361173153,,771.1474609,2
FedAdam,CIFAR10,,0.9,0.999,218,1.424854368,0.459797723,49.22,29,100,696618,37.36386395,37.01197886,0.35188508,,771.1474609,2
FedAdam,CIFAR10,,0.9,0.999,219,1.361834201,0.49358353,51.37,26,100,696618,36.82521915,36.50355887,0.32166028,,771.1474609,2
FedAdam,CIFAR10,,0.9,0.999,220,1.408352548,0.478249979,49,28,100,696618,39.785537,39.46726918,0.318267822,,771.1474609,2
FedAdam,CIFAR10,,0.9,0.999,221,1.372860855,0.516011919,51.29,20,100,696618,24.6902144,24.43745637,0.252758026,,771.1474609,2
FedAdam,CIFAR10,,0.9,0.999,222,1.319711159,0.52245224,52.08,28,100,696618,41.1499083,40.80799603,0.34191227,,771.1474609,2
FedAdam,CIFAR10,,0.9,0.999,223,1.336738061,0.49477238,50.34,20,100,696618,25.95731616,25.71202493,0.245291233,,771.1474609,2
FedAdam,CIFAR10,,0.9,0.999,224,1.35421191,0.467614715,48.85,26,100,696618,32.99637842,32.70780516,0.288573265,,771.1474609,2
FedAdam,CIFAR10,,0.9,0.999,225,1.361741217,0.475836351,48.88,30,100,696618,39.94496131,39.63233566,0.312625647,,771.1474609,2
FedAdam,CIFAR10,,0.9,0.999,226,1.402926446,0.469975553,47.66,20,100,696618,28.79315186,28.55634046,0.236811399,,771.1474609,2
FedAdam,CIFAR10,,0.9,0.999,227,1.343628094,0.495766137,50.22,26,100,696618,33.81544614,33.50715661,0.308289528,,771.1474609,2
FedAdam,CIFAR10,,0.9,0.999,228,1.317462595,0.51318841,51.85,22,100,696618,31.11607528,30.85279346,0.263281822,,771.1474609,2
FedAdam,CIFAR10,,0.9,0.999,229,1.288406907,0.514662333,52.97,28,100,696618,33.78990149,33.46596956,0.323931932,,771.1474609,2
FedAdam,CIFAR10,,0.9,0.999,230,1.320438854,0.486838145,51.96,21,100,696618,25.22258162,24.96780515,0.254776478,,771.1474609,2
FedAdam,CIFAR10,,0.9,0.999,231,1.29962219,0.50464481,52.78,28,100,696618,38.49997807,38.20236754,0.297610521,,771.1474609,2
FedAdam,CIFAR10,,0.9,0.999,232,1.348890823,0.498878983,51.57,25,100,696618,30.09493303,29.80244684,0.292486191,,771.1474609,2
FedAdam,CIFAR10,,0.9,0.999,233,1.296995224,0.509803088,52.84,30,100,696618,39.77308083,39.43602967,0.337051153,,771.1474609,2
FedAdam,CIFAR10,,0.9,0.999,234,1.268809131,0.501832546,53.43,28,100,696618,36.63798642,36.31478596,0.323200464,,771.1474609,2
FedAdam,CIFAR10,,0.9,0.999,235,1.331769717,0.479158435,50.26,29,100,696618,36.74676085,36.4330039,0.313756943,,771.1474609,2
FedAdam,CIFAR10,,0.9,0.999,236,1.302796928,0.510918755,52.2,27,100,696618,34.15157223,33.82702613,0.324546099,,771.1474609,2
FedAdam,CIFAR10,,0.9,0.999,237,1.274435043,0.517944074,52.67,20,100,696618,24.7802484,24.5530498,0.227198601,,771.1474609,2
FedAdam,CIFAR10,,0.9,0.999,238,1.399425044,0.455574626,46.96,26,100,696618,32.11527586,31.81541228,0.299863577,,771.1474609,2
FedAdam,CIFAR10,,0.9,0.999,239,1.454395552,0.438826953,44.06,30,100,696618,37.31396508,36.97451997,0.339445114,,771.1474609,2
FedAdam,CIFAR10,,0.9,0.999,240,1.378926482,0.470888489,47.76,25,100,696618,31.77422285,31.49785709,0.276365757,,771.1474609,2
FedAdam,CIFAR10,,0.9,0.999,241,1.274662133,0.526692476,54.04,30,100,696618,36.66894197,36.34154201,0.327399969,,771.1474609,2
FedAdam,CIFAR10,,0.9,0.999,242,1.271870152,0.530699473,53.43,28,100,696618,37.91459703,37.59850121,0.316095829,,771.1474609,2
FedAdam,CIFAR10,,0.9,0.999,243,1.435409616,0.437589045,46.33,20,100,696618,26.59766674,26.35903215,0.238634586,,771.1474609,2
FedAdam,CIFAR10,,0.9,0.999,244,1.387393319,0.468726015,48.71,30,100,696618,43.03885245,42.6882906,0.350561857,,771.1474609,2
FedAdam,CIFAR10,,0.9,0.999,245,1.282350829,0.520122143,53.02,29,100,696618,37.58392978,37.23159075,0.352339029,,771.1474609,2
FedAdam,CIFAR10,,0.9,0.999,246,1.290828025,0.504063427,51.71,23,100,696618,30.19044781,29.89258122,0.297866583,,771.1474609,2
FedAdam,CIFAR10,,0.9,0.999,247,1.255015738,0.515248491,53.39,28,100,696618,36.36344528,36.03777361,0.325671673,,771.1474609,2
FedAdam,CIFAR10,,0.9,0.999,248,1.209878372,0.537293675,55.42,24,100,696618,26.52149963,26.23444033,0.287059307,,771.1474609,2
FedAdam,CIFAR10,,0.9,0.999,249,1.258707817,0.51668015,52.64,20,100,696618,25.82647347,25.5727284,0.253745079,,771.1474609,2
FedAdam,CIFAR10,,0.9,0.999,250,1.271588999,0.524276082,53.32,30,100,696618,39.602988,39.25728655,0.345701456,,771.1474609,2
FedAdam,CIFAR10,,0.9,0.999,251,1.23894358,0.528049204,54.21,22,100,696618,32.50336027,32.24555135,0.257808924,,771.1474609,2
FedAdam,CIFAR10,,0.9,0.999,252,1.297726204,0.48267998,50.79,21,100,696618,25.44932437,25.2316525,0.217671871,,771.1474609,2
FedAdam,CIFAR10,,0.9,0.999,253,1.306292782,0.489712877,51.15,26,100,696618,25.75989795,25.47238374,0.28751421,,771.1474609,2
FedAdam,CIFAR10,,0.9,0.999,254,1.270954357,0.539526184,54.09,22,100,696618,25.95182371,25.69843888,0.253384829,,771.1474609,2
FedAdam,CIFAR10,,0.9,0.999,255,1.235131844,0.537030844,54.33,30,100,696618,40.91094327,40.58226228,0.328680992,,771.1474609,2
FedAdam,CIFAR10,,0.9,0.999,256,1.411773853,0.468803327,49,29,100,696618,38.04901218,37.73074841,0.318263769,,771.1474609,2
FedAdam,CIFAR10,,0.9,0.999,257,1.234815581,0.532430676,54.43,23,100,696618,28.82656741,28.57342649,0.253140926,,771.1474609,2
FedAdam,CIFAR10,,0.9,0.999,258,1.230128313,0.528555862,53.95,30,100,696618,35.02708459,34.70940018,0.317684412,,771.1474609,2
FedAdam,CIFAR10,,0.9,0.999,259,1.211911222,0.538613182,54.79,22,100,696618,28.02972698,27.79283333,0.236893654,,771.1474609,2
FedAdam,CIFAR10,,0.9,0.999,260,1.195425599,0.567588524,56.38,30,100,696618,37.86263752,37.5323379,0.330299616,,771.1474609,2
FedAdam,CIFAR10,,0.9,0.999,261,1.222825318,0.538529903,54.66,29,100,696618,40.56976652,40.24680829,0.322958231,,771.1474609,2
FedAdam,CIFAR10,,0.9,0.999,262,1.46726405,0.412969649,44.49,25,100,696618,34.41358781,34.14310598,0.270481825,,771.1474609,2
FedAdam,CIFAR10,,0.9,0.999,263,1.333302685,0.483431336,50.91,24,100,696618,30.93725586,30.65794253,0.279313326,,771.1474609,2
FedAdam,CIFAR10,,0.9,0.999,264,1.188518011,0.546851139,56.1,25,100,696618,33.2553699,32.98267937,0.272690535,,771.1474609,2
FedAdam,CIFAR10,,0.9,0.999,265,1.293192857,0.513395378,53.27,20,100,696618,24.02137113,23.8023026,0.219068527,,771.1474609,2
FedAdam,CIFAR10,,0.9,0.999,266,1.298282906,0.491344846,51.09,30,100,696618,40.57318091,40.23399019,0.339190722,,771.1474609,2
FedAdam,CIFAR10,,0.9,0.999,267,1.183178028,0.558348973,56.03,30,100,696618,44.19162226,43.85096955,0.340652704,,771.1474609,2
FedAdam,CIFAR10,,0.9,0.999,268,1.169740077,0.573242394,57.91,27,100,696618,35.09403276,34.79698229,0.297050476,,771.1474609,2
FedAdam,CIFAR10,,0.9,0.999,269,1.298849863,0.4927607,51.22,26,100,696618,36.38635826,36.09734082,0.289017439,,771.1474609,2
FedAdam,CIFAR10,,0.9,0.999,270,1.37083522,0.435018964,47.73,20,100,696618,27.24889088,27.02466774,0.224223137,,771.1474609,2
FedAdam,CIFAR10,,0.9,0.999,271,1.351378196,0.450453973,49.59,29,100,696618,30.98866725,30.66507077,0.323596478,,771.1474609,2
FedAdam,CIFAR10,,0.9,0.999,272,1.189631989,0.547106226,56.29,28,100,696618,34.20590782,33.89659309,0.309314728,,771.1474609,2
FedAdam,CIFAR10,,0.9,0.999,273,1.19433972,0.560237892,56.29,22,100,696618,28.80001783,28.55461764,0.24540019,,771.1474609,2
FedAdam,CIFAR10,,0.9,0.999,274,1.183080316,0.557383147,56.6,30,100,696618,38.73903394,38.39597631,0.343057632,,771.1474609,2
FedAdam,CIFAR10,,0.9,0.999,275,1.172718653,0.564316047,56.97,29,100,696618,33.45901251,33.1400435,0.318969011,,771.1474609,2
FedAdam,CIFAR10,,0.9,0.999,276,1.194808827,0.563295263,56.81,24,100,696618,30.15057707,29.88399696,0.266580105,,771.1474609,2
FedAdam,CIFAR10,,0.9,0.999,277,1.226823626,0.541013068,55.48,30,100,696618,41.49507236,41.16996384,0.325108528,,771.1474609,2
FedAdam,CIFAR10,,0.9,0.999,278,1.161903715,0.556890707,57.74,20,100,696618,30.80190635,30.58073258,0.221173763,,771.1474609,2
FedAdam,CIFAR10,,0.9,0.999,279,1.166406289,0.553004758,56.89,24,100,696618,30.17177439,29.89296985,0.278804541,,771.1474609,2
FedAdam,CIFAR10,,0.9,0.999,280,1.228762964,0.53811063,55.09,27,100,696618,35.19597292,34.87366343,0.322309494,,771.1474609,2
FedAdam,CIFAR10,,0.9,0.999,281,1.161382728,0.557042742,57.34,23,100,696618,28.94254398,28.68699002,0.255553961,,771.1474609,2
FedAdam,CIFAR10,,0.9,0.999,282,1.133041021,0.580250491,58.24,28,100,696618,34.4540441,34.12532663,0.32871747,,771.1474609,2
FedAdam,CIFAR10,,0.9,0.999,283,1.115959701,0.606080461,60.18,25,100,696618,30.3806355,30.09551334,0.285122156,,771.1474609,2
FedAdam,CIFAR10,,0.9,0.999,284,1.199862987,0.553401949,54.8,28,100,696618,33.73323298,33.40587354,0.327359438,,771.1474609,2
FedAdam,CIFAR10,,0.9,0.999,285,1.310383627,0.487918353,50.12,30,100,696618,39.53455639,39.18317819,0.351378202,,771.1474609,2
FedAdam,CIFAR10,,0.9,0.999,286,1.343713134,0.491638513,50.92,20,100,696618,25.85715175,25.60035253,0.256799221,,771.1474609,2
FedAdam,CIFAR10,,0.9,0.999,287,1.163374573,0.568238578,57.59,22,100,696618,29.17752481,28.92301893,0.254505873,,771.1474609,2
FedAdam,CIFAR10,,0.9,0.999,288,1.130753585,0.575441868,58.79,23,100,696618,27.12211323,26.86819053,0.253922701,,771.1474609,2
FedAdam,CIFAR10,,0.9,0.999,289,1.163718395,0.56409065,57.49,26,100,696618,34.43149447,34.12150455,0.309989929,,771.1474609,2
FedAdam,CIFAR10,,0.9,0.999,290,1.084564054,0.603517303,60.71,27,100,696618,34.87312841,34.55995607,0.31317234,,771.1474609,2
FedAdam,CIFAR10,,0.9,0.999,291,1.151163472,0.562901237,57.24,22,100,696618,25.69432139,25.45063066,0.243690729,,771.1474609,2
FedAdam,CIFAR10,,0.9,0.999,292,1.224592411,0.532229924,54.25,30,100,696618,39.90360975,39.57684183,0.326767921,,771.1474609,2
FedAdam,CIFAR10,,0.9,0.999,293,1.145463046,0.572946334,57.44,22,100,696618,26.41093755,26.16414118,0.24679637,,771.1474609,2
FedAdam,CIFAR10,,0.9,0.999,294,1.139812652,0.566542643,57.78,22,100,696618,22.59761763,22.34002805,0.257589579,,771.1474609,2
FedAdam,CIFAR10,,0.9,0.999,295,1.095748462,0.588491693,60.05,20,100,696618,25.14489484,24.9307363,0.214158535,,771.1474609,2
FedAdam,CIFAR10,,0.9,0.999,296,1.066417665,0.606605132,61.75,30,100,696618,37.8557632,37.49978185,0.35598135,,771.1474609,2
FedAdam,CIFAR10,,0.9,0.999,297,1.06035909,0.614483364,62.2,25,100,696618,34.61275649,34.31370139,0.299055099,,771.1474609,2
FedAdam,CIFAR10,,0.9,0.999,298,1.06413398,0.607537437,61.47,30,100,696618,36.331007,35.99402499,0.336982012,,771.1474609,2
FedAdam,CIFAR10,,0.9,0.999,299,1.054877744,0.606077785,61.53,25,100,696618,33.72235632,33.45703816,0.265318155,,771.1474609,2
FedAdam,CIFAR10,,0.9,0.999,300,1.134244138,0.581376022,59.02,21,100,696618,25.04791665,24.80210948,0.245807171,,771.1474609,2
FedAdam,CIFAR10,,0.9,0.999,301,1.019631485,0.627453053,63.48,24,100,696618,29.27131939,29.00434828,0.266971111,,771.1474609,2
FedAdam,CIFAR10,,0.9,0.999,302,1.090259944,0.591639138,59.8,29,100,696618,34.86751866,34.54469585,0.322822809,,771.1474609,2
FedAdam,CIFAR10,,0.9,0.999,303,1.141885557,0.563281675,57.31,29,100,696618,38.27602673,37.93804622,0.337980509,,771.1474609,2
FedAdam,CIFAR10,,0.9,0.999,304,1.074032875,0.603687855,60.42,30,100,696618,36.58725762,36.24992013,0.337337494,,771.1474609,2
FedAdam,CIFAR10,,0.9,0.999,305,1.136417703,0.585251462,58.27,23,100,696618,27.79865527,27.53368282,0.264972448,,771.1474609,2
FedAdam,CIFAR10,,0.9,0.999,306,1.043442137,0.621902539,62.32,28,100,696618,35.53812099,35.2244525,0.313668489,,771.1474609,2
FedAdam,CIFAR10,,0.9,0.999,307,1.027537103,0.621518607,63.05,29,100,696618,42.44757247,42.13643146,0.311141014,,771.1474609,2
FedAdam,CIFAR10,,0.9,0.999,308,1.03911254,0.618819549,62.93,24,100,696618,31.69579768,31.43268132,0.26311636,,771.1474609,2
FedAdam,CIFAR10,,0.9,0.999,309,1.073962231,0.597714801,61.08,20,100,696618,22.34141278,22.13271022,0.208702564,,771.1474609,2
FedAdam,CIFAR10,,0.9,0.999,310,1.024747739,0.617942674,63.18,20,100,696618,24.88512516,24.65984058,0.225284576,,771.1474609,2
FedAdam,CIFAR10,,0.9,0.999,311,1.043973207,0.597921515,61.31,24,100,696618,27.69797897,27.41903687,0.278942108,,771.1474609,2
FedAdam,CIFAR10,,0.9,0.999,312,1.179622178,0.550657722,56.28,29,100,696618,38.10494947,37.76963735,0.335312128,,771.1474609,2
FedAdam,CIFAR10,,0.9,0.999,313,1.049348455,0.603521683,61.62,24,100,696618,30.32690811,30.06395626,0.262951851,,771.1474609,2
FedAdam,CIFAR10,,0.9,0.999,314,1.057558863,0.598699947,60.97,26,100,696618,33.21482158,32.94238877,0.272432804,,771.1474609,2
FedAdam,CIFAR10,,0.9,0.999,315,1.151846516,0.554707742,57.17,27,100,696618,36.53344536,36.23153377,0.301911592,,771.1474609,2
FedAdam,CIFAR10,,0.9,0.999,316,1.057860942,0.594714706,61.26,23,100,696618,30.42887139,30.17500687,0.253864527,,771.1474609,2
FedAdam,CIFAR10,,0.9,0.999,317,1.019026131,0.634819289,63.8,22,100,696618,26.05899882,25.80990624,0.249092579,,771.1474609,2
FedAdam,CIFAR10,,0.9,0.999,318,1.048915273,0.639285151,63.2,28,100,696618,30.34778905,30.0459919,0.301797152,,771.1474609,2
FedAdam,CIFAR10,,0.9,0.999,319,1.046170063,0.636321889,62.87,29,100,696618,34.1264689,33.82078266,0.305686235,,771.1474609,2
FedAdam,CIFAR10,,0.9,0.999,320,1.018508433,0.63393982,63.59,26,100,696618,29.23995662,28.95162988,0.28832674,,771.1474609,2
FedAdam,CIFAR10,,0.9,0.999,321,1.023702719,0.625855458,63,21,100,696618,26.45607591,26.2196753,0.236400604,,771.1474609,2
FedAdam,CIFAR10,,0.9,0.999,322,0.998693057,0.6318778,63.49,23,100,696618,29.21800637,28.96240973,0.255596638,,771.1474609,2
FedAdam,CIFAR10,,0.9,0.999,323,1.009307184,0.631726619,63.24,29,100,696618,39.4616549,39.14329171,0.31836319,,771.1474609,2
FedAdam,CIFAR10,,0.9,0.999,324,1.050627529,0.608788578,61.49,26,100,696618,31.69814849,31.41220665,0.285941839,,771.1474609,2
FedAdam,CIFAR10,,0.9,0.999,325,1.06034519,0.603155636,61.7,27,100,696618,32.30808902,32.00563383,0.302455187,,771.1474609,2
FedAdam,CIFAR10,,0.9,0.999,326,1.038352263,0.605702735,61.81,23,100,696618,31.11835861,30.8607192,0.257639408,,771.1474609,2
FedAdam,CIFAR10,,0.9,0.999,327,1.015806053,0.609261865,62.56,29,100,696618,37.19659948,36.85235453,0.344244957,,771.1474609,2
FedAdam,CIFAR10,,0.9,0.999,328,1.02525465,0.605179258,62.63,24,100,696618,31.82000399,31.52760649,0.292397499,,771.1474609,2
FedAdam,CIFAR10,,0.9,0.999,329,1.055048683,0.608247001,61.71,25,100,696618,29.63313985,29.33288455,0.300255299,,771.1474609,2
FedAdam,CIFAR10,,0.9,0.999,330,1.011653501,0.63946655,64.04,26,100,696618,33.56206274,33.23727274,0.324790001,,771.1474609,2
FedAdam,CIFAR10,,0.9,0.999,331,1.086803646,0.613389777,61.29,25,100,696618,30.87203074,30.57912302,0.292907715,,771.1474609,2
FedAdam,CIFAR10,,0.9,0.999,332,1.155601294,0.58311823,57.32,20,100,696618,24.32947683,24.07763433,0.251842499,,771.1474609,2
FedAdam,CIFAR10,,0.9,0.999,333,1.177710052,0.578489827,57.47,24,100,696618,32.22111106,31.92739964,0.293711424,,771.1474609,2
FedAdam,CIFAR10,,0.9,0.999,334,1.037979722,0.615645921,62.09,22,100,696618,31.85347009,31.58725333,0.266216755,,771.1474609,2
FedAdam,CIFAR10,,0.9,0.999,335,1.070537086,0.606440285,61.53,22,100,696618,31.46911836,31.20073938,0.268378973,,771.1474609,2
FedAdam,CIFAR10,,0.9,0.999,336,1.314940257,0.500315901,52,24,100,696618,33.80309939,33.52406478,0.279034615,,771.1474609,2
FedAdam,CIFAR10,,0.9,0.999,337,1.047873363,0.615641887,61.94,21,100,696618,23.54495358,23.30277514,0.24217844,,771.1474609,2
FedAdam,CIFAR10,,0.9,0.999,338,1.03351784,0.634939081,62.95,23,100,696618,30.55589128,30.27800512,0.277886152,,771.1474609,2
FedAdam,CIFAR10,,0.9,0.999,339,1.027337547,0.630887261,62.91,25,100,696618,32.79829597,32.5138905,0.28440547,,771.1474609,2
FedAdam,CIFAR10,,0.9,0.999,340,1.01657604,0.624982234,63.39,24,100,696618,32.14547157,31.88104296,0.264428616,,771.1474609,2
FedAdam,CIFAR10,,0.9,0.999,341,1.034358748,0.611243457,62.53,25,100,696618,27.85495043,27.55987453,0.295075893,,771.1474609,2
FedAdam,CIFAR10,,0.9,0.999,342,1.082851402,0.593009352,61.14,27,100,696618,36.2211082,35.89661837,0.324489832,,771.1474609,2
FedAdam,CIFAR10,,0.9,0.999,343,0.982314507,0.63154141,65.15,20,100,696618,24.00945067,23.76810074,0.241349936,,771.1474609,2
FedAdam,CIFAR10,,0.9,0.999,344,0.964195458,0.639950816,65.29,20,100,696618,23.26395226,23.02483153,0.239120722,,771.1474609,2
FedAdam,CIFAR10,,0.9,0.999,345,0.947168819,0.657423044,66.15,23,100,696618,29.56004143,29.28400588,0.276035547,,771.1474609,2
FedAdam,CIFAR10,,0.9,0.999,346,1.01211158,0.643753675,64.39,20,100,696618,27.49503851,27.24341655,0.251621962,,771.1474609,2
FedAdam,CIFAR10,,0.9,0.999,347,1.015868131,0.638306944,63.87,21,100,696618,25.62015343,25.36478066,0.255372763,,771.1474609,2
FedAdam,CIFAR10,,0.9,0.999,348,1.034528261,0.614866594,62,20,100,696618,22.17607689,21.93818617,0.23789072,,771.1474609,2
FedAdam,CIFAR10,,0.9,0.999,349,1.065043955,0.605675454,61.84,27,100,696618,37.87055922,37.5476799,0.322879314,,771.1474609,2
FedAdam,CIFAR10,,0.9,0.999,350,1.023158926,0.629468902,63.69,21,100,696618,28.55327821,28.30350304,0.249775171,,771.1474609,2
FedAdam,CIFAR10,,0.9,0.999,351,1.026102977,0.622021147,63.23,30,100,696618,41.81682873,41.45840693,0.358421803,,771.1474609,2
FedAdam,CIFAR10,,0.9,0.999,352,1.135741505,0.579486481,59.33,30,100,696618,39.62119818,39.27931094,0.341887236,,771.1474609,2
FedAdam,CIFAR10,,0.9,0.999,353,1.02094537,0.639223464,63.75,23,100,696618,30.86854076,30.58371377,0.284826994,,771.1474609,2
FedAdam,CIFAR10,,0.9,0.999,354,0.943287695,0.670442874,66.78,29,100,696618,37.69432259,37.34575391,0.348568678,,771.1474609,2
FedAdam,CIFAR10,,0.9,0.999,355,1.021195574,0.609677092,62.52,25,100,696618,33.36847758,33.07140732,0.297070265,,771.1474609,2
FedAdam,CIFAR10,,0.9,0.999,356,1.016106201,0.604793983,63.17,23,100,696618,31.8521204,31.58077049,0.271349907,,771.1474609,2
FedAdam,CIFAR10,,0.9,0.999,357,1.091346071,0.579743522,60.1,27,100,696618,34.42720675,34.10239601,0.324810743,,771.1474609,2
FedAdam,CIFAR10,,0.9,0.999,358,1.11545732,0.57917645,59.7,30,100,696618,39.53615403,39.18506598,0.351088047,,771.1474609,2
FedAdam,CIFAR10,,0.9,0.999,359,1.019106452,0.622647849,63.35,24,100,696618,34.75480318,34.45784426,0.296958923,,771.1474609,2
FedAdam,CIFAR10,,0.9,0.999,360,0.952428243,0.650065123,66,27,100,696618,33.2229526,32.89139843,0.331554174,,771.1474609,2
FedAdam,CIFAR10,,0.9,0.999,361,0.989940587,0.64118007,65.3,21,100,696618,31.98173285,31.72897005,0.252762794,,771.1474609,2
FedAdam,CIFAR10,,0.9,0.999,362,0.951318299,0.656387879,65.96,26,100,696618,37.69948196,37.41400862,0.285473347,,771.1474609,2
FedAdam,CIFAR10,,0.9,0.999,363,0.886662724,0.694079282,69.1,21,100,696618,24.26505399,24.01442981,0.25062418,,771.1474609,2
FedAdam,CIFAR10,,0.9,0.999,364,1.014715717,0.644595819,63.68,29,100,696618,34.58329654,34.26438308,0.31891346,,771.1474609,2
FedAdam,CIFAR10,,0.9,0.999,365,1.068225016,0.608922871,60.45,20,100,696618,25.94804454,25.72053266,0.227511883,,771.1474609,2
FedAdam,CIFAR10,,0.9,0.999,366,1.02363282,0.623493799,62.13,29,100,696618,35.43537736,35.10226107,0.333116293,,771.1474609,2
FedAdam,CIFAR10,,0.9,0.999,367,0.938070243,0.669098038,66.33,22,100,696618,28.39931726,28.14262199,0.256695271,,771.1474609,2
FedAdam,CIFAR10,,0.9,0.999,368,0.973655789,0.653231651,65.8,26,100,696618,31.36699677,31.0564158,0.310580969,,771.1474609,2
FedAdam,CIFAR10,,0.9,0.999,369,0.956068547,0.655449703,66.19,27,100,696618,33.14869857,32.84409046,0.304608107,,771.1474609,2
FedAdam,CIFAR10,,0.9,0.999,370,1.02576507,0.631571275,63.54,24,100,696618,29.66450429,29.39106464,0.273439646,,771.1474609,2
FedAdam,CIFAR10,,0.9,0.999,371,0.961783199,0.650349697,66.4,20,100,696618,26.42370129,26.20833087,0.215370417,,771.1474609,2
FedAdam,CIFAR10,,0.9,0.999,372,0.929090462,0.657759254,66.98,29,100,696618,34.8206203,34.50114322,0.319477081,,771.1474609,2
FedAdam,CIFAR10,,0.9,0.999,373,1.0206665,0.625068973,63.66,24,100,696618,30.55423832,30.26186037,0.292377949,,771.1474609,2
FedAdam,CIFAR10,,0.9,0.999,374,0.941674675,0.666256694,67.22,28,100,696618,35.2986114,34.98209572,0.316515684,,771.1474609,2
FedAdam,CIFAR10,,0.9,0.999,375,0.911229704,0.675024606,67.6,24,100,696618,31.50831199,31.2324605,0.275851488,,771.1474609,2
FedAdam,CIFAR10,,0.9,0.999,376,0.913855898,0.674813658,67.52,25,100,696618,35.07877779,34.79342866,0.285349131,,771.1474609,2
FedAdam,CIFAR10,,0.9,0.999,377,0.997913553,0.64292714,63.76,21,100,696618,26.88495088,26.64731765,0.237633228,,771.1474609,2
FedAdam,CIFAR10,,0.9,0.999,378,0.983213194,0.644102721,64.23,23,100,696618,24.48627567,24.23159552,0.254680157,,771.1474609,2
FedAdam,CIFAR10,,0.9,0.999,379,0.912869744,0.670945459,67.14,25,100,696618,35.52959776,35.23646736,0.293130398,,771.1474609,2
FedAdam,CIFAR10,,0.9,0.999,380,0.927383793,0.667773846,66.94,28,100,696618,35.40845919,35.09847951,0.309979677,,771.1474609,2
FedAdam,CIFAR10,,0.9,0.999,381,0.947558321,0.664432696,66.97,23,100,696618,33.28799486,33.02739596,0.260598898,,771.1474609,2
FedAdam,CIFAR10,,0.9,0.999,382,0.95142628,0.662463349,66.31,28,100,696618,32.37728739,32.0545702,0.32271719,,771.1474609,2
FedAdam,CIFAR10,,0.9,0.999,383,0.91319265,0.662944903,67.3,20,100,696618,21.64322829,21.42202187,0.221206427,,771.1474609,2
FedAdam,CIFAR10,,0.9,0.999,384,0.957606968,0.639868334,65.56,30,100,696618,34.52233195,34.19920349,0.323128462,,771.1474609,2
FedAdam,CIFAR10,,0.9,0.999,385,0.946155652,0.65134175,65.74,22,100,696618,29.31974864,29.06957793,0.250170708,,771.1474609,2
FedAdam,CIFAR10,,0.9,0.999,386,0.947806596,0.66626927,66.39,24,100,696618,31.83040667,31.55972815,0.27067852,,771.1474609,2
FedAdam,CIFAR10,,0.9,0.999,387,1.031162929,0.626543569,62.86,23,100,696618,30.98526406,30.70156002,0.283704042,,771.1474609,2
FedAdam,CIFAR10,,0.9,0.999,388,0.993165519,0.643971737,63.55,28,100,696618,36.86973977,36.54990435,0.319835424,,771.1474609,2
FedAdam,CIFAR10,,0.9,0.999,389,0.862296296,0.69648748,69.95,21,100,696618,30.96251059,30.72102427,0.241486311,,771.1474609,2
FedAdam,CIFAR10,,0.9,0.999,390,0.881529652,0.682549541,69.14,25,100,696618,33.38543606,33.08956313,0.295872927,,771.1474609,2
FedAdam,CIFAR10,,0.9,0.999,391,0.972648339,0.641130853,64.81,24,100,696618,32.26941681,32.01838446,0.251032352,,771.1474609,2
FedAdam,CIFAR10,,0.9,0.999,392,0.875954215,0.684046519,68.6,22,100,696618,31.16289234,30.91209555,0.250796795,,771.1474609,2
FedAdam,CIFAR10,,0.9,0.999,393,0.858654862,0.695109712,69.29,20,100,696618,24.0364759,23.80731344,0.229162455,,771.1474609,2
FedAdam,CIFAR10,,0.9,0.999,394,0.838187685,0.7063174,70.74,29,100,696618,38.27451706,37.9536159,0.320901155,,771.1474609,2
FedAdam,CIFAR10,,0.9,0.999,395,0.89822461,0.680424036,68.18,29,100,696618,39.66252422,39.35304904,0.309475183,,771.1474609,2
FedAdam,CIFAR10,,0.9,0.999,396,0.905189803,0.677281075,67.88,25,100,696618,30.77918434,30.50480795,0.274376392,,771.1474609,2
FedAdam,CIFAR10,,0.9,0.999,397,0.86155573,0.694738934,69.54,30,100,696618,39.71267581,39.36803389,0.344641924,,771.1474609,2
FedAdam,CIFAR10,,0.9,0.999,398,0.842931643,0.702770795,70.16,20,100,696618,24.87424588,24.65698147,0.217264414,,771.1474609,2
FedAdam,CIFAR10,,0.9,0.999,399,0.818068998,0.71543452,71.16,25,100,696618,32.5985136,32.33026052,0.268253088,,771.1474609,2
FedAdam,CIFAR10,,0.9,0.999,400,0.857597382,0.702134322,69.67,28,100,696618,37.40741491,37.0905242,0.316890717,,771.1474609,2
FedAdam,CIFAR10,,0.9,0.999,401,0.917618905,0.678299684,67.68,22,100,696618,27.69389224,27.43997478,0.253917456,,771.1474609,2
FedAdam,CIFAR10,,0.9,0.999,402,0.988278956,0.647438083,65.83,21,100,696618,26.90313554,26.64694667,0.256188869,,771.1474609,2
FedAdam,CIFAR10,,0.9,0.999,403,0.949934011,0.662151859,66.93,26,100,696618,35.51022029,35.21371245,0.296507835,,771.1474609,2
FedAdam,CIFAR10,,0.9,0.999,404,0.807510078,0.717926894,71.92,21,100,696618,28.15628171,27.91345716,0.242824554,,771.1474609,2
FedAdam,CIFAR10,,0.9,0.999,405,0.888300778,0.687299322,68.32,22,100,696618,28.43640733,28.18270564,0.253701687,,771.1474609,2
FedAdam,CIFAR10,,0.9,0.999,406,0.870054819,0.69320568,68.94,23,100,696618,28.83838558,28.56935382,0.269031763,,771.1474609,2
FedAdam,CIFAR10,,0.9,0.999,407,0.857190527,0.700109123,69.54,25,100,696618,33.00493693,32.73930836,0.265628576,,771.1474609,2
FedAdam,CIFAR10,,0.9,0.999,408,1.065252112,0.622307376,62.25,25,100,696618,29.26101255,28.98053145,0.2804811,,771.1474609,2
FedAdam,CIFAR10,,0.9,0.999,409,0.961187509,0.644490916,66.02,21,100,696618,28.72706723,28.48628759,0.240779638,,771.1474609,2
FedAdam,CIFAR10,,0.9,0.999,410,0.813728571,0.711222022,71.95,29,100,696618,40.20255971,39.87208509,0.330474615,,771.1474609,2
FedAdam,CIFAR10,,0.9,0.999,411,0.845097048,0.700782299,70.36,29,100,696618,36.19898963,35.86524558,0.333744049,,771.1474609,2
FedAdam,CIFAR10,,0.9,0.999,412,0.858480661,0.700967655,69.81,21,100,696618,27.47062135,27.23587513,0.234746218,,771.1474609,2
FedAdam,CIFAR10,,0.9,0.999,413,0.870989539,0.69752701,69.15,21,100,696618,28.28303099,28.01317787,0.269853115,,771.1474609,2
FedAdam,CIFAR10,,0.9,0.999,414,0.860235375,0.692746752,68.9,24,100,696618,31.49299812,31.21638989,0.276608229,,771.1474609,2
FedAdam,CIFAR10,,0.9,0.999,415,0.860023741,0.68732453,68.87,29,100,696618,38.62461901,38.29481602,0.32980299,,771.1474609,2
FedAdam,CIFAR10,,0.9,0.999,416,0.826263035,0.697914441,70.33,28,100,696618,35.70240426,35.39283466,0.309569597,,771.1474609,2
FedAdam,CIFAR10,,0.9,0.999,417,0.849363366,0.685953191,70.18,25,100,696618,32.61891794,32.33615208,0.282765865,,771.1474609,2
FedAdam,CIFAR10,,0.9,0.999,418,0.828384191,0.689529844,70.64,22,100,696618,26.96448159,26.71298528,0.251496315,,771.1474609,2
FedAdam,CIFAR10,,0.9,0.999,419,0.853400581,0.686324363,69.33,28,100,696618,31.34621215,31.04082894,0.305383205,,771.1474609,2
FedAdam,CIFAR10,,0.9,0.999,420,0.861280012,0.695730734,69.48,26,100,696618,31.32701397,31.02608466,0.300929308,,771.1474609,2
FedAdam,CIFAR10,,0.9,0.999,421,0.776127939,0.728355868,72.79,20,100,696618,25.00691223,24.76851225,0.238399982,,771.1474609,2
FedAdam,CIFAR10,,0.9,0.999,422,0.814175336,0.700247501,70.84,25,100,696618,27.74854136,27.46687675,0.28166461,,771.1474609,2
FedAdam,CIFAR10,,0.9,0.999,423,0.881838846,0.668034243,68.7,28,100,696618,39.21404052,38.89021468,0.323825836,,771.1474609,2
FedAdam,CIFAR10,,0.9,0.999,424,0.861034897,0.689317145,69.68,25,100,696618,30.51122713,30.21750951,0.293717623,,771.1474609,2
FedAdam,CIFAR10,,0.9,0.999,425,0.928642411,0.681484652,68.17,30,100,696618,38.16059804,37.83431864,0.326279402,,771.1474609,2
FedAdam,CIFAR10,,0.9,0.999,426,0.910274889,0.683505929,68.14,26,100,696618,31.22929978,30.96050453,0.268795252,,771.1474609,2
FedAdam,CIFAR10,,0.9,0.999,427,0.857171079,0.695284182,69.68,29,100,696618,34.70905352,34.39064097,0.318412542,,771.1474609,2
FedAdam,CIFAR10,,0.9,0.999,428,0.840459979,0.693942861,70.35,20,100,696618,25.70341945,25.49562263,0.207796812,,771.1474609,2
FedAdam,CIFAR10,,0.9,0.999,429,0.778500431,0.719982586,73.08,20,100,696618,23.20915151,22.95985985,0.249291658,,771.1474609,2
FedAdam,CIFAR10,,0.9,0.999,430,0.91333463,0.672313703,67.98,21,100,696618,25.44857407,25.20925188,0.239322186,,771.1474609,2
FedAdam,CIFAR10,,0.9,0.999,431,1.043984679,0.630355907,64.83,21,100,696618,25.70288897,25.46747947,0.235409498,,771.1474609,2
FedAdam,CIFAR10,,0.9,0.999,432,1.015591519,0.63910074,64.69,26,100,696618,31.33764243,31.06127,0.276372433,,771.1474609,2
FedAdam,CIFAR10,,0.9,0.999,433,0.891853726,0.680557541,68.47,28,100,696618,37.55364943,37.20274734,0.350902081,,771.1474609,2
FedAdam,CIFAR10,,0.9,0.999,434,0.871101413,0.692202986,68.46,23,100,696618,31.71091056,31.44161153,0.26929903,,771.1474609,2
FedAdam,CIFAR10,,0.9,0.999,435,0.876011569,0.685510002,68.87,25,100,696618,33.36798477,33.06939483,0.298589945,,771.1474609,2
FedAdam,CIFAR10,,0.9,0.999,436,0.846980733,0.695938034,69.72,26,100,696618,31.33183026,31.03761482,0.294215441,,771.1474609,2
FedAdam,CIFAR10,,0.9,0.999,437,0.833240149,0.708772601,71.53,22,100,696618,29.31647253,29.05547595,0.26099658,,771.1474609,2
FedAdam,CIFAR10,,0.9,0.999,438,0.836218559,0.710238343,70.94,28,100,696618,37.1989677,36.87808228,0.32088542,,771.1474609,2
FedAdam,CIFAR10,,0.9,0.999,439,0.806601716,0.719916637,71.8,28,100,696618,34.27613711,33.96152115,0.314615965,,771.1474609,2
FedAdam,CIFAR10,,0.9,0.999,440,0.83689748,0.707049231,70.94,21,100,696618,25.17808867,24.94048357,0.237605095,,771.1474609,2
FedAdam,CIFAR10,,0.9,0.999,441,0.778716667,0.72485627,72.62,28,100,696618,37.85227776,37.53650498,0.315772772,,771.1474609,2
FedAdam,CIFAR10,,0.9,0.999,442,0.833577588,0.694735208,70.64,23,100,696618,27.88695383,27.63562799,0.251325846,,771.1474609,2
FedAdam,CIFAR10,,0.9,0.999,443,0.981167366,0.645310547,66.65,20,100,696618,25.60382438,25.37739444,0.226429939,,771.1474609,2
FedAdam,CIFAR10,,0.9,0.999,444,0.934597764,0.663212561,68.38,24,100,696618,31.96264887,31.68571162,0.276937246,,771.1474609,2
FedAdam,CIFAR10,,0.9,0.999,445,0.740860076,0.738356726,74.02,21,100,696618,30.30834198,30.06707549,0.241266489,,771.1474609,2
FedAdam,CIFAR10,,0.9,0.999,446,0.812047193,0.708657523,70.78,24,100,696618,32.6348567,32.35459208,0.280264616,,771.1474609,2
FedAdam,CIFAR10,,0.9,0.999,447,0.819586631,0.709514869,70.62,23,100,696618,28.49703431,28.236274,0.260760307,,771.1474609,2
FedAdam,CIFAR10,,0.9,0.999,448,0.773568897,0.733762902,73.03,30,100,696618,38.38567495,38.04274821,0.342926741,,771.1474609,2
FedAdam,CIFAR10,,0.9,0.999,449,0.809631324,0.701618914,71.48,24,100,696618,32.20231676,31.9120717,0.290245056,,771.1474609,2
FedAdam,CIFAR10,,0.9,0.999,450,0.8079659,0.687313301,71.51,26,100,696618,35.19276571,34.89526677,0.297498941,,771.1474609,2
FedAdam,CIFAR10,,0.9,0.999,451,0.782443368,0.693254121,72.21,22,100,696618,27.09674954,26.85157943,0.245170116,,771.1474609,2
FedAdam,CIFAR10,,0.9,0.999,452,0.726204854,0.724021858,73.93,29,100,696618,36.75391197,36.42205,0.331861973,,771.1474609,2
FedAdam,CIFAR10,,0.9,0.999,453,0.781463667,0.721405757,72.5,26,100,696618,33.44750357,33.13732862,0.310174942,,771.1474609,2
FedAdam,CIFAR10,,0.9,0.999,454,0.787521989,0.728483528,72.86,23,100,696618,28.58558178,28.33099771,0.254584074,,771.1474609,2
FedAdam,CIFAR10,,0.9,0.999,455,0.747539162,0.741771969,73.77,20,100,696618,21.77758956,21.54278493,0.23480463,,771.1474609,2
FedAdam,CIFAR10,,0.9,0.999,456,0.747951316,0.743444756,74.33,30,100,696618,41.17057157,40.82286096,0.347710609,,771.1474609,2
FedAdam,CIFAR10,,0.9,0.999,457,0.867605139,0.692394983,70.18,27,100,696618,35.17710757,34.87742329,0.299684286,,771.1474609,2
FedAdam,CIFAR10,,0.9,0.999,458,0.824450326,0.699566731,71.22,26,100,696618,36.20514131,35.89256287,0.31257844,,771.1474609,2
FedAdam,CIFAR10,,0.9,0.999,459,0.8002569,0.708024304,71.88,26,100,696618,34.34730864,34.02580404,0.321504593,,771.1474609,2
FedAdam,CIFAR10,,0.9,0.999,460,0.813793951,0.710416035,72.13,30,100,696618,40.37932372,40.04306412,0.336259604,,771.1474609,2
FedAdam,CIFAR10,,0.9,0.999,461,0.756836799,0.732358994,73.34,23,100,696618,30.43951631,30.17088628,0.268630028,,771.1474609,2
FedAdam,CIFAR10,,0.9,0.999,462,0.789588829,0.722506921,72.16,27,100,696618,35.25199866,34.92728949,0.324709177,,771.1474609,2
FedAdam,CIFAR10,,0.9,0.999,463,0.802188722,0.71777824,71.69,29,100,696618,37.12518239,36.8082397,0.316942692,,771.1474609,2
FedAdam,CIFAR10,,0.9,0.999,464,0.819023712,0.711841329,71.42,21,100,696618,29.60277605,29.35390067,0.24887538,,771.1474609,2
FedAdam,CIFAR10,,0.9,0.999,465,0.786304061,0.71913426,72.41,20,100,696618,27.23580742,26.99160504,0.244202375,,771.1474609,2
FedAdam,CIFAR10,,0.9,0.999,466,0.781776936,0.717127433,72.33,21,100,696618,32.12365365,31.86149096,0.262162685,,771.1474609,2
FedAdam,CIFAR10,,0.9,0.999,467,0.76570817,0.720976512,72.42,26,100,696618,35.77232647,35.46573925,0.306587219,,771.1474609,2
FedAdam,CIFAR10,,0.9,0.999,468,0.693729088,0.751010099,75.36,22,100,696618,31.14508557,30.87318373,0.271901846,,771.1474609,2
FedAdam,CIFAR10,,0.9,0.999,469,0.765613027,0.725605651,72.69,28,100,696618,40.5638926,40.22478151,0.33911109,,771.1474609,2
FedAdam,CIFAR10,,0.9,0.999,470,0.739975647,0.737653128,74.07,24,100,696618,33.73739314,33.42934942,0.308043718,,771.1474609,2
FedAdam,CIFAR10,,0.9,0.999,471,0.679529459,0.766412316,76.5,28,100,696618,42.26564121,41.91410255,0.351538658,,771.1474609,2
FedAdam,CIFAR10,,0.9,0.999,472,0.70706635,0.749676495,74.85,29,100,696618,35.9822557,35.64227676,0.339978933,,771.1474609,2
FedAdam,CIFAR10,,0.9,0.999,473,0.749188739,0.732468001,73.61,22,100,696618,27.2520597,26.98870802,0.263351679,,771.1474609,2
FedAdam,CIFAR10,,0.9,0.999,474,0.800082713,0.71974076,72.27,28,100,696618,40.02544475,39.69308186,0.33236289,,771.1474609,2
FedAdam,CIFAR10,,0.9,0.999,475,0.812622559,0.716727181,71.75,22,100,696618,26.24776816,25.97816992,0.269598246,,771.1474609,2
FedAdam,CIFAR10,,0.9,0.999,476,0.765103575,0.723729079,73.21,23,100,696618,32.56864572,32.29891896,0.269726753,,771.1474609,2
FedAdam,CIFAR10,,0.9,0.999,477,0.744085487,0.729628967,73.81,22,100,696618,30.22479534,29.95816946,0.266625881,,771.1474609,2
FedAdam,CIFAR10,,0.9,0.999,478,0.717572742,0.746216084,74.79,27,100,696618,32.57948542,32.25949121,0.319994211,,771.1474609,2
FedAdam,CIFAR10,,0.9,0.999,479,0.709003912,0.753503801,75.28,23,100,696618,31.26135206,30.97456646,0.286785603,,771.1474609,2
FedAdam,CIFAR10,,0.9,0.999,480,0.825824719,0.715323594,70.9,30,100,696618,44.67340541,44.30718303,0.366222382,,771.1474609,2
FedAdam,CIFAR10,,0.9,0.999,481,0.740914471,0.744852834,74.33,24,100,696618,32.56280351,32.27456784,0.288235664,,771.1474609,2
FedAdam,CIFAR10,,0.9,0.999,482,0.761403243,0.737660347,73.71,21,100,696618,25.45509553,25.20189047,0.253205061,,771.1474609,2
FedAdam,CIFAR10,,0.9,0.999,483,0.692470306,0.75281492,75.59,21,100,696618,28.59743547,28.32707119,0.270364285,,771.1474609,2
FedAdam,CIFAR10,,0.9,0.999,484,0.658744514,0.759271039,76.55,22,100,696618,28.78743219,28.5241096,0.263322592,,771.1474609,2
FedAdam,CIFAR10,,0.9,0.999,485,0.699133014,0.752557638,75.36,27,100,696618,36.75890398,36.4389894,0.319914579,,771.1474609,2
FedAdam,CIFAR10,,0.9,0.999,486,0.76950039,0.724136394,72.37,27,100,696618,34.08075953,33.74965596,0.331103563,,771.1474609,2
FedAdam,CIFAR10,,0.9,0.999,487,0.764890935,0.725794993,72.37,21,100,696618,29.40937829,29.1537621,0.255616188,,771.1474609,2
FedAdam,CIFAR10,,0.9,0.999,488,0.737545128,0.743441936,74.27,23,100,696618,34.1898632,33.90206981,0.287793398,,771.1474609,2
FedAdam,CIFAR10,,0.9,0.999,489,0.748183617,0.741712178,74,20,100,696618,31.54406452,31.30064321,0.243421316,,771.1474609,2
FedAdam,CIFAR10,,0.9,0.999,490,0.719146463,0.749159474,75.56,24,100,696618,34.55916572,34.26541805,0.293747663,,771.1474609,2
FedAdam,CIFAR10,,0.9,0.999,491,0.729368689,0.739570104,74.84,24,100,696618,34.50022459,34.20637417,0.293850422,,771.1474609,2
FedAdam,CIFAR10,,0.9,0.999,492,0.723743948,0.744523297,74.73,27,100,696618,38.84925532,38.54490304,0.304352283,,771.1474609,2
FedAdam,CIFAR10,,0.9,0.999,493,0.701214132,0.753137882,75.37,23,100,696618,31.76675177,31.49330997,0.273441792,,771.1474609,2
FedAdam,CIFAR10,,0.9,0.999,494,0.843971072,0.70747223,70.33,22,100,696618,31.02487779,30.75475836,0.270119429,,771.1474609,2
FedAdam,CIFAR10,,0.9,0.999,495,0.685319842,0.761535272,76.01,23,100,696618,27.54912591,27.25473833,0.294387579,,771.1474609,2
FedAdam,CIFAR10,,0.9,0.999,496,0.668255583,0.765671856,76.29,27,100,696618,36.37588787,36.04978895,0.326098919,,771.1474609,2
FedAdam,CIFAR10,,0.9,0.999,497,0.700699308,0.753373329,75.3,28,100,696618,38.85867643,38.51358414,0.345092297,,771.1474609,2
FedAdam,CIFAR10,,0.9,0.999,498,0.628532704,0.784261034,78.4,26,100,696618,31.61392951,31.31167245,0.302257061,,771.1474609,2
FedAdam,CIFAR10,,0.9,0.999,499,0.680749391,0.762589996,76.25,30,100,696618,35.46976829,35.11121368,0.358554602,,771.1474609,2
FedAdam,CIFAR10,,0.9,0.999,500,0.79254984,0.718494623,71.82,25,100,696618,34.31972837,34.0248065,0.294921875,,771.1474609,2
FedDyn,CIFAR10,,0.9,0.999,1,2.885981932,0.018181818,10,26,100,696618,45.93563008,45.86572289,0.069907188,,693.8842773,0
FedDyn,CIFAR10,,0.9,0.999,2,2.514649496,0.018181818,10,27,100,696618,54.27791762,54.20713544,0.070782185,,693.8842773,0
FedDyn,CIFAR10,,0.9,0.999,3,2.748973541,0.018181818,10,29,100,696618,59.67388082,59.59487081,0.07901001,,693.8842773,0
FedDyn,CIFAR10,,0.9,0.999,4,2.806210916,0.018181818,10,22,100,696618,43.91039848,43.8451128,0.065285683,,693.8842773,0
FedDyn,CIFAR10,,0.9,0.999,5,2.442861465,0.018181818,10,26,100,696618,48.90994072,48.84444427,0.065496445,,693.8842773,0
FedDyn,CIFAR10,,0.9,0.999,6,2.497127,0.018181818,10,20,100,696618,36.51042557,36.45430064,0.056124926,,693.8842773,0
FedDyn,CIFAR10,,0.9,0.999,7,2.367847174,0.018389091,10.01,23,100,696618,43.29753971,43.23864007,0.058899641,,693.8842773,0
FedDyn,CIFAR10,,0.9,0.999,8,2.490618879,0.018181818,10,28,100,696618,51.86971807,51.79391861,0.075799465,,693.8842773,0
FedDyn,CIFAR10,,0.9,0.999,9,2.627877607,0.018181818,10,28,100,696618,56.61308861,56.54074097,0.072347641,,693.8842773,0
FedDyn,CIFAR10,,0.9,0.999,10,2.404761661,0.02686156,10.47,30,100,696618,57.61671448,57.54606414,0.070650339,,693.8842773,0
FedDyn,CIFAR10,,0.9,0.999,11,2.42239339,0.018181818,10,20,100,696618,41.60662818,41.54977846,0.056849718,,693.8842773,0
FedDyn,CIFAR10,,0.9,0.999,12,2.461690004,0.045992702,12.56,20,100,696618,41.10374546,41.04660273,0.057142735,,693.8842773,0
FedDyn,CIFAR10,,0.9,0.999,13,2.46949663,0.018181818,10,24,100,696618,50.38497591,50.31924367,0.065732241,,693.8842773,0
FedDyn,CIFAR10,,0.9,0.999,14,2.483358187,0.018181818,10,28,100,696618,54.67068458,54.59435105,0.076333523,,693.8842773,0
FedDyn,CIFAR10,,0.9,0.999,15,2.36319907,0.033538573,10.46,27,100,696618,53.6646955,53.59293437,0.071761131,,693.8842773,0
FedDyn,CIFAR10,,0.9,0.999,16,2.436604036,0.043608407,11.79,25,100,696618,47.41965294,47.35487366,0.064779282,,693.8842773,0
FedDyn,CIFAR10,,0.9,0.999,17,2.792674755,0.018181818,10,26,100,696618,51.55635262,51.48592401,0.07042861,,693.8842773,0
FedDyn,CIFAR10,,0.9,0.999,18,2.761441004,0.018181818,10,26,100,696618,45.97656035,45.90829849,0.068261862,,693.8842773,0
FedDyn,CIFAR10,,0.9,0.999,19,2.874835183,0.018181818,10,20,100,696618,38.03036261,37.97267747,0.057685137,,693.8842773,0
FedDyn,CIFAR10,,0.9,0.999,20,2.545656213,0.02161742,10.16,27,100,696618,51.97902608,51.90749145,0.071534634,,693.8842773,0
FedDyn,CIFAR10,,0.9,0.999,21,2.420393569,0.036789155,10.92,30,100,696618,59.84971237,59.74922466,0.100487709,,693.8842773,0
FedDyn,CIFAR10,,0.9,0.999,22,2.435036383,0.061640276,13.65,25,100,696618,53.1017518,53.03358841,0.068163395,,693.8842773,0
FedDyn,CIFAR10,,0.9,0.999,23,2.454964494,0.022716345,10.12,29,100,696618,63.00697064,62.92940974,0.077560902,,693.8842773,0
FedDyn,CIFAR10,,0.9,0.999,24,2.45117354,0.027763828,10.35,20,100,696618,35.94269586,35.88968825,0.053007603,,693.8842773,0
FedDyn,CIFAR10,,0.9,0.999,25,2.48476118,0.038541347,11.06,21,100,696618,41.29033661,41.23246408,0.057872534,,693.8842773,0
FedDyn,CIFAR10,,0.9,0.999,26,2.409041155,0.04539048,13.56,25,100,696618,52.53179216,52.46584654,0.065945625,,693.8842773,0
FedDyn,CIFAR10,,0.9,0.999,27,2.694038363,0.029327367,9.81,25,100,696618,51.53678799,51.47027516,0.066512823,,693.8842773,0
FedDyn,CIFAR10,,0.9,0.999,28,2.630328399,0.018181818,10,25,100,696618,45.70927167,45.63702321,0.072248459,,693.8842773,0
FedDyn,CIFAR10,,0.9,0.999,29,2.517018708,0.018181818,10,20,100,696618,40.31365108,40.2564528,0.057198286,,693.8842773,0
FedDyn,CIFAR10,,0.9,0.999,30,2.358037092,0.018181818,10,27,100,696618,53.92321062,53.84816599,0.075044632,,693.8842773,0
FedDyn,CIFAR10,,0.9,0.999,31,2.344738497,0.020758506,10.06,28,100,696618,59.40185452,59.32315159,0.078702927,,693.8842773,0
FedDyn,CIFAR10,,0.9,0.999,32,2.490648597,0.033121597,10.43,30,100,696618,59.08697629,59.01623726,0.070739031,,693.8842773,0
FedDyn,CIFAR10,,0.9,0.999,33,2.483587097,0.018181818,10,25,100,696618,53.22969913,53.15922284,0.070476294,,693.8842773,0
FedDyn,CIFAR10,,0.9,0.999,34,2.530507871,0.018181818,10,30,100,696618,59.54553485,59.46012521,0.085409641,,693.8842773,0
FedDyn,CIFAR10,,0.9,0.999,35,2.565192537,0.044927721,12.82,26,100,696618,51.23108411,51.16171861,0.069365501,,693.8842773,0
FedDyn,CIFAR10,,0.9,0.999,36,2.505501699,0.018181818,10,27,100,696618,53.06506634,52.9880538,0.077012539,,693.8842773,0
FedDyn,CIFAR10,,0.9,0.999,37,2.561120914,0.018181818,10,30,100,696618,60.01836514,59.94153786,0.076827288,,693.8842773,0
FedDyn,CIFAR10,,0.9,0.999,38,2.496550926,0.067030573,14.46,25,100,696618,46.67315412,46.60769773,0.06545639,,693.8842773,0
FedDyn,CIFAR10,,0.9,0.999,39,2.394959429,0.024386259,10.03,26,100,696618,53.154845,53.08674288,0.068102121,,693.8842773,0
FedDyn,CIFAR10,,0.9,0.999,40,2.57940733,0.034414558,11.03,27,100,696618,58.21709919,58.14582229,0.071276903,,693.8842773,0
FedDyn,CIFAR10,,0.9,0.999,41,2.397577304,0.0490188,12.5,24,100,696618,49.5095861,49.44372845,0.065857649,,693.8842773,0
FedDyn,CIFAR10,,0.9,0.999,42,2.296162508,0.021320105,10.15,30,100,696618,50.3429451,50.27200532,0.070939779,,693.8842773,0
FedDyn,CIFAR10,,0.9,0.999,43,2.402639534,0.039498659,12.03,22,100,696618,36.39939928,36.33878684,0.06061244,,693.8842773,0
FedDyn,CIFAR10,,0.9,0.999,44,2.503769453,0.039350401,11.23,29,100,696618,57.74275255,57.67222762,0.070524931,,693.8842773,0
FedDyn,CIFAR10,,0.9,0.999,45,2.433345569,0.024974307,10.3,27,100,696618,53.95052624,53.88170671,0.068819523,,693.8842773,0
FedDyn,CIFAR10,,0.9,0.999,46,2.498836167,0.049988911,13.34,21,100,696618,36.2201767,36.16339445,0.056782246,,693.8842773,0
FedDyn,CIFAR10,,0.9,0.999,47,2.620925962,0.028199057,10.54,28,100,696618,48.00200534,47.92984295,0.07216239,,693.8842773,0
FedDyn,CIFAR10,,0.9,0.999,48,2.391589869,0.018188432,10,29,100,696618,61.58886027,61.51234198,0.076518297,,693.8842773,0
FedDyn,CIFAR10,,0.9,0.999,49,2.408358449,0.049995509,13.79,26,100,696618,52.5633297,52.49297023,0.070359468,,693.8842773,0
FedDyn,CIFAR10,,0.9,0.999,50,2.458172507,0.063309664,12.67,30,100,696618,53.55644321,53.48367286,0.072770357,,693.8842773,0
FedDyn,CIFAR10,,0.9,0.999,51,2.595722065,0.018181818,10,26,100,696618,45.3231132,45.25882864,0.064284563,,693.8842773,0
FedDyn,CIFAR10,,0.9,0.999,52,2.275226322,0.073649868,14.99,29,100,696618,54.09710217,54.02282262,0.074279547,,693.8842773,0
FedDyn,CIFAR10,,0.9,0.999,53,2.550816618,0.03434359,11.07,20,100,696618,39.28259897,39.22812533,0.054473639,,693.8842773,0
FedDyn,CIFAR10,,0.9,0.999,54,2.52870922,0.020694381,10.12,23,100,696618,45.82511449,45.76937366,0.055740833,,693.8842773,0
FedDyn,CIFAR10,,0.9,0.999,55,2.342743617,0.049492057,13.95,29,100,696618,53.84350109,53.77413321,0.069367886,,693.8842773,0
FedDyn,CIFAR10,,0.9,0.999,56,2.346340643,0.05190074,12.57,20,100,696618,39.54593992,39.49431372,0.051626205,,693.8842773,0
FedDyn,CIFAR10,,0.9,0.999,57,2.423731144,0.058091148,12.25,26,100,696618,43.75568056,43.68966365,0.066016912,,693.8842773,0
FedDyn,CIFAR10,,0.9,0.999,58,2.3433328,0.031258404,10.8,24,100,696618,50.28896523,50.2231462,0.065819025,,693.8842773,0
FedDyn,CIFAR10,,0.9,0.999,59,2.375934,0.046747659,12.79,29,100,696618,56.69737172,56.62802672,0.069344997,,693.8842773,0
FedDyn,CIFAR10,,0.9,0.999,60,2.439208674,0.045016566,12.61,25,100,696618,41.91159344,41.84156322,0.070030212,,693.8842773,0
FedDyn,CIFAR10,,0.9,0.999,61,2.37751543,0.028509947,10.49,29,100,696618,55.53427863,55.46048975,0.073788881,,693.8842773,0
FedDyn,CIFAR10,,0.9,0.999,62,2.689775942,0.057891095,13.04,20,100,696618,35.07646894,35.02583814,0.050630808,,693.8842773,0
FedDyn,CIFAR10,,0.9,0.999,63,2.598104051,0.019688307,10.02,22,100,696618,40.37324953,40.31453133,0.058718204,,693.8842773,0
FedDyn,CIFAR10,,0.9,0.999,64,2.448362194,0.052389338,12.49,27,100,696618,45.03136444,44.96246815,0.068896294,,693.8842773,0
FedDyn,CIFAR10,,0.9,0.999,65,2.463974001,0.038187273,11.38,26,100,696618,44.22060132,44.15653038,0.06407094,,693.8842773,0
FedDyn,CIFAR10,,0.9,0.999,66,2.46574253,0.026325901,10.18,30,100,696618,54.94332957,54.87038159,0.072947979,,693.8842773,0
FedDyn,CIFAR10,,0.9,0.999,67,2.495122158,0.044954892,12.43,27,100,696618,51.76800251,51.7016449,0.066357613,,693.8842773,0
FedDyn,CIFAR10,,0.9,0.999,68,2.395090564,0.049867568,11.83,26,100,696618,43.69383979,43.62331915,0.070520639,,693.8842773,0
FedDyn,CIFAR10,,0.9,0.999,69,2.552091981,0.0504515,14.84,28,100,696618,58.05309582,57.97974038,0.073355436,,693.8842773,0
FedDyn,CIFAR10,,0.9,0.999,70,2.496410947,0.053527905,12.67,23,100,696618,35.65705442,35.59973049,0.057323933,,693.8842773,0
FedDyn,CIFAR10,,0.9,0.999,71,2.422931322,0.028033949,10.54,24,100,696618,44.76500678,44.70133758,0.063669205,,693.8842773,0
FedDyn,CIFAR10,,0.9,0.999,72,2.356708974,0.044925037,11.87,28,100,696618,50.26156902,50.18935037,0.072218657,,693.8842773,0
FedDyn,CIFAR10,,0.9,0.999,73,2.406072015,0.080908549,14.56,27,100,696618,52.68389416,52.6056881,0.078206062,,693.8842773,0
FedDyn,CIFAR10,,0.9,0.999,74,2.271548767,0.095294218,14.96,28,100,696618,51.92964506,51.85822129,0.071423769,,693.8842773,0
FedDyn,CIFAR10,,0.9,0.999,75,2.427162474,0.028604077,10.58,21,100,696618,38.84381413,38.78796554,0.055848598,,693.8842773,0
FedDyn,CIFAR10,,0.9,0.999,76,2.255547184,0.046357652,13.11,23,100,696618,50.61356235,50.55010104,0.063461304,,693.8842773,0
FedDyn,CIFAR10,,0.9,0.999,77,2.354641153,0.049934041,14.9,26,100,696618,52.30330658,52.23435521,0.068951368,,693.8842773,0
FedDyn,CIFAR10,,0.9,0.999,78,2.280210722,0.057460158,13.42,24,100,696618,48.45947289,48.39701605,0.062456846,,693.8842773,0
FedDyn,CIFAR10,,0.9,0.999,79,2.399454395,0.028775175,10.59,20,100,696618,35.82195687,35.7662344,0.055722475,,693.8842773,0
FedDyn,CIFAR10,,0.9,0.999,80,2.667814823,0.042919055,12.28,23,100,696618,41.69171882,41.63026476,0.061454058,,693.8842773,0
FedDyn,CIFAR10,,0.9,0.999,81,2.714830624,0.040324246,11.78,22,100,696618,43.37812018,43.32394123,0.054178953,,693.8842773,0
FedDyn,CIFAR10,,0.9,0.999,82,2.493406274,0.057365586,12.44,27,100,696618,46.07878828,46.00729775,0.071490526,,693.8842773,0
FedDyn,CIFAR10,,0.9,0.999,83,2.512222443,0.053845359,12.4,27,100,696618,56.4439559,56.37941432,0.064541578,,693.8842773,0
FedDyn,CIFAR10,,0.9,0.999,84,2.470709412,0.039754302,11.65,27,100,696618,51.31410599,51.24827981,0.065826178,,693.8842773,0
FedDyn,CIFAR10,,0.9,0.999,85,2.490122218,0.059574384,14.24,28,100,696618,51.61851406,51.55104041,0.06747365,,693.8842773,0
FedDyn,CIFAR10,,0.9,0.999,86,2.607898712,0.049760781,14.93,27,100,696618,45.93177438,45.86475348,0.067020893,,693.8842773,0
FedDyn,CIFAR10,,0.9,0.999,87,2.694521214,0.051935603,14.31,30,100,696618,56.74925423,56.66218996,0.087064266,,693.8842773,0
FedDyn,CIFAR10,,0.9,0.999,88,2.292078704,0.068930705,14.4,26,100,696618,50.09296203,50.02675772,0.066204309,,693.8842773,0
FedDyn,CIFAR10,,0.9,0.999,89,2.271933881,0.053885509,12.06,20,100,696618,40.72882628,40.67381287,0.055013418,,693.8842773,0
FedDyn,CIFAR10,,0.9,0.999,90,2.269439164,0.051308151,14.69,28,100,696618,51.05250406,50.9796164,0.072887659,,693.8842773,0
FedDyn,CIFAR10,,0.9,0.999,91,2.424334365,0.082888147,13.48,28,100,696618,57.23697734,57.16052866,0.076448679,,693.8842773,0
FedDyn,CIFAR10,,0.9,0.999,92,2.506546324,0.045088572,13.7,20,100,696618,42.43595004,42.3826859,0.053264141,,693.8842773,0
FedDyn,CIFAR10,,0.9,0.999,93,2.336081036,0.061256663,13.06,27,100,696618,55.60474634,55.5407908,0.063955545,,693.8842773,0
FedDyn,CIFAR10,,0.9,0.999,94,2.346165011,0.033060215,10.92,26,100,696618,52.34981418,52.28396225,0.065851927,,693.8842773,0
FedDyn,CIFAR10,,0.9,0.999,95,2.403658873,0.042895407,11.69,20,100,696618,38.07811904,38.02352548,0.054593563,,693.8842773,0
FedDyn,CIFAR10,,0.9,0.999,96,2.453638888,0.02271009,10.2,24,100,696618,48.2015636,48.13336229,0.068201303,,693.8842773,0
FedDyn,CIFAR10,,0.9,0.999,97,2.337915243,0.054508368,14.54,22,100,696618,39.61441183,39.55750322,0.056908607,,693.8842773,0
FedDyn,CIFAR10,,0.9,0.999,98,2.435451254,0.056692666,12.65,24,100,696618,48.86437392,48.80346704,0.060906887,,693.8842773,0
FedDyn,CIFAR10,,0.9,0.999,99,2.43034324,0.057713901,13.85,25,100,696618,43.44914365,43.38336563,0.065778017,,693.8842773,0
FedDyn,CIFAR10,,0.9,0.999,100,2.253710204,0.050564585,14.71,29,100,696618,60.6493063,60.56662393,0.082682371,,693.8842773,0
FedDyn,CIFAR10,,0.9,0.999,101,2.454791643,0.062661297,13.83,27,100,696618,46.29400158,46.2204752,0.073526382,,693.8842773,0
FedDyn,CIFAR10,,0.9,0.999,102,2.370034481,0.052666345,12.33,21,100,696618,40.18856716,40.13403416,0.054533005,,693.8842773,0
FedDyn,CIFAR10,,0.9,0.999,103,2.457437339,0.045170433,11.6,29,100,696618,57.54133272,57.46843719,0.072895527,,693.8842773,0
FedDyn,CIFAR10,,0.9,0.999,104,2.396805251,0.042572691,12.8,29,100,696618,63.88613582,63.81503749,0.071098328,,693.8842773,0
FedDyn,CIFAR10,,0.9,0.999,105,2.462791803,0.055342851,14.85,21,100,696618,39.90539265,39.84712076,0.058271885,,693.8842773,0
FedDyn,CIFAR10,,0.9,0.999,106,2.655070391,0.018181818,10,29,100,696618,59.74316192,59.66464448,0.078517437,,693.8842773,0
FedDyn,CIFAR10,,0.9,0.999,107,2.599064114,0.057662782,12.66,24,100,696618,51.25020814,51.17653823,0.07366991,,693.8842773,0
FedDyn,CIFAR10,,0.9,0.999,108,2.989609217,0.05050409,14.39,25,100,696618,47.98417282,47.91814756,0.066025257,,693.8842773,0
FedDyn,CIFAR10,,0.9,0.999,109,2.508374123,0.018399303,10.01,25,100,696618,49.17365456,49.10592294,0.067731619,,693.8842773,0
FedDyn,CIFAR10,,0.9,0.999,110,2.368259409,0.064553312,15.66,28,100,696618,48.06836963,47.99543118,0.072938442,,693.8842773,0
FedDyn,CIFAR10,,0.9,0.999,111,2.250586281,0.07574159,14.59,24,100,696618,47.90035939,47.83622575,0.064133644,,693.8842773,0
FedDyn,CIFAR10,,0.9,0.999,112,2.221219699,0.125491109,17.97,29,100,696618,57.18205261,57.10618949,0.075863123,,693.8842773,0
FedDyn,CIFAR10,,0.9,0.999,113,2.325565635,0.077464216,14.51,29,100,696618,57.0347538,56.95741391,0.077339888,,693.8842773,0
FedDyn,CIFAR10,,0.9,0.999,114,2.308847969,0.068821661,14.13,25,100,696618,59.02801704,58.96172118,0.066295862,,693.8842773,0
FedDyn,CIFAR10,,0.9,0.999,115,2.19808039,0.081484731,15.61,29,100,696618,53.46537781,53.38799,0.07738781,,693.8842773,0
FedDyn,CIFAR10,,0.9,0.999,116,2.598967645,0.040967297,12.43,22,100,696618,47.76546097,47.70594406,0.059516907,,693.8842773,0
FedDyn,CIFAR10,,0.9,0.999,117,2.268081516,0.069111833,16.37,22,100,696618,37.20989203,37.14704442,0.062847614,,693.8842773,0
FedDyn,CIFAR10,,0.9,0.999,118,2.290806035,0.060212984,14.74,30,100,696618,67.01911545,66.94231772,0.076797724,,693.8842773,0
FedDyn,CIFAR10,,0.9,0.999,119,2.20539178,0.138525053,19.15,26,100,696618,55.17357087,55.10140777,0.072163105,,693.8842773,0
FedDyn,CIFAR10,,0.9,0.999,120,2.309663232,0.131949446,17.4,28,100,696618,58.34834027,58.27281237,0.075527906,,693.8842773,0
FedDyn,CIFAR10,,0.9,0.999,121,2.467972921,0.051083084,12.54,23,100,696618,47.17315435,47.098423,0.07473135,,693.8842773,0
FedDyn,CIFAR10,,0.9,0.999,122,2.309572812,0.078771699,15.11,30,100,696618,65.54136801,65.46203709,0.079330921,,693.8842773,0
FedDyn,CIFAR10,,0.9,0.999,123,2.288085625,0.080812243,16.7,26,100,696618,57.36925936,57.30099463,0.068264723,,693.8842773,0
FedDyn,CIFAR10,,0.9,0.999,124,2.394227477,0.055448846,14.33,30,100,696618,56.22709513,56.14708543,0.080009699,,693.8842773,0
FedDyn,CIFAR10,,0.9,0.999,125,2.477489212,0.048792897,11.52,24,100,696618,44.54382849,44.48435712,0.059471369,,693.8842773,0
FedDyn,CIFAR10,,0.9,0.999,126,2.490665285,0.029767941,10.64,21,100,696618,46.52496791,46.46679997,0.058167934,,693.8842773,0
FedDyn,CIFAR10,,0.9,0.999,127,2.404699928,0.103954965,17.02,22,100,696618,41.2285881,41.17407846,0.05450964,,693.8842773,0
FedDyn,CIFAR10,,0.9,0.999,128,2.575135812,0.053774451,14.03,22,100,696618,43.34285355,43.28166962,0.061183929,,693.8842773,0
FedDyn,CIFAR10,,0.9,0.999,129,2.341016279,0.083191087,15.01,24,100,696618,43.78178501,43.72352576,0.058259249,,693.8842773,0
FedDyn,CIFAR10,,0.9,0.999,130,2.402279578,0.050883162,12.14,22,100,696618,45.43511558,45.37290001,0.062215567,,693.8842773,0
FedDyn,CIFAR10,,0.9,0.999,131,2.348858792,0.104554593,17.39,23,100,696618,42.85336041,42.7863121,0.067048311,,693.8842773,0
FedDyn,CIFAR10,,0.9,0.999,132,2.307228072,0.037627949,11.04,26,100,696618,48.96824646,48.89427781,0.073968649,,693.8842773,0
FedDyn,CIFAR10,,0.9,0.999,133,2.262141999,0.08945712,15.87,30,100,696618,61.23358679,61.1606071,0.072979689,,693.8842773,0
FedDyn,CIFAR10,,0.9,0.999,134,2.267770213,0.120027751,17.12,28,100,696618,54.72207975,54.64871216,0.073367596,,693.8842773,0
FedDyn,CIFAR10,,0.9,0.999,135,2.18742093,0.110155852,18.65,22,100,696618,40.00758362,39.95066619,0.056917429,,693.8842773,0
FedDyn,CIFAR10,,0.9,0.999,136,2.354450344,0.107749126,17.22,22,100,696618,44.88898873,44.82887173,0.060117006,,693.8842773,0
FedDyn,CIFAR10,,0.9,0.999,137,2.22406354,0.117149178,18.11,30,100,696618,58.094208,58.01924253,0.074965477,,693.8842773,0
FedDyn,CIFAR10,,0.9,0.999,138,2.440239757,0.049173402,11.8,27,100,696618,52.75008774,52.67503643,0.075051308,,693.8842773,0
FedDyn,CIFAR10,,0.9,0.999,139,2.358322602,0.086924695,15.63,20,100,696618,38.39798737,38.34764028,0.05034709,,693.8842773,0
FedDyn,CIFAR10,,0.9,0.999,140,2.349269898,0.065612241,16.53,29,100,696618,50.81357884,50.73448515,0.079093695,,693.8842773,0
FedDyn,CIFAR10,,0.9,0.999,141,2.233818441,0.112957592,19.24,22,100,696618,42.63766766,42.58205962,0.055608034,,693.8842773,0
FedDyn,CIFAR10,,0.9,0.999,142,2.255256572,0.099681572,14.99,21,100,696618,44.44729996,44.39056158,0.056738377,,693.8842773,0
FedDyn,CIFAR10,,0.9,0.999,143,2.142060445,0.135020805,19.91,30,100,696618,53.64869046,53.58204269,0.066647768,,693.8842773,0
FedDyn,CIFAR10,,0.9,0.999,144,2.31036124,0.076612963,15.81,21,100,696618,38.48210979,38.42200828,0.060101509,,693.8842773,0
FedDyn,CIFAR10,,0.9,0.999,145,2.193782523,0.120437244,20.39,22,100,696618,37.31583595,37.26004004,0.055795908,,693.8842773,0
FedDyn,CIFAR10,,0.9,0.999,146,2.318589364,0.091622417,17.5,26,100,696618,48.00352645,47.93851566,0.065010786,,693.8842773,0
FedDyn,CIFAR10,,0.9,0.999,147,2.155614887,0.091428567,17.74,30,100,696618,59.44538069,59.36706543,0.078315258,,693.8842773,0
FedDyn,CIFAR10,,0.9,0.999,148,2.212090178,0.097249198,19.26,28,100,696618,50.26878619,50.19597435,0.072811842,,693.8842773,0
FedDyn,CIFAR10,,0.9,0.999,149,2.285280468,0.085793837,17.1,30,100,696618,53.63799429,53.55774426,0.080250025,,693.8842773,0
FedDyn,CIFAR10,,0.9,0.999,150,2.270758276,0.105615113,18.16,23,100,696618,42.26828313,42.20627356,0.062009573,,693.8842773,0
FedDyn,CIFAR10,,0.9,0.999,151,2.463662349,0.082603484,16.12,21,100,696618,37.85679579,37.80239725,0.054398537,,693.8842773,0
FedDyn,CIFAR10,,0.9,0.999,152,2.597488698,0.042511113,11.45,21,100,696618,42.30088902,42.24294639,0.057942629,,693.8842773,0
FedDyn,CIFAR10,,0.9,0.999,153,2.359633078,0.080900458,15.58,21,100,696618,37.4839983,37.42395997,0.060038328,,693.8842773,0
FedDyn,CIFAR10,,0.9,0.999,154,2.247782389,0.128180869,19.22,25,100,696618,51.88942194,51.8225584,0.066863537,,693.8842773,0
FedDyn,CIFAR10,,0.9,0.999,155,2.184734567,0.099597033,15.86,26,100,696618,47.51490116,47.44290137,0.071999788,,693.8842773,0
FedDyn,CIFAR10,,0.9,0.999,156,2.312577914,0.103309941,18.74,21,100,696618,37.51615953,37.46156645,0.054593086,,693.8842773,0
FedDyn,CIFAR10,,0.9,0.999,157,2.199986317,0.064278437,15.93,26,100,696618,48.5614357,48.49583006,0.06560564,,693.8842773,0
FedDyn,CIFAR10,,0.9,0.999,158,2.304936162,0.074109016,16.04,23,100,696618,44.89127207,44.82616258,0.065109491,,693.8842773,0
FedDyn,CIFAR10,,0.9,0.999,159,2.310616477,0.083058282,14.96,25,100,696618,48.65114379,48.58987308,0.061270714,,693.8842773,0
FedDyn,CIFAR10,,0.9,0.999,160,2.17689362,0.103289968,18.83,27,100,696618,50.15833426,50.0855453,0.072788954,,693.8842773,0
FedDyn,CIFAR10,,0.9,0.999,161,2.170747851,0.09843354,17.58,24,100,696618,47.06130838,47.00105691,0.060251474,,693.8842773,0
FedDyn,CIFAR10,,0.9,0.999,162,2.135213353,0.127545243,20.63,21,100,696618,42.51498365,42.45300269,0.061980963,,693.8842773,0
FedDyn,CIFAR10,,0.9,0.999,163,2.348431111,0.081323983,15,27,100,696618,54.16163683,54.08953953,0.072097301,,693.8842773,0
FedDyn,CIFAR10,,0.9,0.999,164,2.358630101,0.066594889,15.21,25,100,696618,44.41733932,44.35242033,0.064918995,,693.8842773,0
FedDyn,CIFAR10,,0.9,0.999,165,2.286957239,0.143334458,21.65,25,100,696618,42.39019895,42.32714891,0.063050032,,693.8842773,0
FedDyn,CIFAR10,,0.9,0.999,166,2.315983991,0.100835575,16.57,27,100,696618,49.67921829,49.60775781,0.071460485,,693.8842773,0
FedDyn,CIFAR10,,0.9,0.999,167,2.200837766,0.059427246,13.99,29,100,696618,58.56569839,58.49607897,0.069619417,,693.8842773,0
FedDyn,CIFAR10,,0.9,0.999,168,2.477665154,0.026115916,10.45,21,100,696618,34.22788382,34.17577457,0.052109241,,693.8842773,0
FedDyn,CIFAR10,,0.9,0.999,169,2.316558617,0.060206371,17.11,24,100,696618,44.5842402,44.52652979,0.057710409,,693.8842773,0
FedDyn,CIFAR10,,0.9,0.999,170,2.142493624,0.11202107,19.57,29,100,696618,61.43649578,61.36125493,0.07524085,,693.8842773,0
FedDyn,CIFAR10,,0.9,0.999,171,2.247349149,0.067703238,16.98,20,100,696618,40.218436,40.16621757,0.052218437,,693.8842773,0
FedDyn,CIFAR10,,0.9,0.999,172,2.261282191,0.086450319,15.76,28,100,696618,52.82587147,52.75528955,0.070581913,,693.8842773,0
FedDyn,CIFAR10,,0.9,0.999,173,2.294354359,0.079734756,17.51,24,100,696618,46.01872253,45.9536202,0.065102339,,693.8842773,0
FedDyn,CIFAR10,,0.9,0.999,174,2.10553236,0.067053277,17.43,24,100,696618,39.31879282,39.25787425,0.06091857,,693.8842773,0
FedDyn,CIFAR10,,0.9,0.999,175,2.213959324,0.108606192,19.04,22,100,696618,45.77634406,45.71516824,0.061175823,,693.8842773,0
FedDyn,CIFAR10,,0.9,0.999,176,2.189483119,0.122758532,19.43,29,100,696618,51.76270986,51.68614769,0.076562166,,693.8842773,0
FedDyn,CIFAR10,,0.9,0.999,177,2.110863322,0.134768034,19.2,20,100,696618,38.01156783,37.95720887,0.054358959,,693.8842773,0
FedDyn,CIFAR10,,0.9,0.999,178,2.253456686,0.095833873,18.46,22,100,696618,36.07026911,36.00901341,0.061255693,,693.8842773,0
FedDyn,CIFAR10,,0.9,0.999,179,2.197051455,0.075461479,16.5,28,100,696618,57.94643736,57.87028503,0.076152325,,693.8842773,0
FedDyn,CIFAR10,,0.9,0.999,180,2.340705112,0.060616973,14.65,24,100,696618,47.39174652,47.32552028,0.066226244,,693.8842773,0
FedDyn,CIFAR10,,0.9,0.999,181,2.114596531,0.162596651,22.56,27,100,696618,46.80952883,46.7396431,0.069885731,,693.8842773,0
FedDyn,CIFAR10,,0.9,0.999,182,2.265835146,0.11382543,18.43,27,100,696618,57.62003589,57.54622936,0.073806524,,693.8842773,0
FedDyn,CIFAR10,,0.9,0.999,183,2.083274347,0.094011145,17.93,30,100,696618,56.50137734,56.423347,0.078030348,,693.8842773,0
FedDyn,CIFAR10,,0.9,0.999,184,2.603948297,0.067740961,14.33,22,100,696618,42.30085444,42.2392993,0.061555147,,693.8842773,0
FedDyn,CIFAR10,,0.9,0.999,185,2.104476137,0.194963292,24.11,27,100,696618,48.56093383,48.4873302,0.07360363,,693.8842773,0
FedDyn,CIFAR10,,0.9,0.999,186,2.099242454,0.125499828,20.06,29,100,696618,54.61924005,54.55032039,0.068919659,,693.8842773,0
FedDyn,CIFAR10,,0.9,0.999,187,2.17180206,0.060411046,13.99,22,100,696618,46.04182625,45.98702645,0.054799795,,693.8842773,0
FedDyn,CIFAR10,,0.9,0.999,188,2.210834849,0.086795845,15.06,25,100,696618,51.97608447,51.91276908,0.063315392,,693.8842773,0
FedDyn,CIFAR10,,0.9,0.999,189,2.070646807,0.097136139,19.53,23,100,696618,46.83271098,46.76659393,0.066117048,,693.8842773,0
FedDyn,CIFAR10,,0.9,0.999,190,2.160550995,0.140256558,20.34,29,100,696618,60.1400075,60.06381941,0.076188087,,693.8842773,0
FedDyn,CIFAR10,,0.9,0.999,191,2.001390065,0.158218729,22.65,30,100,696618,61.07422972,61.00388217,0.070347548,,693.8842773,0
FedDyn,CIFAR10,,0.9,0.999,192,2.435429436,0.043187124,11.32,20,100,696618,42.1993587,42.14436555,0.054993153,,693.8842773,0
FedDyn,CIFAR10,,0.9,0.999,193,2.410324589,0.137529014,22.51,29,100,696618,56.68117523,56.60842419,0.072751045,,693.8842773,0
FedDyn,CIFAR10,,0.9,0.999,194,2.40141773,0.052215225,12.59,20,100,696618,40.64131904,40.58311319,0.058205843,,693.8842773,0
FedDyn,CIFAR10,,0.9,0.999,195,2.078171897,0.118618537,19.19,20,100,696618,42.68546557,42.62874126,0.05672431,,693.8842773,0
FedDyn,CIFAR10,,0.9,0.999,196,2.496666016,0.068551328,13.04,23,100,696618,45.75199175,45.69038224,0.061609507,,693.8842773,0
FedDyn,CIFAR10,,0.9,0.999,197,2.164573209,0.136670638,23.02,20,100,696618,44.06931329,44.0136292,0.05568409,,693.8842773,0
FedDyn,CIFAR10,,0.9,0.999,198,2.187018069,0.104644219,19.34,27,100,696618,62.794806,62.72114182,0.073664188,,693.8842773,0
FedDyn,CIFAR10,,0.9,0.999,199,2.163881979,0.110598803,18.98,22,100,696618,44.78297114,44.71922898,0.063742161,,693.8842773,0
FedDyn,CIFAR10,,0.9,0.999,200,2.143564599,0.132301778,21.4,30,100,696618,64.00607443,63.92598891,0.080085516,,693.8842773,0
FedDyn,CIFAR10,,0.9,0.999,201,2.07061692,0.104121134,17.59,20,100,696618,30.78042769,30.72739363,0.053034067,,693.8842773,0
FedDyn,CIFAR10,,0.9,0.999,202,2.111385163,0.153689057,22.95,20,100,696618,33.74470234,33.68761158,0.057090759,,693.8842773,0
FedDyn,CIFAR10,,0.9,0.999,203,2.128319896,0.163757075,25.49,25,100,696618,52.26531243,52.19604611,0.069266319,,693.8842773,0
FedDyn,CIFAR10,,0.9,0.999,204,2.200723611,0.083218392,17.86,26,100,696618,50.33415031,50.2671771,0.066973209,,693.8842773,0
FedDyn,CIFAR10,,0.9,0.999,205,2.214609703,0.076777806,14.87,20,100,696618,36.94232678,36.88354778,0.058779001,,693.8842773,0
FedDyn,CIFAR10,,0.9,0.999,206,2.088638284,0.196768074,25.83,27,100,696618,54.22743988,54.15594792,0.071491957,,693.8842773,0
FedDyn,CIFAR10,,0.9,0.999,207,2.35618997,0.08809883,13.45,29,100,696618,51.6530993,51.57833552,0.074763775,,693.8842773,0
FedDyn,CIFAR10,,0.9,0.999,208,2.370234797,0.143345927,22.38,20,100,696618,41.08702779,41.02657819,0.0604496,,693.8842773,0
FedDyn,CIFAR10,,0.9,0.999,209,2.050928921,0.15076137,23.36,26,100,696618,49.41786027,49.34588933,0.07197094,,693.8842773,0
FedDyn,CIFAR10,,0.9,0.999,210,2.593298925,0.086460254,17.56,22,100,696618,43.81405401,43.7566514,0.057402611,,693.8842773,0
FedDyn,CIFAR10,,0.9,0.999,211,2.20831284,0.128394544,21.82,27,100,696618,51.36405802,51.2910881,0.072969913,,693.8842773,0
FedDyn,CIFAR10,,0.9,0.999,212,2.042016209,0.157204316,22.67,21,100,696618,38.32456827,38.27035356,0.054214716,,693.8842773,0
FedDyn,CIFAR10,,0.9,0.999,213,2.093758003,0.138033881,23.47,21,100,696618,42.88311887,42.82602,0.057098866,,693.8842773,0
FedDyn,CIFAR10,,0.9,0.999,214,2.054755366,0.095737933,18.92,25,100,696618,53.84788585,53.78059316,0.06729269,,693.8842773,0
FedDyn,CIFAR10,,0.9,0.999,215,2.097311783,0.132049564,18.34,24,100,696618,43.39638734,43.33055544,0.0658319,,693.8842773,0
FedDyn,CIFAR10,,0.9,0.999,216,2.18562991,0.104457477,20.79,22,100,696618,42.99424052,42.94139957,0.052840948,,693.8842773,0
FedDyn,CIFAR10,,0.9,0.999,217,2.175283189,0.105415181,16.68,22,100,696618,41.30062747,41.2413938,0.059233665,,693.8842773,0
FedDyn,CIFAR10,,0.9,0.999,218,2.239469118,0.084173165,17.07,25,100,696618,47.12566733,47.06135798,0.064309359,,693.8842773,0
FedDyn,CIFAR10,,0.9,0.999,219,2.18557162,0.151081262,23,20,100,696618,38.38811183,38.3375001,0.050611734,,693.8842773,0
FedDyn,CIFAR10,,0.9,0.999,220,2.238683616,0.140181745,21.56,29,100,696618,58.93195963,58.85911584,0.07284379,,693.8842773,0
FedDyn,CIFAR10,,0.9,0.999,221,2.093890052,0.156091337,21.81,26,100,696618,47.47899055,47.41758609,0.061404467,,693.8842773,0
FedDyn,CIFAR10,,0.9,0.999,222,2.194684296,0.159311767,23.51,23,100,696618,47.80186391,47.74300075,0.058863163,,693.8842773,0
FedDyn,CIFAR10,,0.9,0.999,223,2.154660844,0.103568381,19.23,26,100,696618,55.19623327,55.13287258,0.063360691,,693.8842773,0
FedDyn,CIFAR10,,0.9,0.999,224,2.117643774,0.094468644,20.04,20,100,696618,38.85773754,38.79767704,0.060060501,,693.8842773,0
FedDyn,CIFAR10,,0.9,0.999,225,2.061813079,0.202553735,26.01,23,100,696618,47.51678801,47.46045136,0.056336641,,693.8842773,0
FedDyn,CIFAR10,,0.9,0.999,226,1.993304006,0.151203381,24.2,20,100,696618,45.55463243,45.49980283,0.054829597,,693.8842773,0
FedDyn,CIFAR10,,0.9,0.999,227,1.949297743,0.16252745,22.89,26,100,696618,53.15721846,53.09284639,0.064372063,,693.8842773,0
FedDyn,CIFAR10,,0.9,0.999,228,2.147042923,0.075115766,16.65,27,100,696618,51.76920033,51.70076442,0.068435907,,693.8842773,0
FedDyn,CIFAR10,,0.9,0.999,229,2.301148145,0.133428933,21.2,24,100,696618,46.53974342,46.47830749,0.061435938,,693.8842773,0
FedDyn,CIFAR10,,0.9,0.999,230,2.231756785,0.160032383,21.01,21,100,696618,38.61124802,38.55823517,0.053012848,,693.8842773,0
FedDyn,CIFAR10,,0.9,0.999,231,1.998068747,0.142755571,25.41,24,100,696618,43.81052113,43.74291587,0.067605257,,693.8842773,0
FedDyn,CIFAR10,,0.9,0.999,232,2.374489563,0.089311071,18.45,24,100,696618,47.30006623,47.24195004,0.058116198,,693.8842773,0
FedDyn,CIFAR10,,0.9,0.999,233,2.079751082,0.129830988,22.58,30,100,696618,56.3653245,56.28562737,0.079697132,,693.8842773,0
FedDyn,CIFAR10,,0.9,0.999,234,2.198659813,0.124930292,20.26,22,100,696618,39.00590539,38.94893098,0.056974411,,693.8842773,0
FedDyn,CIFAR10,,0.9,0.999,235,2.467921648,0.05824532,12.85,21,100,696618,40.238065,40.18006682,0.05799818,,693.8842773,0
FedDyn,CIFAR10,,0.9,0.999,236,2.278028644,0.078308865,17.01,20,100,696618,40.09440851,40.04181552,0.052592993,,693.8842773,0
FedDyn,CIFAR10,,0.9,0.999,237,1.971621233,0.183830287,26.74,26,100,696618,51.48378611,51.39565349,0.08813262,,693.8842773,0
FedDyn,CIFAR10,,0.9,0.999,238,2.282463655,0.084287504,19.45,27,100,696618,49.6530745,49.59056592,0.062508583,,693.8842773,0
FedDyn,CIFAR10,,0.9,0.999,239,1.986723148,0.172827977,24.68,24,100,696618,45.31490374,45.25703359,0.05787015,,693.8842773,0
FedDyn,CIFAR10,,0.9,0.999,240,2.03991626,0.12887918,21.66,23,100,696618,47.35170436,47.28585577,0.065848589,,693.8842773,0
FedDyn,CIFAR10,,0.9,0.999,241,2.289736163,0.115862615,17.04,23,100,696618,44.79007792,44.72941136,0.060666561,,693.8842773,0
FedDyn,CIFAR10,,0.9,0.999,242,2.522157304,0.105260988,21.23,24,100,696618,51.82834315,51.7653749,0.062968254,,693.8842773,0
FedDyn,CIFAR10,,0.9,0.999,243,2.056398827,0.139081309,24.08,21,100,696618,40.0516057,39.9923842,0.059221506,,693.8842773,0
FedDyn,CIFAR10,,0.9,0.999,244,2.079357126,0.133022944,20.58,29,100,696618,62.86627221,62.79515457,0.07111764,,693.8842773,0
FedDyn,CIFAR10,,0.9,0.999,245,1.980642232,0.122249787,20.43,25,100,696618,48.51516652,48.45410228,0.061064243,,693.8842773,0
FedDyn,CIFAR10,,0.9,0.999,246,1.982302841,0.172779201,22.87,28,100,696618,50.10047865,50.03137827,0.06910038,,693.8842773,0
FedDyn,CIFAR10,,0.9,0.999,247,1.992262356,0.16205212,24.4,23,100,696618,40.63743997,40.57562232,0.061817646,,693.8842773,0
FedDyn,CIFAR10,,0.9,0.999,248,2.037665493,0.16350886,23.43,28,100,696618,54.80204058,54.73057485,0.071465731,,693.8842773,0
FedDyn,CIFAR10,,0.9,0.999,249,1.946196967,0.199004497,25.83,21,100,696618,46.43656778,46.37852859,0.058039188,,693.8842773,0
FedDyn,CIFAR10,,0.9,0.999,250,2.19672476,0.110084836,18.57,25,100,696618,47.79877186,47.73061824,0.06815362,,693.8842773,0
FedDyn,CIFAR10,,0.9,0.999,251,2.474655648,0.112331042,21.71,21,100,696618,33.52937293,33.47129035,0.058082581,,693.8842773,0
FedDyn,CIFAR10,,0.9,0.999,252,1.929655434,0.213485575,28.64,22,100,696618,43.68026543,43.61944652,0.060818911,,693.8842773,0
FedDyn,CIFAR10,,0.9,0.999,253,2.07350934,0.11498504,22.96,29,100,696618,53.09344983,53.01214647,0.081303358,,693.8842773,0
FedDyn,CIFAR10,,0.9,0.999,254,2.079023931,0.116396742,22.34,22,100,696618,39.7972486,39.73720789,0.060040712,,693.8842773,0
FedDyn,CIFAR10,,0.9,0.999,255,2.015458512,0.125805603,21.44,25,100,696618,49.5600071,49.4978652,0.062141895,,693.8842773,0
FedDyn,CIFAR10,,0.9,0.999,256,2.513363432,0.071841576,16.75,21,100,696618,40.91517496,40.85817957,0.056995392,,693.8842773,0
FedDyn,CIFAR10,,0.9,0.999,257,1.926835461,0.123494806,23.09,29,100,696618,52.83607936,52.76725531,0.068824053,,693.8842773,0
FedDyn,CIFAR10,,0.9,0.999,258,1.945701171,0.134627391,22.62,27,100,696618,57.09170747,57.02528906,0.066418409,,693.8842773,0
FedDyn,CIFAR10,,0.9,0.999,259,2.068316649,0.182154054,24.32,20,100,696618,34.40799522,34.35364723,0.054347992,,693.8842773,0
FedDyn,CIFAR10,,0.9,0.999,260,2.050577503,0.122638733,20.85,23,100,696618,45.26839232,45.20444775,0.063944578,,693.8842773,0
FedDyn,CIFAR10,,0.9,0.999,261,2.19540765,0.129242529,22.88,24,100,696618,45.18223214,45.12079954,0.0614326,,693.8842773,0
FedDyn,CIFAR10,,0.9,0.999,262,2.082851854,0.104158227,19.72,29,100,696618,55.89139581,55.81814718,0.073248625,,693.8842773,0
FedDyn,CIFAR10,,0.9,0.999,263,1.995391482,0.166172235,25.08,25,100,696618,49.31458569,49.25275874,0.061826944,,693.8842773,0
FedDyn,CIFAR10,,0.9,0.999,264,2.015108904,0.15912525,22.36,21,100,696618,35.84221601,35.78766942,0.054546595,,693.8842773,0
FedDyn,CIFAR10,,0.9,0.999,265,2.038166526,0.219160139,28.06,25,100,696618,44.99227309,44.92979383,0.062479258,,693.8842773,0
FedDyn,CIFAR10,,0.9,0.999,266,2.282944994,0.113378767,21.09,24,100,696618,52.40697575,52.33685946,0.070116282,,693.8842773,0
FedDyn,CIFAR10,,0.9,0.999,267,1.969398526,0.214978605,28.46,25,100,696618,46.20490766,46.13850713,0.066400528,,693.8842773,0
FedDyn,CIFAR10,,0.9,0.999,268,1.815548734,0.258874483,30.15,29,100,696618,50.36721158,50.29298234,0.07422924,,693.8842773,0
FedDyn,CIFAR10,,0.9,0.999,269,2.025476319,0.184679091,26.62,20,100,696618,38.35764813,38.30411053,0.053537607,,693.8842773,0
FedDyn,CIFAR10,,0.9,0.999,270,1.96343086,0.172385732,25.27,23,100,696618,43.81854796,43.76063395,0.057914019,,693.8842773,0
FedDyn,CIFAR10,,0.9,0.999,271,1.983836812,0.127870668,21.12,29,100,696618,53.81301785,53.74070334,0.072314501,,693.8842773,0
FedDyn,CIFAR10,,0.9,0.999,272,1.904559836,0.160162134,24.38,23,100,696618,43.03918648,42.97979116,0.059395313,,693.8842773,0
FedDyn,CIFAR10,,0.9,0.999,273,2.078129412,0.196072088,26.49,29,100,696618,58.96762562,58.89457512,0.073050499,,693.8842773,0
FedDyn,CIFAR10,,0.9,0.999,274,2.183510338,0.155428419,22.47,28,100,696618,55.2601943,55.18703651,0.073157787,,693.8842773,0
FedDyn,CIFAR10,,0.9,0.999,275,2.083793912,0.168157094,25.98,24,100,696618,44.85058856,44.78145504,0.06913352,,693.8842773,0
FedDyn,CIFAR10,,0.9,0.999,276,2.009155472,0.193104512,27.91,28,100,696618,46.86090636,46.78255463,0.078351736,,693.8842773,0
FedDyn,CIFAR10,,0.9,0.999,277,1.992286496,0.157022136,23.22,25,100,696618,44.7685585,44.70790339,0.060655117,,693.8842773,0
FedDyn,CIFAR10,,0.9,0.999,278,1.991095287,0.172285996,23.31,24,100,696618,48.47209716,48.4077704,0.064326763,,693.8842773,0
FedDyn,CIFAR10,,0.9,0.999,279,2.228616092,0.139821648,22.8,20,100,696618,39.01773477,38.96668935,0.051045418,,693.8842773,0
FedDyn,CIFAR10,,0.9,0.999,280,2.026170272,0.147195738,22.4,29,100,696618,55.35807991,55.29036379,0.067716122,,693.8842773,0
FedDyn,CIFAR10,,0.9,0.999,281,2.067007912,0.164976748,24.75,20,100,696618,34.78661084,34.7333262,0.053284645,,693.8842773,0
FedDyn,CIFAR10,,0.9,0.999,282,1.927129432,0.176567322,26.22,30,100,696618,54.39950585,54.32422066,0.075285196,,693.8842773,0
FedDyn,CIFAR10,,0.9,0.999,283,2.292099841,0.127896573,21.56,28,100,696618,55.88875675,55.81949663,0.06926012,,693.8842773,0
FedDyn,CIFAR10,,0.9,0.999,284,2.127450344,0.16504823,23.86,21,100,696618,40.34284711,40.2920115,0.050835609,,693.8842773,0
FedDyn,CIFAR10,,0.9,0.999,285,2.169862936,0.200576674,26.37,24,100,696618,42.38677859,42.32056189,0.066216707,,693.8842773,0
FedDyn,CIFAR10,,0.9,0.999,286,2.14514637,0.157285309,21.69,23,100,696618,42.26216888,42.19913507,0.063033819,,693.8842773,0
FedDyn,CIFAR10,,0.9,0.999,287,2.231669677,0.17786757,26.08,29,100,696618,54.5545795,54.48241305,0.072166443,,693.8842773,0
FedDyn,CIFAR10,,0.9,0.999,288,2.134041923,0.158688013,22.5,22,100,696618,42.21302748,42.15357828,0.059449196,,693.8842773,0
FedDyn,CIFAR10,,0.9,0.999,289,1.905910927,0.228319909,29.54,24,100,696618,41.93614054,41.87066817,0.065472364,,693.8842773,0
FedDyn,CIFAR10,,0.9,0.999,290,1.853653335,0.227973328,30.02,21,100,696618,41.47958183,41.41940594,0.060175896,,693.8842773,0
FedDyn,CIFAR10,,0.9,0.999,291,2.131340779,0.181049464,26.54,21,100,696618,40.91415668,40.85625815,0.057898521,,693.8842773,0
FedDyn,CIFAR10,,0.9,0.999,292,1.896649162,0.208763513,27.11,22,100,696618,40.00167418,39.94186378,0.0598104,,693.8842773,0
FedDyn,CIFAR10,,0.9,0.999,293,1.840661874,0.246630652,29.28,28,100,696618,61.75443339,61.67755389,0.076879501,,693.8842773,0
FedDyn,CIFAR10,,0.9,0.999,294,1.95344918,0.196769278,27.89,22,100,696618,37.73358464,37.67308807,0.060496569,,693.8842773,0
FedDyn,CIFAR10,,0.9,0.999,295,2.300132574,0.16011894,23.47,26,100,696618,48.52886295,48.46131945,0.067543507,,693.8842773,0
FedDyn,CIFAR10,,0.9,0.999,296,1.95342349,0.233452334,29.3,25,100,696618,50.7626276,50.69530344,0.067324162,,693.8842773,0
FedDyn,CIFAR10,,0.9,0.999,297,1.829248946,0.217008533,28.29,24,100,696618,50.46057987,50.39284301,0.067736864,,693.8842773,0
FedDyn,CIFAR10,,0.9,0.999,298,1.954563007,0.200120377,25.3,27,100,696618,56.90401936,56.83021188,0.073807478,,693.8842773,0
FedDyn,CIFAR10,,0.9,0.999,299,1.855369619,0.256722791,31.08,23,100,696618,45.23026609,45.16493893,0.065327168,,693.8842773,0
FedDyn,CIFAR10,,0.9,0.999,300,1.782493813,0.261207546,32.44,25,100,696618,51.9783783,51.91221642,0.066161871,,693.8842773,0
FedDyn,CIFAR10,,0.9,0.999,301,1.776715399,0.3198632,33.51,27,100,696618,54.25878525,54.18800378,0.070781469,,693.8842773,0
FedDyn,CIFAR10,,0.9,0.999,302,1.916136999,0.209365854,28.17,21,100,696618,42.83670902,42.78088713,0.055821896,,693.8842773,0
FedDyn,CIFAR10,,0.9,0.999,303,1.806763334,0.233621755,31.29,24,100,696618,52.14341402,52.07671285,0.066701174,,693.8842773,0
FedDyn,CIFAR10,,0.9,0.999,304,1.853056021,0.228340249,31.22,23,100,696618,41.17708755,41.11341,0.063677549,,693.8842773,0
FedDyn,CIFAR10,,0.9,0.999,305,1.889187893,0.203730432,25.56,22,100,696618,48.0732708,48.01342726,0.05984354,,693.8842773,0
FedDyn,CIFAR10,,0.9,0.999,306,2.038511709,0.139157029,25.09,22,100,696618,45.57066464,45.51770115,0.052963495,,693.8842773,0
FedDyn,CIFAR10,,0.9,0.999,307,1.81615913,0.244232261,30.3,24,100,696618,53.22628665,53.15891361,0.067373037,,693.8842773,0
FedDyn,CIFAR10,,0.9,0.999,308,1.974517956,0.168827001,25.87,25,100,696618,50.53562236,50.46522832,0.070394039,,693.8842773,0
FedDyn,CIFAR10,,0.9,0.999,309,1.886900034,0.197092712,26.68,26,100,696618,49.10383153,49.03272367,0.071107864,,693.8842773,0
FedDyn,CIFAR10,,0.9,0.999,310,2.065881054,0.191032654,27.6,29,100,696618,48.28393698,48.20513797,0.078799009,,693.8842773,0
FedDyn,CIFAR10,,0.9,0.999,311,2.291343409,0.129806027,22.46,24,100,696618,43.26600409,43.19853163,0.067472458,,693.8842773,0
FedDyn,CIFAR10,,0.9,0.999,312,1.937407066,0.201909713,28.04,25,100,696618,44.67115569,44.61063766,0.060518026,,693.8842773,0
FedDyn,CIFAR10,,0.9,0.999,313,1.8196236,0.211791931,29.52,22,100,696618,49.71145153,49.65156126,0.05989027,,693.8842773,0
FedDyn,CIFAR10,,0.9,0.999,314,1.845769,0.201619375,25.68,27,100,696618,49.99388146,49.92245388,0.071427584,,693.8842773,0
FedDyn,CIFAR10,,0.9,0.999,315,1.812057254,0.215124468,31.26,24,100,696618,47.01515889,46.94711375,0.068045139,,693.8842773,0
FedDyn,CIFAR10,,0.9,0.999,316,1.887020037,0.173780812,26.07,30,100,696618,59.30722404,59.23305559,0.074168444,,693.8842773,0
FedDyn,CIFAR10,,0.9,0.999,317,1.938206137,0.228261942,30,26,100,696618,48.74799466,48.6868093,0.06118536,,693.8842773,0
FedDyn,CIFAR10,,0.9,0.999,318,1.854053748,0.204898762,27.96,25,100,696618,48.7547648,48.69491267,0.059852123,,693.8842773,0
FedDyn,CIFAR10,,0.9,0.999,319,1.836060509,0.260620443,30.12,30,100,696618,54.50683641,54.42816257,0.07867384,,693.8842773,0
FedDyn,CIFAR10,,0.9,0.999,320,1.804406991,0.172404171,26.53,24,100,696618,41.34608817,41.2822454,0.063842773,,693.8842773,0
FedDyn,CIFAR10,,0.9,0.999,321,1.844592033,0.255322395,32.48,24,100,696618,50.72461295,50.65871382,0.065899134,,693.8842773,0
FedDyn,CIFAR10,,0.9,0.999,322,1.935246414,0.161509829,27.12,29,100,696618,59.74361515,59.66465044,0.07896471,,693.8842773,0
FedDyn,CIFAR10,,0.9,0.999,323,1.882452429,0.21112583,31.18,29,100,696618,52.60138178,52.53176141,0.069620371,,693.8842773,0
FedDyn,CIFAR10,,0.9,0.999,324,1.754343452,0.271145534,32.04,28,100,696618,51.92318892,51.85200572,0.071183205,,693.8842773,0
FedDyn,CIFAR10,,0.9,0.999,325,1.800651196,0.238702649,31.39,30,100,696618,51.31033516,51.23582888,0.074506283,,693.8842773,0
FedDyn,CIFAR10,,0.9,0.999,326,1.825700528,0.265175937,32.38,28,100,696618,53.60235882,53.53164721,0.070711613,,693.8842773,0
FedDyn,CIFAR10,,0.9,0.999,327,1.722637345,0.235912629,29.05,22,100,696618,39.75412464,39.68064809,0.073476553,,693.8842773,0
FedDyn,CIFAR10,,0.9,0.999,328,2.034915874,0.161386781,26.38,24,100,696618,41.5575974,41.49331713,0.064280272,,693.8842773,0
FedDyn,CIFAR10,,0.9,0.999,329,1.944304846,0.214563163,29.49,30,100,696618,52.0190053,51.94660378,0.072401524,,693.8842773,0
FedDyn,CIFAR10,,0.9,0.999,330,1.844243933,0.268300544,32.28,28,100,696618,57.98000908,57.90632033,0.073688745,,693.8842773,0
FedDyn,CIFAR10,,0.9,0.999,331,1.819699028,0.323538747,33.5,25,100,696618,45.96942782,45.90889454,0.060533285,,693.8842773,0
FedDyn,CIFAR10,,0.9,0.999,332,1.976562656,0.200118478,27.96,22,100,696618,42.29808831,42.24290705,0.055181265,,693.8842773,0
FedDyn,CIFAR10,,0.9,0.999,333,1.722408463,0.247016084,32.43,30,100,696618,60.28176641,60.211761,0.070005417,,693.8842773,0
FedDyn,CIFAR10,,0.9,0.999,334,1.841564442,0.243958285,30.86,22,100,696618,41.8410635,41.78068185,0.060381651,,693.8842773,0
FedDyn,CIFAR10,,0.9,0.999,335,1.775018663,0.236784656,32.52,21,100,696618,46.82541347,46.76704836,0.058365107,,693.8842773,0
FedDyn,CIFAR10,,0.9,0.999,336,2.018749251,0.194129031,26.7,29,100,696618,48.51558971,48.44412613,0.071463585,,693.8842773,0
FedDyn,CIFAR10,,0.9,0.999,337,1.792438373,0.296991639,35.27,28,100,696618,55.50401568,55.42732859,0.076687098,,693.8842773,0
FedDyn,CIFAR10,,0.9,0.999,338,1.850005769,0.2626886,31.65,27,100,696618,49.37176967,49.30776358,0.06400609,,693.8842773,0
FedDyn,CIFAR10,,0.9,0.999,339,1.76160515,0.263357587,32.58,30,100,696618,58.49875951,58.42656088,0.072198629,,693.8842773,0
FedDyn,CIFAR10,,0.9,0.999,340,1.840419625,0.258576053,32.4,21,100,696618,36.6711843,36.61636019,0.054824114,,693.8842773,0
FedDyn,CIFAR10,,0.9,0.999,341,1.67066728,0.25380073,33.41,25,100,696618,39.71596146,39.65356684,0.062394619,,693.8842773,0
FedDyn,CIFAR10,,0.9,0.999,342,1.678260413,0.24643159,31.41,27,100,696618,49.66895771,49.59991503,0.069042683,,693.8842773,0
FedDyn,CIFAR10,,0.9,0.999,343,1.732834082,0.281541472,33.15,25,100,696618,50.4597466,50.39657569,0.06317091,,693.8842773,0
FedDyn,CIFAR10,,0.9,0.999,344,1.820278499,0.272540453,29.23,29,100,696618,59.07467222,59.00803328,0.066638947,,693.8842773,0
FedDyn,CIFAR10,,0.9,0.999,345,1.821046595,0.222516947,30.96,25,100,696618,44.73270035,44.66844273,0.064257622,,693.8842773,0
FedDyn,CIFAR10,,0.9,0.999,346,1.769023369,0.281014818,31.9,22,100,696618,36.54198003,36.48698282,0.054997206,,693.8842773,0
FedDyn,CIFAR10,,0.9,0.999,347,1.74764749,0.286896401,35.06,22,100,696618,35.64802909,35.58579612,0.062232971,,693.8842773,0
FedDyn,CIFAR10,,0.9,0.999,348,2.566672221,0.178424454,26.3,27,100,696618,50.42901754,50.36636782,0.062649727,,693.8842773,0
FedDyn,CIFAR10,,0.9,0.999,349,1.985093735,0.192663838,27.05,29,100,696618,59.2798965,59.20095181,0.078944683,,693.8842773,0
FedDyn,CIFAR10,,0.9,0.999,350,2.285080976,0.129118944,23.92,29,100,696618,54.39682674,54.32609224,0.070734501,,693.8842773,0
FedDyn,CIFAR10,,0.9,0.999,351,2.146465449,0.215679988,29.22,26,100,696618,46.77234077,46.70300221,0.06933856,,693.8842773,0
FedDyn,CIFAR10,,0.9,0.999,352,1.791665575,0.238509645,29.61,20,100,696618,33.79305601,33.73503494,0.058021069,,693.8842773,0
FedDyn,CIFAR10,,0.9,0.999,353,1.714399972,0.219420729,31.33,26,100,696618,44.84110212,44.78039813,0.060703993,,693.8842773,0
FedDyn,CIFAR10,,0.9,0.999,354,1.734594987,0.288929352,35.45,20,100,696618,42.72806692,42.67250085,0.055566072,,693.8842773,0
FedDyn,CIFAR10,,0.9,0.999,355,1.720645008,0.250735431,32.03,24,100,696618,41.86136889,41.80326509,0.0581038,,693.8842773,0
FedDyn,CIFAR10,,0.9,0.999,356,1.623363994,0.287897951,33.9,30,100,696618,55.08975244,55.01147246,0.078279972,,693.8842773,0
FedDyn,CIFAR10,,0.9,0.999,357,1.894283789,0.234707859,30.72,22,100,696618,36.17178035,36.11763239,0.054147959,,693.8842773,0
FedDyn,CIFAR10,,0.9,0.999,358,1.674691449,0.265385784,31.87,26,100,696618,45.13717747,45.06919169,0.067985773,,693.8842773,0
FedDyn,CIFAR10,,0.9,0.999,359,1.642289854,0.354636456,39.41,27,100,696618,43.8132267,43.74769211,0.065534592,,693.8842773,0
FedDyn,CIFAR10,,0.9,0.999,360,1.768748043,0.233533569,31.47,21,100,696618,36.31765628,36.26433444,0.053321838,,693.8842773,0
FedDyn,CIFAR10,,0.9,0.999,361,1.773564344,0.233645465,30.18,22,100,696618,43.94673872,43.8893404,0.057398319,,693.8842773,0
FedDyn,CIFAR10,,0.9,0.999,362,1.730136062,0.269449081,33.05,23,100,696618,41.32456541,41.26118493,0.06338048,,693.8842773,0
FedDyn,CIFAR10,,0.9,0.999,363,1.850457755,0.188995407,27.28,29,100,696618,55.39592671,55.31922913,0.076697588,,693.8842773,0
FedDyn,CIFAR10,,0.9,0.999,364,1.631647832,0.353573633,38.7,23,100,696618,41.35930872,41.2988236,0.060485125,,693.8842773,0
FedDyn,CIFAR10,,0.9,0.999,365,1.791921496,0.282385997,36.92,22,100,696618,39.5994339,39.54440808,0.055025816,,693.8842773,0
FedDyn,CIFAR10,,0.9,0.999,366,1.647243999,0.289667996,36.53,22,100,696618,38.80314088,38.74979019,0.053350687,,693.8842773,0
FedDyn,CIFAR10,,0.9,0.999,367,1.651016455,0.327155424,36.2,30,100,696618,58.32650423,58.25152111,0.07498312,,693.8842773,0
FedDyn,CIFAR10,,0.9,0.999,368,1.687116827,0.246442242,32.25,27,100,696618,44.712466,44.64469671,0.067769289,,693.8842773,0
FedDyn,CIFAR10,,0.9,0.999,369,1.802860077,0.257956882,32.58,29,100,696618,55.1872611,55.11040854,0.07685256,,693.8842773,0
FedDyn,CIFAR10,,0.9,0.999,370,1.615331633,0.261148473,34.11,29,100,696618,61.98778105,61.91029239,0.077488661,,693.8842773,0
FedDyn,CIFAR10,,0.9,0.999,371,1.62169246,0.349908955,38.92,28,100,696618,54.38470745,54.31855965,0.066147804,,693.8842773,0
FedDyn,CIFAR10,,0.9,0.999,372,1.619202186,0.32622287,36.25,25,100,696618,49.38706613,49.318295,0.068771124,,693.8842773,0
FedDyn,CIFAR10,,0.9,0.999,373,1.786382019,0.243545268,32.31,26,100,696618,51.10039735,51.03629375,0.064103603,,693.8842773,0
FedDyn,CIFAR10,,0.9,0.999,374,1.670734891,0.277525879,33.28,26,100,696618,50.02806211,49.96291757,0.065144539,,693.8842773,0
FedDyn,CIFAR10,,0.9,0.999,375,1.811611577,0.242779123,30.45,28,100,696618,50.25776434,50.18358779,0.07417655,,693.8842773,0
FedDyn,CIFAR10,,0.9,0.999,376,1.717813116,0.32657897,34.23,20,100,696618,37.02208424,36.96435905,0.057725191,,693.8842773,0
FedDyn,CIFAR10,,0.9,0.999,377,1.638443485,0.381780696,41.3,30,100,696618,58.67766857,58.60174346,0.075925112,,693.8842773,0
FedDyn,CIFAR10,,0.9,0.999,378,1.735814902,0.241379739,33.85,25,100,696618,46.17029405,46.11230683,0.057987213,,693.8842773,0
FedDyn,CIFAR10,,0.9,0.999,379,1.729644042,0.25958942,35.66,21,100,696618,37.37682605,37.32063055,0.056195498,,693.8842773,0
FedDyn,CIFAR10,,0.9,0.999,380,1.724204111,0.274173383,33.21,22,100,696618,39.37219191,39.31491423,0.057277679,,693.8842773,0
FedDyn,CIFAR10,,0.9,0.999,381,1.781015873,0.230692791,28.66,22,100,696618,36.49393392,36.43421173,0.059722185,,693.8842773,0
FedDyn,CIFAR10,,0.9,0.999,382,1.867553526,0.189737387,27.06,28,100,696618,46.416996,46.34246039,0.074535608,,693.8842773,0
FedDyn,CIFAR10,,0.9,0.999,383,1.678151537,0.260642751,34.25,26,100,696618,46.10035205,46.03939009,0.060961962,,693.8842773,0
FedDyn,CIFAR10,,0.9,0.999,384,1.606706487,0.292624082,35.69,27,100,696618,59.31331038,59.24379039,0.069519997,,693.8842773,0
FedDyn,CIFAR10,,0.9,0.999,385,1.665750605,0.305542115,36.66,22,100,696618,39.73810697,39.68148708,0.056619883,,693.8842773,0
FedDyn,CIFAR10,,0.9,0.999,386,1.530546321,0.358635317,41.37,21,100,696618,41.239151,41.18003726,0.059113741,,693.8842773,0
FedDyn,CIFAR10,,0.9,0.999,387,1.514087174,0.383147457,41.41,30,100,696618,65.22365928,65.13277817,0.090881109,,693.8842773,0
FedDyn,CIFAR10,,0.9,0.999,388,1.508226779,0.404253006,42.83,29,100,696618,58.97490025,58.89926052,0.075639725,,693.8842773,0
FedDyn,CIFAR10,,0.9,0.999,389,1.516359441,0.395642885,43.44,20,100,696618,32.24337649,32.18659759,0.056778908,,693.8842773,0
FedDyn,CIFAR10,,0.9,0.999,390,1.7848522,0.273146232,34.03,21,100,696618,40.95323849,40.89732814,0.055910349,,693.8842773,0
FedDyn,CIFAR10,,0.9,0.999,391,1.566200799,0.330942328,38.29,24,100,696618,45.02449322,44.96441412,0.060079098,,693.8842773,0
FedDyn,CIFAR10,,0.9,0.999,392,1.656061083,0.277974996,33.42,21,100,696618,35.96335745,35.91012907,0.053228378,,693.8842773,0
FedDyn,CIFAR10,,0.9,0.999,393,1.541638152,0.339762929,38.62,30,100,696618,50.18878603,50.10644126,0.08234477,,693.8842773,0
FedDyn,CIFAR10,,0.9,0.999,394,1.641170169,0.238438081,33.11,30,100,696618,54.88554239,54.80604911,0.079493284,,693.8842773,0
FedDyn,CIFAR10,,0.9,0.999,395,2.04684889,0.184695845,27.99,22,100,696618,43.0352397,42.97486138,0.060378313,,693.8842773,0
FedDyn,CIFAR10,,0.9,0.999,396,1.661313326,0.29507279,35.22,24,100,696618,50.27339244,50.20611978,0.067272663,,693.8842773,0
FedDyn,CIFAR10,,0.9,0.999,397,2.339936566,0.221067325,31.36,28,100,696618,60.25200963,60.17799592,0.07401371,,693.8842773,0
FedDyn,CIFAR10,,0.9,0.999,398,1.728756402,0.330163675,37.18,21,100,696618,45.70923448,45.64916921,0.060065269,,693.8842773,0
FedDyn,CIFAR10,,0.9,0.999,399,1.586212086,0.325921074,39.87,30,100,696618,54.2994287,54.21837902,0.081049681,,693.8842773,0
FedDyn,CIFAR10,,0.9,0.999,400,1.47505071,0.449652991,45.32,28,100,696618,61.46883297,61.39659953,0.072233438,,693.8842773,0
FedDyn,CIFAR10,,0.9,0.999,401,2.053518029,0.224287491,30.11,20,100,696618,40.82161927,40.76885414,0.052765131,,693.8842773,0
FedDyn,CIFAR10,,0.9,0.999,402,2.030448363,0.194236029,27.62,23,100,696618,51.27205515,51.21087933,0.061175823,,693.8842773,0
FedDyn,CIFAR10,,0.9,0.999,403,1.892034977,0.265101854,32.54,26,100,696618,52.37872243,52.31440377,0.064318657,,693.8842773,0
FedDyn,CIFAR10,,0.9,0.999,404,2.082525508,0.246423356,35.29,21,100,696618,40.97620368,40.91868091,0.057522774,,693.8842773,0
FedDyn,CIFAR10,,0.9,0.999,405,1.927515509,0.211912187,27.73,20,100,696618,36.3529408,36.29356074,0.059380054,,693.8842773,0
FedDyn,CIFAR10,,0.9,0.999,406,1.643078941,0.343693652,39.16,27,100,696618,49.47129393,49.40581179,0.06548214,,693.8842773,0
FedDyn,CIFAR10,,0.9,0.999,407,2.162515916,0.188120374,24.91,25,100,696618,44.68172264,44.61841917,0.063303471,,693.8842773,0
FedDyn,CIFAR10,,0.9,0.999,408,1.743360361,0.318796044,35.74,24,100,696618,46.33370996,46.27210522,0.061604738,,693.8842773,0
FedDyn,CIFAR10,,0.9,0.999,409,1.897368755,0.291378752,38.31,22,100,696618,34.97223353,34.91419935,0.058034182,,693.8842773,0
FedDyn,CIFAR10,,0.9,0.999,410,1.723278446,0.308155111,33.48,24,100,696618,43.16024971,43.09482288,0.065426826,,693.8842773,0
FedDyn,CIFAR10,,0.9,0.999,411,1.798602386,0.193004478,27.17,29,100,696618,50.5669992,50.49014592,0.076853275,,693.8842773,0
FedDyn,CIFAR10,,0.9,0.999,412,1.697460174,0.302335114,36.1,22,100,696618,38.21444917,38.15868735,0.055761814,,693.8842773,0
FedDyn,CIFAR10,,0.9,0.999,413,2.470592212,0.174848332,25.62,20,100,696618,34.42644048,34.37164927,0.054791212,,693.8842773,0
FedDyn,CIFAR10,,0.9,0.999,414,1.973490958,0.176709876,25.85,27,100,696618,51.49672127,51.4328239,0.063897371,,693.8842773,0
FedDyn,CIFAR10,,0.9,0.999,415,1.914036758,0.165311306,26.84,21,100,696618,35.72833133,35.67827821,0.05005312,,693.8842773,0
FedDyn,CIFAR10,,0.9,0.999,416,1.617548245,0.294405527,37.72,25,100,696618,47.13829803,47.0728662,0.065431833,,693.8842773,0
FedDyn,CIFAR10,,0.9,0.999,417,1.689208451,0.297983577,36.12,20,100,696618,35.45292282,35.40204883,0.050873995,,693.8842773,0
FedDyn,CIFAR10,,0.9,0.999,418,1.785958774,0.223464478,31.34,28,100,696618,53.53832722,53.46821165,0.070115566,,693.8842773,0
FedDyn,CIFAR10,,0.9,0.999,419,1.757550315,0.194775593,29.41,26,100,696618,54.06030107,53.99112153,0.069179535,,693.8842773,0
FedDyn,CIFAR10,,0.9,0.999,420,1.56906722,0.392964996,41.57,26,100,696618,47.89878893,47.83287811,0.065910816,,693.8842773,0
FedDyn,CIFAR10,,0.9,0.999,421,1.634757981,0.233938011,33.65,27,100,696618,46.52551532,46.45678329,0.068732023,,693.8842773,0
FedDyn,CIFAR10,,0.9,0.999,422,1.661354406,0.34276339,40.84,21,100,696618,37.85744143,37.79678416,0.060657263,,693.8842773,0
FedDyn,CIFAR10,,0.9,0.999,423,1.584956632,0.37008934,40.78,29,100,696618,52.78729773,52.71796107,0.069336653,,693.8842773,0
FedDyn,CIFAR10,,0.9,0.999,424,1.507599283,0.374394428,42.23,30,100,696618,47.55656028,47.4850471,0.071513176,,693.8842773,0
FedDyn,CIFAR10,,0.9,0.999,425,1.581538443,0.369797322,43.25,26,100,696618,51.17945743,51.10990644,0.069550991,,693.8842773,0
FedDyn,CIFAR10,,0.9,0.999,426,1.794851368,0.328551564,35.17,22,100,696618,37.51213551,37.45495939,0.057176113,,693.8842773,0
FedDyn,CIFAR10,,0.9,0.999,427,1.716698938,0.284216804,35.31,29,100,696618,56.90149975,56.82949328,0.072006464,,693.8842773,0
FedDyn,CIFAR10,,0.9,0.999,428,1.512058406,0.410326936,42.71,22,100,696618,44.22298837,44.16318846,0.05979991,,693.8842773,0
FedDyn,CIFAR10,,0.9,0.999,429,1.470322971,0.39306311,43.59,20,100,696618,36.29312444,36.23871946,0.054404974,,693.8842773,0
FedDyn,CIFAR10,,0.9,0.999,430,1.598559287,0.301911242,35.51,30,100,696618,56.58531761,56.51525116,0.070066452,,693.8842773,0
FedDyn,CIFAR10,,0.9,0.999,431,1.518557774,0.355935331,40.96,29,100,696618,54.4854393,54.41261363,0.07282567,,693.8842773,0
FedDyn,CIFAR10,,0.9,0.999,432,1.963166602,0.188788199,25.97,23,100,696618,40.21777296,40.15833139,0.059441566,,693.8842773,0
FedDyn,CIFAR10,,0.9,0.999,433,1.720286774,0.330024455,39.92,28,100,696618,50.92300797,50.85913682,0.063871145,,693.8842773,0
FedDyn,CIFAR10,,0.9,0.999,434,1.891666122,0.273050702,33.35,25,100,696618,45.07334208,45.00883698,0.0645051,,693.8842773,0
FedDyn,CIFAR10,,0.9,0.999,435,1.705816257,0.308919551,37.55,28,100,696618,51.70479083,51.63615584,0.068634987,,693.8842773,0
FedDyn,CIFAR10,,0.9,0.999,436,1.508549604,0.375582467,39.23,23,100,696618,44.60979366,44.55179095,0.05800271,,693.8842773,0
FedDyn,CIFAR10,,0.9,0.999,437,1.607706191,0.364348985,38.93,29,100,696618,53.75679684,53.68760014,0.069196701,,693.8842773,0
FedDyn,CIFAR10,,0.9,0.999,438,1.487324038,0.400171805,44.2,23,100,696618,47.05631185,46.99464607,0.061665773,,693.8842773,0
FedDyn,CIFAR10,,0.9,0.999,439,1.601757918,0.340392409,40.14,25,100,696618,44.35515785,44.29465699,0.06050086,,693.8842773,0
FedDyn,CIFAR10,,0.9,0.999,440,1.831189386,0.272981237,33.65,28,100,696618,47.80442762,47.73744559,0.066982031,,693.8842773,0
FedDyn,CIFAR10,,0.9,0.999,441,1.538162235,0.298467573,38.21,27,100,696618,52.69040489,52.62488151,0.065523386,,693.8842773,0
FedDyn,CIFAR10,,0.9,0.999,442,1.727543553,0.268697789,33.59,23,100,696618,41.8957746,41.83368564,0.062088966,,693.8842773,0
FedDyn,CIFAR10,,0.9,0.999,443,1.597730428,0.289814855,36.94,27,100,696618,51.41533422,51.34300661,0.072327614,,693.8842773,0
FedDyn,CIFAR10,,0.9,0.999,444,1.570703212,0.323808828,35.7,23,100,696618,49.29429889,49.23329115,0.061007738,,693.8842773,0
FedDyn,CIFAR10,,0.9,0.999,445,1.614223479,0.356574494,41.11,26,100,696618,45.98419952,45.9201982,0.064001322,,693.8842773,0
FedDyn,CIFAR10,,0.9,0.999,446,1.590726987,0.317844343,37.37,21,100,696618,44.47677088,44.42161369,0.055157185,,693.8842773,0
FedDyn,CIFAR10,,0.9,0.999,447,1.498946728,0.368704861,43.65,25,100,696618,40.12530589,40.06237435,0.062931538,,693.8842773,0
FedDyn,CIFAR10,,0.9,0.999,448,1.820525521,0.261769129,29.66,20,100,696618,37.92160654,37.86985874,0.051747799,,693.8842773,0
FedDyn,CIFAR10,,0.9,0.999,449,1.518112142,0.394723651,43.69,30,100,696618,54.76292372,54.68641686,0.076506853,,693.8842773,0
FedDyn,CIFAR10,,0.9,0.999,450,1.560881357,0.31574544,38.7,29,100,696618,52.29823303,52.2299881,0.068244934,,693.8842773,0
FedDyn,CIFAR10,,0.9,0.999,451,1.427664396,0.435075258,46.59,27,100,696618,49.78330159,49.71475077,0.068550825,,693.8842773,0
FedDyn,CIFAR10,,0.9,0.999,452,1.403363027,0.456802484,48.11,30,100,696618,58.70268011,58.62742329,0.075256824,,693.8842773,0
FedDyn,CIFAR10,,0.9,0.999,453,1.45563256,0.392060809,42.96,23,100,696618,36.11397672,36.05710483,0.056871891,,693.8842773,0
FedDyn,CIFAR10,,0.9,0.999,454,1.375405514,0.461541551,49.01,28,100,696618,54.8733232,54.78303504,0.090288162,,693.8842773,0
FedDyn,CIFAR10,,0.9,0.999,455,1.562903789,0.394516312,40.47,30,100,696618,59.27519655,59.19216943,0.083027124,,693.8842773,0
FedDyn,CIFAR10,,0.9,0.999,456,1.555488657,0.35233168,41.53,26,100,696618,54.27816248,54.20841384,0.06974864,,693.8842773,0
FedDyn,CIFAR10,,0.9,0.999,457,1.49823805,0.44937914,46.94,22,100,696618,48.90783238,48.85024047,0.057591915,,693.8842773,0
FedDyn,CIFAR10,,0.9,0.999,458,1.52939871,0.385727211,43.89,26,100,696618,51.75896406,51.69228578,0.066678286,,693.8842773,0
FedDyn,CIFAR10,,0.9,0.999,459,1.528016062,0.383782612,43.95,21,100,696618,40.23710775,40.17984962,0.057258129,,693.8842773,0
FedDyn,CIFAR10,,0.9,0.999,460,1.447975423,0.387167986,43.17,21,100,696618,41.55529571,41.49765444,0.057641268,,693.8842773,0
FedDyn,CIFAR10,,0.9,0.999,461,1.359813363,0.509583335,51.63,25,100,696618,47.32271194,47.26168609,0.061025858,,693.8842773,0
FedDyn,CIFAR10,,0.9,0.999,462,1.528235863,0.321999776,38.7,29,100,696618,55.61177683,55.53346896,0.078307867,,693.8842773,0
FedDyn,CIFAR10,,0.9,0.999,463,1.396140637,0.422276024,45.84,29,100,696618,58.46031308,58.3842802,0.076032877,,693.8842773,0
FedDyn,CIFAR10,,0.9,0.999,464,1.546551049,0.391046269,41.4,25,100,696618,40.46422577,40.40201163,0.062214136,,693.8842773,0
FedDyn,CIFAR10,,0.9,0.999,465,1.381558612,0.487177668,49.49,30,100,696618,54.78316355,54.70560312,0.077560425,,693.8842773,0
FedDyn,CIFAR10,,0.9,0.999,466,1.355031185,0.459545305,47.5,25,100,696618,40.34042954,40.27801704,0.0624125,,693.8842773,0
FedDyn,CIFAR10,,0.9,0.999,467,1.528850561,0.350143023,40.94,24,100,696618,43.09204054,43.02945614,0.0625844,,693.8842773,0
FedDyn,CIFAR10,,0.9,0.999,468,1.89029323,0.256251596,31.81,20,100,696618,29.90543199,29.85369754,0.051734447,,693.8842773,0
FedDyn,CIFAR10,,0.9,0.999,469,1.795948478,0.314579988,36.91,20,100,696618,34.26604581,34.21520495,0.050840855,,693.8842773,0
FedDyn,CIFAR10,,0.9,0.999,470,1.431867754,0.420842362,46.19,27,100,696618,48.76492262,48.69663882,0.068283796,,693.8842773,0
FedDyn,CIFAR10,,0.9,0.999,471,1.353266838,0.448107529,48.08,28,100,696618,50.41627741,50.34860873,0.067668676,,693.8842773,0
FedDyn,CIFAR10,,0.9,0.999,472,1.92193261,0.197420023,30.02,21,100,696618,35.64424777,35.59029102,0.053956747,,693.8842773,0
FedDyn,CIFAR10,,0.9,0.999,473,1.396201879,0.44139802,46.74,28,100,696618,57.21856642,57.14509678,0.073469639,,693.8842773,0
FedDyn,CIFAR10,,0.9,0.999,474,1.359276915,0.481994406,48.2,30,100,696618,50.87504172,50.8039031,0.07113862,,693.8842773,0
FedDyn,CIFAR10,,0.9,0.999,475,1.443965632,0.417030304,45.39,25,100,696618,50.82505298,50.76553965,0.05951333,,693.8842773,0
FedDyn,CIFAR10,,0.9,0.999,476,1.632131828,0.37786774,40.9,23,100,696618,44.08973002,44.03108883,0.058641195,,693.8842773,0
FedDyn,CIFAR10,,0.9,0.999,477,1.794779425,0.319039339,33.28,22,100,696618,46.27872276,46.21874523,0.059977531,,693.8842773,0
FedDyn,CIFAR10,,0.9,0.999,478,2.091054777,0.18324469,28.65,26,100,696618,56.11970139,56.04984832,0.069853067,,693.8842773,0
FedDyn,CIFAR10,,0.9,0.999,479,2.113573348,0.236559638,26.43,21,100,696618,40.26278996,40.20274639,0.060043573,,693.8842773,0
FedDyn,CIFAR10,,0.9,0.999,480,1.595291384,0.359484605,41.65,20,100,696618,38.28853917,38.23203135,0.056507826,,693.8842773,0
FedDyn,CIFAR10,,0.9,0.999,481,1.65278343,0.268031009,34,29,100,696618,58.48345733,58.40696454,0.076492786,,693.8842773,0
FedDyn,CIFAR10,,0.9,0.999,482,1.473417187,0.437759983,47.5,29,100,696618,50.93742299,50.8583169,0.079106092,,693.8842773,0
FedDyn,CIFAR10,,0.9,0.999,483,1.600367924,0.330729015,38.63,25,100,696618,47.95279527,47.88781023,0.064985037,,693.8842773,0
FedDyn,CIFAR10,,0.9,0.999,484,1.420311873,0.453938256,49.11,28,100,696618,54.85110664,54.77645326,0.074653387,,693.8842773,0
FedDyn,CIFAR10,,0.9,0.999,485,1.618375202,0.347846794,38.16,21,100,696618,44.47092795,44.41800237,0.052925587,,693.8842773,0
FedDyn,CIFAR10,,0.9,0.999,486,1.47444181,0.476984804,50.11,22,100,696618,40.39684916,40.34130764,0.055541515,,693.8842773,0
FedDyn,CIFAR10,,0.9,0.999,487,1.466394984,0.399657699,44.39,22,100,696618,42.3665185,42.30372715,0.062791348,,693.8842773,0
FedDyn,CIFAR10,,0.9,0.999,488,1.819849261,0.309136251,38.12,24,100,696618,44.98381543,44.91953921,0.064276218,,693.8842773,0
FedDyn,CIFAR10,,0.9,0.999,489,1.630778354,0.3821554,41.1,22,100,696618,44.07331562,44.01121712,0.062098503,,693.8842773,0
FedDyn,CIFAR10,,0.9,0.999,490,1.798762435,0.297450812,35.2,21,100,696618,38.07050943,38.01638484,0.054124594,,693.8842773,0
FedDyn,CIFAR10,,0.9,0.999,491,1.561224899,0.444078445,49.23,21,100,696618,42.10738802,42.05067587,0.056712151,,693.8842773,0
FedDyn,CIFAR10,,0.9,0.999,492,1.61042491,0.316700486,38.25,21,100,696618,45.22625542,45.16693187,0.059323549,,693.8842773,0
FedDyn,CIFAR10,,0.9,0.999,493,1.465548297,0.415778507,46.94,26,100,696618,50.68629217,50.61683512,0.069457054,,693.8842773,0
FedDyn,CIFAR10,,0.9,0.999,494,1.428805564,0.447382353,46.91,28,100,696618,53.53818727,53.462919,0.075268269,,693.8842773,0
FedDyn,CIFAR10,,0.9,0.999,495,1.84051633,0.256635548,34.67,29,100,696618,57.2378211,57.1608882,0.076932907,,693.8842773,0
FedDyn,CIFAR10,,0.9,0.999,496,1.782375337,0.303050782,33.09,22,100,696618,41.85822105,41.80065846,0.05756259,,693.8842773,0
FedDyn,CIFAR10,,0.9,0.999,497,1.556073067,0.394494368,43.95,28,100,696618,57.00361371,56.93178582,0.071827888,,693.8842773,0
FedDyn,CIFAR10,,0.9,0.999,498,1.384760589,0.46242265,47.5,26,100,696618,45.90787792,45.84500265,0.062875271,,693.8842773,0
FedDyn,CIFAR10,,0.9,0.999,499,1.354993352,0.493564958,49.62,24,100,696618,45.84364033,45.77562189,0.068018436,,693.8842773,0
FedDyn,CIFAR10,,0.9,0.999,500,1.524166556,0.373845888,40.14,24,100,696618,41.73386526,41.67205572,0.06180954,,693.8842773,0
FedDyn,CIFAR10,,0.9,0.999,1,2.91280133,0.018181818,10,22,100,696618,44.52910447,44.46430111,0.064803362,,693.8842773,1
FedDyn,CIFAR10,,0.9,0.999,2,2.762303615,0.018181818,10,21,100,696618,43.70558643,43.64175105,0.063835382,,693.8842773,1
FedDyn,CIFAR10,,0.9,0.999,3,2.671850192,0.018181818,10,24,100,696618,47.94911575,47.88282251,0.06629324,,693.8842773,1
FedDyn,CIFAR10,,0.9,0.999,4,2.504678939,0.018181818,10,27,100,696618,50.20514464,50.12800241,0.077142239,,693.8842773,1
FedDyn,CIFAR10,,0.9,0.999,5,2.598256145,0.018181818,10,30,100,696618,57.46554613,57.38187385,0.083672285,,693.8842773,1
FedDyn,CIFAR10,,0.9,0.999,6,2.49936767,0.018370198,9.99,23,100,696618,43.83229995,43.76549602,0.066803932,,693.8842773,1
FedDyn,CIFAR10,,0.9,0.999,7,2.553947102,0.018181818,10,24,100,696618,51.77000284,51.70295429,0.06704855,,693.8842773,1
FedDyn,CIFAR10,,0.9,0.999,8,2.423615638,0.043405212,12.91,25,100,696618,45.82237935,45.75547814,0.066901207,,693.8842773,1
FedDyn,CIFAR10,,0.9,0.999,9,2.50587876,0.018181818,10,30,100,696618,57.46626186,57.38399434,0.082267523,,693.8842773,1
FedDyn,CIFAR10,,0.9,0.999,10,2.327328548,0.018181818,10,29,100,696618,54.4570744,54.37779903,0.07927537,,693.8842773,1
FedDyn,CIFAR10,,0.9,0.999,11,2.510133215,0.029376859,10.37,25,100,696618,48.27368593,48.20168853,0.071997404,,693.8842773,1
FedDyn,CIFAR10,,0.9,0.999,12,2.520984819,0.018181818,10,22,100,696618,41.73082423,41.66630173,0.064522505,,693.8842773,1
FedDyn,CIFAR10,,0.9,0.999,13,2.976903794,0.018181818,10,20,100,696618,38.38265944,38.32127929,0.061380148,,693.8842773,1
FedDyn,CIFAR10,,0.9,0.999,14,2.62756916,0.018181818,10,21,100,696618,40.59523273,40.53493285,0.060299873,,693.8842773,1
FedDyn,CIFAR10,,0.9,0.999,15,2.600042549,0.018181818,10,24,100,696618,53.60504699,53.53743458,0.06761241,,693.8842773,1
FedDyn,CIFAR10,,0.9,0.999,16,2.706868913,0.024771341,10.19,21,100,696618,46.79632115,46.74036765,0.055953503,,693.8842773,1
FedDyn,CIFAR10,,0.9,0.999,17,2.358018416,0.018181818,10,21,100,696618,39.3527174,39.28951597,0.063201427,,693.8842773,1
FedDyn,CIFAR10,,0.9,0.999,18,2.507475687,0.018181818,10,20,100,696618,42.78100848,42.72320628,0.0578022,,693.8842773,1
FedDyn,CIFAR10,,0.9,0.999,19,2.417126041,0.032687748,10.87,30,100,696618,64.80191541,64.71931624,0.082599163,,693.8842773,1
FedDyn,CIFAR10,,0.9,0.999,20,2.398296666,0.018387635,10.01,26,100,696618,55.00533271,54.92992997,0.075402737,,693.8842773,1
FedDyn,CIFAR10,,0.9,0.999,21,2.33479908,0.054422165,11.68,26,100,696618,53.09769273,53.02331138,0.074381351,,693.8842773,1
FedDyn,CIFAR10,,0.9,0.999,22,2.491942373,0.044030104,12.37,20,100,696618,41.79646206,41.74009347,0.056368589,,693.8842773,1
FedDyn,CIFAR10,,0.9,0.999,23,2.336684069,0.030761293,10.62,28,100,696618,47.19533634,47.11627269,0.079063654,,693.8842773,1
FedDyn,CIFAR10,,0.9,0.999,24,2.468908667,0.03171275,10.63,23,100,696618,50.81724572,50.75258422,0.064661503,,693.8842773,1
FedDyn,CIFAR10,,0.9,0.999,25,2.437657038,0.03910039,10.89,28,100,696618,56.70415831,56.63152575,0.072632551,,693.8842773,1
FedDyn,CIFAR10,,0.9,0.999,26,2.362559259,0.050287728,13.51,23,100,696618,39.86650038,39.80354905,0.062951326,,693.8842773,1
FedDyn,CIFAR10,,0.9,0.999,27,2.746320309,0.018181818,10,27,100,696618,50.88926601,50.81596899,0.073297024,,693.8842773,1
FedDyn,CIFAR10,,0.9,0.999,28,2.501235733,0.031754667,10.52,22,100,696618,37.85206771,37.78905654,0.063011169,,693.8842773,1
FedDyn,CIFAR10,,0.9,0.999,29,2.44479383,0.035309484,11.33,30,100,696618,54.86906695,54.79146791,0.077599049,,693.8842773,1
FedDyn,CIFAR10,,0.9,0.999,30,2.381981829,0.048322832,13.18,20,100,696618,37.442837,37.38781953,0.055017471,,693.8842773,1
FedDyn,CIFAR10,,0.9,0.999,31,2.423435408,0.022502227,10.11,30,100,696618,62.00073457,61.91998243,0.080752134,,693.8842773,1
FedDyn,CIFAR10,,0.9,0.999,32,2.411575054,0.018181818,10,24,100,696618,46.58249617,46.51863384,0.063862324,,693.8842773,1
FedDyn,CIFAR10,,0.9,0.999,33,2.579251638,0.018181818,10,21,100,696618,39.2552464,39.19677544,0.058470964,,693.8842773,1
FedDyn,CIFAR10,,0.9,0.999,34,2.36195316,0.037300895,11.74,30,100,696618,62.09386015,62.01791739,0.075942755,,693.8842773,1
FedDyn,CIFAR10,,0.9,0.999,35,2.461346223,0.06119602,12.96,20,100,696618,36.26141024,36.2043376,0.057072639,,693.8842773,1
FedDyn,CIFAR10,,0.9,0.999,36,2.606599599,0.04939704,12.83,22,100,696618,48.020684,47.96194816,0.058735847,,693.8842773,1
FedDyn,CIFAR10,,0.9,0.999,37,2.352324359,0.032302832,10.83,30,100,696618,60.2782445,60.20037198,0.077872515,,693.8842773,1
FedDyn,CIFAR10,,0.9,0.999,38,2.337563884,0.067648688,13.73,29,100,696618,61.30147457,61.22895145,0.072523117,,693.8842773,1
FedDyn,CIFAR10,,0.9,0.999,39,2.309179537,0.065573754,14.1,28,100,696618,54.68375015,54.60650802,0.077242136,,693.8842773,1
FedDyn,CIFAR10,,0.9,0.999,40,2.427166978,0.018181818,10,22,100,696618,39.10127711,39.03961611,0.061661005,,693.8842773,1
FedDyn,CIFAR10,,0.9,0.999,41,2.441341194,0.048034889,13.92,21,100,696618,46.43729782,46.37751222,0.059785604,,693.8842773,1
FedDyn,CIFAR10,,0.9,0.999,42,2.868566945,0.036670013,11.2,27,100,696618,49.92159009,49.85380912,0.067780972,,693.8842773,1
FedDyn,CIFAR10,,0.9,0.999,43,2.553477244,0.025011074,10.33,20,100,696618,37.19386125,37.13789606,0.055965185,,693.8842773,1
FedDyn,CIFAR10,,0.9,0.999,44,2.316791408,0.069653696,12.14,21,100,696618,32.18609715,32.12509274,0.0610044,,693.8842773,1
FedDyn,CIFAR10,,0.9,0.999,45,2.444198267,0.018181818,10,26,100,696618,48.68316746,48.61061621,0.07255125,,693.8842773,1
FedDyn,CIFAR10,,0.9,0.999,46,2.369450021,0.06037029,12.11,20,100,696618,38.16268229,38.10654783,0.056134462,,693.8842773,1
FedDyn,CIFAR10,,0.9,0.999,47,2.379120192,0.023665915,10.27,29,100,696618,52.37658167,52.30075765,0.075824022,,693.8842773,1
FedDyn,CIFAR10,,0.9,0.999,48,2.541763111,0.018193396,10,25,100,696618,47.77357268,47.7057209,0.067851782,,693.8842773,1
FedDyn,CIFAR10,,0.9,0.999,49,2.543187891,0.044433112,12.6,26,100,696618,53.70041966,53.63181663,0.068603039,,693.8842773,1
FedDyn,CIFAR10,,0.9,0.999,50,2.542555513,0.040434984,12.54,28,100,696618,57.05643249,56.98789144,0.06854105,,693.8842773,1
FedDyn,CIFAR10,,0.9,0.999,51,2.487665761,0.036406393,11.17,21,100,696618,40.20902967,40.14850473,0.06052494,,693.8842773,1
FedDyn,CIFAR10,,0.9,0.999,52,2.930662595,0.029461264,10.14,20,100,696618,45.34369969,45.28965569,0.054044008,,693.8842773,1
FedDyn,CIFAR10,,0.9,0.999,53,2.315030564,0.052839398,12.21,24,100,696618,49.00106001,48.93683243,0.064227581,,693.8842773,1
FedDyn,CIFAR10,,0.9,0.999,54,2.377874381,0.033827478,11.01,22,100,696618,42.54790688,42.48820758,0.059699297,,693.8842773,1
FedDyn,CIFAR10,,0.9,0.999,55,2.336368829,0.047362891,13.42,22,100,696618,39.85743475,39.80001807,0.057416677,,693.8842773,1
FedDyn,CIFAR10,,0.9,0.999,56,2.442876015,0.031178397,10.77,20,100,696618,39.71082592,39.65373445,0.057091475,,693.8842773,1
FedDyn,CIFAR10,,0.9,0.999,57,2.342390602,0.024099737,10.31,24,100,696618,44.89808965,44.82691121,0.071178436,,693.8842773,1
FedDyn,CIFAR10,,0.9,0.999,58,2.291847179,0.050449601,11.92,24,100,696618,44.91444325,44.85190845,0.062534809,,693.8842773,1
FedDyn,CIFAR10,,0.9,0.999,59,2.431993841,0.047048453,11.3,28,100,696618,57.41189003,57.33909082,0.072799206,,693.8842773,1
FedDyn,CIFAR10,,0.9,0.999,60,2.465405626,0.063988642,12.82,30,100,696618,59.66018987,59.57396173,0.086228132,,693.8842773,1
FedDyn,CIFAR10,,0.9,0.999,61,2.742101788,0.018430744,10.01,30,100,696618,59.1087811,59.03289413,0.075886965,,693.8842773,1
FedDyn,CIFAR10,,0.9,0.999,62,2.731025451,0.048206591,14.07,24,100,696618,50.5178802,50.45768642,0.060193777,,693.8842773,1
FedDyn,CIFAR10,,0.9,0.999,63,2.373884976,0.029047342,10.46,25,100,696618,52.55513692,52.49009347,0.065043449,,693.8842773,1
FedDyn,CIFAR10,,0.9,0.999,64,2.378923916,0.071528552,13.56,23,100,696618,48.49759698,48.4391427,0.058454275,,693.8842773,1
FedDyn,CIFAR10,,0.9,0.999,65,2.349209317,0.045113362,11.82,29,100,696618,56.9639225,56.89053202,0.073390484,,693.8842773,1
FedDyn,CIFAR10,,0.9,0.999,66,2.416411832,0.032860488,10.41,28,100,696618,52.96926975,52.89706635,0.072203398,,693.8842773,1
FedDyn,CIFAR10,,0.9,0.999,67,2.308069487,0.076870836,13.37,27,100,696618,55.36782312,55.29451013,0.073312998,,693.8842773,1
FedDyn,CIFAR10,,0.9,0.999,68,2.40818792,0.045552391,11.83,26,100,696618,47.25301504,47.17901659,0.073998451,,693.8842773,1
FedDyn,CIFAR10,,0.9,0.999,69,2.416025988,0.037361338,11.1,29,100,696618,53.2692616,53.19098043,0.078281164,,693.8842773,1
FedDyn,CIFAR10,,0.9,0.999,70,2.419772275,0.022757781,10.23,30,100,696618,56.13350892,56.05489659,0.078612328,,693.8842773,1
FedDyn,CIFAR10,,0.9,0.999,71,2.37106515,0.040105961,10.36,24,100,696618,49.93267679,49.86682534,0.06585145,,693.8842773,1
FedDyn,CIFAR10,,0.9,0.999,72,2.444740123,0.019586865,10.07,21,100,696618,40.81257296,40.75297809,0.05959487,,693.8842773,1
FedDyn,CIFAR10,,0.9,0.999,73,2.663684497,0.019389405,10.06,20,100,696618,42.58900428,42.53574395,0.053260326,,693.8842773,1
FedDyn,CIFAR10,,0.9,0.999,74,2.598583544,0.074482279,14.56,20,100,696618,35.48583245,35.43186307,0.053969383,,693.8842773,1
FedDyn,CIFAR10,,0.9,0.999,75,2.33749629,0.045872432,9.86,28,100,696618,53.98456144,53.90945458,0.075106859,,693.8842773,1
FedDyn,CIFAR10,,0.9,0.999,76,2.518430685,0.025840078,10.39,24,100,696618,46.59607863,46.52860332,0.067475319,,693.8842773,1
FedDyn,CIFAR10,,0.9,0.999,77,2.597296442,0.041821183,12.11,21,100,696618,37.39848709,37.34062815,0.057858944,,693.8842773,1
FedDyn,CIFAR10,,0.9,0.999,78,2.519819364,0.047981492,13.46,25,100,696618,44.21480608,44.1437943,0.071011782,,693.8842773,1
FedDyn,CIFAR10,,0.9,0.999,79,2.342956045,0.041228978,11.53,21,100,696618,43.77476215,43.71235609,0.062406063,,693.8842773,1
FedDyn,CIFAR10,,0.9,0.999,80,2.529115197,0.018223235,10,21,100,696618,44.0426693,43.98422694,0.058442354,,693.8842773,1
FedDyn,CIFAR10,,0.9,0.999,81,2.532652107,0.042134173,11.71,26,100,696618,58.130018,58.05445218,0.075565815,,693.8842773,1
FedDyn,CIFAR10,,0.9,0.999,82,2.341941742,0.040524441,11.4,20,100,696618,38.76025772,38.69908166,0.061176062,,693.8842773,1
FedDyn,CIFAR10,,0.9,0.999,83,2.410237605,0.042323342,12.59,29,100,696618,53.53266859,53.45812106,0.074547529,,693.8842773,1
FedDyn,CIFAR10,,0.9,0.999,84,2.349303906,0.053613503,14.28,28,100,696618,55.66385365,55.58824921,0.075604439,,693.8842773,1
FedDyn,CIFAR10,,0.9,0.999,85,2.362511707,0.065211091,12.86,27,100,696618,47.84632468,47.77523279,0.07109189,,693.8842773,1
FedDyn,CIFAR10,,0.9,0.999,86,2.409786951,0.0526813,12.7,25,100,696618,46.36689687,46.29889917,0.067997694,,693.8842773,1
FedDyn,CIFAR10,,0.9,0.999,87,2.543645087,0.020180182,10.1,23,100,696618,40.80239844,40.73871827,0.063680172,,693.8842773,1
FedDyn,CIFAR10,,0.9,0.999,88,2.572599223,0.044679879,12.54,25,100,696618,54.78223801,54.71139383,0.070844173,,693.8842773,1
FedDyn,CIFAR10,,0.9,0.999,89,2.456097382,0.042166298,12.87,25,100,696618,51.2621932,51.19694161,0.065251589,,693.8842773,1
FedDyn,CIFAR10,,0.9,0.999,90,2.326762914,0.071842661,15.67,29,100,696618,60.25719595,60.17760277,0.079593182,,693.8842773,1
FedDyn,CIFAR10,,0.9,0.999,91,2.595228088,0.018609644,10.02,22,100,696618,48.89832926,48.84140062,0.056928635,,693.8842773,1
FedDyn,CIFAR10,,0.9,0.999,92,2.399583005,0.026145036,10.46,30,100,696618,63.38400912,63.30102849,0.082980633,,693.8842773,1
FedDyn,CIFAR10,,0.9,0.999,93,2.347582824,0.042154697,11.91,29,100,696618,59.39895058,59.31861424,0.080336332,,693.8842773,1
FedDyn,CIFAR10,,0.9,0.999,94,2.387863226,0.053000263,13.98,27,100,696618,58.8034668,58.72586632,0.077600479,,693.8842773,1
FedDyn,CIFAR10,,0.9,0.999,95,2.421952476,0.072296044,14.91,27,100,696618,60.96074772,60.88102651,0.079721212,,693.8842773,1
FedDyn,CIFAR10,,0.9,0.999,96,2.366026524,0.039165771,11.81,29,100,696618,56.10129571,56.02376699,0.077528715,,693.8842773,1
FedDyn,CIFAR10,,0.9,0.999,97,2.410923898,0.02486754,10.34,27,100,696618,61.42039895,61.34464788,0.075751066,,693.8842773,1
FedDyn,CIFAR10,,0.9,0.999,98,2.32124992,0.037270322,11.66,22,100,696618,40.98203135,40.92236495,0.059666395,,693.8842773,1
FedDyn,CIFAR10,,0.9,0.999,99,2.283112022,0.098510555,17.71,29,100,696618,60.91055179,60.83080935,0.079742432,,693.8842773,1
FedDyn,CIFAR10,,0.9,0.999,100,2.486637741,0.019585956,10.07,26,100,696618,53.84702873,53.77418733,0.072841406,,693.8842773,1
FedDyn,CIFAR10,,0.9,0.999,101,2.5226072,0.032645561,10.76,27,100,696618,52.30750847,52.23291087,0.074597597,,693.8842773,1
FedDyn,CIFAR10,,0.9,0.999,102,2.345754877,0.050161869,14.61,20,100,696618,41.58376789,41.52314472,0.060623169,,693.8842773,1
FedDyn,CIFAR10,,0.9,0.999,103,2.34367238,0.090797938,15.32,29,100,696618,65.57956815,65.49971843,0.07984972,,693.8842773,1
FedDyn,CIFAR10,,0.9,0.999,104,2.23149685,0.079526804,15.85,28,100,696618,58.61433172,58.53380394,0.080527782,,693.8842773,1
FedDyn,CIFAR10,,0.9,0.999,105,2.935634882,0.047768072,11.95,21,100,696618,40.54371929,40.48064685,0.063072443,,693.8842773,1
FedDyn,CIFAR10,,0.9,0.999,106,2.413131244,0.02114777,10.12,29,100,696618,62.14496708,62.06924224,0.07572484,,693.8842773,1
FedDyn,CIFAR10,,0.9,0.999,107,2.39155645,0.034478566,11.28,22,100,696618,47.58991241,47.50784945,0.08206296,,693.8842773,1
FedDyn,CIFAR10,,0.9,0.999,108,2.392880342,0.08395845,17.35,20,100,696618,44.39459109,44.33540916,0.059181929,,693.8842773,1
FedDyn,CIFAR10,,0.9,0.999,109,2.29602499,0.046251065,10.77,30,100,696618,58.94074965,58.85605121,0.084698439,,693.8842773,1
FedDyn,CIFAR10,,0.9,0.999,110,2.387014893,0.018989571,10.04,29,100,696618,53.08279729,53.00162697,0.081170321,,693.8842773,1
FedDyn,CIFAR10,,0.9,0.999,111,2.37392188,0.07778017,17.17,25,100,696618,55.42254162,55.35082078,0.071720839,,693.8842773,1
FedDyn,CIFAR10,,0.9,0.999,112,2.4724476,0.030802335,10.72,29,100,696618,56.24381542,56.16479635,0.07901907,,693.8842773,1
FedDyn,CIFAR10,,0.9,0.999,113,2.312519265,0.097459797,17.24,22,100,696618,43.96985364,43.90840816,0.061445475,,693.8842773,1
FedDyn,CIFAR10,,0.9,0.999,114,2.286857671,0.059766444,13.9,25,100,696618,44.34261107,44.27079654,0.071814537,,693.8842773,1
FedDyn,CIFAR10,,0.9,0.999,115,2.228955526,0.081683006,15.8,23,100,696618,40.64516783,40.58414865,0.061019182,,693.8842773,1
FedDyn,CIFAR10,,0.9,0.999,116,2.377398222,0.062373642,15.57,20,100,696618,42.38225579,42.32041335,0.061842442,,693.8842773,1
FedDyn,CIFAR10,,0.9,0.999,117,2.231587569,0.047976137,11.37,29,100,696618,52.92183399,52.8466177,0.075216293,,693.8842773,1
FedDyn,CIFAR10,,0.9,0.999,118,2.48323777,0.06782558,14.52,21,100,696618,39.20065022,39.14192724,0.058722973,,693.8842773,1
FedDyn,CIFAR10,,0.9,0.999,119,2.200674916,0.065072846,16.14,30,100,696618,57.62455988,57.53579974,0.088760138,,693.8842773,1
FedDyn,CIFAR10,,0.9,0.999,120,2.246379529,0.070392069,14.92,24,100,696618,48.41080451,48.34560752,0.065196991,,693.8842773,1
FedDyn,CIFAR10,,0.9,0.999,121,2.211622277,0.088153953,16.78,28,100,696618,52.88710475,52.81509972,0.072005033,,693.8842773,1
FedDyn,CIFAR10,,0.9,0.999,122,2.459830819,0.044079342,13.63,22,100,696618,49.79795384,49.73771906,0.060234785,,693.8842773,1
FedDyn,CIFAR10,,0.9,0.999,123,2.466597356,0.042932663,11.2,24,100,696618,50.93728638,50.87123823,0.066048145,,693.8842773,1
FedDyn,CIFAR10,,0.9,0.999,124,2.249165232,0.125422711,19.21,22,100,696618,43.25109863,43.18935418,0.061744452,,693.8842773,1
FedDyn,CIFAR10,,0.9,0.999,125,2.229387245,0.055451552,16.14,23,100,696618,51.06289482,50.99354243,0.069352388,,693.8842773,1
FedDyn,CIFAR10,,0.9,0.999,126,2.337823489,0.061939396,12.86,23,100,696618,42.33562136,42.27532506,0.060296297,,693.8842773,1
FedDyn,CIFAR10,,0.9,0.999,127,2.234254045,0.096128728,18.88,26,100,696618,55.39467144,55.33015656,0.064514875,,693.8842773,1
FedDyn,CIFAR10,,0.9,0.999,128,2.572008986,0.035568269,11.34,22,100,696618,41.91928005,41.85750175,0.061778307,,693.8842773,1
FedDyn,CIFAR10,,0.9,0.999,129,2.26283005,0.138042684,18.83,27,100,696618,54.32918024,54.25154924,0.077630997,,693.8842773,1
FedDyn,CIFAR10,,0.9,0.999,130,2.206312759,0.071168569,17.81,24,100,696618,50.63691807,50.57131815,0.065599918,,693.8842773,1
FedDyn,CIFAR10,,0.9,0.999,131,2.181334658,0.076732442,17.38,26,100,696618,57.54101801,57.46824336,0.072774649,,693.8842773,1
FedDyn,CIFAR10,,0.9,0.999,132,2.16932682,0.094620167,16.37,20,100,696618,43.54367185,43.48460555,0.059066296,,693.8842773,1
FedDyn,CIFAR10,,0.9,0.999,133,2.443887669,0.08298102,15.76,20,100,696618,43.38538408,43.32770848,0.0576756,,693.8842773,1
FedDyn,CIFAR10,,0.9,0.999,134,2.320945924,0.11662704,18.43,30,100,696618,56.70698667,56.63201761,0.074969053,,693.8842773,1
FedDyn,CIFAR10,,0.9,0.999,135,2.158668207,0.10120672,18.23,26,100,696618,49.77915859,49.70670295,0.072455645,,693.8842773,1
FedDyn,CIFAR10,,0.9,0.999,136,2.165850629,0.062333098,17.57,28,100,696618,52.70589137,52.62386823,0.082023144,,693.8842773,1
FedDyn,CIFAR10,,0.9,0.999,137,2.261739306,0.089501219,14.59,23,100,696618,42.20114303,42.13847756,0.062665462,,693.8842773,1
FedDyn,CIFAR10,,0.9,0.999,138,2.362376291,0.063109347,16.47,28,100,696618,56.14524341,56.06690884,0.07833457,,693.8842773,1
FedDyn,CIFAR10,,0.9,0.999,139,2.36562814,0.07340538,13.38,21,100,696618,46.24478579,46.18348765,0.061298132,,693.8842773,1
FedDyn,CIFAR10,,0.9,0.999,140,2.266514742,0.134430903,20.66,24,100,696618,55.14302945,55.07268333,0.070346117,,693.8842773,1
FedDyn,CIFAR10,,0.9,0.999,141,2.271284129,0.093561125,14.74,25,100,696618,47.97797275,47.90579677,0.07217598,,693.8842773,1
FedDyn,CIFAR10,,0.9,0.999,142,2.219700936,0.09346786,20.29,27,100,696618,53.9542501,53.86448431,0.089765787,,693.8842773,1
FedDyn,CIFAR10,,0.9,0.999,143,2.17658851,0.113204052,17.65,23,100,696618,43.6944766,43.63015413,0.064322472,,693.8842773,1
FedDyn,CIFAR10,,0.9,0.999,144,2.173665007,0.109518729,17.08,22,100,696618,40.55201364,40.49411869,0.057894945,,693.8842773,1
FedDyn,CIFAR10,,0.9,0.999,145,2.305062166,0.100927702,19.98,23,100,696618,45.95121217,45.88637543,0.06483674,,693.8842773,1
FedDyn,CIFAR10,,0.9,0.999,146,2.270081047,0.097269213,15.68,21,100,696618,45.09643459,45.0301671,0.06626749,,693.8842773,1
FedDyn,CIFAR10,,0.9,0.999,147,2.148755195,0.122131233,21.14,24,100,696618,49.32079458,49.25771642,0.063078165,,693.8842773,1
FedDyn,CIFAR10,,0.9,0.999,148,2.169284549,0.101320968,19.89,22,100,696618,41.24098206,41.18342996,0.057552099,,693.8842773,1
FedDyn,CIFAR10,,0.9,0.999,149,2.31063723,0.097908866,18.52,20,100,696618,35.49996305,35.44406343,0.05589962,,693.8842773,1
FedDyn,CIFAR10,,0.9,0.999,150,2.218190448,0.128066884,19.72,22,100,696618,47.60645866,47.54506278,0.061395884,,693.8842773,1
FedDyn,CIFAR10,,0.9,0.999,151,2.323415488,0.093108786,18.64,23,100,696618,46.37216067,46.3110218,0.061138868,,693.8842773,1
FedDyn,CIFAR10,,0.9,0.999,152,2.203347175,0.093405376,17.16,25,100,696618,42.12907338,42.05397367,0.075099707,,693.8842773,1
FedDyn,CIFAR10,,0.9,0.999,153,2.337660365,0.077961083,14.79,22,100,696618,39.46992207,39.41337824,0.056543827,,693.8842773,1
FedDyn,CIFAR10,,0.9,0.999,154,2.288829383,0.10316236,19.03,27,100,696618,60.36000419,60.28636575,0.073638439,,693.8842773,1
FedDyn,CIFAR10,,0.9,0.999,155,2.330565921,0.060841427,14.78,27,100,696618,52.6541276,52.58080244,0.073325157,,693.8842773,1
FedDyn,CIFAR10,,0.9,0.999,156,2.521391164,0.058063298,12.82,22,100,696618,38.12924027,38.06642842,0.062811852,,693.8842773,1
FedDyn,CIFAR10,,0.9,0.999,157,2.16455297,0.143566556,20.35,24,100,696618,51.89203048,51.82665634,0.065374136,,693.8842773,1
FedDyn,CIFAR10,,0.9,0.999,158,2.22278839,0.072953077,14.8,24,100,696618,47.69841623,47.6359632,0.062453032,,693.8842773,1
FedDyn,CIFAR10,,0.9,0.999,159,2.241862006,0.121503413,19.62,28,100,696618,56.73202085,56.65365863,0.078362226,,693.8842773,1
FedDyn,CIFAR10,,0.9,0.999,160,2.410591506,0.070530707,17.01,22,100,696618,38.56531858,38.50316334,0.062155247,,693.8842773,1
FedDyn,CIFAR10,,0.9,0.999,161,2.359673217,0.049482254,14.58,21,100,696618,36.54674625,36.48884702,0.057899237,,693.8842773,1
FedDyn,CIFAR10,,0.9,0.999,162,2.104365831,0.116536359,21.73,26,100,696618,47.89745092,47.82848644,0.068964481,,693.8842773,1
FedDyn,CIFAR10,,0.9,0.999,163,2.27035079,0.104602556,21.56,27,100,696618,50.68345022,50.60914207,0.074308157,,693.8842773,1
FedDyn,CIFAR10,,0.9,0.999,164,2.237947252,0.10165741,17.91,23,100,696618,49.52221417,49.45686674,0.065347433,,693.8842773,1
FedDyn,CIFAR10,,0.9,0.999,165,2.224361132,0.101834365,18.48,23,100,696618,46.48717785,46.42272496,0.064452887,,693.8842773,1
FedDyn,CIFAR10,,0.9,0.999,166,2.45401642,0.062530594,16.55,20,100,696618,40.67079782,40.61308289,0.057714939,,693.8842773,1
FedDyn,CIFAR10,,0.9,0.999,167,2.369336098,0.123783339,18.73,30,100,696618,55.23431206,55.15282202,0.08149004,,693.8842773,1
FedDyn,CIFAR10,,0.9,0.999,168,2.289676389,0.065957913,14.83,20,100,696618,37.52556443,37.47284842,0.052716017,,693.8842773,1
FedDyn,CIFAR10,,0.9,0.999,169,2.094656627,0.123707851,21.77,30,100,696618,54.13858676,54.06002474,0.078562021,,693.8842773,1
FedDyn,CIFAR10,,0.9,0.999,170,2.104811174,0.140007328,19.91,26,100,696618,52.50260067,52.43529081,0.067309856,,693.8842773,1
FedDyn,CIFAR10,,0.9,0.999,171,2.373309581,0.072626574,17.3,24,100,696618,52.9120822,52.85067344,0.061408758,,693.8842773,1
FedDyn,CIFAR10,,0.9,0.999,172,2.2508217,0.073144485,14.68,26,100,696618,55.22304893,55.15557909,0.067469835,,693.8842773,1
FedDyn,CIFAR10,,0.9,0.999,173,2.111171011,0.136536766,22.05,21,100,696618,41.76472688,41.70095801,0.063768864,,693.8842773,1
FedDyn,CIFAR10,,0.9,0.999,174,2.1837982,0.085452854,17.94,26,100,696618,45.07583857,45.00716019,0.068678379,,693.8842773,1
FedDyn,CIFAR10,,0.9,0.999,175,2.15350013,0.135150593,20.06,25,100,696618,50.11361575,50.048774,0.064841747,,693.8842773,1
FedDyn,CIFAR10,,0.9,0.999,176,2.188908811,0.135534434,20.01,30,100,696618,60.00965667,59.92581487,0.083841801,,693.8842773,1
FedDyn,CIFAR10,,0.9,0.999,177,2.220115594,0.122596716,17.43,28,100,696618,54.83549285,54.75987506,0.07561779,,693.8842773,1
FedDyn,CIFAR10,,0.9,0.999,178,2.126130648,0.10223579,19.69,26,100,696618,51.88636398,51.81600738,0.070356607,,693.8842773,1
FedDyn,CIFAR10,,0.9,0.999,179,2.100473127,0.172449686,21.51,24,100,696618,50.02003646,49.95724344,0.062793016,,693.8842773,1
FedDyn,CIFAR10,,0.9,0.999,180,2.790660039,0.092038221,19.67,26,100,696618,50.58427811,50.51430798,0.069970131,,693.8842773,1
FedDyn,CIFAR10,,0.9,0.999,181,2.15644038,0.110832373,20.02,30,100,696618,55.81186438,55.7364943,0.075370073,,693.8842773,1
FedDyn,CIFAR10,,0.9,0.999,182,2.058017963,0.166879389,24.33,30,100,696618,56.84926462,56.76589561,0.083369017,,693.8842773,1
FedDyn,CIFAR10,,0.9,0.999,183,2.258009029,0.071751627,13.19,27,100,696618,46.17630076,46.10443258,0.071868181,,693.8842773,1
FedDyn,CIFAR10,,0.9,0.999,184,2.134293517,0.136346786,21.7,20,100,696618,35.54186106,35.48319292,0.058668137,,693.8842773,1
FedDyn,CIFAR10,,0.9,0.999,185,2.474534392,0.037017526,11.01,21,100,696618,37.67074037,37.60708642,0.063653946,,693.8842773,1
FedDyn,CIFAR10,,0.9,0.999,186,2.428402916,0.104389161,18.27,23,100,696618,47.09268045,47.02994633,0.062734127,,693.8842773,1
FedDyn,CIFAR10,,0.9,0.999,187,2.128971807,0.096888671,18.58,20,100,696618,37.46966267,37.41438985,0.055272818,,693.8842773,1
FedDyn,CIFAR10,,0.9,0.999,188,2.662087035,0.039078483,11.21,20,100,696618,36.54112577,36.48919892,0.051926851,,693.8842773,1
FedDyn,CIFAR10,,0.9,0.999,189,2.484067919,0.100871249,18.27,23,100,696618,51.38316679,51.31650519,0.066661596,,693.8842773,1
FedDyn,CIFAR10,,0.9,0.999,190,2.252366035,0.061311369,13.65,30,100,696618,60.15209723,60.06833196,0.083765268,,693.8842773,1
FedDyn,CIFAR10,,0.9,0.999,191,2.711301769,0.057891925,16.68,20,100,696618,40.74507046,40.6828239,0.062246561,,693.8842773,1
FedDyn,CIFAR10,,0.9,0.999,192,2.254038131,0.084840273,15.23,29,100,696618,65.392133,65.31069064,0.081442356,,693.8842773,1
FedDyn,CIFAR10,,0.9,0.999,193,2.177619549,0.1061181,20.19,22,100,696618,43.31045747,43.24575567,0.064701796,,693.8842773,1
FedDyn,CIFAR10,,0.9,0.999,194,2.099110271,0.113487555,19.56,30,100,696618,66.25858021,66.17172003,0.08686018,,693.8842773,1
FedDyn,CIFAR10,,0.9,0.999,195,2.143037299,0.101461346,18.73,29,100,696618,62.16739893,62.09127355,0.076125383,,693.8842773,1
FedDyn,CIFAR10,,0.9,0.999,196,2.222454374,0.096021137,17.7,21,100,696618,42.32722545,42.2660892,0.061136246,,693.8842773,1
FedDyn,CIFAR10,,0.9,0.999,197,2.346404511,0.170768108,21.26,27,100,696618,54.89079189,54.81301808,0.077773809,,693.8842773,1
FedDyn,CIFAR10,,0.9,0.999,198,2.261019809,0.091625106,17.22,28,100,696618,53.50598025,53.42887259,0.077107668,,693.8842773,1
FedDyn,CIFAR10,,0.9,0.999,199,2.228057856,0.094845681,19.35,27,100,696618,56.75820279,56.68213606,0.076066732,,693.8842773,1
FedDyn,CIFAR10,,0.9,0.999,200,2.216619715,0.055972635,14.22,23,100,696618,50.79546022,50.7281065,0.067353725,,693.8842773,1
FedDyn,CIFAR10,,0.9,0.999,201,2.242252813,0.103669152,20.42,20,100,696618,48.66890073,48.60980701,0.059093714,,693.8842773,1
FedDyn,CIFAR10,,0.9,0.999,202,2.195550233,0.095087673,17.67,22,100,696618,42.70381165,42.63884687,0.064964771,,693.8842773,1
FedDyn,CIFAR10,,0.9,0.999,203,2.092991668,0.125263598,20.26,21,100,696618,40.68264723,40.62040186,0.062245369,,693.8842773,1
FedDyn,CIFAR10,,0.9,0.999,204,2.259167606,0.086080371,16.13,21,100,696618,44.50974274,44.44925451,0.060488224,,693.8842773,1
FedDyn,CIFAR10,,0.9,0.999,205,2.288090033,0.108886316,16.59,23,100,696618,46.08220959,46.01867509,0.063534498,,693.8842773,1
FedDyn,CIFAR10,,0.9,0.999,206,2.023979006,0.147879806,23.81,20,100,696618,36.85656953,36.7952652,0.061304331,,693.8842773,1
FedDyn,CIFAR10,,0.9,0.999,207,2.454962004,0.080070564,14.25,28,100,696618,56.82965326,56.75402284,0.075630426,,693.8842773,1
FedDyn,CIFAR10,,0.9,0.999,208,2.101610776,0.136077222,22.06,27,100,696618,56.56362987,56.48598123,0.07764864,,693.8842773,1
FedDyn,CIFAR10,,0.9,0.999,209,2.324972845,0.065497698,16.57,30,100,696618,67.82237434,67.73921514,0.083159208,,693.8842773,1
FedDyn,CIFAR10,,0.9,0.999,210,2.507327649,0.06925794,17.99,24,100,696618,55.42269206,55.35262823,0.070063829,,693.8842773,1
FedDyn,CIFAR10,,0.9,0.999,211,2.079781362,0.086182827,19.22,29,100,696618,62.94535542,62.86358547,0.081769943,,693.8842773,1
FedDyn,CIFAR10,,0.9,0.999,212,2.328426876,0.091668928,16.45,26,100,696618,47.04639792,46.97636509,0.070032835,,693.8842773,1
FedDyn,CIFAR10,,0.9,0.999,213,2.04227785,0.135806388,22.12,23,100,696618,51.11296868,51.04701328,0.0659554,,693.8842773,1
FedDyn,CIFAR10,,0.9,0.999,214,2.175620218,0.109717391,19.52,22,100,696618,42.6451211,42.57905793,0.066063166,,693.8842773,1
FedDyn,CIFAR10,,0.9,0.999,215,1.986185299,0.130741459,19.79,24,100,696618,42.86203074,42.79020739,0.071823359,,693.8842773,1
FedDyn,CIFAR10,,0.9,0.999,216,2.536406552,0.082035051,14.04,26,100,696618,57.56991363,57.49738479,0.072528839,,693.8842773,1
FedDyn,CIFAR10,,0.9,0.999,217,2.292446167,0.13153834,21,26,100,696618,55.17887878,55.1053915,0.073487282,,693.8842773,1
FedDyn,CIFAR10,,0.9,0.999,218,2.063089423,0.171070254,24.14,24,100,696618,44.60695386,44.5397439,0.067209959,,693.8842773,1
FedDyn,CIFAR10,,0.9,0.999,219,2.345390236,0.058382415,16.72,26,100,696618,57.25927925,57.189188,0.070091248,,693.8842773,1
FedDyn,CIFAR10,,0.9,0.999,220,2.195034774,0.056035633,15.9,26,100,696618,51.09126163,51.02212691,0.069134712,,693.8842773,1
FedDyn,CIFAR10,,0.9,0.999,221,2.258214307,0.071132595,17.75,26,100,696618,48.16046762,48.08995795,0.070509672,,693.8842773,1
FedDyn,CIFAR10,,0.9,0.999,222,2.226212189,0.067196095,16.11,26,100,696618,47.44069791,47.36777592,0.072921991,,693.8842773,1
FedDyn,CIFAR10,,0.9,0.999,223,2.25763158,0.121779958,21.73,24,100,696618,51.84536481,51.78559303,0.059771776,,693.8842773,1
FedDyn,CIFAR10,,0.9,0.999,224,2.162057004,0.061317833,15.67,22,100,696618,45.99272943,45.92961168,0.063117743,,693.8842773,1
FedDyn,CIFAR10,,0.9,0.999,225,2.101096991,0.132673059,21.55,25,100,696618,55.21770048,55.1500361,0.067664385,,693.8842773,1
FedDyn,CIFAR10,,0.9,0.999,226,2.098161708,0.119284565,20.05,27,100,696618,57.85270166,57.77601051,0.076691151,,693.8842773,1
FedDyn,CIFAR10,,0.9,0.999,227,2.076357232,0.129398825,21.2,24,100,696618,46.29477024,46.23160291,0.063167334,,693.8842773,1
FedDyn,CIFAR10,,0.9,0.999,228,2.005204318,0.11655541,19.4,27,100,696618,54.937922,54.86750174,0.070420265,,693.8842773,1
FedDyn,CIFAR10,,0.9,0.999,229,1.987008495,0.138044059,21.47,30,100,696618,58.2540493,58.17142844,0.082620859,,693.8842773,1
FedDyn,CIFAR10,,0.9,0.999,230,2.201430165,0.091975493,19.09,30,100,696618,59.41248941,59.3329401,0.079549313,,693.8842773,1
FedDyn,CIFAR10,,0.9,0.999,231,2.195881145,0.090896644,18.1,24,100,696618,47.02974105,46.95890474,0.070836306,,693.8842773,1
FedDyn,CIFAR10,,0.9,0.999,232,2.109525642,0.126957328,22.64,26,100,696618,51.76800561,51.70025611,0.0677495,,693.8842773,1
FedDyn,CIFAR10,,0.9,0.999,233,2.374817298,0.101594398,16.98,27,100,696618,57.75836205,57.6876018,0.07076025,,693.8842773,1
FedDyn,CIFAR10,,0.9,0.999,234,2.052176183,0.200017014,27.33,30,100,696618,61.83268142,61.75780988,0.07487154,,693.8842773,1
FedDyn,CIFAR10,,0.9,0.999,235,2.135446982,0.109754985,18.73,28,100,696618,57.22075105,57.14597321,0.074777842,,693.8842773,1
FedDyn,CIFAR10,,0.9,0.999,236,2.195916888,0.081239049,17.53,22,100,696618,49.56507158,49.50246954,0.062602043,,693.8842773,1
FedDyn,CIFAR10,,0.9,0.999,237,2.036052453,0.185839648,24.68,23,100,696618,47.48750472,47.42518711,0.06231761,,693.8842773,1
FedDyn,CIFAR10,,0.9,0.999,238,2.039066294,0.117663782,20.6,23,100,696618,41.95350003,41.89375353,0.059746504,,693.8842773,1
FedDyn,CIFAR10,,0.9,0.999,239,2.050527388,0.150585569,19.92,25,100,696618,53.9065938,53.83573174,0.070862055,,693.8842773,1
FedDyn,CIFAR10,,0.9,0.999,240,2.071188615,0.147694592,23.44,27,100,696618,49.14707613,49.07198882,0.075087309,,693.8842773,1
FedDyn,CIFAR10,,0.9,0.999,241,2.1841128,0.131583152,19.13,25,100,696618,48.86524296,48.7971034,0.068139553,,693.8842773,1
FedDyn,CIFAR10,,0.9,0.999,242,2.300120426,0.142240167,24.26,24,100,696618,45.48648024,45.42149758,0.064982653,,693.8842773,1
FedDyn,CIFAR10,,0.9,0.999,243,2.357081347,0.071512339,17.58,29,100,696618,62.17525721,62.10360098,0.071656227,,693.8842773,1
FedDyn,CIFAR10,,0.9,0.999,244,2.069522271,0.121121444,22.32,21,100,696618,36.28871107,36.22962809,0.059082985,,693.8842773,1
FedDyn,CIFAR10,,0.9,0.999,245,2.143685061,0.137407072,18.59,26,100,696618,46.41201568,46.34674859,0.065267086,,693.8842773,1
FedDyn,CIFAR10,,0.9,0.999,246,2.043318822,0.186736349,26.23,25,100,696618,51.39748859,51.32990503,0.067583561,,693.8842773,1
FedDyn,CIFAR10,,0.9,0.999,247,2.23761061,0.101327294,19.13,25,100,696618,47.91346312,47.83763885,0.075824261,,693.8842773,1
FedDyn,CIFAR10,,0.9,0.999,248,2.059801785,0.132737018,21.99,25,100,696618,54.17369866,54.10498452,0.068714142,,693.8842773,1
FedDyn,CIFAR10,,0.9,0.999,249,2.182862535,0.113307767,22.58,24,100,696618,52.39971113,52.33026695,0.06944418,,693.8842773,1
FedDyn,CIFAR10,,0.9,0.999,250,2.114101422,0.095511867,18.72,22,100,696618,48.16215968,48.10115194,0.061007738,,693.8842773,1
FedDyn,CIFAR10,,0.9,0.999,251,2.011933488,0.204093985,25.72,28,100,696618,51.97946382,51.89562988,0.083833933,,693.8842773,1
FedDyn,CIFAR10,,0.9,0.999,252,1.910893265,0.217033444,27.46,30,100,696618,58.62010336,58.53259706,0.087506294,,693.8842773,1
FedDyn,CIFAR10,,0.9,0.999,253,1.934998176,0.186199763,26.87,21,100,696618,46.13369608,46.06994247,0.063753605,,693.8842773,1
FedDyn,CIFAR10,,0.9,0.999,254,2.221237186,0.108687638,21.28,29,100,696618,63.42324305,63.3391633,0.084079742,,693.8842773,1
FedDyn,CIFAR10,,0.9,0.999,255,1.981945682,0.118995923,21.92,25,100,696618,42.05545282,41.97651267,0.078940153,,693.8842773,1
FedDyn,CIFAR10,,0.9,0.999,256,2.515038638,0.090025618,17.37,20,100,696618,39.45934296,39.40009308,0.059249878,,693.8842773,1
FedDyn,CIFAR10,,0.9,0.999,257,2.230372448,0.151183771,23.72,30,100,696618,63.82566118,63.74610662,0.079554558,,693.8842773,1
FedDyn,CIFAR10,,0.9,0.999,258,1.956585233,0.156913873,22.82,28,100,696618,59.53347111,59.45639825,0.077072859,,693.8842773,1
FedDyn,CIFAR10,,0.9,0.999,259,1.970842456,0.144043956,23.69,28,100,696618,52.41482377,52.33619428,0.078629494,,693.8842773,1
FedDyn,CIFAR10,,0.9,0.999,260,1.987449062,0.165442045,23.45,22,100,696618,49.62334371,49.55907774,0.064265966,,693.8842773,1
FedDyn,CIFAR10,,0.9,0.999,261,2.0766908,0.135653014,21.58,29,100,696618,63.81475353,63.73221493,0.082538605,,693.8842773,1
FedDyn,CIFAR10,,0.9,0.999,262,1.965189598,0.132955531,22.19,21,100,696618,45.20898986,45.14513445,0.06385541,,693.8842773,1
FedDyn,CIFAR10,,0.9,0.999,263,2.460829126,0.09600135,15.53,22,100,696618,40.25638056,40.19282913,0.063551426,,693.8842773,1
FedDyn,CIFAR10,,0.9,0.999,264,2.031723098,0.193304168,27.58,24,100,696618,46.1522882,46.08719206,0.06509614,,693.8842773,1
FedDyn,CIFAR10,,0.9,0.999,265,2.060031008,0.117394425,21.41,29,100,696618,52.26817632,52.18238235,0.085793972,,693.8842773,1
FedDyn,CIFAR10,,0.9,0.999,266,2.053871736,0.159142946,24.38,23,100,696618,45.26143003,45.19551182,0.065918207,,693.8842773,1
FedDyn,CIFAR10,,0.9,0.999,267,1.893255445,0.181487532,24.8,23,100,696618,50.36652756,50.30737758,0.059149981,,693.8842773,1
FedDyn,CIFAR10,,0.9,0.999,268,1.976163231,0.130681652,21.89,27,100,696618,56.76670432,56.69894099,0.067763329,,693.8842773,1
FedDyn,CIFAR10,,0.9,0.999,269,1.927396215,0.165807046,25.46,20,100,696618,41.70009565,41.643852,0.056243658,,693.8842773,1
FedDyn,CIFAR10,,0.9,0.999,270,1.900430721,0.188717381,25.16,30,100,696618,59.65337968,59.5727396,0.080640078,,693.8842773,1
FedDyn,CIFAR10,,0.9,0.999,271,2.177963674,0.115287169,20.91,28,100,696618,48.27870798,48.20764923,0.07105875,,693.8842773,1
FedDyn,CIFAR10,,0.9,0.999,272,2.10806321,0.104780938,20.53,30,100,696618,57.05005836,56.97024322,0.079815149,,693.8842773,1
FedDyn,CIFAR10,,0.9,0.999,273,2.208000468,0.107471827,21.26,29,100,696618,57.05028915,56.98053098,0.069758177,,693.8842773,1
FedDyn,CIFAR10,,0.9,0.999,274,2.040727095,0.152149596,23.46,20,100,696618,37.00564837,36.94578576,0.059862614,,693.8842773,1
FedDyn,CIFAR10,,0.9,0.999,275,2.19972548,0.101307276,19.75,26,100,696618,52.44466043,52.37209439,0.072566032,,693.8842773,1
FedDyn,CIFAR10,,0.9,0.999,276,1.998652835,0.13970364,21.89,20,100,696618,38.86806583,38.81066203,0.057403803,,693.8842773,1
FedDyn,CIFAR10,,0.9,0.999,277,2.095448359,0.114108524,20.78,22,100,696618,43.71722627,43.65532875,0.061897516,,693.8842773,1
FedDyn,CIFAR10,,0.9,0.999,278,2.017772356,0.113658725,19.39,29,100,696618,52.75542712,52.68123722,0.074189901,,693.8842773,1
FedDyn,CIFAR10,,0.9,0.999,279,1.894725023,0.20207312,26.9,29,100,696618,59.33149219,59.25092864,0.080563545,,693.8842773,1
FedDyn,CIFAR10,,0.9,0.999,280,1.909108549,0.185002773,27.4,24,100,696618,45.27385092,45.2025342,0.071316719,,693.8842773,1
FedDyn,CIFAR10,,0.9,0.999,281,2.121645381,0.140241459,21.43,20,100,696618,38.33893108,38.27875805,0.060173035,,693.8842773,1
FedDyn,CIFAR10,,0.9,0.999,282,2.112845171,0.149812069,22.33,23,100,696618,41.99365735,41.92792106,0.065736294,,693.8842773,1
FedDyn,CIFAR10,,0.9,0.999,283,2.518114543,0.101997564,18.08,25,100,696618,53.24702883,53.17416525,0.072863579,,693.8842773,1
FedDyn,CIFAR10,,0.9,0.999,284,2.652145509,0.088903112,16.71,30,100,696618,63.99536061,63.90803218,0.087328434,,693.8842773,1
FedDyn,CIFAR10,,0.9,0.999,285,2.317776884,0.062449904,14.89,25,100,696618,47.41102672,47.34142971,0.069597006,,693.8842773,1
FedDyn,CIFAR10,,0.9,0.999,286,2.049485389,0.106504664,20.96,28,100,696618,57.11171293,57.03576422,0.075948715,,693.8842773,1
FedDyn,CIFAR10,,0.9,0.999,287,2.096311124,0.172564577,23.93,23,100,696618,50.3924942,50.32522702,0.067267179,,693.8842773,1
FedDyn,CIFAR10,,0.9,0.999,288,1.945434683,0.214674151,28.92,29,100,696618,60.50054312,60.42520714,0.075335979,,693.8842773,1
FedDyn,CIFAR10,,0.9,0.999,289,1.942609792,0.217340231,26.56,25,100,696618,51.5897305,51.52204823,0.067682266,,693.8842773,1
FedDyn,CIFAR10,,0.9,0.999,290,2.055465327,0.103515038,20.37,21,100,696618,45.38564897,45.32766223,0.057986736,,693.8842773,1
FedDyn,CIFAR10,,0.9,0.999,291,2.059465126,0.103922922,19.41,28,100,696618,59.22312903,59.14619446,0.076934576,,693.8842773,1
FedDyn,CIFAR10,,0.9,0.999,292,1.951529781,0.129147127,20.62,27,100,696618,52.38040233,52.30361986,0.076782465,,693.8842773,1
FedDyn,CIFAR10,,0.9,0.999,293,1.988970828,0.210951696,27.36,23,100,696618,39.02790236,38.96369267,0.0642097,,693.8842773,1
FedDyn,CIFAR10,,0.9,0.999,294,2.591890482,0.090047825,17.26,21,100,696618,46.00594425,45.94863534,0.057308912,,693.8842773,1
FedDyn,CIFAR10,,0.9,0.999,295,2.130548378,0.167039878,23.9,23,100,696618,52.51222062,52.44630861,0.065912008,,693.8842773,1
FedDyn,CIFAR10,,0.9,0.999,296,1.978198284,0.160429313,23.83,30,100,696618,64.41905022,64.34185243,0.07719779,,693.8842773,1
FedDyn,CIFAR10,,0.9,0.999,297,2.064587291,0.115504638,21.35,20,100,696618,32.15704846,32.1015811,0.055467367,,693.8842773,1
FedDyn,CIFAR10,,0.9,0.999,298,1.775765846,0.259442184,31.8,21,100,696618,35.68238139,35.62677503,0.055606365,,693.8842773,1
FedDyn,CIFAR10,,0.9,0.999,299,1.902100859,0.17472949,26.82,26,100,696618,51.14724374,51.07320619,0.074037552,,693.8842773,1
FedDyn,CIFAR10,,0.9,0.999,300,2.150865202,0.149173964,24.17,23,100,696618,46.37792897,46.31212187,0.065807104,,693.8842773,1
FedDyn,CIFAR10,,0.9,0.999,301,2.015500389,0.174268084,24.96,30,100,696618,62.9562149,62.87539196,0.080822945,,693.8842773,1
FedDyn,CIFAR10,,0.9,0.999,302,1.95844867,0.135076103,23.81,27,100,696618,53.93912911,53.86163688,0.077492237,,693.8842773,1
FedDyn,CIFAR10,,0.9,0.999,303,1.931124352,0.161448085,25.19,28,100,696618,62.1546185,62.07666779,0.077950716,,693.8842773,1
FedDyn,CIFAR10,,0.9,0.999,304,1.972376559,0.146223166,25.11,21,100,696618,45.04920101,44.98591208,0.063288927,,693.8842773,1
FedDyn,CIFAR10,,0.9,0.999,305,2.014685347,0.141558367,22.52,26,100,696618,47.68338633,47.61008477,0.073301554,,693.8842773,1
FedDyn,CIFAR10,,0.9,0.999,306,1.991722583,0.104226204,19.76,23,100,696618,47.69146657,47.62899399,0.062472582,,693.8842773,1
FedDyn,CIFAR10,,0.9,0.999,307,1.881655857,0.18007627,26.71,29,100,696618,55.51202703,55.43660355,0.075423479,,693.8842773,1
FedDyn,CIFAR10,,0.9,0.999,308,1.995654598,0.147390219,24.49,24,100,696618,53.37832403,53.32026219,0.058061838,,693.8842773,1
FedDyn,CIFAR10,,0.9,0.999,309,1.863779251,0.197421123,28.06,26,100,696618,51.58684301,51.51548123,0.07136178,,693.8842773,1
FedDyn,CIFAR10,,0.9,0.999,310,1.910725623,0.167366696,24.04,27,100,696618,50.60918093,50.53453112,0.074649811,,693.8842773,1
FedDyn,CIFAR10,,0.9,0.999,311,2.053593109,0.118697033,21.42,28,100,696618,56.43827128,56.36794925,0.070322037,,693.8842773,1
FedDyn,CIFAR10,,0.9,0.999,312,2.456100478,0.071661691,17.12,29,100,696618,52.8595562,52.78074861,0.078807592,,693.8842773,1
FedDyn,CIFAR10,,0.9,0.999,313,2.194962134,0.13938334,24.91,23,100,696618,41.15810251,41.1017797,0.056322813,,693.8842773,1
FedDyn,CIFAR10,,0.9,0.999,314,2.244809387,0.146803983,24.4,22,100,696618,42.40776396,42.35170746,0.056056499,,693.8842773,1
FedDyn,CIFAR10,,0.9,0.999,315,1.804378516,0.214521096,29.85,26,100,696618,58.36761546,58.29835916,0.069256306,,693.8842773,1
FedDyn,CIFAR10,,0.9,0.999,316,1.919150761,0.162033055,25.86,20,100,696618,40.5865519,40.53598762,0.050564289,,693.8842773,1
FedDyn,CIFAR10,,0.9,0.999,317,1.905237856,0.24866063,27.4,29,100,696618,57.27681279,57.20297551,0.07383728,,693.8842773,1
FedDyn,CIFAR10,,0.9,0.999,318,1.904280164,0.144700126,24.48,26,100,696618,50.41123295,50.33730626,0.073926687,,693.8842773,1
FedDyn,CIFAR10,,0.9,0.999,319,2.187222859,0.182331378,26.22,20,100,696618,36.44991469,36.39840269,0.051512003,,693.8842773,1
FedDyn,CIFAR10,,0.9,0.999,320,2.144351133,0.133544146,21.65,30,100,696618,70.74823499,70.660496,0.087738991,,693.8842773,1
FedDyn,CIFAR10,,0.9,0.999,321,2.196919178,0.159244847,26.05,23,100,696618,44.87304306,44.80742264,0.065620422,,693.8842773,1
FedDyn,CIFAR10,,0.9,0.999,322,1.779389947,0.215286866,28.55,25,100,696618,49.47935772,49.41076088,0.06859684,,693.8842773,1
FedDyn,CIFAR10,,0.9,0.999,323,1.896469809,0.213945253,28.76,23,100,696618,45.29184699,45.22756529,0.064281702,,693.8842773,1
FedDyn,CIFAR10,,0.9,0.999,324,1.786639366,0.195180767,28.25,21,100,696618,40.57893038,40.52296615,0.055964231,,693.8842773,1
FedDyn,CIFAR10,,0.9,0.999,325,1.877691338,0.224642772,28.35,26,100,696618,49.02021194,48.95311952,0.067092419,,693.8842773,1
FedDyn,CIFAR10,,0.9,0.999,326,1.779240159,0.234529301,30.27,22,100,696618,47.16516614,47.10043812,0.064728022,,693.8842773,1
FedDyn,CIFAR10,,0.9,0.999,327,2.205969286,0.165597317,27.52,28,100,696618,56.11547542,56.04516673,0.070308685,,693.8842773,1
FedDyn,CIFAR10,,0.9,0.999,328,1.877011635,0.215817315,29.18,21,100,696618,44.98153305,44.9217627,0.059770346,,693.8842773,1
FedDyn,CIFAR10,,0.9,0.999,329,2.613667899,0.10156023,20.45,22,100,696618,44.32502437,44.2665472,0.058477163,,693.8842773,1
FedDyn,CIFAR10,,0.9,0.999,330,2.186258456,0.20869283,28.71,20,100,696618,37.58035541,37.52500534,0.055350065,,693.8842773,1
FedDyn,CIFAR10,,0.9,0.999,331,1.975718872,0.182203912,26.79,25,100,696618,48.25079679,48.17498469,0.075812101,,693.8842773,1
FedDyn,CIFAR10,,0.9,0.999,332,1.782404803,0.257332814,30.31,27,100,696618,45.39637589,45.32581019,0.070565701,,693.8842773,1
FedDyn,CIFAR10,,0.9,0.999,333,1.858356653,0.183848012,28.7,26,100,696618,49.67777634,49.60856438,0.06921196,,693.8842773,1
FedDyn,CIFAR10,,0.9,0.999,334,1.775968875,0.201292079,28.25,23,100,696618,46.34425068,46.28474784,0.05950284,,693.8842773,1
FedDyn,CIFAR10,,0.9,0.999,335,1.899020509,0.203731949,29.71,23,100,696618,48.01467419,47.953403,0.061271191,,693.8842773,1
FedDyn,CIFAR10,,0.9,0.999,336,1.744402,0.184309263,27.65,25,100,696618,48.51286387,48.44278598,0.070077896,,693.8842773,1
FedDyn,CIFAR10,,0.9,0.999,337,1.795036,0.222830848,28.97,29,100,696618,46.72754884,46.65568161,0.071867228,,693.8842773,1
FedDyn,CIFAR10,,0.9,0.999,338,2.024688263,0.164309693,27.17,24,100,696618,45.298141,45.230443,0.067698002,,693.8842773,1
FedDyn,CIFAR10,,0.9,0.999,339,1.820039632,0.2023098,28.45,21,100,696618,41.4384284,41.38340688,0.055021524,,693.8842773,1
FedDyn,CIFAR10,,0.9,0.999,340,1.990903314,0.200751341,28.7,24,100,696618,47.97660112,47.91421103,0.062390089,,693.8842773,1
FedDyn,CIFAR10,,0.9,0.999,341,1.74200195,0.217053206,29.86,20,100,696618,40.62953758,40.57169628,0.057841301,,693.8842773,1
FedDyn,CIFAR10,,0.9,0.999,342,1.688957251,0.279110878,32.41,25,100,696618,52.37846851,52.30814385,0.070324659,,693.8842773,1
FedDyn,CIFAR10,,0.9,0.999,343,1.809092787,0.207716721,27.56,26,100,696618,49.61535954,49.54829979,0.067059755,,693.8842773,1
FedDyn,CIFAR10,,0.9,0.999,344,1.802748633,0.265427402,34.03,21,100,696618,38.423666,38.36692405,0.056741953,,693.8842773,1
FedDyn,CIFAR10,,0.9,0.999,345,2.175337854,0.171305134,23.96,21,100,696618,42.91959,42.86309075,0.056499243,,693.8842773,1
FedDyn,CIFAR10,,0.9,0.999,346,1.971391327,0.182485499,26.59,24,100,696618,42.48863459,42.42086673,0.067767859,,693.8842773,1
FedDyn,CIFAR10,,0.9,0.999,347,1.869333452,0.210209989,28.92,25,100,696618,49.26372242,49.19595408,0.067768335,,693.8842773,1
FedDyn,CIFAR10,,0.9,0.999,348,1.764265123,0.259394313,32.19,30,100,696618,56.65822053,56.58162069,0.076599836,,693.8842773,1
FedDyn,CIFAR10,,0.9,0.999,349,1.826648972,0.231736638,30.46,21,100,696618,45.68355131,45.62125683,0.062294483,,693.8842773,1
FedDyn,CIFAR10,,0.9,0.999,350,1.866919492,0.215269665,32.07,26,100,696618,48.36802769,48.30221653,0.065811157,,693.8842773,1
FedDyn,CIFAR10,,0.9,0.999,351,1.6900308,0.249415526,33.16,27,100,696618,56.24237442,56.17715144,0.065222979,,693.8842773,1
FedDyn,CIFAR10,,0.9,0.999,352,1.71991327,0.246766897,32.32,26,100,696618,53.05128908,52.98884916,0.062439919,,693.8842773,1
FedDyn,CIFAR10,,0.9,0.999,353,1.912438122,0.210566427,28.01,20,100,696618,35.31438994,35.25793862,0.056451321,,693.8842773,1
FedDyn,CIFAR10,,0.9,0.999,354,1.831735272,0.274001529,32.11,21,100,696618,44.71319675,44.65358114,0.059615612,,693.8842773,1
FedDyn,CIFAR10,,0.9,0.999,355,2.253630735,0.129690591,19.41,22,100,696618,43.10214972,43.04660845,0.055541277,,693.8842773,1
FedDyn,CIFAR10,,0.9,0.999,356,1.974076232,0.152796321,26.61,26,100,696618,48.55216098,48.48001528,0.0721457,,693.8842773,1
FedDyn,CIFAR10,,0.9,0.999,357,1.790266341,0.193429471,27.36,20,100,696618,38.88451958,38.8276825,0.056837082,,693.8842773,1
FedDyn,CIFAR10,,0.9,0.999,358,1.881970804,0.20733687,29,27,100,696618,50.9683075,50.90110111,0.067206383,,693.8842773,1
FedDyn,CIFAR10,,0.9,0.999,359,1.870945418,0.263623476,31.45,30,100,696618,54.00393844,53.93282914,0.071109295,,693.8842773,1
FedDyn,CIFAR10,,0.9,0.999,360,1.908701435,0.193947233,27.27,25,100,696618,43.27982402,43.2072196,0.072604418,,693.8842773,1
FedDyn,CIFAR10,,0.9,0.999,361,1.87346744,0.243734894,31,28,100,696618,50.39790654,50.32634664,0.071559906,,693.8842773,1
FedDyn,CIFAR10,,0.9,0.999,362,2.286630049,0.097844589,17.8,22,100,696618,39.37292171,39.3111558,0.061765909,,693.8842773,1
FedDyn,CIFAR10,,0.9,0.999,363,1.870803309,0.181389534,27.15,23,100,696618,50.37538004,50.31202984,0.063350201,,693.8842773,1
FedDyn,CIFAR10,,0.9,0.999,364,1.825219286,0.216974733,30.23,22,100,696618,42.28966832,42.22994685,0.05972147,,693.8842773,1
FedDyn,CIFAR10,,0.9,0.999,365,1.64213329,0.349965738,38.77,30,100,696618,60.71968508,60.64140368,0.078281403,,693.8842773,1
FedDyn,CIFAR10,,0.9,0.999,366,1.918368953,0.187295729,26.64,27,100,696618,55.71964693,55.64877272,0.070874214,,693.8842773,1
FedDyn,CIFAR10,,0.9,0.999,367,1.85503715,0.210516618,26.47,21,100,696618,42.39657879,42.34087348,0.055705309,,693.8842773,1
FedDyn,CIFAR10,,0.9,0.999,368,1.772495679,0.253344379,33.97,25,100,696618,43.10455728,43.03843999,0.066117287,,693.8842773,1
FedDyn,CIFAR10,,0.9,0.999,369,1.826169013,0.241789816,30.59,22,100,696618,47.50824189,47.44346237,0.06477952,,693.8842773,1
FedDyn,CIFAR10,,0.9,0.999,370,1.811938014,0.256096795,32.73,27,100,696618,53.28936911,53.22539496,0.063974142,,693.8842773,1
FedDyn,CIFAR10,,0.9,0.999,371,1.79650919,0.189737943,27.45,23,100,696618,43.0924561,43.03371429,0.058741808,,693.8842773,1
FedDyn,CIFAR10,,0.9,0.999,372,2.166028119,0.137052702,23.76,23,100,696618,45.17234087,45.1132443,0.059096575,,693.8842773,1
FedDyn,CIFAR10,,0.9,0.999,373,1.977177942,0.192581449,28.43,21,100,696618,41.65742254,41.60316944,0.054253101,,693.8842773,1
FedDyn,CIFAR10,,0.9,0.999,374,1.712167513,0.178457942,27.78,23,100,696618,37.20966768,37.14625764,0.063410044,,693.8842773,1
FedDyn,CIFAR10,,0.9,0.999,375,1.748356686,0.235264641,32.27,28,100,696618,49.96336985,49.88689184,0.076478004,,693.8842773,1
FedDyn,CIFAR10,,0.9,0.999,376,2.038287944,0.140196855,21.44,21,100,696618,42.61806631,42.5610435,0.05702281,,693.8842773,1
FedDyn,CIFAR10,,0.9,0.999,377,1.767368937,0.215824203,29.66,20,100,696618,40.49962258,40.441998,0.057624578,,693.8842773,1
FedDyn,CIFAR10,,0.9,0.999,378,1.863688637,0.260068569,32.93,28,100,696618,56.50065875,56.42539644,0.075262308,,693.8842773,1
FedDyn,CIFAR10,,0.9,0.999,379,1.71798561,0.256845082,32.5,26,100,696618,46.23937201,46.1668179,0.072554111,,693.8842773,1
FedDyn,CIFAR10,,0.9,0.999,380,1.844340778,0.259242589,33.07,25,100,696618,40.59301734,40.52109027,0.071927071,,693.8842773,1
FedDyn,CIFAR10,,0.9,0.999,381,1.708269731,0.30987807,35.64,30,100,696618,62.79755473,62.70956969,0.087985039,,693.8842773,1
FedDyn,CIFAR10,,0.9,0.999,382,1.773550299,0.17248629,27.19,27,100,696618,54.7916398,54.71382117,0.077818632,,693.8842773,1
FedDyn,CIFAR10,,0.9,0.999,383,1.78571925,0.248081134,30.32,27,100,696618,52.83234096,52.75724149,0.075099468,,693.8842773,1
FedDyn,CIFAR10,,0.9,0.999,384,1.958786709,0.209003837,28.05,28,100,696618,58.77954555,58.70540929,0.074136257,,693.8842773,1
FedDyn,CIFAR10,,0.9,0.999,385,1.731842744,0.313788174,35.98,27,100,696618,51.41471148,51.3406136,0.074097872,,693.8842773,1
FedDyn,CIFAR10,,0.9,0.999,386,2.112511939,0.142427261,26.52,20,100,696618,39.91572905,39.85469174,0.061037302,,693.8842773,1
FedDyn,CIFAR10,,0.9,0.999,387,1.960193124,0.206752348,29.24,28,100,696618,53.51578331,53.43605947,0.079723835,,693.8842773,1
FedDyn,CIFAR10,,0.9,0.999,388,2.416854544,0.156886189,25.48,20,100,696618,43.77966499,43.72223854,0.057426453,,693.8842773,1
FedDyn,CIFAR10,,0.9,0.999,389,1.863205438,0.252349329,29.95,27,100,696618,50.80894089,50.73435259,0.074588299,,693.8842773,1
FedDyn,CIFAR10,,0.9,0.999,390,1.610463786,0.297265593,35.1,25,100,696618,52.79773688,52.73137212,0.066364765,,693.8842773,1
FedDyn,CIFAR10,,0.9,0.999,391,1.863224657,0.206796138,29.08,20,100,696618,42.37994766,42.32184505,0.058102608,,693.8842773,1
FedDyn,CIFAR10,,0.9,0.999,392,1.900478412,0.185083799,26.19,20,100,696618,37.67449641,37.61753535,0.05696106,,693.8842773,1
FedDyn,CIFAR10,,0.9,0.999,393,1.965520209,0.207634755,28.95,20,100,696618,39.9706943,39.91364026,0.057054043,,693.8842773,1
FedDyn,CIFAR10,,0.9,0.999,394,1.780208144,0.247380117,33.16,23,100,696618,44.67521548,44.61192274,0.063292742,,693.8842773,1
FedDyn,CIFAR10,,0.9,0.999,395,1.779352285,0.26372299,32.45,20,100,696618,37.89614868,37.83594394,0.060204744,,693.8842773,1
FedDyn,CIFAR10,,0.9,0.999,396,1.813065421,0.239891699,32.81,22,100,696618,48.26259255,48.20060158,0.061990976,,693.8842773,1
FedDyn,CIFAR10,,0.9,0.999,397,1.679481572,0.270775996,33.82,23,100,696618,43.32565451,43.2613647,0.064289808,,693.8842773,1
FedDyn,CIFAR10,,0.9,0.999,398,2.336000509,0.103079185,18.91,27,100,696618,52.22758031,52.14793181,0.079648495,,693.8842773,1
FedDyn,CIFAR10,,0.9,0.999,399,1.936365365,0.181634947,28.12,27,100,696618,49.972574,49.90092802,0.071645975,,693.8842773,1
FedDyn,CIFAR10,,0.9,0.999,400,1.887224969,0.19201258,29.68,21,100,696618,40.67347932,40.61107516,0.062404156,,693.8842773,1
FedDyn,CIFAR10,,0.9,0.999,401,1.652848779,0.294830374,35.04,21,100,696618,39.12858629,39.0688045,0.05978179,,693.8842773,1
FedDyn,CIFAR10,,0.9,0.999,402,1.624461889,0.339964178,37.19,27,100,696618,57.72325397,57.64610386,0.077150106,,693.8842773,1
FedDyn,CIFAR10,,0.9,0.999,403,1.639003267,0.326180347,35.31,29,100,696618,50.77587938,50.69505215,0.080827236,,693.8842773,1
FedDyn,CIFAR10,,0.9,0.999,404,1.646540671,0.311843711,35.7,22,100,696618,49.66819072,49.60515809,0.063032627,,693.8842773,1
FedDyn,CIFAR10,,0.9,0.999,405,1.669754474,0.271380486,34.58,22,100,696618,44.94810748,44.88494349,0.063163996,,693.8842773,1
FedDyn,CIFAR10,,0.9,0.999,406,1.644882935,0.363536799,38.8,30,100,696618,58.27958703,58.19960475,0.079982281,,693.8842773,1
FedDyn,CIFAR10,,0.9,0.999,407,1.561008091,0.37724437,41.26,27,100,696618,54.70143461,54.62728691,0.074147701,,693.8842773,1
FedDyn,CIFAR10,,0.9,0.999,408,1.588705861,0.340749311,38.26,20,100,696618,40.51603484,40.45768571,0.058349133,,693.8842773,1
FedDyn,CIFAR10,,0.9,0.999,409,1.660544558,0.317814049,35.8,29,100,696618,60.93189836,60.85283494,0.079063416,,693.8842773,1
FedDyn,CIFAR10,,0.9,0.999,410,1.709551169,0.23548468,32.91,27,100,696618,54.81270051,54.72907305,0.083627462,,693.8842773,1
FedDyn,CIFAR10,,0.9,0.999,411,1.606858147,0.302141883,36.19,27,100,696618,51.40121317,51.33489871,0.066314459,,693.8842773,1
FedDyn,CIFAR10,,0.9,0.999,412,1.689754199,0.275308326,36.41,23,100,696618,42.30666208,42.24678493,0.059877157,,693.8842773,1
FedDyn,CIFAR10,,0.9,0.999,413,1.748221078,0.275497312,32.23,23,100,696618,45.64303637,45.58233953,0.06069684,,693.8842773,1
FedDyn,CIFAR10,,0.9,0.999,414,2.408614895,0.178402485,27.37,22,100,696618,43.64778328,43.58854818,0.059235096,,693.8842773,1
FedDyn,CIFAR10,,0.9,0.999,415,1.634750184,0.342731506,36.68,27,100,696618,56.56406975,56.49184823,0.072221518,,693.8842773,1
FedDyn,CIFAR10,,0.9,0.999,416,1.723681384,0.26073859,32.62,24,100,696618,47.80055475,47.73246551,0.068089247,,693.8842773,1
FedDyn,CIFAR10,,0.9,0.999,417,1.878931197,0.26923798,32.12,28,100,696618,49.46471381,49.38971663,0.074997187,,693.8842773,1
FedDyn,CIFAR10,,0.9,0.999,418,1.842281165,0.271186978,33.33,29,100,696618,58.35631728,58.27667022,0.079647064,,693.8842773,1
FedDyn,CIFAR10,,0.9,0.999,419,1.703519901,0.34424941,37.37,26,100,696618,54.33485436,54.26534343,0.069510937,,693.8842773,1
FedDyn,CIFAR10,,0.9,0.999,420,1.889201366,0.24882686,33.36,22,100,696618,46.09788871,46.03355336,0.064335346,,693.8842773,1
FedDyn,CIFAR10,,0.9,0.999,421,1.861772585,0.25518099,28.07,25,100,696618,40.82042074,40.75054884,0.069871902,,693.8842773,1
FedDyn,CIFAR10,,0.9,0.999,422,1.579561799,0.33008493,39.6,23,100,696618,45.02614999,44.95821905,0.067930937,,693.8842773,1
FedDyn,CIFAR10,,0.9,0.999,423,1.708354409,0.285572285,35.72,24,100,696618,51.63208103,51.56620288,0.065878153,,693.8842773,1
FedDyn,CIFAR10,,0.9,0.999,424,1.653345008,0.270204288,35.57,25,100,696618,49.17879868,49.11214089,0.066657782,,693.8842773,1
FedDyn,CIFAR10,,0.9,0.999,425,1.565342327,0.385698608,40.51,29,100,696618,54.6015923,54.52489161,0.076700687,,693.8842773,1
FedDyn,CIFAR10,,0.9,0.999,426,1.636724926,0.236299879,34.17,28,100,696618,54.22633028,54.14913797,0.077192307,,693.8842773,1
FedDyn,CIFAR10,,0.9,0.999,427,1.678276517,0.311715635,36.54,23,100,696618,46.20666289,46.1438601,0.062802792,,693.8842773,1
FedDyn,CIFAR10,,0.9,0.999,428,1.874711408,0.282417781,36.75,21,100,696618,40.70055842,40.6412158,0.059342623,,693.8842773,1
FedDyn,CIFAR10,,0.9,0.999,429,1.698084914,0.356172589,37.77,27,100,696618,53.22070837,53.14264965,0.07805872,,693.8842773,1
FedDyn,CIFAR10,,0.9,0.999,430,1.561657626,0.280685084,36.03,30,100,696618,59.16765857,59.08531213,0.082346439,,693.8842773,1
FedDyn,CIFAR10,,0.9,0.999,431,1.672861236,0.251675136,32.48,22,100,696618,43.04368377,42.9809289,0.062754869,,693.8842773,1
FedDyn,CIFAR10,,0.9,0.999,432,1.755702568,0.292368804,33.25,20,100,696618,37.64242864,37.58852911,0.053899527,,693.8842773,1
FedDyn,CIFAR10,,0.9,0.999,433,1.86999321,0.28688005,37.8,30,100,696618,59.83266759,59.75083113,0.081836462,,693.8842773,1
FedDyn,CIFAR10,,0.9,0.999,434,1.837578588,0.239874653,28.79,23,100,696618,42.43932176,42.37798023,0.061341524,,693.8842773,1
FedDyn,CIFAR10,,0.9,0.999,435,1.732614123,0.26956411,35.57,30,100,696618,61.66868281,61.58549476,0.083188057,,693.8842773,1
FedDyn,CIFAR10,,0.9,0.999,436,1.740024239,0.257917842,31.58,21,100,696618,44.03562856,43.97654533,0.059083223,,693.8842773,1
FedDyn,CIFAR10,,0.9,0.999,437,1.608477327,0.31200855,38.36,27,100,696618,46.25115681,46.1811173,0.070039511,,693.8842773,1
FedDyn,CIFAR10,,0.9,0.999,438,1.578175428,0.339712208,39.12,21,100,696618,40.43629456,40.38011932,0.056175232,,693.8842773,1
FedDyn,CIFAR10,,0.9,0.999,439,1.961016586,0.166204871,25.14,22,100,696618,41.90139675,41.8438437,0.057553053,,693.8842773,1
FedDyn,CIFAR10,,0.9,0.999,440,1.875714842,0.302888148,36.96,28,100,696618,55.17538786,55.10226035,0.073127508,,693.8842773,1
FedDyn,CIFAR10,,0.9,0.999,441,1.760608063,0.343868061,35.56,22,100,696618,36.62075281,36.55912495,0.061627865,,693.8842773,1
FedDyn,CIFAR10,,0.9,0.999,442,1.640002175,0.359403631,40.85,28,100,696618,49.48272848,49.40811372,0.074614763,,693.8842773,1
FedDyn,CIFAR10,,0.9,0.999,443,1.99029071,0.265205599,32.69,28,100,696618,52.71015334,52.63581324,0.074340105,,693.8842773,1
FedDyn,CIFAR10,,0.9,0.999,444,1.686415199,0.358089439,38.15,29,100,696618,56.57579589,56.50263357,0.073162317,,693.8842773,1
FedDyn,CIFAR10,,0.9,0.999,445,1.598306666,0.368372602,38.9,28,100,696618,51.18901038,51.11422014,0.074790239,,693.8842773,1
FedDyn,CIFAR10,,0.9,0.999,446,1.530481954,0.399584044,41.74,27,100,696618,46.63928962,46.56685662,0.072432995,,693.8842773,1
FedDyn,CIFAR10,,0.9,0.999,447,1.471528279,0.392256915,44.38,28,100,696618,62.84385252,62.76681376,0.077038765,,693.8842773,1
FedDyn,CIFAR10,,0.9,0.999,448,1.687418451,0.332773944,38.87,27,100,696618,54.25502324,54.17827582,0.076747417,,693.8842773,1
FedDyn,CIFAR10,,0.9,0.999,449,1.574651937,0.361822167,39.38,28,100,696618,60.07440639,60.00138092,0.073025465,,693.8842773,1
FedDyn,CIFAR10,,0.9,0.999,450,1.610944914,0.338012664,38.64,27,100,696618,50.95120764,50.87745523,0.073752403,,693.8842773,1
FedDyn,CIFAR10,,0.9,0.999,451,1.955653667,0.240454274,32.42,20,100,696618,42.1811254,42.12328935,0.057836056,,693.8842773,1
FedDyn,CIFAR10,,0.9,0.999,452,1.522837874,0.360705288,41.97,26,100,696618,58.88828373,58.81901717,0.069266558,,693.8842773,1
FedDyn,CIFAR10,,0.9,0.999,453,1.56525273,0.365914292,39.35,27,100,696618,55.14184499,55.06678772,0.075057268,,693.8842773,1
FedDyn,CIFAR10,,0.9,0.999,454,1.793339228,0.216836874,30.01,26,100,696618,52.66418552,52.60018969,0.063995838,,693.8842773,1
FedDyn,CIFAR10,,0.9,0.999,455,1.592208539,0.363684504,40.09,25,100,696618,46.25169802,46.18501377,0.066684246,,693.8842773,1
FedDyn,CIFAR10,,0.9,0.999,456,1.649323444,0.355538616,40.75,20,100,696618,43.20736313,43.1523962,0.054966927,,693.8842773,1
FedDyn,CIFAR10,,0.9,0.999,457,1.544222674,0.324669969,38.77,27,100,696618,56.00147724,55.92014027,0.081336975,,693.8842773,1
FedDyn,CIFAR10,,0.9,0.999,458,1.527850222,0.389650954,41.19,23,100,696618,42.77076936,42.71196198,0.058807373,,693.8842773,1
FedDyn,CIFAR10,,0.9,0.999,459,1.654027279,0.337215755,38.2,28,100,696618,54.16103077,54.08890271,0.072128057,,693.8842773,1
FedDyn,CIFAR10,,0.9,0.999,460,1.569917138,0.361600922,40.13,22,100,696618,46.98700452,46.9242723,0.06273222,,693.8842773,1
FedDyn,CIFAR10,,0.9,0.999,461,1.732195597,0.243658112,33.31,29,100,696618,65.8731823,65.79364395,0.079538345,,693.8842773,1
FedDyn,CIFAR10,,0.9,0.999,462,1.595656969,0.369210471,40.09,24,100,696618,47.55612421,47.48727274,0.068851471,,693.8842773,1
FedDyn,CIFAR10,,0.9,0.999,463,1.519091206,0.356241751,38.79,21,100,696618,40.13026834,40.07129145,0.058976889,,693.8842773,1
FedDyn,CIFAR10,,0.9,0.999,464,1.484825493,0.37914813,43.94,26,100,696618,48.92147398,48.85159206,0.069881916,,693.8842773,1
FedDyn,CIFAR10,,0.9,0.999,465,1.61211964,0.3491959,39.04,23,100,696618,45.90732741,45.84344435,0.063883066,,693.8842773,1
FedDyn,CIFAR10,,0.9,0.999,466,1.439000196,0.400649096,45.84,23,100,696618,43.6898694,43.62633705,0.063532352,,693.8842773,1
FedDyn,CIFAR10,,0.9,0.999,467,1.682289307,0.329330617,37.87,27,100,696618,51.29036522,51.22014618,0.07021904,,693.8842773,1
FedDyn,CIFAR10,,0.9,0.999,468,1.529656024,0.401641859,43.37,22,100,696618,43.4587605,43.39463401,0.064126492,,693.8842773,1
FedDyn,CIFAR10,,0.9,0.999,469,1.819092805,0.249191712,32.53,21,100,696618,46.65169692,46.58908439,0.062612534,,693.8842773,1
FedDyn,CIFAR10,,0.9,0.999,470,1.450164587,0.414326457,44.16,27,100,696618,47.41393566,47.34290504,0.071030617,,693.8842773,1
FedDyn,CIFAR10,,0.9,0.999,471,1.563211653,0.333522078,38.82,25,100,696618,54.94205499,54.87121177,0.07084322,,693.8842773,1
FedDyn,CIFAR10,,0.9,0.999,472,1.48751585,0.423894038,45.9,25,100,696618,47.76353717,47.69428754,0.06924963,,693.8842773,1
FedDyn,CIFAR10,,0.9,0.999,473,1.5237291,0.366165187,42.19,25,100,696618,49.46724463,49.39731431,0.069930315,,693.8842773,1
FedDyn,CIFAR10,,0.9,0.999,474,1.528283851,0.329351384,39.23,26,100,696618,57.64255404,57.56930661,0.073247433,,693.8842773,1
FedDyn,CIFAR10,,0.9,0.999,475,1.477121699,0.405354511,44.4,23,100,696618,53.29916692,53.236449,0.062717915,,693.8842773,1
FedDyn,CIFAR10,,0.9,0.999,476,1.534882162,0.364791576,42.52,26,100,696618,52.2910881,52.22252774,0.068560362,,693.8842773,1
FedDyn,CIFAR10,,0.9,0.999,477,1.554118895,0.340713263,39.33,25,100,696618,53.930264,53.85743594,0.072828054,,693.8842773,1
FedDyn,CIFAR10,,0.9,0.999,478,1.578651183,0.382215612,42.35,20,100,696618,35.71755838,35.66399121,0.053567171,,693.8842773,1
FedDyn,CIFAR10,,0.9,0.999,479,1.45496008,0.412479314,43.74,26,100,696618,49.30246615,49.22998214,0.072484016,,693.8842773,1
FedDyn,CIFAR10,,0.9,0.999,480,1.578307356,0.427478132,46.43,24,100,696618,48.0183804,47.95195675,0.066423655,,693.8842773,1
FedDyn,CIFAR10,,0.9,0.999,481,1.552469101,0.362804478,37.99,25,100,696618,45.94430017,45.87399817,0.07030201,,693.8842773,1
FedDyn,CIFAR10,,0.9,0.999,482,1.618231752,0.337017546,40.9,26,100,696618,55.34351325,55.27731085,0.066202402,,693.8842773,1
FedDyn,CIFAR10,,0.9,0.999,483,1.352998717,0.500484353,50.32,27,100,696618,47.15045452,47.07805896,0.072395563,,693.8842773,1
FedDyn,CIFAR10,,0.9,0.999,484,1.477299993,0.380261302,42.09,28,100,696618,52.86730671,52.7889576,0.078349113,,693.8842773,1
FedDyn,CIFAR10,,0.9,0.999,485,1.436753083,0.432004867,46.88,23,100,696618,51.29048586,51.2216754,0.068810463,,693.8842773,1
FedDyn,CIFAR10,,0.9,0.999,486,1.607474632,0.344664518,39.77,26,100,696618,54.240237,54.16945124,0.070785761,,693.8842773,1
FedDyn,CIFAR10,,0.9,0.999,487,1.66881654,0.363699146,40.23,28,100,696618,59.58517075,59.50505161,0.080119133,,693.8842773,1
FedDyn,CIFAR10,,0.9,0.999,488,1.674152941,0.393088115,44.44,22,100,696618,39.04550099,38.97886491,0.066636086,,693.8842773,1
FedDyn,CIFAR10,,0.9,0.999,489,1.774939946,0.261632274,34.54,24,100,696618,56.14598489,56.07598233,0.070002556,,693.8842773,1
FedDyn,CIFAR10,,0.9,0.999,490,1.532506329,0.382126383,43.82,29,100,696618,62.30298853,62.22576332,0.077225208,,693.8842773,1
FedDyn,CIFAR10,,0.9,0.999,491,1.418271452,0.462959308,48.51,21,100,696618,36.14607716,36.08742547,0.058651686,,693.8842773,1
FedDyn,CIFAR10,,0.9,0.999,492,1.457659869,0.418333781,45.28,25,100,696618,49.67367077,49.60427165,0.069399118,,693.8842773,1
FedDyn,CIFAR10,,0.9,0.999,493,1.558684415,0.317747983,38.76,25,100,696618,51.47598362,51.40541196,0.070571661,,693.8842773,1
FedDyn,CIFAR10,,0.9,0.999,494,1.386815105,0.491473939,51,21,100,696618,45.44282746,45.37811232,0.064715147,,693.8842773,1
FedDyn,CIFAR10,,0.9,0.999,495,1.428063923,0.419380615,46.13,23,100,696618,48.25787687,48.19398451,0.063892365,,693.8842773,1
FedDyn,CIFAR10,,0.9,0.999,496,1.459176975,0.431005287,44.75,30,100,696618,67.63119483,67.55105305,0.080141783,,693.8842773,1
FedDyn,CIFAR10,,0.9,0.999,497,1.467463993,0.418446147,45.57,21,100,696618,48.63279319,48.57438827,0.058404922,,693.8842773,1
FedDyn,CIFAR10,,0.9,0.999,498,1.424170667,0.435086593,47.04,22,100,696618,35.28783107,35.22388434,0.063946724,,693.8842773,1
FedDyn,CIFAR10,,0.9,0.999,499,1.442153493,0.437421455,48.19,28,100,696618,59.07805657,59.00096226,0.077094316,,693.8842773,1
FedDyn,CIFAR10,,0.9,0.999,500,1.362552367,0.448905568,47.25,23,100,696618,49.00739789,48.93920016,0.068197727,,693.8842773,1
FedDyn,CIFAR10,,0.9,0.999,1,2.85258315,0.018181818,10,20,100,696618,35.04100299,34.98251915,0.058483839,,693.8842773,2
FedDyn,CIFAR10,,0.9,0.999,2,2.566967227,0.018181818,10,28,100,696618,52.69444036,52.61568546,0.078754902,,693.8842773,2
FedDyn,CIFAR10,,0.9,0.999,3,3.133460854,0.018181818,10,26,100,696618,56.87905192,56.80823517,0.070816755,,693.8842773,2
FedDyn,CIFAR10,,0.9,0.999,4,2.587839261,0.018181818,10,27,100,696618,49.58396697,49.50908971,0.074877262,,693.8842773,2
FedDyn,CIFAR10,,0.9,0.999,5,2.496935315,0.021740376,10.14,21,100,696618,40.75939965,40.69654131,0.062858343,,693.8842773,2
FedDyn,CIFAR10,,0.9,0.999,6,2.692066541,0.018181818,10,20,100,696618,36.24814034,36.18931293,0.0588274,,693.8842773,2
FedDyn,CIFAR10,,0.9,0.999,7,2.520516173,0.018181818,10,20,100,696618,41.43093014,41.37164998,0.059280157,,693.8842773,2
FedDyn,CIFAR10,,0.9,0.999,8,2.414242825,0.018181818,10,29,100,696618,57.78404212,57.70504332,0.078998804,,693.8842773,2
FedDyn,CIFAR10,,0.9,0.999,9,2.538567872,0.018181818,10,20,100,696618,42.84330416,42.78425717,0.059046984,,693.8842773,2
FedDyn,CIFAR10,,0.9,0.999,10,2.397876511,0.021034771,10.07,26,100,696618,54.17565799,54.10485172,0.070806265,,693.8842773,2
FedDyn,CIFAR10,,0.9,0.999,11,2.354698097,0.046667562,13.55,30,100,696618,51.8219986,51.74065018,0.081348419,,693.8842773,2
FedDyn,CIFAR10,,0.9,0.999,12,2.380432199,0.048037833,12.91,24,100,696618,43.14989114,43.08790755,0.061983585,,693.8842773,2
FedDyn,CIFAR10,,0.9,0.999,13,2.489703294,0.018181818,10,25,100,696618,54.76436901,54.69559526,0.068773746,,693.8842773,2
FedDyn,CIFAR10,,0.9,0.999,14,2.47567622,0.030535407,10.52,22,100,696618,43.6354413,43.57166648,0.063774824,,693.8842773,2
FedDyn,CIFAR10,,0.9,0.999,15,2.349535046,0.018181818,10,21,100,696618,38.81552958,38.75069046,0.064839125,,693.8842773,2
FedDyn,CIFAR10,,0.9,0.999,16,3.1278433,0.018181818,10,21,100,696618,42.82279491,42.76241636,0.060378551,,693.8842773,2
FedDyn,CIFAR10,,0.9,0.999,17,2.820425262,0.018181818,10,22,100,696618,41.14640975,41.08314705,0.063262701,,693.8842773,2
FedDyn,CIFAR10,,0.9,0.999,18,2.415794521,0.018183471,10,28,100,696618,57.30635452,57.22731209,0.079042435,,693.8842773,2
FedDyn,CIFAR10,,0.9,0.999,19,2.407576235,0.01997919,10.09,29,100,696618,53.55715871,53.48134446,0.075814247,,693.8842773,2
FedDyn,CIFAR10,,0.9,0.999,20,2.391554193,0.034707503,10.45,26,100,696618,54.60674739,54.53722024,0.069527149,,693.8842773,2
FedDyn,CIFAR10,,0.9,0.999,21,2.2856983,0.041625647,12.66,27,100,696618,51.13860202,51.06212687,0.076475143,,693.8842773,2
FedDyn,CIFAR10,,0.9,0.999,22,2.546880376,0.018181818,10,24,100,696618,57.61868453,57.55765772,0.061026812,,693.8842773,2
FedDyn,CIFAR10,,0.9,0.999,23,2.419030125,0.018181818,10,27,100,696618,54.89035964,54.81999898,0.070360661,,693.8842773,2
FedDyn,CIFAR10,,0.9,0.999,24,2.286487518,0.044218982,13.13,26,100,696618,53.10301971,53.03769231,0.065327406,,693.8842773,2
FedDyn,CIFAR10,,0.9,0.999,25,2.394793023,0.038050241,11.27,21,100,696618,36.82063699,36.76315141,0.05748558,,693.8842773,2
FedDyn,CIFAR10,,0.9,0.999,26,2.513263975,0.018181818,10,27,100,696618,52.68938923,52.61540103,0.073988199,,693.8842773,2
FedDyn,CIFAR10,,0.9,0.999,27,2.421952213,0.053739631,13.84,25,100,696618,53.42769814,53.36303544,0.064662695,,693.8842773,2
FedDyn,CIFAR10,,0.9,0.999,28,2.496867194,0.058296141,13.84,22,100,696618,40.75040555,40.68978333,0.060622215,,693.8842773,2
FedDyn,CIFAR10,,0.9,0.999,29,2.457433126,0.043935113,11.37,22,100,696618,46.31175947,46.25071931,0.061040163,,693.8842773,2
FedDyn,CIFAR10,,0.9,0.999,30,2.456241718,0.051365236,13.26,28,100,696618,53.2135179,53.14201498,0.071502924,,693.8842773,2
FedDyn,CIFAR10,,0.9,0.999,31,2.426296981,0.032846359,10.87,22,100,696618,41.13655186,41.07241654,0.064135313,,693.8842773,2
FedDyn,CIFAR10,,0.9,0.999,32,2.47052004,0.034068463,10.91,24,100,696618,49.30859828,49.24689078,0.061707497,,693.8842773,2
FedDyn,CIFAR10,,0.9,0.999,33,2.43939694,0.048515596,14.36,20,100,696618,39.67393827,39.61944771,0.054490566,,693.8842773,2
FedDyn,CIFAR10,,0.9,0.999,34,2.510904275,0.047948094,12.93,23,100,696618,54.21706963,54.15663838,0.060431242,,693.8842773,2
FedDyn,CIFAR10,,0.9,0.999,35,2.440757371,0.042754602,11.6,26,100,696618,46.25581384,46.18491125,0.070902586,,693.8842773,2
FedDyn,CIFAR10,,0.9,0.999,36,2.290538482,0.062186259,13.76,22,100,696618,42.22349429,42.16606998,0.057424307,,693.8842773,2
FedDyn,CIFAR10,,0.9,0.999,37,2.413645678,0.018390548,10.01,28,100,696618,56.62286067,56.54752588,0.075334787,,693.8842773,2
FedDyn,CIFAR10,,0.9,0.999,38,2.332577796,0.048765482,12.87,29,100,696618,59.33921242,59.26233268,0.07687974,,693.8842773,2
FedDyn,CIFAR10,,0.9,0.999,39,2.252361224,0.052127287,14.01,24,100,696618,45.65184999,45.58946729,0.062382698,,693.8842773,2
FedDyn,CIFAR10,,0.9,0.999,40,2.375812189,0.037369209,11.32,29,100,696618,59.96893191,59.89741445,0.071517467,,693.8842773,2
FedDyn,CIFAR10,,0.9,0.999,41,2.477483187,0.0265783,10.45,20,100,696618,41.67586088,41.61485744,0.061003447,,693.8842773,2
FedDyn,CIFAR10,,0.9,0.999,42,2.523710699,0.018181818,10,28,100,696618,56.40477085,56.32948375,0.075287104,,693.8842773,2
FedDyn,CIFAR10,,0.9,0.999,43,2.740813801,0.023252211,10.24,20,100,696618,38.37051415,38.31504726,0.05546689,,693.8842773,2
FedDyn,CIFAR10,,0.9,0.999,44,2.294149994,0.085816972,15,23,100,696618,47.46383381,47.39664698,0.067186832,,693.8842773,2
FedDyn,CIFAR10,,0.9,0.999,45,2.439139164,0.06853232,14.1,22,100,696618,40.90621972,40.83950639,0.066713333,,693.8842773,2
FedDyn,CIFAR10,,0.9,0.999,46,2.355006898,0.047246941,12.75,26,100,696618,53.13189077,53.06671762,0.065173149,,693.8842773,2
FedDyn,CIFAR10,,0.9,0.999,47,2.50844097,0.054473372,15.37,21,100,696618,46.47467709,46.41833591,0.056341171,,693.8842773,2
FedDyn,CIFAR10,,0.9,0.999,48,2.595788226,0.019190498,10.05,25,100,696618,48.06294894,47.99524498,0.067703962,,693.8842773,2
FedDyn,CIFAR10,,0.9,0.999,49,2.283389587,0.065246797,13.16,27,100,696618,46.93431354,46.86547542,0.06883812,,693.8842773,2
FedDyn,CIFAR10,,0.9,0.999,50,2.441867225,0.031748052,10.86,20,100,696618,31.70220661,31.64854693,0.053659678,,693.8842773,2
FedDyn,CIFAR10,,0.9,0.999,51,2.326056821,0.063175893,13.04,27,100,696618,49.85359931,49.78501296,0.068586349,,693.8842773,2
FedDyn,CIFAR10,,0.9,0.999,52,2.278058689,0.067659503,14.68,26,100,696618,50.61797071,50.54579329,0.07217741,,693.8842773,2
FedDyn,CIFAR10,,0.9,0.999,53,2.362499736,0.033259067,10.89,20,100,696618,40.5192163,40.4628768,0.056339502,,693.8842773,2
FedDyn,CIFAR10,,0.9,0.999,54,2.4579154,0.023446629,10.28,24,100,696618,48.49682355,48.43511534,0.061708212,,693.8842773,2
FedDyn,CIFAR10,,0.9,0.999,55,2.331922932,0.085175227,16.81,22,100,696618,40.25462174,40.18972349,0.064898252,,693.8842773,2
FedDyn,CIFAR10,,0.9,0.999,56,2.327574538,0.050334668,11.2,28,100,696618,56.15307021,56.08208776,0.070982456,,693.8842773,2
FedDyn,CIFAR10,,0.9,0.999,57,2.381372995,0.076938007,15.72,25,100,696618,46.17349029,46.10991812,0.063572168,,693.8842773,2
FedDyn,CIFAR10,,0.9,0.999,58,2.260819911,0.081412027,16.46,29,100,696618,62.86666536,62.78401303,0.08265233,,693.8842773,2
FedDyn,CIFAR10,,0.9,0.999,59,2.507299748,0.037940282,10.97,26,100,696618,47.38149095,47.31417084,0.067320108,,693.8842773,2
FedDyn,CIFAR10,,0.9,0.999,60,2.760961411,0.068993746,15.65,21,100,696618,37.45045137,37.38906074,0.061390638,,693.8842773,2
FedDyn,CIFAR10,,0.9,0.999,61,2.459814453,0.033802389,11.02,22,100,696618,39.90662217,39.84391069,0.062711477,,693.8842773,2
FedDyn,CIFAR10,,0.9,0.999,62,2.58933062,0.018181818,10,28,100,696618,60.48538208,60.40432501,0.081057072,,693.8842773,2
FedDyn,CIFAR10,,0.9,0.999,63,2.435527328,0.018190086,10,20,100,696618,40.97092819,40.91505861,0.055869579,,693.8842773,2
FedDyn,CIFAR10,,0.9,0.999,64,2.488621404,0.048648321,13.25,26,100,696618,56.7755909,56.70846033,0.067130566,,693.8842773,2
FedDyn,CIFAR10,,0.9,0.999,65,2.33250389,0.052116242,13.84,26,100,696618,41.38988614,41.31890059,0.070985556,,693.8842773,2
FedDyn,CIFAR10,,0.9,0.999,66,2.206837573,0.085532107,15.98,27,100,696618,50.69712639,50.6249125,0.072213888,,693.8842773,2
FedDyn,CIFAR10,,0.9,0.999,67,2.354081375,0.047732282,12.06,26,100,696618,52.77991319,52.70867467,0.071238518,,693.8842773,2
FedDyn,CIFAR10,,0.9,0.999,68,2.641105628,0.018384725,10.01,24,100,696618,42.83836937,42.77557945,0.062789917,,693.8842773,2
FedDyn,CIFAR10,,0.9,0.999,69,2.367317375,0.06602408,14.92,28,100,696618,56.5908699,56.51547194,0.075397968,,693.8842773,2
FedDyn,CIFAR10,,0.9,0.999,70,2.240131027,0.088572501,15.67,27,100,696618,46.5040493,46.42935205,0.074697256,,693.8842773,2
FedDyn,CIFAR10,,0.9,0.999,71,2.433340498,0.044018053,11.72,24,100,696618,45.59305263,45.52942538,0.063627243,,693.8842773,2
FedDyn,CIFAR10,,0.9,0.999,72,2.400096156,0.021856277,10.18,21,100,696618,41.15297937,41.09404182,0.05893755,,693.8842773,2
FedDyn,CIFAR10,,0.9,0.999,73,2.278352879,0.050621927,11.91,27,100,696618,49.15838671,49.08518863,0.07319808,,693.8842773,2
FedDyn,CIFAR10,,0.9,0.999,74,2.311821546,0.089331932,15.4,29,100,696618,61.70858812,61.63586783,0.072720289,,693.8842773,2
FedDyn,CIFAR10,,0.9,0.999,75,2.377727479,0.063856289,13.51,30,100,696618,59.93349195,59.85207725,0.0814147,,693.8842773,2
FedDyn,CIFAR10,,0.9,0.999,76,2.388491618,0.060766014,13.42,21,100,696618,41.65148115,41.59086442,0.060616732,,693.8842773,2
FedDyn,CIFAR10,,0.9,0.999,77,2.287338925,0.091720267,16.82,26,100,696618,56.66298938,56.58937502,0.073614359,,693.8842773,2
FedDyn,CIFAR10,,0.9,0.999,78,2.376211932,0.041243938,11.98,25,100,696618,48.42155075,48.3474412,0.074109554,,693.8842773,2
FedDyn,CIFAR10,,0.9,0.999,79,2.296679166,0.116391103,17.8,29,100,696618,64.09259653,64.01520705,0.077389479,,693.8842773,2
FedDyn,CIFAR10,,0.9,0.999,80,2.302110353,0.061429146,12.68,29,100,696618,63.59826875,63.51748109,0.080787659,,693.8842773,2
FedDyn,CIFAR10,,0.9,0.999,81,2.191530198,0.144565469,20.53,28,100,696618,52.69157577,52.61706257,0.074513197,,693.8842773,2
FedDyn,CIFAR10,,0.9,0.999,82,2.338072716,0.043724538,12.8,27,100,696618,48.41113162,48.33379555,0.077336073,,693.8842773,2
FedDyn,CIFAR10,,0.9,0.999,83,2.418178098,0.05911473,12.18,24,100,696618,46.77541399,46.70448542,0.070928574,,693.8842773,2
FedDyn,CIFAR10,,0.9,0.999,84,2.338531737,0.05369771,15.55,22,100,696618,45.61893129,45.55849481,0.060436487,,693.8842773,2
FedDyn,CIFAR10,,0.9,0.999,85,2.262488406,0.08056578,15.61,23,100,696618,46.89928675,46.83377361,0.065513134,,693.8842773,2
FedDyn,CIFAR10,,0.9,0.999,86,2.369969668,0.083212107,16.54,25,100,696618,57.07632279,57.00344348,0.072879314,,693.8842773,2
FedDyn,CIFAR10,,0.9,0.999,87,2.537120687,0.061163617,16.23,24,100,696618,49.73113132,49.66419291,0.0669384,,693.8842773,2
FedDyn,CIFAR10,,0.9,0.999,88,2.266560988,0.14646435,21.64,23,100,696618,40.12109876,40.05192041,0.069178343,,693.8842773,2
FedDyn,CIFAR10,,0.9,0.999,89,2.487225895,0.034703971,10.85,20,100,696618,35.70097017,35.64123154,0.059738636,,693.8842773,2
FedDyn,CIFAR10,,0.9,0.999,90,2.288566598,0.136323124,19.87,27,100,696618,52.73865175,52.65536547,0.083286285,,693.8842773,2
FedDyn,CIFAR10,,0.9,0.999,91,2.160312649,0.116808053,17.68,30,100,696618,61.82149911,61.74089193,0.080607176,,693.8842773,2
FedDyn,CIFAR10,,0.9,0.999,92,2.138358126,0.115263962,19.31,23,100,696618,45.5136838,45.44770098,0.065982819,,693.8842773,2
FedDyn,CIFAR10,,0.9,0.999,93,2.217618326,0.098825149,18.16,22,100,696618,39.32133746,39.26102591,0.060311556,,693.8842773,2
FedDyn,CIFAR10,,0.9,0.999,94,2.205406938,0.111815654,16.3,30,100,696618,62.88802981,62.80641222,0.081617594,,693.8842773,2
FedDyn,CIFAR10,,0.9,0.999,95,2.123855535,0.15343385,20.22,26,100,696618,51.55119801,51.48093057,0.070267439,,693.8842773,2
FedDyn,CIFAR10,,0.9,0.999,96,2.73215948,0.028444582,10.57,22,100,696618,46.70875835,46.64312148,0.065636873,,693.8842773,2
FedDyn,CIFAR10,,0.9,0.999,97,2.221153096,0.176658676,24.25,23,100,696618,45.39181805,45.32621169,0.065606356,,693.8842773,2
FedDyn,CIFAR10,,0.9,0.999,98,2.102574453,0.148588538,20.67,27,100,696618,60.38846564,60.31253743,0.075928211,,693.8842773,2
FedDyn,CIFAR10,,0.9,0.999,99,2.100766989,0.150002953,22.67,30,100,696618,65.65556216,65.57275176,0.082810402,,693.8842773,2
FedDyn,CIFAR10,,0.9,0.999,100,2.399111873,0.076477529,14.96,22,100,696618,42.08131289,42.01744294,0.063869953,,693.8842773,2
FedDyn,CIFAR10,,0.9,0.999,101,2.582677628,0.032070543,10.84,20,100,696618,41.0930407,41.03511715,0.057923555,,693.8842773,2
FedDyn,CIFAR10,,0.9,0.999,102,2.320469579,0.076154808,13.92,28,100,696618,61.17218232,61.09418488,0.077997446,,693.8842773,2
FedDyn,CIFAR10,,0.9,0.999,103,2.31323211,0.085475727,14.9,20,100,696618,43.95587087,43.89489794,0.060972929,,693.8842773,2
FedDyn,CIFAR10,,0.9,0.999,104,2.053810563,0.136542385,22.63,23,100,696618,48.44175529,48.37302995,0.068725348,,693.8842773,2
FedDyn,CIFAR10,,0.9,0.999,105,2.170749829,0.075685219,17.66,30,100,696618,70.16686606,70.08624077,0.080625296,,693.8842773,2
FedDyn,CIFAR10,,0.9,0.999,106,2.036826756,0.143137074,22.34,28,100,696618,61.44274688,61.3637979,0.078948975,,693.8842773,2
FedDyn,CIFAR10,,0.9,0.999,107,2.087063368,0.155077841,20.97,30,100,696618,58.42981791,58.3446424,0.085175514,,693.8842773,2
FedDyn,CIFAR10,,0.9,0.999,108,2.243782325,0.145559439,21.71,20,100,696618,37.47207475,37.41860104,0.053473711,,693.8842773,2
FedDyn,CIFAR10,,0.9,0.999,109,2.398279158,0.067703452,16.47,22,100,696618,44.40226316,44.34469271,0.057570457,,693.8842773,2
FedDyn,CIFAR10,,0.9,0.999,110,2.063683442,0.149820755,17.96,25,100,696618,43.69575238,43.62335157,0.072400808,,693.8842773,2
FedDyn,CIFAR10,,0.9,0.999,111,2.100680737,0.181172812,24.69,21,100,696618,44.29232907,44.23232341,0.060005665,,693.8842773,2
FedDyn,CIFAR10,,0.9,0.999,112,2.206993115,0.107649017,15.82,30,100,696618,50.7036922,50.62006569,0.083626509,,693.8842773,2
FedDyn,CIFAR10,,0.9,0.999,113,2.199510482,0.102757274,20.55,26,100,696618,51.42365074,51.35404229,0.06960845,,693.8842773,2
FedDyn,CIFAR10,,0.9,0.999,114,2.178396239,0.143522682,23.19,21,100,696618,41.11149788,41.04993033,0.061567545,,693.8842773,2
FedDyn,CIFAR10,,0.9,0.999,115,2.207042844,0.104458407,18.06,29,100,696618,59.67960477,59.6017797,0.077825069,,693.8842773,2
FedDyn,CIFAR10,,0.9,0.999,116,2.218371058,0.111851465,20.86,20,100,696618,40.20232201,40.14678144,0.055540562,,693.8842773,2
FedDyn,CIFAR10,,0.9,0.999,117,2.109505632,0.065475785,15.96,21,100,696618,40.67418694,40.61464071,0.059546232,,693.8842773,2
FedDyn,CIFAR10,,0.9,0.999,118,2.040137236,0.142402139,21.85,27,100,696618,46.72739983,46.65000558,0.077394247,,693.8842773,2
FedDyn,CIFAR10,,0.9,0.999,119,2.105328609,0.148066167,24.01,24,100,696618,42.47429967,42.41378045,0.060519218,,693.8842773,2
FedDyn,CIFAR10,,0.9,0.999,120,2.117280966,0.144632742,22.68,26,100,696618,53.5531981,53.47923923,0.073958874,,693.8842773,2
FedDyn,CIFAR10,,0.9,0.999,121,2.097836328,0.158998629,21.26,23,100,696618,48.52624035,48.46230102,0.063939333,,693.8842773,2
FedDyn,CIFAR10,,0.9,0.999,122,1.998748785,0.1879658,26.63,29,100,696618,62.33200455,62.25191116,0.080093384,,693.8842773,2
FedDyn,CIFAR10,,0.9,0.999,123,2.017864595,0.16430058,22.43,29,100,696618,61.41783714,61.3408649,0.076972246,,693.8842773,2
FedDyn,CIFAR10,,0.9,0.999,124,2.124608633,0.15643028,24.58,29,100,696618,53.46003795,53.38854384,0.071494102,,693.8842773,2
FedDyn,CIFAR10,,0.9,0.999,125,1.982686289,0.176201897,23.1,25,100,696618,44.34100127,44.27203417,0.068967104,,693.8842773,2
FedDyn,CIFAR10,,0.9,0.999,126,2.107612933,0.104736014,20.34,27,100,696618,49.14402509,49.04889917,0.095125914,,693.8842773,2
FedDyn,CIFAR10,,0.9,0.999,127,2.172804848,0.089461847,17.81,29,100,696618,61.5930624,61.51585126,0.077211142,,693.8842773,2
FedDyn,CIFAR10,,0.9,0.999,128,2.076682587,0.148064885,25.15,30,100,696618,57.7623558,57.67898703,0.083368778,,693.8842773,2
FedDyn,CIFAR10,,0.9,0.999,129,1.975727323,0.16993233,25,22,100,696618,42.60892415,42.54653239,0.062391758,,693.8842773,2
FedDyn,CIFAR10,,0.9,0.999,130,2.015901973,0.228783409,27.95,27,100,696618,50.96931958,50.896487,0.072832584,,693.8842773,2
FedDyn,CIFAR10,,0.9,0.999,131,2.109560076,0.142988721,20.82,23,100,696618,42.8065424,42.74195957,0.064582825,,693.8842773,2
FedDyn,CIFAR10,,0.9,0.999,132,2.05414789,0.163260322,23.32,25,100,696618,50.34082389,50.27599049,0.064833403,,693.8842773,2
FedDyn,CIFAR10,,0.9,0.999,133,2.299497189,0.122225852,20.13,21,100,696618,37.49339867,37.43858981,0.054808855,,693.8842773,2
FedDyn,CIFAR10,,0.9,0.999,134,2.171748919,0.145580793,22.4,25,100,696618,49.64502144,49.57304168,0.071979761,,693.8842773,2
FedDyn,CIFAR10,,0.9,0.999,135,2.015446371,0.147808925,21.58,29,100,696618,61.48344564,61.40513754,0.078308105,,693.8842773,2
FedDyn,CIFAR10,,0.9,0.999,136,2.031363657,0.162651184,25.25,30,100,696618,50.30332136,50.2293992,0.073922157,,693.8842773,2
FedDyn,CIFAR10,,0.9,0.999,137,1.971101401,0.185269017,25.47,24,100,696618,40.51849151,40.45729232,0.061199188,,693.8842773,2
FedDyn,CIFAR10,,0.9,0.999,138,1.97603246,0.156564608,23.22,28,100,696618,55.26078773,55.18843246,0.07235527,,693.8842773,2
FedDyn,CIFAR10,,0.9,0.999,139,2.212953086,0.076974177,17.51,22,100,696618,41.21547961,41.1427989,0.072680712,,693.8842773,2
FedDyn,CIFAR10,,0.9,0.999,140,2.114789558,0.140895781,21.22,22,100,696618,48.57008648,48.51130748,0.058779001,,693.8842773,2
FedDyn,CIFAR10,,0.9,0.999,141,2.022654483,0.161480929,23.69,28,100,696618,54.21468568,54.13845205,0.076233625,,693.8842773,2
FedDyn,CIFAR10,,0.9,0.999,142,1.91938548,0.181853859,25.84,27,100,696618,57.28182459,57.21076488,0.071059704,,693.8842773,2
FedDyn,CIFAR10,,0.9,0.999,143,1.990090337,0.170678129,22.45,26,100,696618,50.93277073,50.8617909,0.070979834,,693.8842773,2
FedDyn,CIFAR10,,0.9,0.999,144,2.05341632,0.194584747,27.18,21,100,696618,38.16758704,38.10890412,0.058682919,,693.8842773,2
FedDyn,CIFAR10,,0.9,0.999,145,2.294199077,0.120341827,20.53,29,100,696618,58.78496313,58.70514441,0.079818726,,693.8842773,2
FedDyn,CIFAR10,,0.9,0.999,146,2.024230462,0.221383862,29.16,27,100,696618,58.20881557,58.13947201,0.069343567,,693.8842773,2
FedDyn,CIFAR10,,0.9,0.999,147,2.119029028,0.133523137,21.99,22,100,696618,45.38446093,45.32294226,0.061518669,,693.8842773,2
FedDyn,CIFAR10,,0.9,0.999,148,1.963203805,0.218322066,28.16,21,100,696618,38.91750073,38.85749555,0.060005188,,693.8842773,2
FedDyn,CIFAR10,,0.9,0.999,149,2.014458949,0.116353533,21.3,24,100,696618,50.11040425,50.04758143,0.062822819,,693.8842773,2
FedDyn,CIFAR10,,0.9,0.999,150,2.052059011,0.172534845,22.49,24,100,696618,49.60875797,49.54361677,0.065141201,,693.8842773,2
FedDyn,CIFAR10,,0.9,0.999,151,1.96098323,0.167327801,25.97,27,100,696618,51.723804,51.64862299,0.075181007,,693.8842773,2
FedDyn,CIFAR10,,0.9,0.999,152,2.072892991,0.115804268,15.97,27,100,696618,50.19514179,50.12418032,0.070961475,,693.8842773,2
FedDyn,CIFAR10,,0.9,0.999,153,1.991383851,0.221529897,28.02,24,100,696618,50.07328749,50.00880194,0.06448555,,693.8842773,2
FedDyn,CIFAR10,,0.9,0.999,154,1.869556735,0.244817163,29.92,26,100,696618,52.3430717,52.27125525,0.071816444,,693.8842773,2
FedDyn,CIFAR10,,0.9,0.999,155,1.928599001,0.160604292,24.41,20,100,696618,38.37779331,38.31382036,0.06397295,,693.8842773,2
FedDyn,CIFAR10,,0.9,0.999,156,1.956145652,0.160716328,24.56,26,100,696618,52.89192128,52.8246963,0.067224979,,693.8842773,2
FedDyn,CIFAR10,,0.9,0.999,157,2.076676161,0.154204171,22.96,28,100,696618,57.85452914,57.77902603,0.075503111,,693.8842773,2
FedDyn,CIFAR10,,0.9,0.999,158,2.123489304,0.164288636,24.7,24,100,696618,42.27511096,42.20807004,0.06704092,,693.8842773,2
FedDyn,CIFAR10,,0.9,0.999,159,1.988084838,0.18554902,25.21,29,100,696618,56.72532296,56.64808249,0.077240467,,693.8842773,2
FedDyn,CIFAR10,,0.9,0.999,160,2.07197279,0.157072151,23.78,28,100,696618,52.50593042,52.43276167,0.073168755,,693.8842773,2
FedDyn,CIFAR10,,0.9,0.999,161,1.915835286,0.228695155,28.88,28,100,696618,58.08926463,58.01038456,0.078880072,,693.8842773,2
FedDyn,CIFAR10,,0.9,0.999,162,1.984141243,0.197770441,26.28,27,100,696618,56.56321836,56.49244452,0.07077384,,693.8842773,2
FedDyn,CIFAR10,,0.9,0.999,163,1.908353489,0.22397945,28.12,23,100,696618,47.92406964,47.85850763,0.06556201,,693.8842773,2
FedDyn,CIFAR10,,0.9,0.999,164,2.099200533,0.185087885,26.42,20,100,696618,38.20120883,38.14449334,0.056715488,,693.8842773,2
FedDyn,CIFAR10,,0.9,0.999,165,2.19034502,0.107390806,17.9,27,100,696618,46.66224575,46.59548521,0.06676054,,693.8842773,2
FedDyn,CIFAR10,,0.9,0.999,166,1.968173341,0.213539308,26.64,30,100,696618,54.06611896,53.98454189,0.081577063,,693.8842773,2
FedDyn,CIFAR10,,0.9,0.999,167,1.95916132,0.159482393,23.54,29,100,696618,53.92664313,53.84461474,0.082028389,,693.8842773,2
FedDyn,CIFAR10,,0.9,0.999,168,1.978177271,0.176781689,25.19,28,100,696618,58.37508965,58.30550575,0.069583893,,693.8842773,2
FedDyn,CIFAR10,,0.9,0.999,169,1.921015639,0.172772917,23.78,24,100,696618,46.88290787,46.81851077,0.064397097,,693.8842773,2
FedDyn,CIFAR10,,0.9,0.999,170,2.098513651,0.175168392,23.51,20,100,696618,41.65833139,41.60088277,0.057448626,,693.8842773,2
FedDyn,CIFAR10,,0.9,0.999,171,2.106974572,0.156649111,22.66,23,100,696618,43.1655376,43.10083437,0.064703226,,693.8842773,2
FedDyn,CIFAR10,,0.9,0.999,172,2.072261908,0.119552344,19.93,30,100,696618,66.50969672,66.43315339,0.076543331,,693.8842773,2
FedDyn,CIFAR10,,0.9,0.999,173,2.235337042,0.095750613,19.28,20,100,696618,37.31168413,37.25169873,0.059985399,,693.8842773,2
FedDyn,CIFAR10,,0.9,0.999,174,1.959900346,0.196844384,26.65,26,100,696618,60.37791228,60.30526423,0.072648048,,693.8842773,2
FedDyn,CIFAR10,,0.9,0.999,175,1.93593898,0.136515326,23.03,20,100,696618,38.2426002,38.18381143,0.058788776,,693.8842773,2
FedDyn,CIFAR10,,0.9,0.999,176,1.979193358,0.24644001,30.45,22,100,696618,37.84721637,37.78056765,0.066648722,,693.8842773,2
FedDyn,CIFAR10,,0.9,0.999,177,1.933569971,0.18783971,26.91,22,100,696618,44.53647518,44.47618079,0.06029439,,693.8842773,2
FedDyn,CIFAR10,,0.9,0.999,178,1.895159855,0.24832261,27.37,30,100,696618,62.81131816,62.72655725,0.084760904,,693.8842773,2
FedDyn,CIFAR10,,0.9,0.999,179,1.922541252,0.245057667,31,21,100,696618,42.76957607,42.70938826,0.060187817,,693.8842773,2
FedDyn,CIFAR10,,0.9,0.999,180,1.96729083,0.181564458,24.51,30,100,696618,57.8461585,57.76615763,0.080000877,,693.8842773,2
FedDyn,CIFAR10,,0.9,0.999,181,1.861089028,0.274296059,33.67,20,100,696618,37.0776248,37.02171564,0.055909157,,693.8842773,2
FedDyn,CIFAR10,,0.9,0.999,182,2.321828311,0.082828481,15.06,20,100,696618,41.86680913,41.8092525,0.057556629,,693.8842773,2
FedDyn,CIFAR10,,0.9,0.999,183,2.276125316,0.155925197,23.61,22,100,696618,43.76771069,43.70674849,0.0609622,,693.8842773,2
FedDyn,CIFAR10,,0.9,0.999,184,2.32775472,0.111469452,19.13,24,100,696618,49.47388387,49.40641451,0.067469358,,693.8842773,2
FedDyn,CIFAR10,,0.9,0.999,185,2.145904241,0.103288494,20.43,30,100,696618,57.33201218,57.25485897,0.077153206,,693.8842773,2
FedDyn,CIFAR10,,0.9,0.999,186,2.213501288,0.162496773,23.28,27,100,696618,54.28106833,54.20763254,0.073435783,,693.8842773,2
FedDyn,CIFAR10,,0.9,0.999,187,2.173448091,0.182510706,26.38,25,100,696618,50.83673573,50.76471257,0.072023153,,693.8842773,2
FedDyn,CIFAR10,,0.9,0.999,188,1.882468828,0.232099094,29.52,28,100,696618,60.44551086,60.36897516,0.076535702,,693.8842773,2
FedDyn,CIFAR10,,0.9,0.999,189,2.007100056,0.154935375,25.52,23,100,696618,52.25311804,52.18680954,0.066308498,,693.8842773,2
FedDyn,CIFAR10,,0.9,0.999,190,2.038603217,0.15330035,23.95,29,100,696618,61.51598215,61.43430758,0.081674576,,693.8842773,2
FedDyn,CIFAR10,,0.9,0.999,191,2.386389709,0.114866049,20.2,20,100,696618,49.55965114,49.50173593,0.057915211,,693.8842773,2
FedDyn,CIFAR10,,0.9,0.999,192,1.913515002,0.222461552,27.57,26,100,696618,47.40419149,47.3304081,0.073783398,,693.8842773,2
FedDyn,CIFAR10,,0.9,0.999,193,1.980886625,0.140311302,21.36,27,100,696618,53.85879016,53.78488827,0.073901892,,693.8842773,2
FedDyn,CIFAR10,,0.9,0.999,194,2.034279329,0.142183517,20.91,26,100,696618,51.73663807,51.66249561,0.074142456,,693.8842773,2
FedDyn,CIFAR10,,0.9,0.999,195,1.964955926,0.128063633,20.79,30,100,696618,55.69411612,55.61228085,0.08183527,,693.8842773,2
FedDyn,CIFAR10,,0.9,0.999,196,1.907787731,0.142641219,23.59,29,100,696618,61.16931033,61.09018373,0.079126596,,693.8842773,2
FedDyn,CIFAR10,,0.9,0.999,197,1.976560722,0.203346316,28.23,24,100,696618,44.69777441,44.63512897,0.062645435,,693.8842773,2
FedDyn,CIFAR10,,0.9,0.999,198,1.892284219,0.189061313,27.58,29,100,696618,56.23001933,56.15676928,0.073250055,,693.8842773,2
FedDyn,CIFAR10,,0.9,0.999,199,1.991329643,0.169270878,24.37,24,100,696618,43.09552932,43.02953696,0.065992355,,693.8842773,2
FedDyn,CIFAR10,,0.9,0.999,200,2.163589683,0.120844418,21.94,29,100,696618,55.05690575,54.97352982,0.083375931,,693.8842773,2
FedDyn,CIFAR10,,0.9,0.999,201,2.107895024,0.128466528,22.65,28,100,696618,58.30624962,58.22740459,0.078845024,,693.8842773,2
FedDyn,CIFAR10,,0.9,0.999,202,1.895856215,0.137264525,23.91,30,100,696618,57.77090716,57.69132233,0.079584837,,693.8842773,2
FedDyn,CIFAR10,,0.9,0.999,203,2.031444997,0.105906169,20.2,26,100,696618,47.24832058,47.18345046,0.064870119,,693.8842773,2
FedDyn,CIFAR10,,0.9,0.999,204,1.984491884,0.120750907,23.26,21,100,696618,39.45086789,39.39326954,0.057598352,,693.8842773,2
FedDyn,CIFAR10,,0.9,0.999,205,1.844149321,0.189062367,26,22,100,696618,41.40780616,41.35026073,0.057545424,,693.8842773,2
FedDyn,CIFAR10,,0.9,0.999,206,1.91223474,0.211338198,27.63,23,100,696618,43.77472091,43.71041465,0.064306259,,693.8842773,2
FedDyn,CIFAR10,,0.9,0.999,207,2.070991152,0.128294962,21.45,29,100,696618,57.38638186,57.31230474,0.074077129,,693.8842773,2
FedDyn,CIFAR10,,0.9,0.999,208,1.821003508,0.224728736,30.27,23,100,696618,45.7672298,45.70448327,0.062746525,,693.8842773,2
FedDyn,CIFAR10,,0.9,0.999,209,2.085297294,0.123534696,22.8,28,100,696618,49.46950221,49.39776015,0.071742058,,693.8842773,2
FedDyn,CIFAR10,,0.9,0.999,210,1.891405009,0.204200092,25.8,24,100,696618,45.47882056,45.40828395,0.070536613,,693.8842773,2
FedDyn,CIFAR10,,0.9,0.999,211,2.203311865,0.123446039,24.1,20,100,696618,34.7957921,34.74028087,0.055511236,,693.8842773,2
FedDyn,CIFAR10,,0.9,0.999,212,1.952516571,0.125565427,22.98,25,100,696618,45.10277915,45.02897167,0.073807478,,693.8842773,2
FedDyn,CIFAR10,,0.9,0.999,213,2.114706348,0.115348455,20.69,20,100,696618,38.00793266,37.953403,0.054529667,,693.8842773,2
FedDyn,CIFAR10,,0.9,0.999,214,2.088271468,0.149672839,22.38,29,100,696618,55.10329366,55.02324367,0.080049992,,693.8842773,2
FedDyn,CIFAR10,,0.9,0.999,215,1.798998875,0.235146412,29.72,25,100,696618,51.39309716,51.32415152,0.068945646,,693.8842773,2
FedDyn,CIFAR10,,0.9,0.999,216,1.936407033,0.208805966,28.16,22,100,696618,40.47045708,40.4130342,0.057422876,,693.8842773,2
FedDyn,CIFAR10,,0.9,0.999,217,1.955304396,0.151097828,21.83,30,100,696618,62.96852565,62.89422941,0.074296236,,693.8842773,2
FedDyn,CIFAR10,,0.9,0.999,218,1.932029128,0.262210892,34.14,29,100,696618,53.18444324,53.10242128,0.082021952,,693.8842773,2
FedDyn,CIFAR10,,0.9,0.999,219,2.657612444,0.10499088,19.85,26,100,696618,51.43808651,51.3689115,0.069175005,,693.8842773,2
FedDyn,CIFAR10,,0.9,0.999,220,1.824247302,0.240961057,31.15,28,100,696618,57.27819657,57.20233083,0.075865746,,693.8842773,2
FedDyn,CIFAR10,,0.9,0.999,221,1.799072414,0.231092728,31.37,20,100,696618,35.77702832,35.71940637,0.057621956,,693.8842773,2
FedDyn,CIFAR10,,0.9,0.999,222,1.842719538,0.167658245,23.35,28,100,696618,60.27185225,60.19821048,0.073641777,,693.8842773,2
FedDyn,CIFAR10,,0.9,0.999,223,2.091177472,0.14622401,24.15,20,100,696618,39.01168942,38.95517445,0.056514978,,693.8842773,2
FedDyn,CIFAR10,,0.9,0.999,224,2.04411716,0.116292497,19.64,26,100,696618,48.96891713,48.90068936,0.068227768,,693.8842773,2
FedDyn,CIFAR10,,0.9,0.999,225,1.729536369,0.303437278,35.29,30,100,696618,59.80163884,59.72590232,0.075736523,,693.8842773,2
FedDyn,CIFAR10,,0.9,0.999,226,2.534508093,0.135214429,21.62,20,100,696618,42.65561724,42.5984652,0.057152033,,693.8842773,2
FedDyn,CIFAR10,,0.9,0.999,227,2.067054015,0.207483991,27.07,26,100,696618,50.02894497,49.95942974,0.069515228,,693.8842773,2
FedDyn,CIFAR10,,0.9,0.999,228,1.9330383,0.209474013,27.28,22,100,696618,47.03997016,46.97838879,0.061581373,,693.8842773,2
FedDyn,CIFAR10,,0.9,0.999,229,1.801204325,0.244311014,31.03,28,100,696618,48.86997533,48.79352856,0.076446772,,693.8842773,2
FedDyn,CIFAR10,,0.9,0.999,230,1.911936474,0.172317744,25.34,21,100,696618,36.61511374,36.55345201,0.06166172,,693.8842773,2
FedDyn,CIFAR10,,0.9,0.999,231,1.843459508,0.218887265,29.14,28,100,696618,58.89915156,58.82583928,0.073312283,,693.8842773,2
FedDyn,CIFAR10,,0.9,0.999,232,1.815480536,0.262709457,33.28,25,100,696618,46.96075821,46.89034963,0.070408583,,693.8842773,2
FedDyn,CIFAR10,,0.9,0.999,233,1.782897515,0.270905438,33.02,30,100,696618,56.85816932,56.77709627,0.081073046,,693.8842773,2
FedDyn,CIFAR10,,0.9,0.999,234,2.028393658,0.160834247,25.19,28,100,696618,54.83313775,54.76027417,0.072863579,,693.8842773,2
FedDyn,CIFAR10,,0.9,0.999,235,2.009137773,0.177414394,26.08,29,100,696618,55.29374433,55.21606588,0.077678442,,693.8842773,2
FedDyn,CIFAR10,,0.9,0.999,236,1.973294978,0.216549586,26.89,27,100,696618,52.63355017,52.55880594,0.074744225,,693.8842773,2
FedDyn,CIFAR10,,0.9,0.999,237,1.920974273,0.157264128,25.5,20,100,696618,38.34597564,38.29390001,0.052075624,,693.8842773,2
FedDyn,CIFAR10,,0.9,0.999,238,1.994870716,0.181383029,26.04,26,100,696618,48.21774077,48.15128517,0.066455603,,693.8842773,2
FedDyn,CIFAR10,,0.9,0.999,239,1.786527599,0.285365858,33.4,30,100,696618,54.79937673,54.71051908,0.088857651,,693.8842773,2
FedDyn,CIFAR10,,0.9,0.999,240,1.846123276,0.258117028,29.84,25,100,696618,47.73287749,47.66517234,0.067705154,,693.8842773,2
FedDyn,CIFAR10,,0.9,0.999,241,1.790001148,0.270188632,33.57,30,100,696618,55.23423219,55.15367007,0.080562115,,693.8842773,2
FedDyn,CIFAR10,,0.9,0.999,242,1.961057018,0.160957669,24.92,28,100,696618,57.69246936,57.61861086,0.0738585,,693.8842773,2
FedDyn,CIFAR10,,0.9,0.999,243,1.971992405,0.184288874,22.97,20,100,696618,38.82323551,38.76876664,0.05446887,,693.8842773,2
FedDyn,CIFAR10,,0.9,0.999,244,1.859825624,0.237617247,31.32,30,100,696618,66.11011195,66.02948928,0.080622673,,693.8842773,2
FedDyn,CIFAR10,,0.9,0.999,245,2.157941812,0.099293267,18.49,29,100,696618,56.88079405,56.8042872,0.076506853,,693.8842773,2
FedDyn,CIFAR10,,0.9,0.999,246,1.843297421,0.232228207,31.71,23,100,696618,43.39486146,43.33543372,0.059427738,,693.8842773,2
FedDyn,CIFAR10,,0.9,0.999,247,1.996270677,0.167747928,25.19,28,100,696618,55.39790559,55.32232738,0.075578213,,693.8842773,2
FedDyn,CIFAR10,,0.9,0.999,248,1.770535716,0.235868166,29.88,24,100,696618,39.84882975,39.77321839,0.075611353,,693.8842773,2
FedDyn,CIFAR10,,0.9,0.999,249,1.789150893,0.254342529,30.43,20,100,696618,37.41212583,37.35156131,0.060564518,,693.8842773,2
FedDyn,CIFAR10,,0.9,0.999,250,1.717040139,0.269389201,32.64,30,100,696618,58.71000743,58.63321376,0.076793671,,693.8842773,2
FedDyn,CIFAR10,,0.9,0.999,251,1.824815518,0.288720925,33.45,22,100,696618,49.19796062,49.13710189,0.060858727,,693.8842773,2
FedDyn,CIFAR10,,0.9,0.999,252,1.71337722,0.307328169,35.69,21,100,696618,40.23722649,40.17955709,0.057669401,,693.8842773,2
FedDyn,CIFAR10,,0.9,0.999,253,1.816039928,0.237690618,29.2,26,100,696618,39.26098061,39.19807291,0.062907696,,693.8842773,2
FedDyn,CIFAR10,,0.9,0.999,254,1.721316307,0.271490841,31.99,22,100,696618,38.78922081,38.73100352,0.058217287,,693.8842773,2
FedDyn,CIFAR10,,0.9,0.999,255,1.766038355,0.262498501,32.43,30,100,696618,61.13562703,61.05508184,0.080545187,,693.8842773,2
FedDyn,CIFAR10,,0.9,0.999,256,1.774787088,0.250818835,30.91,29,100,696618,55.29669404,55.22381544,0.072878599,,693.8842773,2
FedDyn,CIFAR10,,0.9,0.999,257,1.765534322,0.244814034,32.01,23,100,696618,44.28103948,44.21891212,0.062127352,,693.8842773,2
FedDyn,CIFAR10,,0.9,0.999,258,1.804198396,0.226085213,31.81,30,100,696618,53.51911187,53.43933463,0.079777241,,693.8842773,2
FedDyn,CIFAR10,,0.9,0.999,259,1.695545196,0.334969338,39.65,22,100,696618,41.64528847,41.58704925,0.058239222,,693.8842773,2
FedDyn,CIFAR10,,0.9,0.999,260,1.892366614,0.240546938,30.84,30,100,696618,56.58355212,56.49909353,0.08445859,,693.8842773,2
FedDyn,CIFAR10,,0.9,0.999,261,1.794891754,0.272553195,31.18,29,100,696618,62.87007499,62.79963923,0.070435762,,693.8842773,2
FedDyn,CIFAR10,,0.9,0.999,262,1.799395919,0.230969551,29.04,25,100,696618,52.68023753,52.60060549,0.079632044,,693.8842773,2
FedDyn,CIFAR10,,0.9,0.999,263,1.771744286,0.269156148,32.02,24,100,696618,47.41403294,47.35230303,0.061729908,,693.8842773,2
FedDyn,CIFAR10,,0.9,0.999,264,1.734769637,0.27868268,33.03,25,100,696618,50.3424108,50.27839112,0.06401968,,693.8842773,2
FedDyn,CIFAR10,,0.9,0.999,265,1.661701653,0.306749054,35.57,20,100,696618,35.58636117,35.52738976,0.058971405,,693.8842773,2
FedDyn,CIFAR10,,0.9,0.999,266,1.706326228,0.277927477,32.28,30,100,696618,62.17623687,62.09298992,0.083246946,,693.8842773,2
FedDyn,CIFAR10,,0.9,0.999,267,1.618541434,0.335692496,39.03,30,100,696618,70.24361134,70.15725327,0.08635807,,693.8842773,2
FedDyn,CIFAR10,,0.9,0.999,268,1.686503917,0.308591912,33.84,27,100,696618,59.66243911,59.58566904,0.076770067,,693.8842773,2
FedDyn,CIFAR10,,0.9,0.999,269,1.989544883,0.19608416,28.1,26,100,696618,56.75866485,56.68612576,0.072539091,,693.8842773,2
FedDyn,CIFAR10,,0.9,0.999,270,2.030458608,0.225118173,26.89,20,100,696618,44.51707292,44.45570064,0.06137228,,693.8842773,2
FedDyn,CIFAR10,,0.9,0.999,271,1.950350831,0.227532322,29.78,29,100,696618,50.60760856,50.52741337,0.080195189,,693.8842773,2
FedDyn,CIFAR10,,0.9,0.999,272,1.778849589,0.212594069,30.08,28,100,696618,54.15340638,54.08045077,0.072955608,,693.8842773,2
FedDyn,CIFAR10,,0.9,0.999,273,2.103567954,0.216611667,30.56,22,100,696618,45.00628328,44.94614148,0.060141802,,693.8842773,2
FedDyn,CIFAR10,,0.9,0.999,274,1.842513959,0.232252888,30.33,30,100,696618,64.56596828,64.48578382,0.08018446,,693.8842773,2
FedDyn,CIFAR10,,0.9,0.999,275,1.732153913,0.278524205,34.98,29,100,696618,54.43262291,54.35748291,0.075139999,,693.8842773,2
FedDyn,CIFAR10,,0.9,0.999,276,2.07761694,0.223790383,28.1,24,100,696618,48.47244239,48.40055084,0.071891546,,693.8842773,2
FedDyn,CIFAR10,,0.9,0.999,277,1.835575054,0.27498419,34.84,30,100,696618,63.36917782,63.28674102,0.0824368,,693.8842773,2
FedDyn,CIFAR10,,0.9,0.999,278,1.666136729,0.304756209,36.78,20,100,696618,48.71200347,48.65349174,0.058511734,,693.8842773,2
FedDyn,CIFAR10,,0.9,0.999,279,2.022481054,0.154551269,25.32,24,100,696618,47.55439305,47.48576307,0.06862998,,693.8842773,2
FedDyn,CIFAR10,,0.9,0.999,280,1.712977641,0.322378776,38.08,27,100,696618,51.98794222,51.92202163,0.065920591,,693.8842773,2
FedDyn,CIFAR10,,0.9,0.999,281,1.693480598,0.2507241,33.37,23,100,696618,46.51475859,46.44642663,0.068331957,,693.8842773,2
FedDyn,CIFAR10,,0.9,0.999,282,1.655381247,0.288911564,34.89,28,100,696618,53.80471325,53.72833657,0.076376677,,693.8842773,2
FedDyn,CIFAR10,,0.9,0.999,283,1.985375013,0.189613351,30.17,25,100,696618,47.95726943,47.88814688,0.069122553,,693.8842773,2
FedDyn,CIFAR10,,0.9,0.999,284,1.974181709,0.190159942,25.82,28,100,696618,54.3803587,54.30206323,0.078295469,,693.8842773,2
FedDyn,CIFAR10,,0.9,0.999,285,1.679003712,0.309949949,35.69,30,100,696618,64.47693515,64.39436603,0.082569122,,693.8842773,2
FedDyn,CIFAR10,,0.9,0.999,286,1.687022865,0.306525002,34.61,20,100,696618,39.94520783,39.88690758,0.058300257,,693.8842773,2
FedDyn,CIFAR10,,0.9,0.999,287,1.545491377,0.377257584,41.57,22,100,696618,47.46963477,47.40556645,0.064068317,,693.8842773,2
FedDyn,CIFAR10,,0.9,0.999,288,1.664458097,0.301650094,37.18,23,100,696618,43.35288167,43.28762579,0.06525588,,693.8842773,2
FedDyn,CIFAR10,,0.9,0.999,289,1.836893589,0.294537569,32.9,26,100,696618,54.9449029,54.8710413,0.073861599,,693.8842773,2
FedDyn,CIFAR10,,0.9,0.999,290,1.576443319,0.38336531,41.23,27,100,696618,56.26578188,56.19105816,0.074723721,,693.8842773,2
FedDyn,CIFAR10,,0.9,0.999,291,1.840642715,0.21227596,31.41,22,100,696618,39.99357104,39.92893004,0.064640999,,693.8842773,2
FedDyn,CIFAR10,,0.9,0.999,292,1.594010493,0.353386972,40.11,30,100,696618,65.05579257,64.97891426,0.076878309,,693.8842773,2
FedDyn,CIFAR10,,0.9,0.999,293,1.641202401,0.325046152,37.23,22,100,696618,39.21114969,39.15411282,0.057036877,,693.8842773,2
FedDyn,CIFAR10,,0.9,0.999,294,1.759917194,0.24042343,33.01,22,100,696618,33.19142222,33.13268471,0.058737516,,693.8842773,2
FedDyn,CIFAR10,,0.9,0.999,295,2.199857206,0.165817891,24,20,100,696618,36.97509503,36.91789627,0.057198763,,693.8842773,2
FedDyn,CIFAR10,,0.9,0.999,296,1.832083202,0.252348714,33.23,30,100,696618,58.57955194,58.50271797,0.076833963,,693.8842773,2
FedDyn,CIFAR10,,0.9,0.999,297,1.667670778,0.266771866,32.49,25,100,696618,54.06692505,53.99761343,0.069311619,,693.8842773,2
FedDyn,CIFAR10,,0.9,0.999,298,1.505007868,0.411168737,44.27,30,100,696618,54.68273544,54.60657263,0.076162815,,693.8842773,2
FedDyn,CIFAR10,,0.9,0.999,299,1.652510331,0.376032868,42.46,25,100,696618,54.80184102,54.7215414,0.080299616,,693.8842773,2
FedDyn,CIFAR10,,0.9,0.999,300,1.740520574,0.236522461,29.47,21,100,696618,42.49890351,42.44137406,0.057529449,,693.8842773,2
FedDyn,CIFAR10,,0.9,0.999,301,1.701164687,0.295011885,37.33,24,100,696618,50.75404572,50.68138766,0.072658062,,693.8842773,2
FedDyn,CIFAR10,,0.9,0.999,302,1.744873478,0.211703104,30.33,29,100,696618,58.9896369,58.90448213,0.085154772,,693.8842773,2
FedDyn,CIFAR10,,0.9,0.999,303,1.607362991,0.298197733,36.6,29,100,696618,59.54325247,59.45121932,0.092033148,,693.8842773,2
FedDyn,CIFAR10,,0.9,0.999,304,1.539483924,0.372765165,40.12,30,100,696618,62.64483404,62.51121116,0.133622885,,693.8842773,2
FedDyn,CIFAR10,,0.9,0.999,305,1.66940974,0.298105227,37.56,23,100,696618,41.03199816,40.97092867,0.061069489,,693.8842773,2
FedDyn,CIFAR10,,0.9,0.999,306,1.587594555,0.325626703,38.09,28,100,696618,62.05076981,61.96357799,0.08719182,,693.8842773,2
FedDyn,CIFAR10,,0.9,0.999,307,1.790098001,0.227018198,31.01,29,100,696618,68.86882639,68.79309845,0.07572794,,693.8842773,2
FedDyn,CIFAR10,,0.9,0.999,308,1.569518251,0.320374851,36.63,24,100,696618,50.031564,49.97299194,0.058572054,,693.8842773,2
FedDyn,CIFAR10,,0.9,0.999,309,1.714001126,0.252242946,35.18,20,100,696618,33.80937958,33.75417352,0.05520606,,693.8842773,2
FedDyn,CIFAR10,,0.9,0.999,310,1.802923312,0.304173462,36.24,20,100,696618,38.24321628,38.18426919,0.058947086,,693.8842773,2
FedDyn,CIFAR10,,0.9,0.999,311,2.775599394,0.125337815,20.86,24,100,696618,44.25070548,44.1844461,0.066259384,,693.8842773,2
FedDyn,CIFAR10,,0.9,0.999,312,1.758753707,0.257111026,32.54,29,100,696618,53.80643344,53.72884893,0.077584505,,693.8842773,2
FedDyn,CIFAR10,,0.9,0.999,313,1.580993463,0.338609752,40.05,24,100,696618,44.54843092,44.48482251,0.063608408,,693.8842773,2
FedDyn,CIFAR10,,0.9,0.999,314,2.034926254,0.181481843,28.93,26,100,696618,49.9506619,49.88357019,0.067091703,,693.8842773,2
FedDyn,CIFAR10,,0.9,0.999,315,1.639938899,0.322948323,38.75,27,100,696618,54.74348855,54.67449379,0.068994761,,693.8842773,2
FedDyn,CIFAR10,,0.9,0.999,316,1.690676342,0.24391943,31.5,23,100,696618,44.03585887,43.97232318,0.06353569,,693.8842773,2
FedDyn,CIFAR10,,0.9,0.999,317,2.00225699,0.223348438,27.06,22,100,696618,38.69243526,38.63329172,0.059143543,,693.8842773,2
FedDyn,CIFAR10,,0.9,0.999,318,1.588868404,0.38599249,42.15,28,100,696618,45.84730315,45.77875471,0.068548441,,693.8842773,2
FedDyn,CIFAR10,,0.9,0.999,319,1.998062096,0.212559643,28.15,29,100,696618,55.22219515,55.14077854,0.081416607,,693.8842773,2
FedDyn,CIFAR10,,0.9,0.999,320,1.602516795,0.381964935,44.29,26,100,696618,46.35690355,46.28434777,0.07255578,,693.8842773,2
FedDyn,CIFAR10,,0.9,0.999,321,1.693220372,0.307436145,36,21,100,696618,38.01101041,37.951756,0.059254408,,693.8842773,2
FedDyn,CIFAR10,,0.9,0.999,322,1.730825215,0.215184886,30.91,23,100,696618,45.24256063,45.18612051,0.056440115,,693.8842773,2
FedDyn,CIFAR10,,0.9,0.999,323,1.4656659,0.394397476,45.66,29,100,696618,59.20449805,59.1222043,0.082293749,,693.8842773,2
FedDyn,CIFAR10,,0.9,0.999,324,1.847977419,0.205669672,29.75,26,100,696618,50.26140642,50.19197321,0.069433212,,693.8842773,2
FedDyn,CIFAR10,,0.9,0.999,325,1.600789066,0.360514302,39.98,27,100,696618,48.38942981,48.32376361,0.065666199,,693.8842773,2
FedDyn,CIFAR10,,0.9,0.999,326,1.537147302,0.370846346,42.6,23,100,696618,44.85966706,44.79897475,0.06069231,,693.8842773,2
FedDyn,CIFAR10,,0.9,0.999,327,1.714925485,0.32899839,38.01,29,100,696618,52.90207982,52.83283687,0.069242954,,693.8842773,2
FedDyn,CIFAR10,,0.9,0.999,328,1.505697431,0.359887098,41.6,24,100,696618,44.76676583,44.70611191,0.060653925,,693.8842773,2
FedDyn,CIFAR10,,0.9,0.999,329,1.731888501,0.23876938,32.97,25,100,696618,41.37687397,41.31436729,0.062506676,,693.8842773,2
FedDyn,CIFAR10,,0.9,0.999,330,1.722844365,0.261161842,32.1,26,100,696618,45.72999954,45.66002226,0.069977283,,693.8842773,2
FedDyn,CIFAR10,,0.9,0.999,331,1.651263443,0.306323739,38.86,25,100,696618,45.88094544,45.80648041,0.074465036,,693.8842773,2
FedDyn,CIFAR10,,0.9,0.999,332,1.700218527,0.326068586,35.95,20,100,696618,32.6240809,32.57048416,0.053596735,,693.8842773,2
FedDyn,CIFAR10,,0.9,0.999,333,1.532148441,0.384049951,42.57,24,100,696618,46.33050394,46.26137495,0.06912899,,693.8842773,2
FedDyn,CIFAR10,,0.9,0.999,334,1.770401787,0.295467542,36.76,22,100,696618,47.0986445,47.0397234,0.058921099,,693.8842773,2
FedDyn,CIFAR10,,0.9,0.999,335,1.621055909,0.34160187,41.03,22,100,696618,44.23903298,44.18122315,0.05780983,,693.8842773,2
FedDyn,CIFAR10,,0.9,0.999,336,2.119295774,0.182521593,26.48,24,100,696618,51.4360466,51.37029624,0.06575036,,693.8842773,2
FedDyn,CIFAR10,,0.9,0.999,337,2.249997526,0.166987506,25.64,21,100,696618,36.34556532,36.28755379,0.058011532,,693.8842773,2
FedDyn,CIFAR10,,0.9,0.999,338,1.789447628,0.297241774,35.16,23,100,696618,45.53862882,45.47430062,0.064328194,,693.8842773,2
FedDyn,CIFAR10,,0.9,0.999,339,1.667129311,0.301480769,37.51,25,100,696618,48.00937891,47.9414587,0.067920208,,693.8842773,2
FedDyn,CIFAR10,,0.9,0.999,340,1.658537428,0.371124338,38.42,24,100,696618,48.56867957,48.50793433,0.060745239,,693.8842773,2
FedDyn,CIFAR10,,0.9,0.999,341,1.512110511,0.380003446,42.7,25,100,696618,44.11269331,44.04622197,0.066471338,,693.8842773,2
FedDyn,CIFAR10,,0.9,0.999,342,1.679300858,0.331597337,38.2,27,100,696618,54.11885643,54.04777527,0.071081161,,693.8842773,2
FedDyn,CIFAR10,,0.9,0.999,343,1.769805047,0.308825738,39.77,20,100,696618,36.9339869,36.87709475,0.056892157,,693.8842773,2
FedDyn,CIFAR10,,0.9,0.999,344,1.572313554,0.358582947,40.9,20,100,696618,34.13957286,34.08095479,0.058618069,,693.8842773,2
FedDyn,CIFAR10,,0.9,0.999,345,1.502197143,0.401232504,44.58,23,100,696618,39.31670856,39.25709701,0.059611559,,693.8842773,2
FedDyn,CIFAR10,,0.9,0.999,346,1.449895263,0.417664268,44.07,20,100,696618,38.14959192,38.09339786,0.056194067,,693.8842773,2
FedDyn,CIFAR10,,0.9,0.999,347,1.633054871,0.332693769,37.93,21,100,696618,38.71975827,38.65915942,0.06059885,,693.8842773,2
FedDyn,CIFAR10,,0.9,0.999,348,1.556356552,0.375185851,44.59,20,100,696618,32.72262931,32.66450739,0.05812192,,693.8842773,2
FedDyn,CIFAR10,,0.9,0.999,349,1.563216989,0.330263781,40.47,27,100,696618,55.3915565,55.32091308,0.070643425,,693.8842773,2
FedDyn,CIFAR10,,0.9,0.999,350,1.783873106,0.308718063,36.24,21,100,696618,42.59399843,42.53129196,0.06270647,,693.8842773,2
FedDyn,CIFAR10,,0.9,0.999,351,1.753911314,0.298855023,35.9,30,100,696618,60.26087093,60.18864155,0.072229385,,693.8842773,2
FedDyn,CIFAR10,,0.9,0.999,352,1.546072168,0.391631998,40.87,30,100,696618,59.22102642,59.14329624,0.077730179,,693.8842773,2
FedDyn,CIFAR10,,0.9,0.999,353,1.414426385,0.470581876,48.26,23,100,696618,45.77531338,45.71293616,0.062377214,,693.8842773,2
FedDyn,CIFAR10,,0.9,0.999,354,1.459999535,0.404350913,44.26,29,100,696618,55.76862669,55.69873309,0.069893599,,693.8842773,2
FedDyn,CIFAR10,,0.9,0.999,355,1.683383091,0.321430736,38.69,25,100,696618,48.96884966,48.89749074,0.071358919,,693.8842773,2
FedDyn,CIFAR10,,0.9,0.999,356,1.810503116,0.279124265,33.3,23,100,696618,47.11086988,47.05134106,0.059528828,,693.8842773,2
FedDyn,CIFAR10,,0.9,0.999,357,1.596367683,0.324527329,39.47,27,100,696618,52.17532325,52.10907841,0.066244841,,693.8842773,2
FedDyn,CIFAR10,,0.9,0.999,358,1.484680432,0.420117222,44.8,30,100,696618,57.8005619,57.72381091,0.076750994,,693.8842773,2
FedDyn,CIFAR10,,0.9,0.999,359,1.415705238,0.423779217,47.11,24,100,696618,50.26222849,50.19457603,0.067652464,,693.8842773,2
FedDyn,CIFAR10,,0.9,0.999,360,1.525181912,0.411273795,42.88,27,100,696618,48.1826725,48.11072946,0.071943045,,693.8842773,2
FedDyn,CIFAR10,,0.9,0.999,361,1.457799466,0.418665504,46.85,21,100,696618,47.45554018,47.39308071,0.062459469,,693.8842773,2
FedDyn,CIFAR10,,0.9,0.999,362,1.414642308,0.423184559,44.17,26,100,696618,58.62636399,58.55581164,0.070552349,,693.8842773,2
FedDyn,CIFAR10,,0.9,0.999,363,1.417721713,0.426342335,45.25,21,100,696618,37.69818139,37.63550925,0.062672138,,693.8842773,2
FedDyn,CIFAR10,,0.9,0.999,364,1.493576956,0.384519989,41.85,29,100,696618,56.07515621,55.99577904,0.079377174,,693.8842773,2
FedDyn,CIFAR10,,0.9,0.999,365,1.66787415,0.321399335,34.96,20,100,696618,42.93949318,42.88039732,0.05909586,,693.8842773,2
FedDyn,CIFAR10,,0.9,0.999,366,1.511131363,0.413594195,44.07,29,100,696618,57.02059627,56.93933582,0.081260443,,693.8842773,2
FedDyn,CIFAR10,,0.9,0.999,367,1.515413255,0.411715296,46.1,22,100,696618,46.90632939,46.84066296,0.065666437,,693.8842773,2
FedDyn,CIFAR10,,0.9,0.999,368,1.468365696,0.414638185,43.8,26,100,696618,51.74626756,51.67433429,0.07193327,,693.8842773,2
FedDyn,CIFAR10,,0.9,0.999,369,1.410517497,0.456846032,47.27,27,100,696618,52.50788927,52.43348432,0.074404955,,693.8842773,2
FedDyn,CIFAR10,,0.9,0.999,370,1.619634804,0.31020996,37.28,24,100,696618,46.36870933,46.30372548,0.064983845,,693.8842773,2
FedDyn,CIFAR10,,0.9,0.999,371,1.692476291,0.299668459,37.22,20,100,696618,43.9160924,43.85931396,0.056778431,,693.8842773,2
FedDyn,CIFAR10,,0.9,0.999,372,1.52488971,0.366327442,41.18,29,100,696618,57.1909759,57.11490178,0.076074123,,693.8842773,2
FedDyn,CIFAR10,,0.9,0.999,373,1.373386626,0.476025969,50.96,24,100,696618,47.91744471,47.85087991,0.066564798,,693.8842773,2
FedDyn,CIFAR10,,0.9,0.999,374,1.550662741,0.30891663,36.54,28,100,696618,57.25900149,57.18500233,0.073999166,,693.8842773,2
FedDyn,CIFAR10,,0.9,0.999,375,1.369782756,0.448538692,48.96,24,100,696618,48.43913984,48.37174392,0.067395926,,693.8842773,2
FedDyn,CIFAR10,,0.9,0.999,376,1.405328921,0.432715781,46.08,25,100,696618,56.43130279,56.35916591,0.072136879,,693.8842773,2
FedDyn,CIFAR10,,0.9,0.999,377,1.362681782,0.474919906,49.91,21,100,696618,42.16677666,42.10604334,0.060733318,,693.8842773,2
FedDyn,CIFAR10,,0.9,0.999,378,1.626544914,0.315874255,35.73,23,100,696618,40.25089359,40.19207835,0.058815241,,693.8842773,2
FedDyn,CIFAR10,,0.9,0.999,379,1.420608862,0.407887402,43.65,25,100,696618,56.91586995,56.84894538,0.066924572,,693.8842773,2
FedDyn,CIFAR10,,0.9,0.999,380,1.372648998,0.443446388,49.02,28,100,696618,56.4478302,56.37225485,0.075575352,,693.8842773,2
FedDyn,CIFAR10,,0.9,0.999,381,1.691410603,0.301833054,38.16,23,100,696618,51.95491934,51.88860488,0.066314459,,693.8842773,2
FedDyn,CIFAR10,,0.9,0.999,382,1.407530997,0.443251274,46.02,28,100,696618,51.98752737,51.91069794,0.076829433,,693.8842773,2
FedDyn,CIFAR10,,0.9,0.999,383,1.547754968,0.352181248,43.94,20,100,696618,34.12832046,34.06828403,0.060036421,,693.8842773,2
FedDyn,CIFAR10,,0.9,0.999,384,1.661600838,0.323642114,37.9,30,100,696618,56.93869925,56.84236336,0.096335888,,693.8842773,2
FedDyn,CIFAR10,,0.9,0.999,385,1.478266256,0.427934627,45.27,22,100,696618,49.09228349,49.03331971,0.058963776,,693.8842773,2
FedDyn,CIFAR10,,0.9,0.999,386,1.528638708,0.401229233,41.15,24,100,696618,51.89619613,51.82651329,0.069682837,,693.8842773,2
FedDyn,CIFAR10,,0.9,0.999,387,1.443294632,0.45193911,47.91,23,100,696618,50.13280225,50.06878877,0.064013481,,693.8842773,2
FedDyn,CIFAR10,,0.9,0.999,388,1.446507958,0.479970815,50.22,28,100,696618,55.30186296,55.22478747,0.077075481,,693.8842773,2
FedDyn,CIFAR10,,0.9,0.999,389,1.604288683,0.337671564,38.3,21,100,696618,49.30628181,49.24801493,0.058266878,,693.8842773,2
FedDyn,CIFAR10,,0.9,0.999,390,1.564256307,0.325941172,36.35,25,100,696618,52.34834504,52.27502346,0.073321581,,693.8842773,2
FedDyn,CIFAR10,,0.9,0.999,391,1.507122728,0.425428829,45.14,24,100,696618,50.42313433,50.35934997,0.063784361,,693.8842773,2
FedDyn,CIFAR10,,0.9,0.999,392,1.289709994,0.495820466,52.17,22,100,696618,48.39408898,48.33088279,0.063206196,,693.8842773,2
FedDyn,CIFAR10,,0.9,0.999,393,1.394835164,0.423968909,45.8,20,100,696618,37.34013367,37.29119229,0.048941374,,693.8842773,2
FedDyn,CIFAR10,,0.9,0.999,394,1.371826483,0.468670059,48.58,29,100,696618,59.04773068,58.97747493,0.070255756,,693.8842773,2
FedDyn,CIFAR10,,0.9,0.999,395,1.449434609,0.412828319,43.89,29,100,696618,61.88641024,61.8140676,0.072342634,,693.8842773,2
FedDyn,CIFAR10,,0.9,0.999,396,1.455408353,0.441493848,47.48,25,100,696618,48.02210927,47.95447683,0.067632437,,693.8842773,2
FedDyn,CIFAR10,,0.9,0.999,397,1.30313052,0.482621048,51.74,30,100,696618,62.5053494,62.42861605,0.076733351,,693.8842773,2
FedDyn,CIFAR10,,0.9,0.999,398,1.39408876,0.436378448,46.51,20,100,696618,37.32242489,37.26284146,0.059583426,,693.8842773,2
FedDyn,CIFAR10,,0.9,0.999,399,1.393011335,0.430316595,46.05,25,100,696618,51.05345154,50.98324108,0.070210457,,693.8842773,2
FedDyn,CIFAR10,,0.9,0.999,400,1.417422695,0.404339773,45.15,28,100,696618,56.9815855,56.90505314,0.076532364,,693.8842773,2
FedDyn,CIFAR10,,0.9,0.999,401,1.316463004,0.471626268,51.16,22,100,696618,43.27505207,43.21184421,0.063207865,,693.8842773,2
FedDyn,CIFAR10,,0.9,0.999,402,1.292597289,0.492368028,51.43,21,100,696618,43.08187151,43.02544403,0.056427479,,693.8842773,2
FedDyn,CIFAR10,,0.9,0.999,403,1.506731056,0.337544997,39.52,26,100,696618,55.58378983,55.51141191,0.07237792,,693.8842773,2
FedDyn,CIFAR10,,0.9,0.999,404,1.284013229,0.484013204,50.23,21,100,696618,44.75926661,44.69997787,0.05928874,,693.8842773,2
FedDyn,CIFAR10,,0.9,0.999,405,1.383815042,0.435647267,47.28,22,100,696618,44.56087112,44.50039935,0.060471773,,693.8842773,2
FedDyn,CIFAR10,,0.9,0.999,406,1.252361279,0.525119361,54.27,23,100,696618,44.71822596,44.65332389,0.064902067,,693.8842773,2
FedDyn,CIFAR10,,0.9,0.999,407,1.563941883,0.383056022,40.94,25,100,696618,51.61506677,51.5442965,0.070770264,,693.8842773,2
FedDyn,CIFAR10,,0.9,0.999,408,1.779910835,0.386714433,43.81,25,100,696618,46.43837667,46.36755705,0.070819616,,693.8842773,2
FedDyn,CIFAR10,,0.9,0.999,409,1.523711892,0.362551095,42.72,21,100,696618,44.50913572,44.45013475,0.059000969,,693.8842773,2
FedDyn,CIFAR10,,0.9,0.999,410,1.51368291,0.442792729,45.87,29,100,696618,60.84492326,60.76658487,0.078338385,,693.8842773,2
FedDyn,CIFAR10,,0.9,0.999,411,1.344028734,0.494499455,51.81,29,100,696618,55.40277529,55.32269931,0.080075979,,693.8842773,2
FedDyn,CIFAR10,,0.9,0.999,412,1.481882927,0.438594468,46.67,21,100,696618,42.87750292,42.81954694,0.05795598,,693.8842773,2
FedDyn,CIFAR10,,0.9,0.999,413,1.454893137,0.457829267,45.85,21,100,696618,42.75026393,42.68956637,0.060697556,,693.8842773,2
FedDyn,CIFAR10,,0.9,0.999,414,1.353507985,0.462659518,49.37,24,100,696618,48.08085728,48.01268339,0.068173885,,693.8842773,2
FedDyn,CIFAR10,,0.9,0.999,415,1.36229781,0.445011281,47.33,29,100,696618,58.99286628,58.91664481,0.076221466,,693.8842773,2
FedDyn,CIFAR10,,0.9,0.999,416,1.441782365,0.419565881,45.64,28,100,696618,57.84556818,57.77706122,0.068506956,,693.8842773,2
FedDyn,CIFAR10,,0.9,0.999,417,1.452094335,0.42894152,48.75,25,100,696618,48.11085248,48.04062319,0.070229292,,693.8842773,2
FedDyn,CIFAR10,,0.9,0.999,418,1.358699207,0.450091208,47.91,22,100,696618,41.74105763,41.68206048,0.058997154,,693.8842773,2
FedDyn,CIFAR10,,0.9,0.999,419,1.372238609,0.444570757,47.95,28,100,696618,48.58912277,48.52084112,0.068281651,,693.8842773,2
FedDyn,CIFAR10,,0.9,0.999,420,1.254392951,0.529777621,53.62,26,100,696618,43.5315907,43.46697688,0.064613819,,693.8842773,2
FedDyn,CIFAR10,,0.9,0.999,421,1.332641886,0.491441097,51.39,20,100,696618,36.60804367,36.55413818,0.053905487,,693.8842773,2
FedDyn,CIFAR10,,0.9,0.999,422,1.36550546,0.456893283,47.73,25,100,696618,40.57110763,40.50731802,0.063789606,,693.8842773,2
FedDyn,CIFAR10,,0.9,0.999,423,1.536741076,0.375899524,42.39,28,100,696618,58.37367725,58.30484414,0.068833113,,693.8842773,2
FedDyn,CIFAR10,,0.9,0.999,424,1.412218335,0.441162171,46.99,25,100,696618,49.02874184,48.96488571,0.063856125,,693.8842773,2
FedDyn,CIFAR10,,0.9,0.999,425,1.40924585,0.432510768,48.4,30,100,696618,60.09728432,60.01483822,0.082446098,,693.8842773,2
FedDyn,CIFAR10,,0.9,0.999,426,1.419241964,0.424016392,45.89,26,100,696618,50.23312902,50.16779423,0.065334797,,693.8842773,2
FedDyn,CIFAR10,,0.9,0.999,427,1.432244148,0.427036954,47.68,29,100,696618,57.19059181,57.11114836,0.079443455,,693.8842773,2
FedDyn,CIFAR10,,0.9,0.999,428,1.385305405,0.447825064,47.76,20,100,696618,40.60420609,40.54529285,0.058913231,,693.8842773,2
FedDyn,CIFAR10,,0.9,0.999,429,1.305058887,0.517270587,51.61,20,100,696618,35.59511113,35.54112434,0.053986788,,693.8842773,2
FedDyn,CIFAR10,,0.9,0.999,430,1.831509189,0.280656207,36.18,21,100,696618,40.15837455,40.09947348,0.058901072,,693.8842773,2
FedDyn,CIFAR10,,0.9,0.999,431,1.416895444,0.418336387,45.34,21,100,696618,42.35964751,42.3018899,0.057757616,,693.8842773,2
FedDyn,CIFAR10,,0.9,0.999,432,1.326235459,0.463212219,50.13,26,100,696618,48.12449503,48.05074787,0.073747158,,693.8842773,2
FedDyn,CIFAR10,,0.9,0.999,433,1.404555782,0.466105886,48.61,28,100,696618,54.00594854,53.92885756,0.077090979,,693.8842773,2
FedDyn,CIFAR10,,0.9,0.999,434,1.951386578,0.285348911,37.63,23,100,696618,47.45051265,47.38964272,0.060869932,,693.8842773,2
FedDyn,CIFAR10,,0.9,0.999,435,1.445626315,0.406327166,46.43,25,100,696618,50.00556064,49.9340229,0.071537733,,693.8842773,2
FedDyn,CIFAR10,,0.9,0.999,436,1.666501584,0.38393573,42.99,26,100,696618,46.53715158,46.47292829,0.064223289,,693.8842773,2
FedDyn,CIFAR10,,0.9,0.999,437,1.42410733,0.450586082,48.22,22,100,696618,42.28442025,42.22499728,0.05942297,,693.8842773,2
FedDyn,CIFAR10,,0.9,0.999,438,1.282378624,0.503520069,51.73,28,100,696618,55.15540338,55.08490825,0.070495129,,693.8842773,2
FedDyn,CIFAR10,,0.9,0.999,439,1.269608635,0.506556666,52.3,28,100,696618,49.64489985,49.56372499,0.08117485,,693.8842773,2
FedDyn,CIFAR10,,0.9,0.999,440,1.295527976,0.501016639,51.54,21,100,696618,39.34147525,39.28741837,0.054056883,,693.8842773,2
FedDyn,CIFAR10,,0.9,0.999,441,1.65631166,0.391571004,43.8,28,100,696618,57.15231681,57.07530499,0.077011824,,693.8842773,2
FedDyn,CIFAR10,,0.9,0.999,442,1.383435667,0.469094984,50.27,23,100,696618,42.2883718,42.21741223,0.070959568,,693.8842773,2
FedDyn,CIFAR10,,0.9,0.999,443,2.160271545,0.300992648,37.13,20,100,696618,39.03892446,38.98144627,0.057478189,,693.8842773,2
FedDyn,CIFAR10,,0.9,0.999,444,1.3759327,0.482272694,49.33,24,100,696618,50.4256866,50.35707307,0.068613529,,693.8842773,2
FedDyn,CIFAR10,,0.9,0.999,445,1.329713363,0.469959062,51.67,21,100,696618,44.8357296,44.77642107,0.059308529,,693.8842773,2
FedDyn,CIFAR10,,0.9,0.999,446,1.923000311,0.27556503,34.2,24,100,696618,47.91499758,47.85228348,0.0627141,,693.8842773,2
FedDyn,CIFAR10,,0.9,0.999,447,1.686323689,0.321201457,37.05,23,100,696618,43.034096,42.9741962,0.059899807,,693.8842773,2
FedDyn,CIFAR10,,0.9,0.999,448,1.317831163,0.490397498,51.62,30,100,696618,57.07686567,56.9978528,0.079012871,,693.8842773,2
FedDyn,CIFAR10,,0.9,0.999,449,1.588816487,0.401896132,43.3,24,100,696618,47.0026927,46.93075967,0.071933031,,693.8842773,2
FedDyn,CIFAR10,,0.9,0.999,450,1.529740315,0.409447823,46.24,26,100,696618,50.24769139,50.1780479,0.069643497,,693.8842773,2
FedDyn,CIFAR10,,0.9,0.999,451,2.43638019,0.261146104,32.15,22,100,696618,41.82641482,41.76987433,0.056540489,,693.8842773,2
FedDyn,CIFAR10,,0.9,0.999,452,1.676264031,0.333198066,40.5,29,100,696618,53.03843021,52.96217489,0.076255322,,693.8842773,2
FedDyn,CIFAR10,,0.9,0.999,453,1.435377024,0.41290453,45.87,26,100,696618,50.58358622,50.51207113,0.071515083,,693.8842773,2
FedDyn,CIFAR10,,0.9,0.999,454,1.551160706,0.396715738,44.7,23,100,696618,39.851686,39.79126263,0.060423374,,693.8842773,2
FedDyn,CIFAR10,,0.9,0.999,455,1.526865093,0.346109413,43.2,20,100,696618,32.36128449,32.30410624,0.057178259,,693.8842773,2
FedDyn,CIFAR10,,0.9,0.999,456,2.064881998,0.25001955,32.42,30,100,696618,62.20085645,62.12372899,0.077127457,,693.8842773,2
FedDyn,CIFAR10,,0.9,0.999,457,1.505297197,0.388301106,45.7,27,100,696618,52.69828343,52.62930799,0.068975449,,693.8842773,2
FedDyn,CIFAR10,,0.9,0.999,458,1.598457149,0.34225703,39.91,26,100,696618,53.78685141,53.71794844,0.068902969,,693.8842773,2
FedDyn,CIFAR10,,0.9,0.999,459,1.287130943,0.48387094,53.58,26,100,696618,52.98471332,52.91004062,0.074672699,,693.8842773,2
FedDyn,CIFAR10,,0.9,0.999,460,1.57762249,0.401008038,43.72,30,100,696618,65.05756974,64.97968078,0.077888966,,693.8842773,2
FedDyn,CIFAR10,,0.9,0.999,461,1.281921619,0.492649569,53.36,23,100,696618,47.107445,47.04077816,0.066666842,,693.8842773,2
FedDyn,CIFAR10,,0.9,0.999,462,1.357883357,0.471704843,51.6,27,100,696618,55.83603716,55.7618525,0.074184656,,693.8842773,2
FedDyn,CIFAR10,,0.9,0.999,463,1.291093487,0.493705454,53.23,29,100,696618,57.76381421,57.68572617,0.078088045,,693.8842773,2
FedDyn,CIFAR10,,0.9,0.999,464,1.474332021,0.410565821,45.44,21,100,696618,47.50312233,47.43829632,0.064826012,,693.8842773,2
FedDyn,CIFAR10,,0.9,0.999,465,1.439048319,0.454683597,49.28,20,100,696618,40.95184684,40.89216399,0.059682846,,693.8842773,2
FedDyn,CIFAR10,,0.9,0.999,466,1.3725977,0.446360465,48.02,21,100,696618,45.52376866,45.46364522,0.060123444,,693.8842773,2
FedDyn,CIFAR10,,0.9,0.999,467,1.23376964,0.513482537,55.19,26,100,696618,54.3634572,54.28957295,0.073884249,,693.8842773,2
FedDyn,CIFAR10,,0.9,0.999,468,1.544084347,0.420548631,44.94,22,100,696618,44.85446095,44.79052973,0.063931227,,693.8842773,2
FedDyn,CIFAR10,,0.9,0.999,469,1.328646205,0.465374332,50.58,28,100,696618,59.27710247,59.20243573,0.074666739,,693.8842773,2
FedDyn,CIFAR10,,0.9,0.999,470,1.274990156,0.489751941,51.92,24,100,696618,52.22539163,52.15570879,0.069682837,,693.8842773,2
FedDyn,CIFAR10,,0.9,0.999,471,1.18772884,0.567179913,56.63,28,100,696618,62.88575888,62.80793524,0.077823639,,693.8842773,2
FedDyn,CIFAR10,,0.9,0.999,472,1.281266057,0.508201213,51.99,29,100,696618,54.45079684,54.37078929,0.080007553,,693.8842773,2
FedDyn,CIFAR10,,0.9,0.999,473,1.254959028,0.513098144,55.17,22,100,696618,42.15211749,42.08909988,0.063017607,,693.8842773,2
FedDyn,CIFAR10,,0.9,0.999,474,1.399106437,0.453849439,48.95,28,100,696618,62.54877543,62.4698,0.078975439,,693.8842773,2
FedDyn,CIFAR10,,0.9,0.999,475,1.404461666,0.45166518,49,22,100,696618,41.08345723,41.0183661,0.065091133,,693.8842773,2
FedDyn,CIFAR10,,0.9,0.999,476,1.34127809,0.495424692,51.81,23,100,696618,49.16391706,49.09483123,0.069085836,,693.8842773,2
FedDyn,CIFAR10,,0.9,0.999,477,1.230792005,0.555091941,55.74,22,100,696618,46.86868191,46.80511594,0.063565969,,693.8842773,2
FedDyn,CIFAR10,,0.9,0.999,478,1.275232355,0.51420729,53.27,27,100,696618,50.40090632,50.32872629,0.072180033,,693.8842773,2
FedDyn,CIFAR10,,0.9,0.999,479,1.33631097,0.49951062,52.04,23,100,696618,47.4755919,47.40719175,0.068400145,,693.8842773,2
FedDyn,CIFAR10,,0.9,0.999,480,1.291927285,0.494730173,53.19,30,100,696618,68.16047382,68.07917595,0.081297874,,693.8842773,2
FedDyn,CIFAR10,,0.9,0.999,481,1.296567998,0.529698616,53.01,24,100,696618,51.35200787,51.28958869,0.062419176,,693.8842773,2
FedDyn,CIFAR10,,0.9,0.999,482,1.299356639,0.507760081,53.49,21,100,696618,38.78458047,38.72665334,0.057927132,,693.8842773,2
FedDyn,CIFAR10,,0.9,0.999,483,1.189365276,0.564124626,56.34,21,100,696618,42.65660501,42.5990665,0.057538509,,693.8842773,2
FedDyn,CIFAR10,,0.9,0.999,484,1.176018264,0.54786502,56.68,22,100,696618,43.52839041,43.46894026,0.05945015,,693.8842773,2
FedDyn,CIFAR10,,0.9,0.999,485,1.507615481,0.442973724,45.56,27,100,696618,53.51361966,53.44652987,0.067089796,,693.8842773,2
FedDyn,CIFAR10,,0.9,0.999,486,1.403845121,0.43176748,47.43,27,100,696618,47.53653049,47.46043396,0.076096535,,693.8842773,2
FedDyn,CIFAR10,,0.9,0.999,487,1.551758829,0.387689909,43.75,21,100,696618,43.25630379,43.19342661,0.062877178,,693.8842773,2
FedDyn,CIFAR10,,0.9,0.999,488,1.374035865,0.471172549,49.24,23,100,696618,50.4533596,50.39235282,0.061006784,,693.8842773,2
FedDyn,CIFAR10,,0.9,0.999,489,1.210048533,0.518433461,55.47,20,100,696618,44.8761301,44.81977367,0.05635643,,693.8842773,2
FedDyn,CIFAR10,,0.9,0.999,490,1.198969332,0.558739631,56.28,24,100,696618,50.11372018,50.05315137,0.06056881,,693.8842773,2
FedDyn,CIFAR10,,0.9,0.999,491,1.674686276,0.33993805,41.52,24,100,696618,48.26783133,48.20622349,0.061607838,,693.8842773,2
FedDyn,CIFAR10,,0.9,0.999,492,1.32221153,0.498115386,51.57,27,100,696618,55.6733892,55.60375762,0.069631577,,693.8842773,2
FedDyn,CIFAR10,,0.9,0.999,493,1.557960756,0.413464421,44.98,23,100,696618,45.9509604,45.89447403,0.056486368,,693.8842773,2
FedDyn,CIFAR10,,0.9,0.999,494,1.321252861,0.519649281,52.07,22,100,696618,45.69105816,45.6292789,0.061779261,,693.8842773,2
FedDyn,CIFAR10,,0.9,0.999,495,1.324120134,0.470525081,49.91,23,100,696618,40.54962397,40.48385668,0.065767288,,693.8842773,2
FedDyn,CIFAR10,,0.9,0.999,496,1.197624696,0.553239236,55.24,27,100,696618,52.85942364,52.78385592,0.075567722,,693.8842773,2
FedDyn,CIFAR10,,0.9,0.999,497,1.233684048,0.528883955,55.14,28,100,696618,57.42403531,57.3459549,0.078080416,,693.8842773,2
FedDyn,CIFAR10,,0.9,0.999,498,1.313118345,0.472593248,50.1,26,100,696618,47.21761966,47.14762259,0.069997072,,693.8842773,2
FedDyn,CIFAR10,,0.9,0.999,499,1.32051025,0.465897763,50.19,30,100,696618,50.33307076,50.25276256,0.080308199,,693.8842773,2
FedDyn,CIFAR10,,0.9,0.999,500,1.162569149,0.573267663,57.4,25,100,696618,49.56564069,49.49527359,0.070367098,,693.8842773,2
