Algorithm,Dataset,Gamma,Beta1,Beta2,Round,Global_Validation_Loss,F1_Score,Top1_Accuracy_Percent,Num_Selected_Clients,Num_Total_Clients,Num_Model_Params,Round_Time_Sec,Client_Time_Sec,Server_Time_Sec,Spatial_Var_Time_Sec,Peak_Memory_MB,Seed
FedHST,CIFAR100,0.5,0.7,0.9999,1,4.6474826065063475,0.00039475901376372286,1.02,26,100,2800804,36.272000312805176,35.842474699020386,0.42952561378479004,0.4245455265045166,2794.61083984375,0
FedHST,CIFAR100,0.5,0.7,0.9999,2,4.617813893127441,0.0008312324638623976,1.14,27,100,2800804,36.271270513534546,35.93519043922424,0.33608007431030273,0.33098363876342773,2814.6865234375,0
FedHST,CIFAR100,0.5,0.7,0.9999,3,4.620528451538086,0.0007835850828063445,1.43,29,100,2800804,38.84958004951477,38.43628239631653,0.4132976531982422,0.4079864025115967,2835.5615234375,0
FedHST,CIFAR100,0.5,0.7,0.9999,4,4.627775979614258,0.0006796373548313308,1.25,22,100,2800804,29.662449836730957,29.37665581703186,0.2857940196990967,0.2802145481109619,2835.5615234375,0
FedHST,CIFAR100,0.5,0.7,0.9999,5,4.629122901916504,0.0005740809492059644,1.28,26,100,2800804,35.229613065719604,34.89061784744263,0.33899521827697754,0.3332631587982178,2835.5615234375,0
FedHST,CIFAR100,0.5,0.7,0.9999,6,4.630854231262207,0.00042789357875334374,1.02,20,100,2800804,26.40951633453369,26.113879680633545,0.2956366539001465,0.28960156440734863,2835.5615234375,0
FedHST,CIFAR100,0.5,0.7,0.9999,7,4.624782637786865,0.0010581913100926221,1.53,23,100,2800804,29.549324989318848,29.255760431289673,0.2935645580291748,0.28836750984191895,2835.5615234375,0
FedHST,CIFAR100,0.5,0.7,0.9999,8,4.6185006942749025,0.00019801980198019803,1.0,28,100,2800804,36.50566267967224,36.11930227279663,0.38636040687561035,0.380507230758667,2835.5615234375,0
FedHST,CIFAR100,0.5,0.7,0.9999,9,4.612801992034912,0.0015454626375054489,1.4,28,100,2800804,38.70408892631531,38.306496143341064,0.39759278297424316,0.3919830322265625,2835.5615234375,0
FedHST,CIFAR100,0.5,0.7,0.9999,10,4.6119603996276854,0.0006726264782985184,1.16,30,100,2800804,40.897066593170166,40.48062610626221,0.416440486907959,0.4109532833099365,2847.74169921875,0
FedHST,CIFAR100,0.5,0.7,0.9999,11,4.615134999084472,0.0003871510126741075,1.01,20,100,2800804,27.297578811645508,27.03872060775757,0.25885820388793945,0.2530512809753418,2847.74169921875,0
FedHST,CIFAR100,0.5,0.7,0.9999,12,4.6135185455322265,0.0005829100504888726,1.02,20,100,2800804,26.658477067947388,26.37929344177246,0.27918362617492676,0.2735624313354492,2847.74169921875,0
FedHST,CIFAR100,0.5,0.7,0.9999,13,4.614744713592529,0.0006223777939721022,1.16,24,100,2800804,32.0656681060791,31.730859518051147,0.3348085880279541,0.3292114734649658,2847.74169921875,0
FedHST,CIFAR100,0.5,0.7,0.9999,14,4.62041768875122,0.00019801980198019803,1.0,28,100,2800804,38.377161264419556,37.98697590827942,0.3901853561401367,0.3842952251434326,2847.74169921875,0
FedHST,CIFAR100,0.5,0.7,0.9999,15,4.619778964996338,0.0004608478133250525,1.01,27,100,2800804,36.30208611488342,35.9505500793457,0.3515360355377197,0.34593844413757324,2847.74169921875,0
FedHST,CIFAR100,0.5,0.7,0.9999,16,4.612336978912354,0.0010119271875136985,1.12,25,100,2800804,34.14570164680481,33.80219578742981,0.343505859375,0.33786535263061523,2847.74169921875,0
FedHST,CIFAR100,0.5,0.7,0.9999,17,4.610290026092529,0.002206411071453892,1.25,26,100,2800804,33.719995975494385,33.366976737976074,0.35301923751831055,0.3476252555847168,2847.74169921875,0
FedHST,CIFAR100,0.5,0.7,0.9999,18,4.611043015289306,0.001567259920301712,1.37,26,100,2800804,34.955870389938354,34.613643646240234,0.3422267436981201,0.3368062973022461,2847.74169921875,0
FedHST,CIFAR100,0.5,0.7,0.9999,19,4.612844747924805,0.0005260153384123625,1.33,20,100,2800804,26.501954078674316,26.22576379776001,0.27619028091430664,0.27062559127807617,2847.74169921875,0
FedHST,CIFAR100,0.5,0.7,0.9999,20,4.608177513122558,0.0005217005075681961,1.37,27,100,2800804,37.01241970062256,36.668821573257446,0.3435981273651123,0.3382141590118408,2847.74169921875,0
FedHST,CIFAR100,0.5,0.7,0.9999,21,4.604687900543213,0.0010276922394984683,1.06,30,100,2800804,38.653372049331665,38.24336266517639,0.41000938415527344,0.4040837287902832,2850.75048828125,0
FedHST,CIFAR100,0.5,0.7,0.9999,22,4.600773113250733,0.0027173048200011814,1.3,25,100,2800804,34.956504344940186,34.61646842956543,0.34003591537475586,0.3341865539550781,2850.75048828125,0
FedHST,CIFAR100,0.5,0.7,0.9999,23,4.598290406799316,0.005904294528316597,1.7,29,100,2800804,39.24145293235779,38.836790323257446,0.4046626091003418,0.3998525142669678,2850.75048828125,0
FedHST,CIFAR100,0.5,0.7,0.9999,24,4.588623205566407,0.007393714049774233,2.64,20,100,2800804,27.542100191116333,27.264742136001587,0.2773580551147461,0.2718803882598877,2850.75048828125,0
FedHST,CIFAR100,0.5,0.7,0.9999,25,4.580341589355469,0.0038878085568434285,2.36,21,100,2800804,27.9264395236969,27.62639355659485,0.3000459671020508,0.2945373058319092,2850.75048828125,0
FedHST,CIFAR100,0.5,0.7,0.9999,26,4.5686455261230465,0.002466448485757931,2.13,25,100,2800804,33.17252469062805,32.828787088394165,0.3437376022338867,0.33849596977233887,2850.75048828125,0
FedHST,CIFAR100,0.5,0.7,0.9999,27,4.553845057678223,0.003040157317032731,1.95,25,100,2800804,35.12395930290222,34.781036376953125,0.3429229259490967,0.3370211124420166,2850.75048828125,0
FedHST,CIFAR100,0.5,0.7,0.9999,28,4.543829705810547,0.00514298381853593,2.16,25,100,2800804,33.97994899749756,33.628406286239624,0.35154271125793457,0.3455686569213867,2850.75048828125,0
FedHST,CIFAR100,0.5,0.7,0.9999,29,4.527074877929688,0.00562762716332577,2.51,20,100,2800804,28.17894673347473,27.914464712142944,0.2644820213317871,0.25940966606140137,2850.75048828125,0
FedHST,CIFAR100,0.5,0.7,0.9999,30,4.519688595581055,0.006849411777083785,2.92,27,100,2800804,36.62275719642639,36.22680401802063,0.3959531784057617,0.3896334171295166,2850.75048828125,0
FedHST,CIFAR100,0.5,0.7,0.9999,31,4.513771179962158,0.005403799146204417,2.88,28,100,2800804,36.25735068321228,35.87957048416138,0.3777801990509033,0.37181735038757324,2850.75048828125,0
FedHST,CIFAR100,0.5,0.7,0.9999,32,4.508681690979004,0.005753091981354429,2.82,30,100,2800804,40.78171968460083,40.371198415756226,0.4105212688446045,0.4048278331756592,2850.75048828125,0
FedHST,CIFAR100,0.5,0.7,0.9999,33,4.497549638366699,0.007280758906163289,3.18,25,100,2800804,33.06655764579773,32.74022817611694,0.32632946968078613,0.32073473930358887,2850.75048828125,0
FedHST,CIFAR100,0.5,0.7,0.9999,34,4.486524052429199,0.011901870653203925,3.63,30,100,2800804,39.91688585281372,39.507702112197876,0.4091837406158447,0.40412354469299316,2850.75048828125,0
FedHST,CIFAR100,0.5,0.7,0.9999,35,4.484271425628662,0.009688025992748272,3.62,26,100,2800804,35.5602593421936,35.21773910522461,0.34252023696899414,0.3371925354003906,2850.75048828125,0
FedHST,CIFAR100,0.5,0.7,0.9999,36,4.474172979736328,0.011545197722698113,3.66,27,100,2800804,35.60254645347595,35.253596782684326,0.348949670791626,0.3433406352996826,2850.75048828125,0
FedHST,CIFAR100,0.5,0.7,0.9999,37,4.4676559494018555,0.011088615966055043,3.7,30,100,2800804,39.95865345001221,39.545055866241455,0.41359758377075195,0.4080326557159424,2850.75048828125,0
FedHST,CIFAR100,0.5,0.7,0.9999,38,4.461703164672851,0.014253343287090901,4.01,25,100,2800804,33.0958468914032,32.76942157745361,0.32642531394958496,0.3213083744049072,2850.75048828125,0
FedHST,CIFAR100,0.5,0.7,0.9999,39,4.442619188690186,0.013342842739601925,3.76,26,100,2800804,34.49988865852356,34.136059522628784,0.3638291358947754,0.358290433883667,2850.75048828125,0
FedHST,CIFAR100,0.5,0.7,0.9999,40,4.420950140380859,0.014104560560572452,4.23,27,100,2800804,36.05821990966797,35.6976113319397,0.3606085777282715,0.354966402053833,2850.75048828125,0
FedHST,CIFAR100,0.5,0.7,0.9999,41,4.403535847473145,0.015651969627651596,4.3,24,100,2800804,31.626534700393677,31.295330047607422,0.3312046527862549,0.3254532814025879,2850.75048828125,0
FedHST,CIFAR100,0.5,0.7,0.9999,42,4.376170832061767,0.014594899706674873,4.81,30,100,2800804,40.75109934806824,40.35548543930054,0.3956139087677002,0.3897888660430908,2850.75048828125,0
FedHST,CIFAR100,0.5,0.7,0.9999,43,4.359027345275879,0.01680268027566986,4.47,22,100,2800804,28.972578525543213,28.67025327682495,0.3023252487182617,0.296642541885376,2850.75048828125,0
FedHST,CIFAR100,0.5,0.7,0.9999,44,4.328530885314941,0.018763456775644706,4.68,29,100,2800804,38.9370014667511,38.56261134147644,0.3743901252746582,0.36920952796936035,2850.75048828125,0
FedHST,CIFAR100,0.5,0.7,0.9999,45,4.303867671203613,0.016601981051412994,4.54,27,100,2800804,35.52223539352417,35.15628981590271,0.36594557762145996,0.3600962162017822,2850.75048828125,0
FedHST,CIFAR100,0.5,0.7,0.9999,46,4.252546868133545,0.021109372323435686,5.58,21,100,2800804,27.44807267189026,27.156926155090332,0.29114651679992676,0.28609347343444824,2850.75048828125,0
FedHST,CIFAR100,0.5,0.7,0.9999,47,4.225033020782471,0.02507819706639898,5.8,28,100,2800804,36.08450222015381,35.7109375,0.3735647201538086,0.3685126304626465,2850.75048828125,0
FedHST,CIFAR100,0.5,0.7,0.9999,48,4.190776538085937,0.02532752471188122,6.19,29,100,2800804,39.66188025474548,39.26732015609741,0.3945600986480713,0.3885684013366699,2850.75048828125,0
FedHST,CIFAR100,0.5,0.7,0.9999,49,4.183931694793701,0.024432728806121715,5.88,26,100,2800804,34.56958889961243,34.22145867347717,0.3481302261352539,0.3427565097808838,2850.75048828125,0
FedHST,CIFAR100,0.5,0.7,0.9999,50,4.157018067932129,0.025762504950205694,6.5,30,100,2800804,41.897653579711914,41.46432018280029,0.4333333969116211,0.42704296112060547,2851.12548828125,0
FedHST,CIFAR100,0.5,0.7,0.9999,51,4.124141860198975,0.030333928959534653,6.67,26,100,2800804,35.132638454437256,34.753504276275635,0.3791341781616211,0.37380242347717285,2851.12548828125,0
FedHST,CIFAR100,0.5,0.7,0.9999,52,4.100414889526367,0.03213216616527417,6.85,29,100,2800804,38.92837977409363,38.51170349121094,0.41667628288269043,0.41071176528930664,2851.12548828125,0
FedHST,CIFAR100,0.5,0.7,0.9999,53,4.0923262786865235,0.037002994353833925,6.68,20,100,2800804,26.88601517677307,26.602495193481445,0.283519983291626,0.2780277729034424,2851.12548828125,0
FedHST,CIFAR100,0.5,0.7,0.9999,54,4.0678126289367675,0.03711177531677195,7.05,23,100,2800804,31.195051431655884,30.880706310272217,0.314345121383667,0.3086841106414795,2851.12548828125,0
FedHST,CIFAR100,0.5,0.7,0.9999,55,4.0412599502563475,0.032990556733737686,7.37,29,100,2800804,39.033785820007324,38.61789917945862,0.41588664054870605,0.40992307662963867,2851.12548828125,0
FedHST,CIFAR100,0.5,0.7,0.9999,56,4.036778752136231,0.03780744535486552,7.69,20,100,2800804,27.18441414833069,26.888225317001343,0.2961888313293457,0.2902810573577881,2851.12548828125,0
FedHST,CIFAR100,0.5,0.7,0.9999,57,4.015090793609619,0.04793273300991501,8.68,26,100,2800804,35.57137322425842,35.24171042442322,0.3296627998352051,0.3238945007324219,2851.12548828125,0
FedHST,CIFAR100,0.5,0.7,0.9999,58,3.985024600982666,0.048831490722323616,8.88,24,100,2800804,31.42539644241333,31.117334842681885,0.3080615997314453,0.3025851249694824,2851.12548828125,0
FedHST,CIFAR100,0.5,0.7,0.9999,59,3.9626842964172364,0.04861451028779059,8.81,29,100,2800804,39.20546364784241,38.8096649646759,0.3957986831665039,0.3904097080230713,2851.12548828125,0
FedHST,CIFAR100,0.5,0.7,0.9999,60,3.9464229347229005,0.05154017138873237,9.29,25,100,2800804,34.472676277160645,34.13311433792114,0.33956193923950195,0.33453893661499023,2851.12548828125,0
FedHST,CIFAR100,0.5,0.7,0.9999,61,3.9259748176574707,0.05485468332197119,9.51,29,100,2800804,38.737112522125244,38.35780191421509,0.37931060791015625,0.37369298934936523,2851.12548828125,0
FedHST,CIFAR100,0.5,0.7,0.9999,62,3.9178969787597655,0.05289232340092871,9.75,20,100,2800804,26.330149173736572,26.04236674308777,0.2877824306488037,0.28206419944763184,2851.12548828125,0
FedHST,CIFAR100,0.5,0.7,0.9999,63,3.9048808444976806,0.05709699037003871,9.82,22,100,2800804,30.264991998672485,29.952025890350342,0.31296610832214355,0.3069925308227539,2851.12548828125,0
FedHST,CIFAR100,0.5,0.7,0.9999,64,3.8899798908233643,0.056654630033864326,10.24,27,100,2800804,36.79735231399536,36.452003479003906,0.3453488349914551,0.33978772163391113,2851.12548828125,0
FedHST,CIFAR100,0.5,0.7,0.9999,65,3.897370406341553,0.06192363863888981,10.42,26,100,2800804,34.208897829055786,33.86316156387329,0.3457362651824951,0.3406260013580322,2851.12548828125,0
FedHST,CIFAR100,0.5,0.7,0.9999,66,3.84244468460083,0.0671050986639439,10.83,30,100,2800804,39.66340708732605,39.25726795196533,0.4061391353607178,0.4003164768218994,2851.2490234375,0
FedHST,CIFAR100,0.5,0.7,0.9999,67,3.8280278175354003,0.06232927618908601,10.06,27,100,2800804,35.950263261795044,35.57025623321533,0.3800070285797119,0.3749983310699463,2851.2490234375,0
FedHST,CIFAR100,0.5,0.7,0.9999,68,3.8066021423339844,0.06544892209659166,10.96,26,100,2800804,35.47487831115723,35.10790681838989,0.366971492767334,0.3614771366119385,2851.2490234375,0
FedHST,CIFAR100,0.5,0.7,0.9999,69,3.8051637535095213,0.06317964866481171,10.78,28,100,2800804,38.28901147842407,37.878788232803345,0.41022324562072754,0.40407705307006836,2851.2490234375,0
FedHST,CIFAR100,0.5,0.7,0.9999,70,3.7723801681518556,0.07233167540333167,11.81,23,100,2800804,31.228113412857056,30.919111251831055,0.309002161026001,0.3039588928222656,2851.2490234375,0
FedHST,CIFAR100,0.5,0.7,0.9999,71,3.761779321670532,0.07918248000616197,12.06,24,100,2800804,31.711819887161255,31.382384777069092,0.3294351100921631,0.3238413333892822,2851.2490234375,0
FedHST,CIFAR100,0.5,0.7,0.9999,72,3.732455963897705,0.0886687978543737,13.25,28,100,2800804,38.08453869819641,37.69610524177551,0.38843345642089844,0.3830533027648926,2851.2490234375,0
FedHST,CIFAR100,0.5,0.7,0.9999,73,3.720181274032593,0.08519130341537241,12.85,27,100,2800804,36.81885027885437,36.444313287734985,0.37453699111938477,0.36858105659484863,2851.2490234375,0
FedHST,CIFAR100,0.5,0.7,0.9999,74,3.7038447715759277,0.08429510106759093,12.44,28,100,2800804,36.257256746292114,35.894566774368286,0.3626899719238281,0.3572814464569092,2851.2490234375,0
FedHST,CIFAR100,0.5,0.7,0.9999,75,3.706411619949341,0.08662374096293059,13.01,21,100,2800804,28.27843403816223,27.957024335861206,0.3214097023010254,0.3140449523925781,2851.2490234375,0
FedHST,CIFAR100,0.5,0.7,0.9999,76,3.6761376155853274,0.09181346399981492,13.62,23,100,2800804,32.27826452255249,31.917239904403687,0.3610246181488037,0.3543577194213867,2851.2490234375,0
FedHST,CIFAR100,0.5,0.7,0.9999,77,3.6496348793029787,0.09469511960584981,14.2,26,100,2800804,36.88410139083862,36.49308633804321,0.39101505279541016,0.3849635124206543,2851.2490234375,0
FedHST,CIFAR100,0.5,0.7,0.9999,78,3.667737253570557,0.09156946416900962,13.47,24,100,2800804,34.06712746620178,33.71750020980835,0.3496272563934326,0.34360337257385254,2851.2490234375,0
FedHST,CIFAR100,0.5,0.7,0.9999,79,3.6366880420684815,0.09901106609913389,13.9,20,100,2800804,27.581777334213257,27.299724102020264,0.28205323219299316,0.27643299102783203,2851.2490234375,0
FedHST,CIFAR100,0.5,0.7,0.9999,80,3.6179409049987794,0.09494782518459155,13.93,23,100,2800804,30.887128591537476,30.557373762130737,0.3297548294067383,0.3237588405609131,2851.2490234375,0
FedHST,CIFAR100,0.5,0.7,0.9999,81,3.596400709152222,0.10296368186484656,14.81,22,100,2800804,28.26853919029236,27.94139075279236,0.3271484375,0.3214554786682129,2851.2490234375,0
FedHST,CIFAR100,0.5,0.7,0.9999,82,3.5780240631103517,0.11415274247922863,15.5,27,100,2800804,38.54462671279907,38.17287731170654,0.3717494010925293,0.3661928176879883,2851.2490234375,0
FedHST,CIFAR100,0.5,0.7,0.9999,83,3.5716038452148435,0.11403955244044,15.73,27,100,2800804,35.29842734336853,34.93000364303589,0.3684237003326416,0.3629415035247803,2851.2490234375,0
FedHST,CIFAR100,0.5,0.7,0.9999,84,3.5478525394439697,0.11377771933428164,15.93,27,100,2800804,36.71762132644653,36.33475637435913,0.38286495208740234,0.3765265941619873,2851.2490234375,0
FedHST,CIFAR100,0.5,0.7,0.9999,85,3.5152798351287844,0.1212822647290729,16.28,28,100,2800804,38.0339777469635,37.64651846885681,0.38745927810668945,0.3820779323577881,2851.2490234375,0
FedHST,CIFAR100,0.5,0.7,0.9999,86,3.5013685832977295,0.12787886356013903,16.27,27,100,2800804,37.669187784194946,37.27339005470276,0.3957977294921875,0.38996434211730957,2851.2490234375,0
FedHST,CIFAR100,0.5,0.7,0.9999,87,3.5312893085479735,0.11673847577547887,15.15,30,100,2800804,41.658756256103516,41.235260009765625,0.4234962463378906,0.4179403781890869,2851.2490234375,0
FedHST,CIFAR100,0.5,0.7,0.9999,88,3.4969286876678467,0.12270270925927475,16.35,26,100,2800804,36.30740785598755,35.94280219078064,0.3646056652069092,0.35865139961242676,2851.2490234375,0
FedHST,CIFAR100,0.5,0.7,0.9999,89,3.459969973373413,0.12686984478350433,17.06,20,100,2800804,27.80969548225403,27.518214464187622,0.29148101806640625,0.28565049171447754,2851.2490234375,0
FedHST,CIFAR100,0.5,0.7,0.9999,90,3.4606573680877686,0.1338661589257228,17.03,28,100,2800804,38.265166997909546,37.86507797241211,0.4000890254974365,0.39397478103637695,2851.2490234375,0
FedHST,CIFAR100,0.5,0.7,0.9999,91,3.4878325603485107,0.12492812656498396,16.99,28,100,2800804,38.82117462158203,38.43342661857605,0.38774800300598145,0.38233160972595215,2851.2490234375,0
FedHST,CIFAR100,0.5,0.7,0.9999,92,3.455738597869873,0.1272531222098014,17.25,20,100,2800804,27.632573127746582,27.35088062286377,0.2816925048828125,0.27642297744750977,2851.2490234375,0
FedHST,CIFAR100,0.5,0.7,0.9999,93,3.4100545078277587,0.1354802352956373,17.84,27,100,2800804,36.97388672828674,36.59045362472534,0.38343310356140137,0.37801599502563477,2851.2490234375,0
FedHST,CIFAR100,0.5,0.7,0.9999,94,3.42719066734314,0.1372590638581644,17.98,26,100,2800804,35.58593559265137,35.20634889602661,0.37958669662475586,0.37413954734802246,2851.2490234375,0
FedHST,CIFAR100,0.5,0.7,0.9999,95,3.409360905075073,0.13891024559212975,18.27,20,100,2800804,27.40172004699707,27.14045000076294,0.26127004623413086,0.25534772872924805,2851.2490234375,0
FedHST,CIFAR100,0.5,0.7,0.9999,96,3.4050633460998534,0.14452942170281058,18.47,24,100,2800804,32.06705713272095,31.745563983917236,0.32149314880371094,0.31604814529418945,2851.2490234375,0
FedHST,CIFAR100,0.5,0.7,0.9999,97,3.381856287384033,0.1430952637297136,18.63,22,100,2800804,29.307656049728394,29.004947185516357,0.30270886421203613,0.29746413230895996,2851.2490234375,0
FedHST,CIFAR100,0.5,0.7,0.9999,98,3.4091452438354493,0.13599602791269488,17.68,24,100,2800804,33.090338706970215,32.744011878967285,0.3463268280029297,0.3403940200805664,2851.2490234375,0
FedHST,CIFAR100,0.5,0.7,0.9999,99,3.388916064453125,0.14091982945703566,18.43,25,100,2800804,34.78226637840271,34.42788362503052,0.3543827533721924,0.3486361503601074,2851.2490234375,0
FedHST,CIFAR100,0.5,0.7,0.9999,100,3.347034401702881,0.14907594590683476,18.97,29,100,2800804,39.81826210021973,39.410343647003174,0.40791845321655273,0.4021718502044678,2851.2490234375,0
FedHST,CIFAR100,0.5,0.7,0.9999,101,3.355525688934326,0.15824886822832082,19.23,27,100,2800804,36.802645206451416,36.41877460479736,0.38387060165405273,0.3780674934387207,2851.2490234375,0
FedHST,CIFAR100,0.5,0.7,0.9999,102,3.3499281799316405,0.1592907404899577,19.77,21,100,2800804,29.195415019989014,28.90360927581787,0.2918057441711426,0.28659510612487793,2851.2490234375,0
FedHST,CIFAR100,0.5,0.7,0.9999,103,3.331703987503052,0.1593075357171659,20.08,29,100,2800804,40.52473783493042,40.09979224205017,0.424945592880249,0.41914820671081543,2851.2490234375,0
FedHST,CIFAR100,0.5,0.7,0.9999,104,3.2947705139160157,0.16484006007411472,20.62,29,100,2800804,41.42878603935242,41.01840043067932,0.4103856086730957,0.40471768379211426,2851.2490234375,0
FedHST,CIFAR100,0.5,0.7,0.9999,105,3.279019567108154,0.176317644442722,21.24,21,100,2800804,29.308669090270996,28.996613025665283,0.3120560646057129,0.305706262588501,2851.2490234375,0
FedHST,CIFAR100,0.5,0.7,0.9999,106,3.269870372390747,0.17151664221997776,20.93,29,100,2800804,40.20766878128052,39.801637411117554,0.40603137016296387,0.40026259422302246,2851.2490234375,0
FedHST,CIFAR100,0.5,0.7,0.9999,107,3.297054586791992,0.1673603421910293,20.22,24,100,2800804,32.17667579650879,31.837406396865845,0.33926939964294434,0.3333916664123535,2851.2490234375,0
FedHST,CIFAR100,0.5,0.7,0.9999,108,3.2423175743103028,0.17763513146948992,21.54,25,100,2800804,34.289992570877075,33.95092153549194,0.33907103538513184,0.3334355354309082,2851.2490234375,0
FedHST,CIFAR100,0.5,0.7,0.9999,109,3.23093065032959,0.17390378975721738,21.44,25,100,2800804,33.69658041000366,33.35477328300476,0.34180712699890137,0.33601856231689453,2851.2490234375,0
FedHST,CIFAR100,0.5,0.7,0.9999,110,3.2304488170623777,0.16606959614076747,21.02,28,100,2800804,38.305986404418945,37.915257692337036,0.3907287120819092,0.38541579246520996,2851.2490234375,0
FedHST,CIFAR100,0.5,0.7,0.9999,111,3.2407831871032715,0.17005039872880143,21.12,24,100,2800804,33.709908962249756,33.37508153915405,0.3348274230957031,0.3290860652923584,2851.2490234375,0
FedHST,CIFAR100,0.5,0.7,0.9999,112,3.2179578048706055,0.18965919943814033,22.48,29,100,2800804,39.81161832809448,39.39242339134216,0.41919493675231934,0.41333746910095215,2851.2490234375,0
FedHST,CIFAR100,0.5,0.7,0.9999,113,3.1953140392303467,0.18835507152085512,22.67,29,100,2800804,40.52821969985962,40.10924172401428,0.4189779758453369,0.4129042625427246,2851.2490234375,0
FedHST,CIFAR100,0.5,0.7,0.9999,114,3.1877332595825196,0.1896359874356225,22.94,25,100,2800804,34.60428047180176,34.24626922607422,0.35801124572753906,0.3519432544708252,2851.2490234375,0
FedHST,CIFAR100,0.5,0.7,0.9999,115,3.167261450958252,0.19794945669088626,23.45,29,100,2800804,42.17558670043945,41.74992752075195,0.4256591796875,0.4198439121246338,2851.2490234375,0
FedHST,CIFAR100,0.5,0.7,0.9999,116,3.196819411087036,0.1916257659148423,22.77,22,100,2800804,30.415743589401245,30.081410884857178,0.3343327045440674,0.3279449939727783,2851.2490234375,0
FedHST,CIFAR100,0.5,0.7,0.9999,117,3.179589175415039,0.18752242500849117,22.59,22,100,2800804,31.208362340927124,30.894288539886475,0.3140738010406494,0.3068349361419678,2851.2490234375,0
FedHST,CIFAR100,0.5,0.7,0.9999,118,3.1566996627807615,0.1851913348942767,22.68,30,100,2800804,41.17159724235535,40.748215436935425,0.4233818054199219,0.41776371002197266,2851.2490234375,0
FedHST,CIFAR100,0.5,0.7,0.9999,119,3.1532909282684325,0.19492237789717465,23.46,26,100,2800804,36.07837462425232,35.71656823158264,0.36180639266967773,0.35600805282592773,2851.2490234375,0
FedHST,CIFAR100,0.5,0.7,0.9999,120,3.1418390193939207,0.20567115121184099,23.86,28,100,2800804,39.982288122177124,39.59624719619751,0.38604092597961426,0.38037943840026855,2851.2490234375,0
FedHST,CIFAR100,0.5,0.7,0.9999,121,3.108143544769287,0.19817123720686639,23.94,23,100,2800804,32.66526651382446,32.33802080154419,0.32724571228027344,0.3222205638885498,2851.2490234375,0
FedHST,CIFAR100,0.5,0.7,0.9999,122,3.1017746856689454,0.199178774967595,23.96,30,100,2800804,41.20302677154541,40.77790284156799,0.425123929977417,0.4191906452178955,2851.2490234375,0
FedHST,CIFAR100,0.5,0.7,0.9999,123,3.0877012969970705,0.21107964465685328,24.92,26,100,2800804,35.897862672805786,35.577075242996216,0.3207874298095703,0.3158540725708008,2851.2490234375,0
FedHST,CIFAR100,0.5,0.7,0.9999,124,3.099018304824829,0.21173468064201917,24.66,30,100,2800804,41.32571339607239,40.88898468017578,0.43672871589660645,0.42972898483276367,2851.2490234375,0
FedHST,CIFAR100,0.5,0.7,0.9999,125,3.094413733673096,0.20452127007708845,24.27,24,100,2800804,32.219258546829224,31.891746282577515,0.327512264251709,0.32208251953125,2851.2490234375,0
FedHST,CIFAR100,0.5,0.7,0.9999,126,3.081918354034424,0.20448629772916146,24.49,21,100,2800804,28.315651178359985,28.017630338668823,0.2980208396911621,0.2920348644256592,2851.2490234375,0
FedHST,CIFAR100,0.5,0.7,0.9999,127,3.0573946781158448,0.220180815603201,24.89,22,100,2800804,30.24236297607422,29.913084030151367,0.32927894592285156,0.32302117347717285,2851.2490234375,0
FedHST,CIFAR100,0.5,0.7,0.9999,128,3.0426626152038576,0.21357302577624135,25.06,22,100,2800804,30.187293529510498,29.869568824768066,0.31772470474243164,0.31199049949645996,2851.2490234375,0
FedHST,CIFAR100,0.5,0.7,0.9999,129,3.0315784770965575,0.22244485671951447,25.72,24,100,2800804,33.05095911026001,32.71236562728882,0.3385934829711914,0.33281683921813965,2851.2490234375,0
FedHST,CIFAR100,0.5,0.7,0.9999,130,3.017493152618408,0.2177640685965453,25.34,22,100,2800804,30.728655338287354,30.40702986717224,0.3216254711151123,0.31539011001586914,2851.2490234375,0
FedHST,CIFAR100,0.5,0.7,0.9999,131,3.0216150482177735,0.216528103244088,25.34,23,100,2800804,30.778871536254883,30.4383761882782,0.34049534797668457,0.3311612606048584,2851.2490234375,0
FedHST,CIFAR100,0.5,0.7,0.9999,132,3.0223197174072265,0.22150523343694326,26.06,26,100,2800804,36.05383062362671,35.68933033943176,0.3645002841949463,0.3595001697540283,2851.2490234375,0
FedHST,CIFAR100,0.5,0.7,0.9999,133,2.992944960784912,0.22835023899598764,26.48,30,100,2800804,39.881574630737305,39.457770347595215,0.42380428314208984,0.4177851676940918,2851.2490234375,0
FedHST,CIFAR100,0.5,0.7,0.9999,134,2.9729121391296385,0.2323139101176536,26.53,28,100,2800804,36.32463479042053,35.97165036201477,0.3529844284057617,0.34729433059692383,2851.2490234375,0
FedHST,CIFAR100,0.5,0.7,0.9999,135,2.971786099243164,0.22722588236114316,26.03,22,100,2800804,29.42236876487732,29.09458637237549,0.32778239250183105,0.3194553852081299,2851.2490234375,0
FedHST,CIFAR100,0.5,0.7,0.9999,136,2.9862979347229004,0.22149985128128538,25.71,22,100,2800804,30.48012614250183,30.171542644500732,0.30858349800109863,0.3031148910522461,2851.2490234375,0
FedHST,CIFAR100,0.5,0.7,0.9999,137,2.979040202331543,0.2280166669449331,26.2,30,100,2800804,40.82426595687866,40.41966199874878,0.4046039581298828,0.3976740837097168,2851.2490234375,0
FedHST,CIFAR100,0.5,0.7,0.9999,138,2.9338422073364256,0.24402783173239648,27.62,27,100,2800804,36.625831604003906,36.25777721405029,0.3680543899536133,0.3617115020751953,2851.2490234375,0
FedHST,CIFAR100,0.5,0.7,0.9999,139,2.931319736099243,0.23509752926103403,27.18,20,100,2800804,26.553444862365723,26.265450716018677,0.2879941463470459,0.28163576126098633,2851.2490234375,0
FedHST,CIFAR100,0.5,0.7,0.9999,140,2.942001382446289,0.2341015893913238,26.93,29,100,2800804,38.13046073913574,37.727823972702026,0.4026367664337158,0.3976609706878662,2851.2490234375,0
FedHST,CIFAR100,0.5,0.7,0.9999,141,2.9182135189056395,0.2428225692071692,27.68,22,100,2800804,29.20371413230896,28.91103959083557,0.29267454147338867,0.28789329528808594,2851.2490234375,0
FedHST,CIFAR100,0.5,0.7,0.9999,142,2.9333707321166993,0.2298816322975097,26.5,21,100,2800804,28.040977716445923,27.741656064987183,0.29932165145874023,0.2932586669921875,2851.2490234375,0
FedHST,CIFAR100,0.5,0.7,0.9999,143,2.8979530334472656,0.24509044554306442,28.05,30,100,2800804,39.48858976364136,39.074169397354126,0.41442036628723145,0.40836238861083984,2851.2490234375,0
FedHST,CIFAR100,0.5,0.7,0.9999,144,2.901711167907715,0.2483088445722713,28.02,21,100,2800804,28.654605388641357,28.346471309661865,0.3081340789794922,0.3024284839630127,2851.2490234375,0
FedHST,CIFAR100,0.5,0.7,0.9999,145,2.8824537536621095,0.24737602035752587,28.3,22,100,2800804,29.918362617492676,29.57182765007019,0.34653496742248535,0.340651273727417,2851.2490234375,0
FedHST,CIFAR100,0.5,0.7,0.9999,146,2.905176866912842,0.23813624360014393,27.35,26,100,2800804,34.14525532722473,33.771905183792114,0.3733501434326172,0.36752796173095703,2851.2490234375,0
FedHST,CIFAR100,0.5,0.7,0.9999,147,2.8510059047698975,0.25876983585048535,29.32,30,100,2800804,40.0894615650177,39.66712737083435,0.4223341941833496,0.41730570793151855,2851.2490234375,0
FedHST,CIFAR100,0.5,0.7,0.9999,148,2.8283193099975588,0.260210759405857,29.38,28,100,2800804,37.6678900718689,37.28084635734558,0.38704371452331543,0.381223201751709,2851.2490234375,0
FedHST,CIFAR100,0.5,0.7,0.9999,149,2.837344994354248,0.2592275335151292,29.2,30,100,2800804,40.46285820007324,40.083003282547,0.3798549175262451,0.37491941452026367,2851.87255859375,0
FedHST,CIFAR100,0.5,0.7,0.9999,150,2.8167736343383787,0.2611289945269774,29.47,23,100,2800804,30.23305034637451,29.91514825820923,0.3179020881652832,0.31241464614868164,2851.87255859375,0
FedHST,CIFAR100,0.5,0.7,0.9999,151,2.804625952529907,0.26523427405702227,29.91,21,100,2800804,28.136703968048096,27.834584712982178,0.30211925506591797,0.29630279541015625,2851.87255859375,0
FedHST,CIFAR100,0.5,0.7,0.9999,152,2.820447894668579,0.2594467055096931,29.38,21,100,2800804,28.86742067337036,28.57158589363098,0.2958347797393799,0.289764404296875,2851.87255859375,0
FedHST,CIFAR100,0.5,0.7,0.9999,153,2.8371833950042724,0.2534841625840961,28.53,21,100,2800804,29.37916588783264,29.095436811447144,0.28372907638549805,0.2786557674407959,2851.87255859375,0
FedHST,CIFAR100,0.5,0.7,0.9999,154,2.803059938430786,0.26669474493491835,29.66,25,100,2800804,32.703587770462036,32.348097801208496,0.35548996925354004,0.34955358505249023,2851.87255859375,0
FedHST,CIFAR100,0.5,0.7,0.9999,155,2.7817007835388186,0.2714456582581171,30.2,26,100,2800804,33.93212532997131,33.56908988952637,0.3630354404449463,0.35713696479797363,2851.87255859375,0
FedHST,CIFAR100,0.5,0.7,0.9999,156,2.8064080699920653,0.26481458812050135,29.88,21,100,2800804,28.1261146068573,27.838263511657715,0.28785109519958496,0.28271913528442383,2851.87255859375,0
FedHST,CIFAR100,0.5,0.7,0.9999,157,2.800704005432129,0.26900417000827387,30.1,26,100,2800804,34.87374258041382,34.53619337081909,0.33754920959472656,0.33178281784057617,2851.87255859375,0
FedHST,CIFAR100,0.5,0.7,0.9999,158,2.780067830657959,0.27704322180773355,30.78,23,100,2800804,31.847903728485107,31.543081283569336,0.3048224449157715,0.29888200759887695,2851.87255859375,0
FedHST,CIFAR100,0.5,0.7,0.9999,159,2.7511062629699707,0.28007069932385864,31.56,25,100,2800804,32.233588218688965,31.88407278060913,0.349515438079834,0.34361910820007324,2851.87255859375,0
FedHST,CIFAR100,0.5,0.7,0.9999,160,2.7462306228637696,0.28130679911687706,31.58,27,100,2800804,35.861552000045776,35.51954364776611,0.3420083522796631,0.33696794509887695,2851.87255859375,0
FedHST,CIFAR100,0.5,0.7,0.9999,161,2.75354662399292,0.27541611522125314,30.93,24,100,2800804,32.30294466018677,31.976428747177124,0.32651591300964355,0.32089710235595703,2851.87255859375,0
FedHST,CIFAR100,0.5,0.7,0.9999,162,2.739661867523193,0.28257699578928724,31.09,21,100,2800804,28.366618633270264,28.058152437210083,0.30846619606018066,0.303058385848999,2851.87255859375,0
FedHST,CIFAR100,0.5,0.7,0.9999,163,2.7004538803100586,0.2835531983351692,31.88,27,100,2800804,37.56788873672485,37.18421936035156,0.383669376373291,0.3778800964355469,2851.87255859375,0
FedHST,CIFAR100,0.5,0.7,0.9999,164,2.718150503540039,0.2704593063730984,31.21,25,100,2800804,34.72418546676636,34.37335133552551,0.3508341312408447,0.3450140953063965,2851.87255859375,0
FedHST,CIFAR100,0.5,0.7,0.9999,165,2.6902332344055178,0.2911278808073297,32.12,25,100,2800804,34.96378135681152,34.59921884536743,0.3645625114440918,0.3565530776977539,2851.87255859375,0
FedHST,CIFAR100,0.5,0.7,0.9999,166,2.6878427867889405,0.30475668512346754,32.74,27,100,2800804,36.77601909637451,36.41211438179016,0.3639047145843506,0.3576316833496094,2851.87255859375,0
FedHST,CIFAR100,0.5,0.7,0.9999,167,2.6660539905548095,0.29744071991193194,32.62,29,100,2800804,38.456462383270264,38.06672263145447,0.3897397518157959,0.3842935562133789,2851.87255859375,0
FedHST,CIFAR100,0.5,0.7,0.9999,168,2.6647228672027587,0.2976275918045596,33.0,21,100,2800804,28.957387447357178,28.649472951889038,0.30791449546813965,0.30130767822265625,2851.87255859375,0
FedHST,CIFAR100,0.5,0.7,0.9999,169,2.6645470008850096,0.30253632738366926,32.75,24,100,2800804,32.00318264961243,31.66455316543579,0.33862948417663574,0.33309364318847656,2851.87255859375,0
FedHST,CIFAR100,0.5,0.7,0.9999,170,2.6530226417541503,0.30363846909719316,33.12,29,100,2800804,38.43969106674194,38.0549795627594,0.38471150398254395,0.37848877906799316,2851.87255859375,0
FedHST,CIFAR100,0.5,0.7,0.9999,171,2.656294719696045,0.2969074992798005,32.68,20,100,2800804,26.75552725791931,26.467347621917725,0.2881796360015869,0.28269171714782715,2851.87255859375,0
FedHST,CIFAR100,0.5,0.7,0.9999,172,2.627049300765991,0.30537439205831635,33.52,28,100,2800804,38.843769788742065,38.44488763809204,0.3988821506500244,0.39310550689697266,2851.87255859375,0
FedHST,CIFAR100,0.5,0.7,0.9999,173,2.6346250011444092,0.30464760557355325,33.63,24,100,2800804,31.653913259506226,31.315842866897583,0.3380703926086426,0.3324129581451416,2851.87255859375,0
FedHST,CIFAR100,0.5,0.7,0.9999,174,2.6322727039337157,0.3055576798004223,33.55,24,100,2800804,32.86721992492676,32.54529356956482,0.3219263553619385,0.3168954849243164,2851.87255859375,0
FedHST,CIFAR100,0.5,0.7,0.9999,175,2.605416637802124,0.3058496928852639,33.71,22,100,2800804,29.403438568115234,29.10670518875122,0.29673337936401367,0.2912724018096924,2851.87255859375,0
FedHST,CIFAR100,0.5,0.7,0.9999,176,2.602366421127319,0.3104316250007797,33.89,29,100,2800804,38.36697745323181,37.96962308883667,0.3973543643951416,0.3913109302520752,2851.87255859375,0
FedHST,CIFAR100,0.5,0.7,0.9999,177,2.5973480239868163,0.3188114475607848,34.37,20,100,2800804,26.066773653030396,25.786432027816772,0.28034162521362305,0.2747206687927246,2851.87255859375,0
FedHST,CIFAR100,0.5,0.7,0.9999,178,2.5761968978881837,0.3172039331050963,34.36,22,100,2800804,29.272276878356934,28.95823907852173,0.3140377998352051,0.3084268569946289,2851.87255859375,0
FedHST,CIFAR100,0.5,0.7,0.9999,179,2.5456545303344726,0.32300474031279935,34.98,28,100,2800804,38.620423316955566,38.23015093803406,0.3902723789215088,0.38413548469543457,2851.87255859375,0
FedHST,CIFAR100,0.5,0.7,0.9999,180,2.5537857135772706,0.3298946712088254,35.22,24,100,2800804,31.525928735733032,31.170668601989746,0.35526013374328613,0.3493313789367676,2851.87255859375,0
FedHST,CIFAR100,0.5,0.7,0.9999,181,2.541871766281128,0.3259540177549383,35.18,27,100,2800804,34.999433517456055,34.62904739379883,0.37038612365722656,0.3643498420715332,2851.87255859375,0
FedHST,CIFAR100,0.5,0.7,0.9999,182,2.5273093704223633,0.32400659937740217,35.36,27,100,2800804,36.92493414878845,36.54535222053528,0.37958192825317383,0.3736133575439453,2851.87255859375,0
FedHST,CIFAR100,0.5,0.7,0.9999,183,2.505571281814575,0.3301819329552934,35.66,30,100,2800804,39.01101875305176,38.623268127441406,0.38775062561035156,0.3823680877685547,2851.87255859375,0
FedHST,CIFAR100,0.5,0.7,0.9999,184,2.5020437808990477,0.3345056637313547,35.93,22,100,2800804,29.425281286239624,29.132232904434204,0.2930483818054199,0.2877779006958008,2851.87255859375,0
FedHST,CIFAR100,0.5,0.7,0.9999,185,2.4655748096466064,0.34196988397353567,36.74,27,100,2800804,36.979509353637695,36.581955671310425,0.3975536823272705,0.39130282402038574,2851.87255859375,0
FedHST,CIFAR100,0.5,0.7,0.9999,186,2.470008240890503,0.34331143416216947,36.96,29,100,2800804,39.73418402671814,39.346630811691284,0.38755321502685547,0.382404088973999,2851.87255859375,0
FedHST,CIFAR100,0.5,0.7,0.9999,187,2.4703863471984864,0.3418139366275218,36.79,22,100,2800804,28.753304719924927,28.441807746887207,0.3114969730377197,0.30541396141052246,2851.87255859375,0
FedHST,CIFAR100,0.5,0.7,0.9999,188,2.4718723075866698,0.34117297813676856,36.83,25,100,2800804,33.204222202301025,32.85631442070007,0.34790778160095215,0.34201598167419434,2851.87255859375,0
FedHST,CIFAR100,0.5,0.7,0.9999,189,2.463455654144287,0.34377090897912105,36.91,23,100,2800804,30.347649812698364,30.03390645980835,0.31374335289001465,0.30802345275878906,2851.87255859375,0
FedHST,CIFAR100,0.5,0.7,0.9999,190,2.4445525630950926,0.342866361284318,36.87,29,100,2800804,38.59903073310852,38.20118689537048,0.3978438377380371,0.3923332691192627,2851.87255859375,0
FedHST,CIFAR100,0.5,0.7,0.9999,191,2.4370871212005616,0.34712658738282826,37.35,30,100,2800804,39.69416666030884,39.27822470664978,0.4159419536590576,0.4098074436187744,2854.3759765625,0
FedHST,CIFAR100,0.5,0.7,0.9999,192,2.4510681510925294,0.3506191107127153,37.13,20,100,2800804,27.55752182006836,27.273128509521484,0.284393310546875,0.27852845191955566,2854.3759765625,0
FedHST,CIFAR100,0.5,0.7,0.9999,193,2.414984860610962,0.35543849408802713,37.74,29,100,2800804,37.52237248420715,37.11641573905945,0.4059567451477051,0.400493860244751,2854.3759765625,0
FedHST,CIFAR100,0.5,0.7,0.9999,194,2.413663312911987,0.3475415928670518,37.62,20,100,2800804,27.01122498512268,26.73219609260559,0.27902889251708984,0.2728140354156494,2854.3759765625,0
FedHST,CIFAR100,0.5,0.7,0.9999,195,2.4180056911468504,0.34571428277108346,37.38,20,100,2800804,27.19222331047058,26.926838874816895,0.2653844356536865,0.2597391605377197,2854.3759765625,0
FedHST,CIFAR100,0.5,0.7,0.9999,196,2.431142660140991,0.3404081982208001,36.76,23,100,2800804,31.511611700057983,31.19789695739746,0.31371474266052246,0.307387113571167,2854.3759765625,0
FedHST,CIFAR100,0.5,0.7,0.9999,197,2.416733246231079,0.34837489966798707,37.52,20,100,2800804,25.616437911987305,25.328596591949463,0.2878413200378418,0.2824416160583496,2854.3759765625,0
FedHST,CIFAR100,0.5,0.7,0.9999,198,2.367174447631836,0.35976708253937967,38.54,27,100,2800804,35.76803469657898,35.388338565826416,0.3796961307525635,0.3737475872039795,2854.3759765625,0
FedHST,CIFAR100,0.5,0.7,0.9999,199,2.358954734802246,0.3623168330347537,38.82,22,100,2800804,29.391655683517456,29.08031725883484,0.3113384246826172,0.3049623966217041,2854.3759765625,0
FedHST,CIFAR100,0.5,0.7,0.9999,200,2.3838707653045654,0.35208216620219035,37.8,30,100,2800804,40.182395696640015,39.801623821258545,0.3807718753814697,0.37424230575561523,2854.3759765625,0
FedHST,CIFAR100,0.5,0.7,0.9999,201,2.363418214416504,0.36756672484644315,38.75,20,100,2800804,27.776705503463745,27.48136615753174,0.29533934593200684,0.28827786445617676,2854.3759765625,0
FedHST,CIFAR100,0.5,0.7,0.9999,202,2.3668608386993406,0.3571433493453224,38.11,20,100,2800804,27.748446464538574,27.448597192764282,0.299849271774292,0.2943112850189209,2854.3759765625,0
FedHST,CIFAR100,0.5,0.7,0.9999,203,2.3420542282104493,0.3684148863488697,39.24,25,100,2800804,33.43148446083069,33.11623740196228,0.3152470588684082,0.30988287925720215,2854.3759765625,0
FedHST,CIFAR100,0.5,0.7,0.9999,204,2.3106993045806883,0.3736062705764164,39.94,26,100,2800804,36.087823152542114,35.754825592041016,0.33299756050109863,0.3284435272216797,2854.3759765625,0
FedHST,CIFAR100,0.5,0.7,0.9999,205,2.3406194007873533,0.3755057936360921,39.9,20,100,2800804,28.04812240600586,27.769539833068848,0.2785825729370117,0.2729151248931885,2854.3759765625,0
FedHST,CIFAR100,0.5,0.7,0.9999,206,2.303495641708374,0.3778936765408622,40.14,27,100,2800804,35.72491645812988,35.37103343009949,0.3538830280303955,0.34845852851867676,2854.3759765625,0
FedHST,CIFAR100,0.5,0.7,0.9999,207,2.301790928268433,0.37347487919010797,39.8,29,100,2800804,40.06917691230774,39.67116022109985,0.39801669120788574,0.3923466205596924,2854.3759765625,0
FedHST,CIFAR100,0.5,0.7,0.9999,208,2.2885851806640627,0.37697264663046476,39.67,20,100,2800804,27.600834131240845,27.3145694732666,0.28626465797424316,0.28028368949890137,2854.3759765625,0
FedHST,CIFAR100,0.5,0.7,0.9999,209,2.306159966659546,0.3709635711865905,39.31,26,100,2800804,35.468735456466675,35.10204887390137,0.3666865825653076,0.3602015972137451,2854.3759765625,0
FedHST,CIFAR100,0.5,0.7,0.9999,210,2.2917686218261717,0.3782224872219123,40.26,22,100,2800804,29.21258234977722,28.91960644721985,0.29297590255737305,0.2867929935455322,2854.3759765625,0
FedHST,CIFAR100,0.5,0.7,0.9999,211,2.260339306640625,0.38834351333338857,41.06,27,100,2800804,37.009377002716064,36.64797759056091,0.36139941215515137,0.35570406913757324,2854.3759765625,0
FedHST,CIFAR100,0.5,0.7,0.9999,212,2.2410283624649048,0.3994632869490601,41.48,21,100,2800804,29.994537115097046,29.693774461746216,0.3007626533508301,0.2948596477508545,2854.3759765625,0
FedHST,CIFAR100,0.5,0.7,0.9999,213,2.2517311838150023,0.3934692459580306,41.15,21,100,2800804,27.969412326812744,27.691660165786743,0.277752161026001,0.2721438407897949,2854.3759765625,0
FedHST,CIFAR100,0.5,0.7,0.9999,214,2.26547705078125,0.3797215034257047,40.18,25,100,2800804,32.40732526779175,32.059277057647705,0.34804821014404297,0.34244489669799805,2854.3759765625,0
FedHST,CIFAR100,0.5,0.7,0.9999,215,2.240397361755371,0.3872582936221043,40.87,24,100,2800804,31.97653889656067,31.634889125823975,0.34164977073669434,0.3360474109649658,2854.3759765625,0
FedHST,CIFAR100,0.5,0.7,0.9999,216,2.247222273826599,0.38862765392303944,40.67,22,100,2800804,31.146713733673096,30.83981466293335,0.3068990707397461,0.3011908531188965,2854.3759765625,0
FedHST,CIFAR100,0.5,0.7,0.9999,217,2.2259498949050904,0.3915257605391118,41.34,22,100,2800804,31.291552305221558,30.9763503074646,0.315201997756958,0.3089156150817871,2854.3759765625,0
FedHST,CIFAR100,0.5,0.7,0.9999,218,2.2155620788574217,0.3957555789538441,41.77,25,100,2800804,35.18039083480835,34.8129198551178,0.36747097969055176,0.36118364334106445,2854.3759765625,0
FedHST,CIFAR100,0.5,0.7,0.9999,219,2.192220762252808,0.39943576400271424,41.9,20,100,2800804,28.593941688537598,28.28763437271118,0.306307315826416,0.3001594543457031,2854.3759765625,0
FedHST,CIFAR100,0.5,0.7,0.9999,220,2.192969655227661,0.4108467134833566,42.58,29,100,2800804,41.11095833778381,40.703073263168335,0.4078850746154785,0.4020199775695801,2854.3759765625,0
FedHST,CIFAR100,0.5,0.7,0.9999,221,2.1663802389144897,0.4143497459371194,43.1,26,100,2800804,37.61743640899658,37.22825908660889,0.3891773223876953,0.382889986038208,2854.3759765625,0
FedHST,CIFAR100,0.5,0.7,0.9999,222,2.1489014579772947,0.40727496983109696,42.6,23,100,2800804,32.87730097770691,32.54526376724243,0.33203721046447754,0.3263578414916992,2854.3759765625,0
FedHST,CIFAR100,0.5,0.7,0.9999,223,2.148160824394226,0.40888360574638427,42.92,26,100,2800804,35.63520812988281,35.231910705566406,0.40329742431640625,0.39659643173217773,2854.3759765625,0
FedHST,CIFAR100,0.5,0.7,0.9999,224,2.1233898056030274,0.41546956263314877,43.71,20,100,2800804,28.05550241470337,27.747220039367676,0.30828237533569336,0.3022763729095459,2854.3759765625,0
FedHST,CIFAR100,0.5,0.7,0.9999,225,2.1234664211273193,0.412622832230112,43.56,23,100,2800804,32.33956432342529,32.00562119483948,0.33394312858581543,0.32782697677612305,2854.3759765625,0
FedHST,CIFAR100,0.5,0.7,0.9999,226,2.128334744644165,0.4107452868361198,43.18,20,100,2800804,27.639320850372314,27.367677688598633,0.27164316177368164,0.2657279968261719,2854.3759765625,0
FedHST,CIFAR100,0.5,0.7,0.9999,227,2.1336289110183717,0.41573967410427687,43.42,26,100,2800804,35.690210580825806,35.322006940841675,0.36820363998413086,0.36217379570007324,2854.3759765625,0
FedHST,CIFAR100,0.5,0.7,0.9999,228,2.1101442514419557,0.42783379483421946,44.62,27,100,2800804,38.52062439918518,38.114017963409424,0.40660643577575684,0.40089964866638184,2854.3759765625,0
FedHST,CIFAR100,0.5,0.7,0.9999,229,2.105194350242615,0.41890950699414425,43.92,24,100,2800804,34.30721473693848,33.959892988204956,0.3473217487335205,0.34081125259399414,2854.3759765625,0
FedHST,CIFAR100,0.5,0.7,0.9999,230,2.09031026134491,0.4236509648651681,44.31,21,100,2800804,29.34778618812561,29.03588628768921,0.31189990043640137,0.30565309524536133,2854.3759765625,0
FedHST,CIFAR100,0.5,0.7,0.9999,231,2.0971142976760864,0.425687172906621,43.95,24,100,2800804,34.37765383720398,34.01824975013733,0.3594040870666504,0.352921724319458,2854.3759765625,0
FedHST,CIFAR100,0.5,0.7,0.9999,232,2.089939500236511,0.429800606624554,44.45,24,100,2800804,32.02495741844177,31.672768354415894,0.3521890640258789,0.34616923332214355,2854.3759765625,0
FedHST,CIFAR100,0.5,0.7,0.9999,233,2.08038091545105,0.4236977048726882,44.32,30,100,2800804,41.87960505485535,41.468719244003296,0.4108858108520508,0.4052145481109619,2854.3759765625,0
FedHST,CIFAR100,0.5,0.7,0.9999,234,2.072247714614868,0.4226625738865343,44.32,22,100,2800804,30.451007843017578,30.150572776794434,0.30043506622314453,0.29488611221313477,2854.3759765625,0
FedHST,CIFAR100,0.5,0.7,0.9999,235,2.063815672492981,0.4332218867906785,45.02,21,100,2800804,29.777823448181152,29.47053837776184,0.3072850704193115,0.3017861843109131,2854.3759765625,0
FedHST,CIFAR100,0.5,0.7,0.9999,236,2.0951651401519777,0.4281590063277448,44.6,20,100,2800804,26.987990856170654,26.697869062423706,0.29012179374694824,0.283583402633667,2854.3759765625,0
FedHST,CIFAR100,0.5,0.7,0.9999,237,2.0598734397888183,0.43048550116250056,44.93,26,100,2800804,35.5636420249939,35.1781702041626,0.38547182083129883,0.37967705726623535,2854.3759765625,0
FedHST,CIFAR100,0.5,0.7,0.9999,238,2.0382318984985353,0.43347795220064056,45.27,27,100,2800804,37.76512551307678,37.37632942199707,0.3887960910797119,0.3834660053253174,2854.3759765625,0
FedHST,CIFAR100,0.5,0.7,0.9999,239,2.0219551658630373,0.449431910044915,46.3,24,100,2800804,33.70813298225403,33.370887756347656,0.33724522590637207,0.3316650390625,2854.3759765625,0
FedHST,CIFAR100,0.5,0.7,0.9999,240,2.0308974504470827,0.44160244410902577,45.65,23,100,2800804,32.41336131095886,32.08317995071411,0.330181360244751,0.3253931999206543,2854.3759765625,0
FedHST,CIFAR100,0.5,0.7,0.9999,241,2.019456512069702,0.4481658641056782,45.97,23,100,2800804,32.48672604560852,32.13827180862427,0.34845423698425293,0.3425271511077881,2854.3759765625,0
FedHST,CIFAR100,0.5,0.7,0.9999,242,1.9879773378372192,0.4530870353249303,46.62,24,100,2800804,33.528974771499634,33.18914484977722,0.3398299217224121,0.3340187072753906,2854.3759765625,0
FedHST,CIFAR100,0.5,0.7,0.9999,243,1.9947834182739257,0.44854467079738064,46.42,21,100,2800804,29.409634351730347,29.10355305671692,0.30608129501342773,0.3003811836242676,2854.3759765625,0
FedHST,CIFAR100,0.5,0.7,0.9999,244,1.9910430812835693,0.44776131297903193,46.5,29,100,2800804,40.25561785697937,39.84403395652771,0.41158390045166016,0.4059453010559082,2854.3759765625,0
FedHST,CIFAR100,0.5,0.7,0.9999,245,2.0127573835372923,0.4500877492590589,46.36,25,100,2800804,35.92305779457092,35.56053066253662,0.36252713203430176,0.3568282127380371,2854.3759765625,0
FedHST,CIFAR100,0.5,0.7,0.9999,246,1.9725353548049926,0.45276715747416896,46.88,28,100,2800804,39.157567501068115,38.736846923828125,0.42072057723999023,0.41414499282836914,2854.3759765625,0
FedHST,CIFAR100,0.5,0.7,0.9999,247,1.974768751525879,0.44725552194918355,46.55,23,100,2800804,33.292470932006836,32.97410821914673,0.3183627128601074,0.3121650218963623,2854.3759765625,0
FedHST,CIFAR100,0.5,0.7,0.9999,248,1.9559810049057007,0.45394786132629505,47.17,28,100,2800804,38.85240602493286,38.4426155090332,0.4097905158996582,0.40398454666137695,2854.3759765625,0
FedHST,CIFAR100,0.5,0.7,0.9999,249,1.9862107652664185,0.4515916890038759,46.41,21,100,2800804,30.111799478530884,29.806195497512817,0.3056039810180664,0.29957151412963867,2854.3759765625,0
FedHST,CIFAR100,0.5,0.7,0.9999,250,1.9462673614501953,0.4658813620152432,47.97,25,100,2800804,35.0920684337616,34.74312233924866,0.34894609451293945,0.34345221519470215,2854.3759765625,0
FedHST,CIFAR100,0.5,0.7,0.9999,251,1.9531026081085205,0.4569498632338598,47.13,21,100,2800804,29.17101263999939,28.85523271560669,0.3157799243927002,0.30974721908569336,2854.3759765625,0
FedHST,CIFAR100,0.5,0.7,0.9999,252,1.9289888156890869,0.46219665476307265,47.78,22,100,2800804,31.18967580795288,30.86805033683777,0.3216254711151123,0.31608152389526367,2854.3759765625,0
FedHST,CIFAR100,0.5,0.7,0.9999,253,1.9104776294708252,0.47378166771215335,48.68,29,100,2800804,41.298431396484375,40.86725044250488,0.4311809539794922,0.4249892234802246,2854.3759765625,0
FedHST,CIFAR100,0.5,0.7,0.9999,254,1.9328658094406128,0.47029526020323126,47.88,22,100,2800804,30.07846474647522,29.77263307571411,0.3058316707611084,0.2997095584869385,2854.3759765625,0
FedHST,CIFAR100,0.5,0.7,0.9999,255,1.9171576501846312,0.4640625376345677,47.85,25,100,2800804,33.93804717063904,33.60054540634155,0.33750176429748535,0.33157944679260254,2854.3759765625,0
FedHST,CIFAR100,0.5,0.7,0.9999,256,1.920554521560669,0.45910340438090214,47.97,21,100,2800804,27.87442946434021,27.584476232528687,0.28995323181152344,0.2846500873565674,2854.3759765625,0
FedHST,CIFAR100,0.5,0.7,0.9999,257,1.893971706390381,0.47035862893288494,48.62,29,100,2800804,39.41801929473877,39.01414370536804,0.40387558937072754,0.397916316986084,2854.3759765625,0
FedHST,CIFAR100,0.5,0.7,0.9999,258,1.909246160697937,0.4654187463803205,47.67,27,100,2800804,36.5545871257782,36.18964099884033,0.3649461269378662,0.3600013256072998,2854.3759765625,0
FedHST,CIFAR100,0.5,0.7,0.9999,259,1.8873914455413818,0.4785346841157494,49.0,20,100,2800804,27.42503046989441,27.13208818435669,0.2929422855377197,0.28760218620300293,2854.3759765625,0
FedHST,CIFAR100,0.5,0.7,0.9999,260,1.8913817916870117,0.46934823357573585,48.57,23,100,2800804,31.884868383407593,31.552533626556396,0.3323347568511963,0.3266627788543701,2854.3759765625,0
FedHST,CIFAR100,0.5,0.7,0.9999,261,1.867622494506836,0.4762844360791831,49.0,24,100,2800804,33.75308418273926,33.418118953704834,0.33496522903442383,0.32920193672180176,2854.3759765625,0
FedHST,CIFAR100,0.5,0.7,0.9999,262,1.8404108573913573,0.4839477178584115,49.76,29,100,2800804,39.1050591468811,38.70010781288147,0.4049513339996338,0.3993723392486572,2854.3759765625,0
FedHST,CIFAR100,0.5,0.7,0.9999,263,1.836840592765808,0.48673956152834863,49.83,25,100,2800804,33.85437083244324,33.49225735664368,0.36211347579956055,0.35600709915161133,2854.3759765625,0
FedHST,CIFAR100,0.5,0.7,0.9999,264,1.8508681297302245,0.48290536419757146,49.61,21,100,2800804,30.18587327003479,29.88992738723755,0.2959458827972412,0.2903470993041992,2854.3759765625,0
FedHST,CIFAR100,0.5,0.7,0.9999,265,1.851139689064026,0.47868517004948397,49.39,25,100,2800804,34.556758880615234,34.22966933250427,0.3270895481109619,0.32178330421447754,2854.3759765625,0
FedHST,CIFAR100,0.5,0.7,0.9999,266,1.826409412384033,0.4845655177215783,49.85,24,100,2800804,32.529253244400024,32.186466455459595,0.3427867889404297,0.3371763229370117,2854.3759765625,0
FedHST,CIFAR100,0.5,0.7,0.9999,267,1.805027476501465,0.4990981465723636,51.24,25,100,2800804,34.48797130584717,34.13448357582092,0.3534877300262451,0.3473782539367676,2854.3759765625,0
FedHST,CIFAR100,0.5,0.7,0.9999,268,1.803536061668396,0.500162986322996,50.99,29,100,2800804,40.5861759185791,40.2188618183136,0.36731410026550293,0.3615121841430664,2854.3759765625,0
FedHST,CIFAR100,0.5,0.7,0.9999,269,1.82067632522583,0.4848023364689201,49.88,20,100,2800804,26.336300373077393,26.05144429206848,0.28485608100891113,0.278698205947876,2854.3759765625,0
FedHST,CIFAR100,0.5,0.7,0.9999,270,1.8081572687149048,0.48296963709187984,49.8,23,100,2800804,30.95540142059326,30.61702799797058,0.33837342262268066,0.33187222480773926,2854.3759765625,0
FedHST,CIFAR100,0.5,0.7,0.9999,271,1.8002094058990479,0.4972574024169672,51.05,29,100,2800804,39.863460302352905,39.459949254989624,0.40351104736328125,0.39752912521362305,2854.3759765625,0
FedHST,CIFAR100,0.5,0.7,0.9999,272,1.7842984355926514,0.49928124467171564,51.32,23,100,2800804,31.2860746383667,30.952139616012573,0.333935022354126,0.3285493850708008,2854.3759765625,0
FedHST,CIFAR100,0.5,0.7,0.9999,273,1.781409870147705,0.5002486927356092,51.23,29,100,2800804,39.79410696029663,39.38533926010132,0.4087677001953125,0.40362548828125,2854.3759765625,0
FedHST,CIFAR100,0.5,0.7,0.9999,274,1.7770651977539063,0.4939930458581309,50.82,28,100,2800804,38.00206685066223,37.64214468002319,0.3599221706390381,0.3546717166900635,2854.3759765625,0
FedHST,CIFAR100,0.5,0.7,0.9999,275,1.7717390224456786,0.4984976151734547,51.2,24,100,2800804,32.649235248565674,32.28633713722229,0.3628981113433838,0.35716986656188965,2854.3759765625,0
FedHST,CIFAR100,0.5,0.7,0.9999,276,1.74148623046875,0.5115519469218488,52.4,28,100,2800804,37.69507336616516,37.3068573474884,0.3882160186767578,0.382476806640625,2854.3759765625,0
FedHST,CIFAR100,0.5,0.7,0.9999,277,1.7565698652267456,0.5095855098538133,51.9,25,100,2800804,33.90204358100891,33.5651319026947,0.336911678314209,0.33127617835998535,2854.3759765625,0
FedHST,CIFAR100,0.5,0.7,0.9999,278,1.759932855987549,0.5061663748562584,51.58,24,100,2800804,32.48021364212036,32.14601755142212,0.3341960906982422,0.32894444465637207,2854.3759765625,0
FedHST,CIFAR100,0.5,0.7,0.9999,279,1.7587686719894409,0.5030654820503905,51.48,20,100,2800804,27.322500944137573,27.019509077072144,0.3029918670654297,0.2965421676635742,2854.3759765625,0
FedHST,CIFAR100,0.5,0.7,0.9999,280,1.7441440711975098,0.5093422083426029,51.86,29,100,2800804,38.951690673828125,38.52503800392151,0.4266526699066162,0.4211399555206299,2854.3759765625,0
FedHST,CIFAR100,0.5,0.7,0.9999,281,1.7587164918899536,0.5051016136101729,51.75,20,100,2800804,27.02272629737854,26.736955642700195,0.2857706546783447,0.2800028324127197,2854.3759765625,0
FedHST,CIFAR100,0.5,0.7,0.9999,282,1.7412017734527587,0.5031076952136404,51.71,30,100,2800804,40.98283338546753,40.562002420425415,0.42083096504211426,0.41486287117004395,2854.3759765625,0
FedHST,CIFAR100,0.5,0.7,0.9999,283,1.7121886283874512,0.5154322099195418,52.68,28,100,2800804,38.293383836746216,37.91734552383423,0.3760383129119873,0.370316743850708,2854.3759765625,0
FedHST,CIFAR100,0.5,0.7,0.9999,284,1.7199779787063598,0.5133477098569891,52.67,21,100,2800804,28.87901258468628,28.60089349746704,0.2781190872192383,0.27278995513916016,2854.3759765625,0
FedHST,CIFAR100,0.5,0.7,0.9999,285,1.7145569366455078,0.5109414972109573,52.35,24,100,2800804,31.765684127807617,31.438905000686646,0.3267791271209717,0.32153940200805664,2854.3759765625,0
FedHST,CIFAR100,0.5,0.7,0.9999,286,1.7072938686370849,0.5117726209110449,52.35,23,100,2800804,30.82271122932434,30.500412464141846,0.3222987651824951,0.31653833389282227,2854.3759765625,0
FedHST,CIFAR100,0.5,0.7,0.9999,287,1.6982604030609132,0.5135036027948366,52.59,29,100,2800804,40.86332654953003,40.46744441986084,0.39588212966918945,0.3899655342102051,2854.3759765625,0
FedHST,CIFAR100,0.5,0.7,0.9999,288,1.6927691396713256,0.5229204127110819,53.38,22,100,2800804,30.67375421524048,30.36564874649048,0.30810546875,0.3023955821990967,2854.3759765625,0
FedHST,CIFAR100,0.5,0.7,0.9999,289,1.6939337768554688,0.5261416568905782,53.37,24,100,2800804,32.38270711898804,32.050243616104126,0.33246350288391113,0.3274695873260498,2854.3759765625,0
FedHST,CIFAR100,0.5,0.7,0.9999,290,1.7231043630599976,0.5130813542853985,52.23,21,100,2800804,29.490697860717773,29.19019651412964,0.30050134658813477,0.2948577404022217,2854.3759765625,0
FedHST,CIFAR100,0.5,0.7,0.9999,291,1.6877091583251953,0.5182356278360476,52.98,21,100,2800804,27.746328353881836,27.479239463806152,0.2670888900756836,0.2618570327758789,2854.3759765625,0
FedHST,CIFAR100,0.5,0.7,0.9999,292,1.69387483253479,0.5221507983380707,53.36,22,100,2800804,30.343034505844116,30.016555786132812,0.3264787197113037,0.3211181163787842,2854.3759765625,0
FedHST,CIFAR100,0.5,0.7,0.9999,293,1.6741472835540772,0.5209562648490043,53.36,28,100,2800804,37.57998609542847,37.2074134349823,0.372572660446167,0.3666393756866455,2854.3759765625,0
FedHST,CIFAR100,0.5,0.7,0.9999,294,1.6827415252685547,0.5193787704799095,53.23,22,100,2800804,30.26420283317566,29.93127155303955,0.3329312801361084,0.3272066116333008,2854.3759765625,0
FedHST,CIFAR100,0.5,0.7,0.9999,295,1.6571264446258545,0.5292130634064514,53.88,26,100,2800804,35.86490297317505,35.51512885093689,0.3497741222381592,0.3439803123474121,2854.3759765625,0
FedHST,CIFAR100,0.5,0.7,0.9999,296,1.6375915843963622,0.5370494972216494,54.33,25,100,2800804,33.38631224632263,33.066591024398804,0.3197212219238281,0.3145129680633545,2854.3759765625,0
FedHST,CIFAR100,0.5,0.7,0.9999,297,1.6334370685577393,0.5370795465482858,54.7,24,100,2800804,33.35869240760803,33.017691135406494,0.3410012722015381,0.33508896827697754,2854.3759765625,0
FedHST,CIFAR100,0.5,0.7,0.9999,298,1.6444621866226197,0.5344720934241122,54.55,27,100,2800804,36.70370078086853,36.33058834075928,0.37311244010925293,0.3676328659057617,2854.3759765625,0
FedHST,CIFAR100,0.5,0.7,0.9999,299,1.6351569742202758,0.5331138165463453,54.46,23,100,2800804,31.35670495033264,31.019256353378296,0.3374485969543457,0.33197593688964844,2854.3759765625,0
FedHST,CIFAR100,0.5,0.7,0.9999,300,1.6175135236740112,0.5427316812665333,55.27,25,100,2800804,33.78392767906189,33.459216356277466,0.32471132278442383,0.319988489151001,2854.3759765625,0
FedHST,CIFAR100,0.5,0.7,0.9999,301,1.6208150135040282,0.5380464570312553,54.98,27,100,2800804,36.82163858413696,36.472453594207764,0.3491849899291992,0.3436403274536133,2854.3759765625,0
FedHST,CIFAR100,0.5,0.7,0.9999,302,1.6555624925613404,0.5273564676072674,53.85,21,100,2800804,26.936046361923218,26.663159370422363,0.2728869915008545,0.26697707176208496,2854.3759765625,0
FedHST,CIFAR100,0.5,0.7,0.9999,303,1.62454193649292,0.5352428678225861,54.56,24,100,2800804,31.734772205352783,31.425419092178345,0.3093531131744385,0.30388617515563965,2854.3759765625,0
FedHST,CIFAR100,0.5,0.7,0.9999,304,1.6105884428024293,0.5395274326875547,54.85,23,100,2800804,30.425002336502075,30.11242985725403,0.3125724792480469,0.30758118629455566,2854.3759765625,0
FedHST,CIFAR100,0.5,0.7,0.9999,305,1.6123537492752076,0.5396128097397783,54.96,22,100,2800804,28.697019338607788,28.4131019115448,0.2839174270629883,0.2787051200866699,2854.3759765625,0
FedHST,CIFAR100,0.5,0.7,0.9999,306,1.6396379066467286,0.5331371954261472,54.47,22,100,2800804,27.943973064422607,27.653803825378418,0.29016923904418945,0.28519296646118164,2854.3759765625,0
FedHST,CIFAR100,0.5,0.7,0.9999,307,1.6118292484283447,0.5299101088738456,53.99,24,100,2800804,30.98779320716858,30.657217025756836,0.33057618141174316,0.3251023292541504,2854.3759765625,0
FedHST,CIFAR100,0.5,0.7,0.9999,308,1.5789956634521485,0.5478027012977857,55.91,25,100,2800804,33.984148263931274,33.65767574310303,0.32647252082824707,0.3211393356323242,2854.3759765625,0
FedHST,CIFAR100,0.5,0.7,0.9999,309,1.5666757026672364,0.5521308183912509,56.21,26,100,2800804,34.59692311286926,34.24704670906067,0.34987640380859375,0.3446066379547119,2854.3759765625,0
FedHST,CIFAR100,0.5,0.7,0.9999,310,1.5642309484481811,0.5541761537749682,56.36,29,100,2800804,38.277653217315674,37.89823293685913,0.37942028045654297,0.3733494281768799,2854.3759765625,0
FedHST,CIFAR100,0.5,0.7,0.9999,311,1.5882570896148682,0.5462000990955482,55.62,24,100,2800804,32.56599473953247,32.206639528274536,0.35935521125793457,0.353010892868042,2854.3759765625,0
FedHST,CIFAR100,0.5,0.7,0.9999,312,1.5777804031372071,0.5493012162274696,55.81,25,100,2800804,35.76326107978821,35.38947248458862,0.37378859519958496,0.36771535873413086,2854.3759765625,0
FedHST,CIFAR100,0.5,0.7,0.9999,313,1.5746259923934935,0.5476142287773624,55.59,22,100,2800804,31.93525242805481,31.594515562057495,0.34073686599731445,0.3346412181854248,2854.3759765625,0
FedHST,CIFAR100,0.5,0.7,0.9999,314,1.547912409210205,0.5562338319340894,56.63,27,100,2800804,39.01982402801514,38.66421723365784,0.3556067943572998,0.3478119373321533,2854.3759765625,0
FedHST,CIFAR100,0.5,0.7,0.9999,315,1.5773322679519652,0.5460208848479988,55.61,24,100,2800804,35.77947402000427,35.43778371810913,0.3416903018951416,0.33481931686401367,2854.3759765625,0
FedHST,CIFAR100,0.5,0.7,0.9999,316,1.55632100315094,0.5465206049955929,55.88,30,100,2800804,44.98121237754822,44.543100118637085,0.4381122589111328,0.4321014881134033,2854.3759765625,0
FedHST,CIFAR100,0.5,0.7,0.9999,317,1.534766215133667,0.5540263339331336,56.65,26,100,2800804,39.97399139404297,39.57971477508545,0.39427661895751953,0.38660645484924316,2854.3759765625,0
FedHST,CIFAR100,0.5,0.7,0.9999,318,1.5558173488616944,0.5490984480877382,56.39,25,100,2800804,38.51671481132507,38.14523267745972,0.37148213386535645,0.3649768829345703,2854.3759765625,0
FedHST,CIFAR100,0.5,0.7,0.9999,319,1.5322801408767701,0.5583686466223577,56.96,30,100,2800804,42.65957832336426,42.22638940811157,0.43318891525268555,0.4267406463623047,2854.3759765625,0
FedHST,CIFAR100,0.5,0.7,0.9999,320,1.5260715671539307,0.5594797291173382,56.87,24,100,2800804,32.327372789382935,32.00445914268494,0.32291364669799805,0.31740450859069824,2854.3759765625,0
FedHST,CIFAR100,0.5,0.7,0.9999,321,1.5036148376464844,0.5659590316696669,57.57,24,100,2800804,30.526021003723145,30.19652485847473,0.3294961452484131,0.3242983818054199,2854.3759765625,0
FedHST,CIFAR100,0.5,0.7,0.9999,322,1.509334460067749,0.5599163334075536,57.06,29,100,2800804,39.48410248756409,39.03389263153076,0.4502098560333252,0.4434835910797119,2854.3759765625,0
FedHST,CIFAR100,0.5,0.7,0.9999,323,1.5121668176651002,0.5648729866063008,57.28,29,100,2800804,38.48380923271179,38.1080117225647,0.3757975101470947,0.36947202682495117,2854.3759765625,0
FedHST,CIFAR100,0.5,0.7,0.9999,324,1.5060201745986939,0.5684997074169478,57.62,28,100,2800804,37.91451716423035,37.53271460533142,0.3818025588989258,0.37660789489746094,2854.3759765625,0
FedHST,CIFAR100,0.5,0.7,0.9999,325,1.4942368013381957,0.5720592872822824,58.12,30,100,2800804,41.063058853149414,40.66167736053467,0.4013814926147461,0.3950021266937256,2854.3759765625,0
FedHST,CIFAR100,0.5,0.7,0.9999,326,1.4972123403549193,0.5734141973115842,58.2,28,100,2800804,37.646721839904785,37.27633881568909,0.37038302421569824,0.3647587299346924,2854.3759765625,0
FedHST,CIFAR100,0.5,0.7,0.9999,327,1.5165014627456666,0.565768170961959,57.44,22,100,2800804,29.72277307510376,29.420746088027954,0.30202698707580566,0.2966766357421875,2854.3759765625,0
FedHST,CIFAR100,0.5,0.7,0.9999,328,1.5026054176330566,0.5653900314400151,57.56,24,100,2800804,32.859031200408936,32.52063226699829,0.33839893341064453,0.3328433036804199,2854.3759765625,0
FedHST,CIFAR100,0.5,0.7,0.9999,329,1.49440689163208,0.5670186183131193,57.57,30,100,2800804,41.72866153717041,41.29516863822937,0.43349289894104004,0.42675089836120605,2854.3759765625,0
FedHST,CIFAR100,0.5,0.7,0.9999,330,1.4673051158905028,0.580192573645905,58.87,28,100,2800804,37.94113302230835,37.540117025375366,0.4010159969329834,0.39499735832214355,2854.3759765625,0
FedHST,CIFAR100,0.5,0.7,0.9999,331,1.495045581817627,0.5708568435501522,58.03,25,100,2800804,34.602670431137085,34.269413232803345,0.33325719833374023,0.3278508186340332,2854.3759765625,0
FedHST,CIFAR100,0.5,0.7,0.9999,332,1.4762086528778076,0.5741427137769388,58.18,22,100,2800804,29.62456512451172,29.308080434799194,0.3164846897125244,0.3108785152435303,2854.3759765625,0
FedHST,CIFAR100,0.5,0.7,0.9999,333,1.4736082344055175,0.5784168578896369,58.33,30,100,2800804,39.699902296066284,39.292287826538086,0.40761446952819824,0.4017636775970459,2854.3759765625,0
FedHST,CIFAR100,0.5,0.7,0.9999,334,1.4916979955673217,0.5734705169134637,58.08,22,100,2800804,28.97066903114319,28.69303584098816,0.2776331901550293,0.2723114490509033,2854.3759765625,0
FedHST,CIFAR100,0.5,0.7,0.9999,335,1.471703906440735,0.5767846579091634,58.76,21,100,2800804,27.567583560943604,27.2738938331604,0.2936897277832031,0.28851318359375,2854.3759765625,0
FedHST,CIFAR100,0.5,0.7,0.9999,336,1.4648233449935912,0.5784985832701605,58.78,29,100,2800804,38.116788148880005,37.74684262275696,0.3699455261230469,0.36517333984375,2854.3759765625,0
FedHST,CIFAR100,0.5,0.7,0.9999,337,1.4678628797531128,0.5758341351233602,58.26,28,100,2800804,38.16977548599243,37.77837657928467,0.39139890670776367,0.38617539405822754,2854.3759765625,0
FedHST,CIFAR100,0.5,0.7,0.9999,338,1.453429396057129,0.5829256764301413,58.96,27,100,2800804,36.66493463516235,36.28672504425049,0.37820959091186523,0.37273716926574707,2854.3759765625,0
FedHST,CIFAR100,0.5,0.7,0.9999,339,1.4429563886642456,0.5778272508179526,58.82,30,100,2800804,40.38253712654114,39.96936774253845,0.41316938400268555,0.40816497802734375,2855.060546875,0
FedHST,CIFAR100,0.5,0.7,0.9999,340,1.4431863498687745,0.5760076026266033,58.76,21,100,2800804,29.430870294570923,29.123955965042114,0.3069143295288086,0.3012208938598633,2855.060546875,0
FedHST,CIFAR100,0.5,0.7,0.9999,341,1.4366457553863525,0.5812395147094913,58.95,25,100,2800804,35.40230441093445,35.06593942642212,0.3363649845123291,0.3309202194213867,2855.060546875,0
FedHST,CIFAR100,0.5,0.7,0.9999,342,1.4690928062438964,0.5786971029079571,58.44,27,100,2800804,36.072309732437134,35.699865102767944,0.37244462966918945,0.3663928508758545,2855.060546875,0
FedHST,CIFAR100,0.5,0.7,0.9999,343,1.456698151397705,0.5770048000333983,58.58,25,100,2800804,33.812995195388794,33.45615911483765,0.35683608055114746,0.3507850170135498,2855.060546875,0
FedHST,CIFAR100,0.5,0.7,0.9999,344,1.4420418954849243,0.583173045043713,59.32,29,100,2800804,40.11574840545654,39.72093439102173,0.39481401443481445,0.3890960216522217,2855.060546875,0
FedHST,CIFAR100,0.5,0.7,0.9999,345,1.4242711479187011,0.5936115963495875,59.96,25,100,2800804,34.682716846466064,34.33793830871582,0.34477853775024414,0.3394477367401123,2855.060546875,0
FedHST,CIFAR100,0.5,0.7,0.9999,346,1.4315546815872193,0.5884098435428202,59.4,22,100,2800804,31.634795904159546,31.342505931854248,0.29228997230529785,0.28713393211364746,2855.060546875,0
FedHST,CIFAR100,0.5,0.7,0.9999,347,1.4489616575241089,0.5814694304255646,58.87,22,100,2800804,30.32822322845459,30.01117181777954,0.31705141067504883,0.31107211112976074,2855.060546875,0
FedHST,CIFAR100,0.5,0.7,0.9999,348,1.434189872932434,0.5803881396081906,58.84,27,100,2800804,37.287418365478516,36.908695459365845,0.3787229061126709,0.3725242614746094,2855.060546875,0
FedHST,CIFAR100,0.5,0.7,0.9999,349,1.4308655118942262,0.5864299200228712,59.43,29,100,2800804,38.68506693840027,38.29524564743042,0.38982129096984863,0.3844156265258789,2855.060546875,0
FedHST,CIFAR100,0.5,0.7,0.9999,350,1.412862989616394,0.5879672710657019,59.65,29,100,2800804,39.7020468711853,39.304362058639526,0.39768481254577637,0.39189934730529785,2855.060546875,0
FedHST,CIFAR100,0.5,0.7,0.9999,351,1.4142244512557984,0.5908857746376649,59.73,26,100,2800804,37.05577516555786,36.68537211418152,0.3704030513763428,0.3645815849304199,2855.060546875,0
FedHST,CIFAR100,0.5,0.7,0.9999,352,1.417351827430725,0.5884991311399386,59.61,20,100,2800804,28.058818578720093,27.78142547607422,0.277393102645874,0.27080607414245605,2855.060546875,0
FedHST,CIFAR100,0.5,0.7,0.9999,353,1.4129694997787476,0.5920788287599742,59.93,26,100,2800804,37.06231379508972,36.6890606880188,0.37325310707092285,0.3673281669616699,2855.060546875,0
FedHST,CIFAR100,0.5,0.7,0.9999,354,1.4105985452651977,0.5960578650830456,60.28,20,100,2800804,28.72964859008789,28.432103157043457,0.2975454330444336,0.2916147708892822,2855.060546875,0
FedHST,CIFAR100,0.5,0.7,0.9999,355,1.4170377376556396,0.5892318334441417,59.7,24,100,2800804,33.783071994781494,33.438743591308594,0.3443284034729004,0.3386824131011963,2855.060546875,0
FedHST,CIFAR100,0.5,0.7,0.9999,356,1.399834458732605,0.5903017846954856,59.93,30,100,2800804,42.34169125556946,41.938350677490234,0.40334057807922363,0.39759373664855957,2855.060546875,0
FedHST,CIFAR100,0.5,0.7,0.9999,357,1.395339654159546,0.5917050362426552,59.94,22,100,2800804,31.410757541656494,31.085981607437134,0.32477593421936035,0.31849193572998047,2855.060546875,0
FedHST,CIFAR100,0.5,0.7,0.9999,358,1.3875003484725952,0.5987981639422212,60.47,26,100,2800804,36.650516986846924,36.27612352371216,0.3743934631347656,0.36803483963012695,2855.060546875,0
FedHST,CIFAR100,0.5,0.7,0.9999,359,1.3948606498718261,0.6002760081650497,60.71,27,100,2800804,36.513826847076416,36.11882448196411,0.3950023651123047,0.3881211280822754,2855.060546875,0
FedHST,CIFAR100,0.5,0.7,0.9999,360,1.3865586025238037,0.5941497484789032,60.2,21,100,2800804,30.179558277130127,29.872392892837524,0.30716538429260254,0.30107641220092773,2855.060546875,0
FedHST,CIFAR100,0.5,0.7,0.9999,361,1.389384772491455,0.5973986180693457,60.62,22,100,2800804,30.310102939605713,29.971749544143677,0.33835339546203613,0.3313274383544922,2855.060546875,0
FedHST,CIFAR100,0.5,0.7,0.9999,362,1.374335390472412,0.6041955893464123,60.95,23,100,2800804,32.602938413619995,32.26555943489075,0.33737897872924805,0.33123135566711426,2855.060546875,0
FedHST,CIFAR100,0.5,0.7,0.9999,363,1.3636742233276367,0.6078827933212269,61.18,29,100,2800804,41.50438046455383,41.08917212486267,0.4152083396911621,0.40921497344970703,2855.060546875,0
FedHST,CIFAR100,0.5,0.7,0.9999,364,1.359578974533081,0.6026480654826593,60.83,23,100,2800804,33.09544038772583,32.75958561897278,0.33585476875305176,0.3302607536315918,2855.060546875,0
FedHST,CIFAR100,0.5,0.7,0.9999,365,1.3637633302688599,0.6058260004781579,61.32,22,100,2800804,30.771769762039185,30.442712783813477,0.329056978225708,0.3231337070465088,2855.060546875,0
FedHST,CIFAR100,0.5,0.7,0.9999,366,1.354668416595459,0.6103266985862096,61.54,22,100,2800804,30.72877860069275,30.41345715522766,0.3153214454650879,0.30951905250549316,2855.060546875,0
FedHST,CIFAR100,0.5,0.7,0.9999,367,1.355446079826355,0.6108504016496523,61.57,30,100,2800804,41.646036863327026,41.19665455818176,0.44938230514526367,0.4433553218841553,2855.060546875,0
FedHST,CIFAR100,0.5,0.7,0.9999,368,1.3507798261642456,0.6091041721037843,61.52,27,100,2800804,37.88316488265991,37.512101888656616,0.3710629940032959,0.3656737804412842,2855.060546875,0
FedHST,CIFAR100,0.5,0.7,0.9999,369,1.35313685836792,0.6003840797530211,60.88,29,100,2800804,39.62881898880005,39.21712851524353,0.41169047355651855,0.4053013324737549,2855.060546875,0
FedHST,CIFAR100,0.5,0.7,0.9999,370,1.3391998235702514,0.6064382494208698,61.38,29,100,2800804,39.365716218948364,38.956706047058105,0.4090101718902588,0.40282750129699707,2855.060546875,0
FedHST,CIFAR100,0.5,0.7,0.9999,371,1.330421658706665,0.6148290392147021,62.01,28,100,2800804,39.657397508621216,39.235899925231934,0.4214975833892822,0.4154634475708008,2855.060546875,0
FedHST,CIFAR100,0.5,0.7,0.9999,372,1.3481863115310668,0.6063993179863032,61.23,25,100,2800804,36.10132575035095,35.727476596832275,0.37384915351867676,0.36820554733276367,2855.060546875,0
FedHST,CIFAR100,0.5,0.7,0.9999,373,1.339000280380249,0.607335646558445,61.45,26,100,2800804,35.2392475605011,34.86658596992493,0.3726615905761719,0.3673062324523926,2855.060546875,0
FedHST,CIFAR100,0.5,0.7,0.9999,374,1.3381058893203734,0.6106011367906323,61.57,26,100,2800804,36.15920090675354,35.784733295440674,0.3744676113128662,0.36846375465393066,2855.060546875,0
FedHST,CIFAR100,0.5,0.7,0.9999,375,1.3524037609100341,0.6026530548065048,60.9,28,100,2800804,40.14600396156311,39.7404043674469,0.40559959411621094,0.3996901512145996,2855.060546875,0
FedHST,CIFAR100,0.5,0.7,0.9999,376,1.368327220726013,0.6020880541815226,60.7,20,100,2800804,27.647682666778564,27.354092836380005,0.29358983039855957,0.2878406047821045,2855.060546875,0
FedHST,CIFAR100,0.5,0.7,0.9999,377,1.3447846975326538,0.6100494920184206,61.48,30,100,2800804,42.461222887039185,42.03317070007324,0.4280521869659424,0.4211156368255615,2855.060546875,0
FedHST,CIFAR100,0.5,0.7,0.9999,378,1.3415981281280518,0.6081507723387712,61.46,25,100,2800804,35.64144253730774,35.278483390808105,0.3629591464996338,0.357175350189209,2855.060546875,0
FedHST,CIFAR100,0.5,0.7,0.9999,379,1.3435399965286254,0.605856448851352,61.21,21,100,2800804,29.444504261016846,29.13424062728882,0.31026363372802734,0.3041203022003174,2855.060546875,0
FedHST,CIFAR100,0.5,0.7,0.9999,380,1.340862802886963,0.6060243194827223,61.22,22,100,2800804,29.91542339324951,29.603034496307373,0.31238889694213867,0.3073880672454834,2855.060546875,0
FedHST,CIFAR100,0.5,0.7,0.9999,381,1.3471259384155274,0.6064672643241475,61.32,22,100,2800804,30.39239263534546,30.06855297088623,0.3238396644592285,0.3177318572998047,2855.060546875,0
FedHST,CIFAR100,0.5,0.7,0.9999,382,1.3178507234573364,0.619206762688993,62.42,28,100,2800804,39.63783001899719,39.2340247631073,0.4038052558898926,0.39789581298828125,2855.060546875,0
FedHST,CIFAR100,0.5,0.7,0.9999,383,1.341361375427246,0.613170457315197,61.67,26,100,2800804,36.62594795227051,36.259931802749634,0.366016149520874,0.360522985458374,2855.060546875,0
FedHST,CIFAR100,0.5,0.7,0.9999,384,1.3180921838760375,0.619244661563979,62.36,27,100,2800804,37.093499422073364,36.71261024475098,0.3808891773223877,0.37516212463378906,2855.060546875,0
FedHST,CIFAR100,0.5,0.7,0.9999,385,1.3207971364974975,0.6139833531737555,62.03,22,100,2800804,31.51133441925049,31.180988788604736,0.33034563064575195,0.3245208263397217,2855.060546875,0
FedHST,CIFAR100,0.5,0.7,0.9999,386,1.34636856842041,0.6066425831485298,61.35,21,100,2800804,28.70624303817749,28.380151510238647,0.3260915279388428,0.32029151916503906,2855.060546875,0
FedHST,CIFAR100,0.5,0.7,0.9999,387,1.3354515686035155,0.6060791894889074,61.39,30,100,2800804,41.85684299468994,41.413254261016846,0.4435887336730957,0.4372282028198242,2855.060546875,0
FedHST,CIFAR100,0.5,0.7,0.9999,388,1.3374558769226075,0.6077695788877714,61.5,29,100,2800804,39.88261294364929,39.4559051990509,0.42670774459838867,0.42012858390808105,2855.060546875,0
FedHST,CIFAR100,0.5,0.7,0.9999,389,1.3125860424041749,0.6113257902204972,61.69,20,100,2800804,27.48000741004944,27.188202381134033,0.2918050289154053,0.2863643169403076,2855.060546875,0
FedHST,CIFAR100,0.5,0.7,0.9999,390,1.3273338651657105,0.6108742725655268,61.64,21,100,2800804,29.687024354934692,29.38634705543518,0.3006772994995117,0.29520535469055176,2855.060546875,0
FedHST,CIFAR100,0.5,0.7,0.9999,391,1.3149342775344848,0.6177347491402264,62.28,24,100,2800804,33.24094581604004,32.89321279525757,0.3477330207824707,0.3417477607727051,2855.060546875,0
FedHST,CIFAR100,0.5,0.7,0.9999,392,1.3287444654464722,0.6125415429110824,62.06,21,100,2800804,29.487565755844116,29.18454098701477,0.3030247688293457,0.2971367835998535,2855.060546875,0
FedHST,CIFAR100,0.5,0.7,0.9999,393,1.3255596702575683,0.6159371005025596,62.14,30,100,2800804,41.67401885986328,41.276450634002686,0.3975682258605957,0.391953706741333,2855.37255859375,0
FedHST,CIFAR100,0.5,0.7,0.9999,394,1.291625926399231,0.6279067032788506,63.08,30,100,2800804,41.70512080192566,41.2680242061615,0.43709659576416016,0.4305593967437744,2855.37255859375,0
FedHST,CIFAR100,0.5,0.7,0.9999,395,1.2983340385437012,0.6254271679124863,62.86,22,100,2800804,29.96715021133423,29.6791033744812,0.28804683685302734,0.28244996070861816,2855.37255859375,0
FedHST,CIFAR100,0.5,0.7,0.9999,396,1.297142219543457,0.6249965341938988,63.04,24,100,2800804,32.0420606136322,31.729113817214966,0.31294679641723633,0.3076772689819336,2855.37255859375,0
FedHST,CIFAR100,0.5,0.7,0.9999,397,1.3061379592895508,0.6181204367217434,62.48,28,100,2800804,36.587952613830566,36.183592319488525,0.404360294342041,0.39892029762268066,2855.37255859375,0
FedHST,CIFAR100,0.5,0.7,0.9999,398,1.2986052085876465,0.6198566977280521,62.56,21,100,2800804,28.984919548034668,28.70070791244507,0.2842116355895996,0.27829623222351074,2855.37255859375,0
FedHST,CIFAR100,0.5,0.7,0.9999,399,1.288114771270752,0.6268194416080402,63.14,30,100,2800804,40.930511474609375,40.53758931159973,0.39292216300964355,0.3872110843658447,2855.37255859375,0
FedHST,CIFAR100,0.5,0.7,0.9999,400,1.2812646894454955,0.6310735868736843,63.56,28,100,2800804,37.44694209098816,37.04555106163025,0.40139102935791016,0.394852876663208,2855.37255859375,0
FedHST,CIFAR100,0.5,0.7,0.9999,401,1.302853380393982,0.6250398514617883,63.07,20,100,2800804,27.452367544174194,27.17634081840515,0.27602672576904297,0.2702014446258545,2855.37255859375,0
FedHST,CIFAR100,0.5,0.7,0.9999,402,1.3015653984069824,0.6228933087604633,62.82,23,100,2800804,30.435786962509155,30.099722623825073,0.33606433868408203,0.3303205966949463,2855.37255859375,0
FedHST,CIFAR100,0.5,0.7,0.9999,403,1.2898995740890502,0.6244527256630641,62.9,26,100,2800804,35.0847384929657,34.73395395278931,0.3507845401763916,0.3450496196746826,2855.37255859375,0
FedHST,CIFAR100,0.5,0.7,0.9999,404,1.2810601602554321,0.6269617690222631,63.35,21,100,2800804,28.602356672286987,28.311562061309814,0.29079461097717285,0.2850213050842285,2855.37255859375,0
FedHST,CIFAR100,0.5,0.7,0.9999,405,1.345023643875122,0.6138819196330612,61.94,20,100,2800804,26.855982065200806,26.56683039665222,0.289151668548584,0.2831840515136719,2855.37255859375,0
FedHST,CIFAR100,0.5,0.7,0.9999,406,1.3173659049987794,0.6217365385081977,62.59,27,100,2800804,35.59212779998779,35.225862979888916,0.36626482009887695,0.3607308864593506,2855.37255859375,0
FedHST,CIFAR100,0.5,0.7,0.9999,407,1.2764054885864258,0.6312789685868286,63.64,25,100,2800804,32.241047382354736,31.909550428390503,0.3314969539642334,0.3252272605895996,2855.37255859375,0
FedHST,CIFAR100,0.5,0.7,0.9999,408,1.291369696044922,0.624238014415582,62.77,24,100,2800804,31.351508378982544,31.021862030029297,0.32964634895324707,0.32436108589172363,2855.37255859375,0
FedHST,CIFAR100,0.5,0.7,0.9999,409,1.2639300340652466,0.6291589671118283,63.31,22,100,2800804,29.572160959243774,29.29251217842102,0.2796487808227539,0.27462339401245117,2855.37255859375,0
FedHST,CIFAR100,0.5,0.7,0.9999,410,1.2715423904418945,0.6344171904977686,63.74,24,100,2800804,32.92196249961853,32.62819170951843,0.29377079010009766,0.2887697219848633,2855.37255859375,0
FedHST,CIFAR100,0.5,0.7,0.9999,411,1.265589398574829,0.6298392797824337,63.41,29,100,2800804,39.155200242996216,38.734384059906006,0.42081618309020996,0.41507983207702637,2855.37255859375,0
FedHST,CIFAR100,0.5,0.7,0.9999,412,1.2663148427963258,0.6348427511714008,63.79,22,100,2800804,29.805388927459717,29.47597908973694,0.3294098377227783,0.3224315643310547,2855.37255859375,0
FedHST,CIFAR100,0.5,0.7,0.9999,413,1.2807300441741942,0.621124377240287,62.68,20,100,2800804,28.416711568832397,28.121200799942017,0.29551076889038086,0.289536714553833,2855.37255859375,0
FedHST,CIFAR100,0.5,0.7,0.9999,414,1.283303667831421,0.6249517545823781,63.2,27,100,2800804,36.966564893722534,36.58527588844299,0.381289005279541,0.375812292098999,2855.37255859375,0
FedHST,CIFAR100,0.5,0.7,0.9999,415,1.2978036724090576,0.6224306105099974,62.86,21,100,2800804,28.514324426651,28.209171772003174,0.30515265464782715,0.29923582077026367,2855.37255859375,0
FedHST,CIFAR100,0.5,0.7,0.9999,416,1.2669631710052491,0.6337429303457733,63.77,25,100,2800804,34.009154319763184,33.660547733306885,0.34860658645629883,0.3426177501678467,2855.37255859375,0
FedHST,CIFAR100,0.5,0.7,0.9999,417,1.2511108659744263,0.6332475104408704,63.73,20,100,2800804,27.314691066741943,27.041675090789795,0.27301597595214844,0.2662186622619629,2855.37255859375,0
FedHST,CIFAR100,0.5,0.7,0.9999,418,1.2512771751403808,0.6287484547115159,63.46,28,100,2800804,38.37077212333679,37.9773371219635,0.393435001373291,0.3871750831604004,2855.37255859375,0
FedHST,CIFAR100,0.5,0.7,0.9999,419,1.2560053909301758,0.6318280512186302,63.72,26,100,2800804,34.91508960723877,34.53527545928955,0.37981414794921875,0.3742966651916504,2855.37255859375,0
FedHST,CIFAR100,0.5,0.7,0.9999,420,1.2611086051940918,0.6317252054179234,63.69,26,100,2800804,35.640652656555176,35.30110549926758,0.33954715728759766,0.33411073684692383,2855.37255859375,0
FedHST,CIFAR100,0.5,0.7,0.9999,421,1.2563744663238525,0.6327154006983476,63.91,27,100,2800804,36.23648977279663,35.86289834976196,0.37359142303466797,0.367856502532959,2855.37255859375,0
FedHST,CIFAR100,0.5,0.7,0.9999,422,1.267804076385498,0.6293088626017389,63.76,21,100,2800804,28.45220923423767,28.158879041671753,0.29333019256591797,0.28723812103271484,2855.37255859375,0
FedHST,CIFAR100,0.5,0.7,0.9999,423,1.246529704284668,0.6351029671466979,64.05,29,100,2800804,38.37578821182251,37.97951292991638,0.39627528190612793,0.38982176780700684,2855.37255859375,0
FedHST,CIFAR100,0.5,0.7,0.9999,424,1.237128134727478,0.6418357979753847,64.49,30,100,2800804,41.20630145072937,40.79141449928284,0.4148869514465332,0.40846824645996094,2855.37255859375,0
FedHST,CIFAR100,0.5,0.7,0.9999,425,1.26631446685791,0.633601395740536,63.74,26,100,2800804,34.716474533081055,34.355159282684326,0.3613152503967285,0.3550732135772705,2855.37255859375,0
FedHST,CIFAR100,0.5,0.7,0.9999,426,1.2594416088104248,0.6386257695421562,64.41,22,100,2800804,30.52505612373352,30.219347715377808,0.3057084083557129,0.2986772060394287,2855.37255859375,0
FedHST,CIFAR100,0.5,0.7,0.9999,427,1.2228756574630737,0.6407036663652478,64.66,29,100,2800804,40.73185467720032,40.32395792007446,0.4078967571258545,0.4021177291870117,2855.37255859375,0
FedHST,CIFAR100,0.5,0.7,0.9999,428,1.2409707218170165,0.6350724204360013,63.9,22,100,2800804,32.80060148239136,32.46411919593811,0.33648228645324707,0.3297240734100342,2855.37255859375,0
FedHST,CIFAR100,0.5,0.7,0.9999,429,1.2329972980499269,0.6413042367033888,64.57,20,100,2800804,28.30458354949951,28.00893235206604,0.2956511974334717,0.2883915901184082,2855.37255859375,0
FedHST,CIFAR100,0.5,0.7,0.9999,430,1.2245776386260987,0.6434748577236732,64.86,30,100,2800804,42.1591100692749,41.73912858963013,0.4199814796447754,0.41369009017944336,2855.37255859375,0
FedHST,CIFAR100,0.5,0.7,0.9999,431,1.2280450813293458,0.642014098789846,64.71,29,100,2800804,38.38418912887573,37.99660015106201,0.3875889778137207,0.38199353218078613,2855.37255859375,0
FedHST,CIFAR100,0.5,0.7,0.9999,432,1.2295767463684082,0.6429233335830989,64.83,23,100,2800804,30.550541400909424,30.203569173812866,0.3469722270965576,0.3408799171447754,2855.37255859375,0
FedHST,CIFAR100,0.5,0.7,0.9999,433,1.218288639831543,0.6428460362705402,64.76,28,100,2800804,38.42506170272827,38.05582070350647,0.36924099922180176,0.362748384475708,2855.37255859375,0
FedHST,CIFAR100,0.5,0.7,0.9999,434,1.2395904790878296,0.640546674805863,64.33,25,100,2800804,33.26226830482483,32.94246959686279,0.31979870796203613,0.31504130363464355,2855.37255859375,0
FedHST,CIFAR100,0.5,0.7,0.9999,435,1.2286601428985595,0.6440250279145036,64.74,28,100,2800804,37.50143003463745,37.10546398162842,0.3959660530090332,0.3903994560241699,2855.37255859375,0
FedHST,CIFAR100,0.5,0.7,0.9999,436,1.2341254049301147,0.6371376595669591,64.3,23,100,2800804,31.3833065032959,31.05886220932007,0.3244442939758301,0.31776928901672363,2855.37255859375,0
FedHST,CIFAR100,0.5,0.7,0.9999,437,1.21371805229187,0.6402574089921118,64.71,29,100,2800804,38.75800704956055,38.32639670372009,0.4316103458404541,0.4256258010864258,2855.37255859375,0
FedHST,CIFAR100,0.5,0.7,0.9999,438,1.2211195444107055,0.6433387368942555,65.06,23,100,2800804,31.05852460861206,30.75116205215454,0.30736255645751953,0.30164599418640137,2855.37255859375,0
FedHST,CIFAR100,0.5,0.7,0.9999,439,1.2113462713241576,0.6466947450299816,65.06,25,100,2800804,32.68592119216919,32.37318515777588,0.31273603439331055,0.3071613311767578,2855.37255859375,0
FedHST,CIFAR100,0.5,0.7,0.9999,440,1.225220193862915,0.6417906782946073,64.72,28,100,2800804,37.948139667510986,37.581629514694214,0.36651015281677246,0.3613300323486328,2855.37255859375,0
FedHST,CIFAR100,0.5,0.7,0.9999,441,1.2159052867889404,0.6429077958335134,64.86,27,100,2800804,34.714887380599976,34.36849641799927,0.346390962600708,0.3413271903991699,2855.37255859375,0
FedHST,CIFAR100,0.5,0.7,0.9999,442,1.2327176641464233,0.6370265002166791,64.37,23,100,2800804,29.786104917526245,29.471523761749268,0.31458115577697754,0.3091545104980469,2855.37255859375,0
FedHST,CIFAR100,0.5,0.7,0.9999,443,1.2104540128707886,0.6501493858666307,65.34,27,100,2800804,35.29667258262634,34.93951606750488,0.35715651512145996,0.35191917419433594,2855.37255859375,0
FedHST,CIFAR100,0.5,0.7,0.9999,444,1.2039354093551635,0.6524728875586702,65.58,23,100,2800804,29.29956030845642,29.006938695907593,0.2926216125488281,0.2876260280609131,2855.37255859375,0
FedHST,CIFAR100,0.5,0.7,0.9999,445,1.2012558015823365,0.6517965849275527,65.59,26,100,2800804,34.289231061935425,33.91363215446472,0.3755989074707031,0.3697361946105957,2855.37255859375,0
FedHST,CIFAR100,0.5,0.7,0.9999,446,1.214089991760254,0.6439695461414477,65.01,21,100,2800804,27.849051475524902,27.555639505386353,0.2934119701385498,0.2877635955810547,2855.37255859375,0
FedHST,CIFAR100,0.5,0.7,0.9999,447,1.2099881103515624,0.646491969813501,65.32,25,100,2800804,33.905508041381836,33.57876682281494,0.32674121856689453,0.3211543560028076,2855.37255859375,0
FedHST,CIFAR100,0.5,0.7,0.9999,448,1.2178814630508423,0.6466267329681322,65.27,20,100,2800804,26.917695999145508,26.64719271659851,0.27050328254699707,0.2648653984069824,2855.37255859375,0
FedHST,CIFAR100,0.5,0.7,0.9999,449,1.2214669044494628,0.6449068357249642,65.05,30,100,2800804,39.84733963012695,39.451175928115845,0.3961637020111084,0.39089012145996094,2855.37255859375,0
FedHST,CIFAR100,0.5,0.7,0.9999,450,1.215085157775879,0.6471737928078367,65.13,29,100,2800804,39.66429018974304,39.246989250183105,0.4173009395599365,0.41059398651123047,2855.37255859375,0
FedHST,CIFAR100,0.5,0.7,0.9999,451,1.1903803665161132,0.6580175848516113,65.97,27,100,2800804,34.51791429519653,34.16948938369751,0.34842491149902344,0.3427751064300537,2855.37255859375,0
FedHST,CIFAR100,0.5,0.7,0.9999,452,1.1977788284301758,0.6530494204868623,65.61,30,100,2800804,38.8787317276001,38.486624240875244,0.3921074867248535,0.38629770278930664,2855.37255859375,0
FedHST,CIFAR100,0.5,0.7,0.9999,453,1.2093288070678712,0.6491721445895073,65.34,23,100,2800804,29.98873519897461,29.687026977539062,0.3017082214355469,0.29489922523498535,2855.37255859375,0
FedHST,CIFAR100,0.5,0.7,0.9999,454,1.2037574321746827,0.6519333175483467,65.63,28,100,2800804,37.61700892448425,37.2534613609314,0.36354756355285645,0.35834646224975586,2855.37255859375,0
FedHST,CIFAR100,0.5,0.7,0.9999,455,1.1888057205200195,0.658478285681553,66.16,30,100,2800804,40.668628215789795,40.25316834449768,0.41545987129211426,0.4101736545562744,2855.37255859375,0
FedHST,CIFAR100,0.5,0.7,0.9999,456,1.1911880277633666,0.657155037297697,66.12,26,100,2800804,35.396642208099365,35.040627002716064,0.3560152053833008,0.3507874011993408,2855.37255859375,0
FedHST,CIFAR100,0.5,0.7,0.9999,457,1.1941930154800415,0.6528759754859504,65.9,22,100,2800804,28.832563877105713,28.53353190422058,0.29903197288513184,0.29360008239746094,2855.37255859375,0
FedHST,CIFAR100,0.5,0.7,0.9999,458,1.2056103051185607,0.6495244940334932,65.48,26,100,2800804,34.16875600814819,33.82814121246338,0.34061479568481445,0.3350496292114258,2855.37255859375,0
FedHST,CIFAR100,0.5,0.7,0.9999,459,1.214755955505371,0.645860564042631,64.99,21,100,2800804,28.57841682434082,28.27862524986267,0.2997915744781494,0.29395604133605957,2855.37255859375,0
FedHST,CIFAR100,0.5,0.7,0.9999,460,1.1997906627655028,0.6522917708003665,65.48,21,100,2800804,27.73665952682495,27.459085702896118,0.277573823928833,0.27185964584350586,2855.37255859375,0
FedHST,CIFAR100,0.5,0.7,0.9999,461,1.1873319608688355,0.655600729064551,65.77,25,100,2800804,33.75517988204956,33.40092158317566,0.35425829887390137,0.3484315872192383,2855.37255859375,0
FedHST,CIFAR100,0.5,0.7,0.9999,462,1.1931598718643188,0.654112492678042,65.71,29,100,2800804,38.77223873138428,38.38129186630249,0.3909468650817871,0.38517093658447266,2855.37255859375,0
FedHST,CIFAR100,0.5,0.7,0.9999,463,1.1826341516494752,0.6563142740578237,66.0,29,100,2800804,39.935465574264526,39.537418365478516,0.39804720878601074,0.39201903343200684,2855.37255859375,0
FedHST,CIFAR100,0.5,0.7,0.9999,464,1.1893541982650757,0.6596138578045418,66.26,25,100,2800804,33.82784366607666,33.49624061584473,0.3316030502319336,0.3261702060699463,2855.37255859375,0
FedHST,CIFAR100,0.5,0.7,0.9999,465,1.1773290916442871,0.6614115753428028,66.48,30,100,2800804,40.188583850860596,39.77913212776184,0.4094517230987549,0.4046015739440918,2855.37255859375,0
FedHST,CIFAR100,0.5,0.7,0.9999,466,1.1833767805099487,0.6611182610535137,66.35,25,100,2800804,32.38380026817322,32.043801069259644,0.3399991989135742,0.33426713943481445,2855.37255859375,0
FedHST,CIFAR100,0.5,0.7,0.9999,467,1.1752488279342652,0.6620451116744114,66.42,24,100,2800804,32.556645154953,32.20701861381531,0.3496265411376953,0.3438422679901123,2855.37255859375,0
FedHST,CIFAR100,0.5,0.7,0.9999,468,1.188114307975769,0.6564550246115719,65.96,20,100,2800804,27.768019676208496,27.47877335548401,0.2892463207244873,0.2834510803222656,2855.37255859375,0
FedHST,CIFAR100,0.5,0.7,0.9999,469,1.2019650413513183,0.6479945834974096,65.34,20,100,2800804,27.316843271255493,27.046255111694336,0.2705881595611572,0.2651040554046631,2855.37255859375,0
FedHST,CIFAR100,0.5,0.7,0.9999,470,1.2007769269943238,0.6500005407649623,65.62,27,100,2800804,36.33579921722412,35.978360176086426,0.3574390411376953,0.35164451599121094,2855.37255859375,0
FedHST,CIFAR100,0.5,0.7,0.9999,471,1.191471688270569,0.6572765284789521,66.05,28,100,2800804,37.529062271118164,37.15479493141174,0.3742673397064209,0.3688976764678955,2855.37255859375,0
FedHST,CIFAR100,0.5,0.7,0.9999,472,1.178043550682068,0.6597641274928366,66.24,21,100,2800804,28.28964352607727,28.012980222702026,0.27666330337524414,0.2707960605621338,2855.37255859375,0
FedHST,CIFAR100,0.5,0.7,0.9999,473,1.2010766081809998,0.6543495852046669,65.75,28,100,2800804,38.21652317047119,37.8139808177948,0.4025423526763916,0.39684295654296875,2855.37255859375,0
FedHST,CIFAR100,0.5,0.7,0.9999,474,1.1873871135711669,0.6582513553945317,66.3,30,100,2800804,39.530205726623535,39.14388036727905,0.3863253593444824,0.38091230392456055,2855.37255859375,0
FedHST,CIFAR100,0.5,0.7,0.9999,475,1.179546150970459,0.6594057763532833,66.38,25,100,2800804,33.625980377197266,33.28661561012268,0.33936476707458496,0.33251023292541504,2855.37255859375,0
FedHST,CIFAR100,0.5,0.7,0.9999,476,1.1650795701980592,0.6637350015223185,66.85,23,100,2800804,31.807313442230225,31.49724292755127,0.3100705146789551,0.3049759864807129,2855.37255859375,0
FedHST,CIFAR100,0.5,0.7,0.9999,477,1.2028876798629762,0.6526212922219818,65.92,22,100,2800804,28.475042819976807,28.17531943321228,0.29972338676452637,0.2940361499786377,2855.37255859375,0
FedHST,CIFAR100,0.5,0.7,0.9999,478,1.1993654757499694,0.6531164322212003,66.03,26,100,2800804,35.157586336135864,34.80959987640381,0.34798645973205566,0.3425564765930176,2855.37255859375,0
FedHST,CIFAR100,0.5,0.7,0.9999,479,1.1860642605781555,0.6586112284508012,66.34,21,100,2800804,28.377493381500244,28.095294713974,0.2821986675262451,0.27660059928894043,2855.37255859375,0
FedHST,CIFAR100,0.5,0.7,0.9999,480,1.1838297754287719,0.6558022948814792,65.95,20,100,2800804,27.837008714675903,27.560631275177002,0.27637743949890137,0.2710137367248535,2855.37255859375,0
FedHST,CIFAR100,0.5,0.7,0.9999,481,1.162015382385254,0.6616062068909574,66.63,29,100,2800804,38.41297483444214,38.020424127578735,0.3925507068634033,0.38702845573425293,2855.37255859375,0
FedHST,CIFAR100,0.5,0.7,0.9999,482,1.1571593774795532,0.6660740964043704,66.93,29,100,2800804,38.830050468444824,38.43545460700989,0.3945958614349365,0.38890910148620605,2855.37255859375,0
FedHST,CIFAR100,0.5,0.7,0.9999,483,1.1684758844375611,0.668675277209713,67.04,25,100,2800804,33.98899817466736,33.63993167877197,0.34906649589538574,0.3435795307159424,2855.37255859375,0
FedHST,CIFAR100,0.5,0.7,0.9999,484,1.1604017919540406,0.6668117618000509,66.9,28,100,2800804,36.40497803688049,36.04479098320007,0.3601870536804199,0.35434436798095703,2855.37255859375,0
FedHST,CIFAR100,0.5,0.7,0.9999,485,1.1665031755447388,0.6654300739642277,66.8,21,100,2800804,27.959935426712036,27.64366054534912,0.31627488136291504,0.3104228973388672,2855.37255859375,0
FedHST,CIFAR100,0.5,0.7,0.9999,486,1.1781740663528442,0.6614969219047288,66.38,22,100,2800804,30.372800827026367,30.072787523269653,0.30001330375671387,0.29414987564086914,2855.37255859375,0
FedHST,CIFAR100,0.5,0.7,0.9999,487,1.194920565032959,0.6535593716042227,65.64,22,100,2800804,28.191447496414185,27.89404273033142,0.29740476608276367,0.29217529296875,2855.37255859375,0
FedHST,CIFAR100,0.5,0.7,0.9999,488,1.1811277490615846,0.6570577928048412,66.07,24,100,2800804,31.530744314193726,31.203163623809814,0.32758069038391113,0.32193970680236816,2855.37255859375,0
FedHST,CIFAR100,0.5,0.7,0.9999,489,1.1734883766174316,0.6563627300071053,66.18,22,100,2800804,30.200270652770996,29.86622953414917,0.33404111862182617,0.32800793647766113,2855.37255859375,0
FedHST,CIFAR100,0.5,0.7,0.9999,490,1.1872811004638673,0.6548568178522979,65.72,21,100,2800804,28.16264009475708,27.861220121383667,0.3014199733734131,0.29572224617004395,2855.37255859375,0
FedHST,CIFAR100,0.5,0.7,0.9999,491,1.174879732322693,0.6612500403805206,66.16,21,100,2800804,27.876323223114014,27.57333493232727,0.30298829078674316,0.2960398197174072,2855.37255859375,0
FedHST,CIFAR100,0.5,0.7,0.9999,492,1.1735354034423828,0.6644831256812708,66.75,21,100,2800804,28.73215341567993,28.425511598587036,0.3066418170928955,0.3006412982940674,2855.37255859375,0
FedHST,CIFAR100,0.5,0.7,0.9999,493,1.1809103691101075,0.6600529003403721,66.55,26,100,2800804,35.99050331115723,35.61576008796692,0.3747432231903076,0.36928534507751465,2855.37255859375,0
FedHST,CIFAR100,0.5,0.7,0.9999,494,1.1820434057235718,0.6579271873896602,66.3,28,100,2800804,38.92172884941101,38.50589466094971,0.4158341884613037,0.40964722633361816,2855.37255859375,0
FedHST,CIFAR100,0.5,0.7,0.9999,495,1.1859130592346192,0.6588682299520551,66.3,29,100,2800804,40.193872928619385,39.76971125602722,0.4241616725921631,0.4176056385040283,2855.37255859375,0
FedHST,CIFAR100,0.5,0.7,0.9999,496,1.184257750892639,0.6601264257411802,66.29,22,100,2800804,30.966859340667725,30.6293785572052,0.3374807834625244,0.3312067985534668,2855.37255859375,0
FedHST,CIFAR100,0.5,0.7,0.9999,497,1.1536714336395264,0.6686269896035212,67.33,28,100,2800804,39.90371513366699,39.493582010269165,0.41013312339782715,0.4043610095977783,2855.37255859375,0
FedHST,CIFAR100,0.5,0.7,0.9999,498,1.1529257596969604,0.6688670526615287,67.27,26,100,2800804,36.28744840621948,35.912713050842285,0.37473535537719727,0.3689284324645996,2855.37255859375,0
FedHST,CIFAR100,0.5,0.7,0.9999,499,1.148186792755127,0.669209581809206,67.38,24,100,2800804,34.74046564102173,34.41364073753357,0.3268249034881592,0.3208785057067871,2855.37255859375,0
FedHST,CIFAR100,0.5,0.7,0.9999,500,1.154737650489807,0.6686419272541956,67.29,24,100,2800804,35.15435981750488,34.79929804801941,0.35506176948547363,0.3491642475128174,2855.37255859375,0
FedHST,CIFAR100,0.5,0.7,0.9999,1,4.656504182434082,0.0001998001998001998,1.0,22,100,2800804,30.444584131240845,30.127918004989624,0.3166661262512207,0.30997657775878906,2744.3623046875,1
FedHST,CIFAR100,0.5,0.7,0.9999,2,4.627304166412354,0.00032440376463040334,1.01,21,100,2800804,29.513810873031616,29.215120315551758,0.2986905574798584,0.2928307056427002,2745.87060546875,1
FedHST,CIFAR100,0.5,0.7,0.9999,3,4.622626768493652,0.0004147003106766689,1.07,24,100,2800804,32.426586389541626,32.09829092025757,0.3282954692840576,0.3227260112762451,2780.25146484375,1
FedHST,CIFAR100,0.5,0.7,0.9999,4,4.622882440185547,0.000407776964535882,1.08,27,100,2800804,38.526095151901245,38.15415644645691,0.37193870544433594,0.36612534523010254,2815.8701171875,1
FedHST,CIFAR100,0.5,0.7,0.9999,5,4.620041004943848,0.00045137870115507004,1.19,30,100,2800804,42.27826952934265,41.845049142837524,0.43322038650512695,0.4270498752593994,2845.9287109375,1
FedHST,CIFAR100,0.5,0.7,0.9999,6,4.621248092651367,0.0007954627566877648,1.3,23,100,2800804,31.999860048294067,31.666653394699097,0.3332066535949707,0.32737231254577637,2845.9287109375,1
FedHST,CIFAR100,0.5,0.7,0.9999,7,4.623858827209473,0.00019801980198019803,1.0,24,100,2800804,33.044851541519165,32.700801610946655,0.34404993057250977,0.33841919898986816,2845.9287109375,1
FedHST,CIFAR100,0.5,0.7,0.9999,8,4.619390533447266,0.00019801980198019803,1.0,25,100,2800804,35.0864315032959,34.73710918426514,0.3493223190307617,0.343641996383667,2845.9287109375,1
FedHST,CIFAR100,0.5,0.7,0.9999,9,4.615707071685791,0.00019811788013868252,1.0,30,100,2800804,42.17095160484314,41.72729277610779,0.44365882873535156,0.43676257133483887,2845.9287109375,1
FedHST,CIFAR100,0.5,0.7,0.9999,10,4.618283699035644,0.00019815713861091845,1.0,29,100,2800804,40.91957330703735,40.503573179244995,0.4160001277923584,0.4102449417114258,2845.9287109375,1
FedHST,CIFAR100,0.5,0.7,0.9999,11,4.615003147888183,0.0005847664135590059,1.07,25,100,2800804,34.68137836456299,34.32290053367615,0.3584778308868408,0.3522336483001709,2845.9287109375,1
FedHST,CIFAR100,0.5,0.7,0.9999,12,4.620647605895996,0.00019829466587348803,1.0,22,100,2800804,30.781916618347168,30.463996410369873,0.3179202079772949,0.3124523162841797,2845.9287109375,1
FedHST,CIFAR100,0.5,0.7,0.9999,13,4.625443482971192,0.00047611823872248404,1.1,20,100,2800804,29.450271368026733,29.14960479736328,0.30066657066345215,0.29396700859069824,2845.9287109375,1
FedHST,CIFAR100,0.5,0.7,0.9999,14,4.617989700317382,0.0015806896596669317,1.24,21,100,2800804,29.546574592590332,29.2307231426239,0.31585144996643066,0.3086552619934082,2845.9287109375,1
FedHST,CIFAR100,0.5,0.7,0.9999,15,4.607508522796631,0.0005491643093800165,1.15,24,100,2800804,33.597731590270996,33.24381422996521,0.35391736030578613,0.3477044105529785,2845.9287109375,1
FedHST,CIFAR100,0.5,0.7,0.9999,16,4.6069512405395505,0.0008051167631072986,1.21,21,100,2800804,28.999173164367676,28.686956882476807,0.31221628189086914,0.3059663772583008,2845.9287109375,1
FedHST,CIFAR100,0.5,0.7,0.9999,17,4.6116789527893065,0.0006573162013576521,1.31,21,100,2800804,29.13762331008911,28.839589834213257,0.2980334758758545,0.2921888828277588,2845.9287109375,1
FedHST,CIFAR100,0.5,0.7,0.9999,18,4.6073117980957035,0.0021622426716262945,1.66,20,100,2800804,28.107505321502686,27.808375120162964,0.2991302013397217,0.2935323715209961,2845.9287109375,1
FedHST,CIFAR100,0.5,0.7,0.9999,19,4.600339401245117,0.002361027003072034,1.96,30,100,2800804,40.973037004470825,40.56167244911194,0.4113645553588867,0.4058105945587158,2845.9287109375,1
FedHST,CIFAR100,0.5,0.7,0.9999,20,4.5944602554321285,0.001106283488230363,1.15,26,100,2800804,35.37558913230896,35.010467529296875,0.36512160301208496,0.359405517578125,2845.9287109375,1
FedHST,CIFAR100,0.5,0.7,0.9999,21,4.586852500152588,0.001776372056547518,1.52,26,100,2800804,35.911410093307495,35.54131531715393,0.37009477615356445,0.36408281326293945,2845.9287109375,1
FedHST,CIFAR100,0.5,0.7,0.9999,22,4.584455405426025,0.0029761145971322635,1.73,20,100,2800804,27.790928602218628,27.508755922317505,0.28217267990112305,0.276655912399292,2845.9287109375,1
FedHST,CIFAR100,0.5,0.7,0.9999,23,4.581849169921875,0.002987113298476442,2.35,28,100,2800804,38.341384172439575,37.95824980735779,0.3831343650817871,0.37785959243774414,2845.9287109375,1
FedHST,CIFAR100,0.5,0.7,0.9999,24,4.580993859863281,0.006629040071106291,2.63,23,100,2800804,30.952271938323975,30.62125277519226,0.33101916313171387,0.3254058361053467,2845.9287109375,1
FedHST,CIFAR100,0.5,0.7,0.9999,25,4.569052114105225,0.005845829702711941,2.71,28,100,2800804,39.12406635284424,38.707297801971436,0.41676855087280273,0.4105043411254883,2845.9287109375,1
FedHST,CIFAR100,0.5,0.7,0.9999,26,4.544422206115723,0.005760071354510676,2.62,23,100,2800804,32.41163182258606,32.07365155220032,0.3379802703857422,0.3319878578186035,2845.9287109375,1
FedHST,CIFAR100,0.5,0.7,0.9999,27,4.524125328063965,0.005132887777126032,2.68,27,100,2800804,38.03661346435547,37.65203905105591,0.38457441329956055,0.37900471687316895,2845.9287109375,1
FedHST,CIFAR100,0.5,0.7,0.9999,28,4.49801686630249,0.00663941732419328,2.7,22,100,2800804,32.21780753135681,31.89727544784546,0.32053208351135254,0.3143734931945801,2845.9287109375,1
FedHST,CIFAR100,0.5,0.7,0.9999,29,4.4785143005371095,0.004731549179286023,2.34,30,100,2800804,41.757609844207764,41.323736906051636,0.43387293815612793,0.4279310703277588,2845.9287109375,1
FedHST,CIFAR100,0.5,0.7,0.9999,30,4.475752969360352,0.0036752346054638473,2.47,20,100,2800804,28.541330575942993,28.236950874328613,0.3043797016143799,0.29858875274658203,2845.9287109375,1
FedHST,CIFAR100,0.5,0.7,0.9999,31,4.451157270812988,0.009262191613921614,3.06,30,100,2800804,42.55617642402649,42.12756395339966,0.42861247062683105,0.4225437641143799,2845.9287109375,1
FedHST,CIFAR100,0.5,0.7,0.9999,32,4.425273167419434,0.008295268417617652,2.65,24,100,2800804,32.47193360328674,32.13137149810791,0.340562105178833,0.33493661880493164,2845.9287109375,1
FedHST,CIFAR100,0.5,0.7,0.9999,33,4.400243029022217,0.008085150863481454,3.02,21,100,2800804,28.34894299507141,28.030802488327026,0.31814050674438477,0.311964750289917,2845.9287109375,1
FedHST,CIFAR100,0.5,0.7,0.9999,34,4.382656806945801,0.007026435935622996,3.21,30,100,2800804,40.33606743812561,39.91727638244629,0.4187910556793213,0.41280627250671387,2846.87255859375,1
FedHST,CIFAR100,0.5,0.7,0.9999,35,4.371345370483398,0.007446950189652047,3.22,20,100,2800804,26.390743732452393,26.12283492088318,0.26790881156921387,0.2622866630554199,2846.87255859375,1
FedHST,CIFAR100,0.5,0.7,0.9999,36,4.370864083099365,0.012250683861695725,3.67,22,100,2800804,28.660349130630493,28.354381799697876,0.3059673309326172,0.30033278465270996,2846.87255859375,1
FedHST,CIFAR100,0.5,0.7,0.9999,37,4.337844468688965,0.015002609129745458,4.56,30,100,2800804,41.217745780944824,40.78825831413269,0.4294874668121338,0.42386484146118164,2846.87255859375,1
FedHST,CIFAR100,0.5,0.7,0.9999,38,4.318332238769531,0.013052753645861434,4.29,29,100,2800804,39.96999931335449,39.56457781791687,0.40542149543762207,0.3993415832519531,2846.87255859375,1
FedHST,CIFAR100,0.5,0.7,0.9999,39,4.297250717926025,0.013946590428778563,4.56,28,100,2800804,37.91542387008667,37.54434514045715,0.3710787296295166,0.36544013023376465,2846.87255859375,1
FedHST,CIFAR100,0.5,0.7,0.9999,40,4.299212420654297,0.011516952684727917,4.44,22,100,2800804,31.232243299484253,30.90886378288269,0.3233795166015625,0.3175983428955078,2846.87255859375,1
FedHST,CIFAR100,0.5,0.7,0.9999,41,4.279223149108887,0.013260007725258118,4.48,21,100,2800804,28.501145124435425,28.20162034034729,0.29952478408813477,0.29444026947021484,2846.87255859375,1
FedHST,CIFAR100,0.5,0.7,0.9999,42,4.25860535812378,0.015381015047654559,4.54,27,100,2800804,36.53261041641235,36.18201398849487,0.35059642791748047,0.34459567070007324,2846.87255859375,1
FedHST,CIFAR100,0.5,0.7,0.9999,43,4.2407917984008785,0.01905521757096913,4.88,20,100,2800804,25.76039218902588,25.480668783187866,0.2797234058380127,0.2743992805480957,2846.87255859375,1
FedHST,CIFAR100,0.5,0.7,0.9999,44,4.227656870269775,0.023636581794618187,5.82,21,100,2800804,29.796295881271362,29.488980770111084,0.3073151111602783,0.2997472286224365,2846.87255859375,1
FedHST,CIFAR100,0.5,0.7,0.9999,45,4.196480297088623,0.021494075865345113,5.32,26,100,2800804,34.7631094455719,34.38502860069275,0.3780808448791504,0.37186694145202637,2846.87255859375,1
FedHST,CIFAR100,0.5,0.7,0.9999,46,4.158272015380859,0.030538180072026896,6.36,20,100,2800804,26.342475175857544,26.057965517044067,0.28450965881347656,0.2784092426300049,2846.87255859375,1
FedHST,CIFAR100,0.5,0.7,0.9999,47,4.139682445526123,0.031631205428995696,6.56,29,100,2800804,38.45855259895325,38.070287466049194,0.38826513290405273,0.38254690170288086,2846.87255859375,1
FedHST,CIFAR100,0.5,0.7,0.9999,48,4.122575301361084,0.034880745833934135,7.02,25,100,2800804,34.13514471054077,33.7984459400177,0.3366987705230713,0.3306431770324707,2846.87255859375,1
FedHST,CIFAR100,0.5,0.7,0.9999,49,4.112094356536865,0.031742494594017984,7.15,26,100,2800804,35.71198320388794,35.34672951698303,0.3652536869049072,0.35961318016052246,2846.87255859375,1
FedHST,CIFAR100,0.5,0.7,0.9999,50,4.087766513061523,0.03157467705037675,7.48,28,100,2800804,37.853657960891724,37.46436047554016,0.3892974853515625,0.37888407707214355,2846.87255859375,1
FedHST,CIFAR100,0.5,0.7,0.9999,51,4.05555256729126,0.03745901752220782,7.55,21,100,2800804,28.55245351791382,28.262788772583008,0.28966474533081055,0.2840840816497803,2846.87255859375,1
FedHST,CIFAR100,0.5,0.7,0.9999,52,4.040887406921387,0.04451824950159242,8.28,20,100,2800804,25.356637477874756,25.08407163619995,0.2725658416748047,0.2673165798187256,2846.87255859375,1
FedHST,CIFAR100,0.5,0.7,0.9999,53,4.0196599166870115,0.043074095301253605,7.93,24,100,2800804,31.697229385375977,31.362263202667236,0.33496618270874023,0.32934045791625977,2846.87255859375,1
FedHST,CIFAR100,0.5,0.7,0.9999,54,3.9973229019165037,0.04166383151586049,7.6,22,100,2800804,28.95525336265564,28.65247654914856,0.3027768135070801,0.2972121238708496,2846.87255859375,1
FedHST,CIFAR100,0.5,0.7,0.9999,55,3.987850535583496,0.046462045782637934,8.49,22,100,2800804,29.554140329360962,29.254961729049683,0.2991786003112793,0.29317593574523926,2846.87255859375,1
FedHST,CIFAR100,0.5,0.7,0.9999,56,3.9588657836914063,0.039237114210289664,7.68,20,100,2800804,27.105749130249023,26.81300139427185,0.29274773597717285,0.2872774600982666,2846.87255859375,1
FedHST,CIFAR100,0.5,0.7,0.9999,57,3.931444981765747,0.0471074329947839,8.72,24,100,2800804,31.347222328186035,31.02369213104248,0.3235301971435547,0.31817054748535156,2846.87255859375,1
FedHST,CIFAR100,0.5,0.7,0.9999,58,3.9259470520019533,0.0612619666925651,10.15,24,100,2800804,33.085803747177124,32.754002809524536,0.3318009376525879,0.3266901969909668,2846.87255859375,1
FedHST,CIFAR100,0.5,0.7,0.9999,59,3.894654553222656,0.05946075909165112,9.78,28,100,2800804,37.9145085811615,37.53482913970947,0.37967944145202637,0.3742818832397461,2846.87255859375,1
FedHST,CIFAR100,0.5,0.7,0.9999,60,3.885508095550537,0.05876672622727817,10.43,30,100,2800804,39.87193727493286,39.46599745750427,0.40593981742858887,0.4001588821411133,2846.87255859375,1
FedHST,CIFAR100,0.5,0.7,0.9999,61,3.8547599136352537,0.057349592098393326,10.12,30,100,2800804,40.39511752128601,39.98068428039551,0.41443324089050293,0.40874385833740234,2847.87353515625,1
FedHST,CIFAR100,0.5,0.7,0.9999,62,3.8288324253082275,0.0699190624653073,11.01,24,100,2800804,31.233354330062866,30.908801317214966,0.3245530128479004,0.31879258155822754,2847.87353515625,1
FedHST,CIFAR100,0.5,0.7,0.9999,63,3.820149100112915,0.07564639124165624,11.63,25,100,2800804,33.63060736656189,33.305686712265015,0.324920654296875,0.31949472427368164,2847.87353515625,1
FedHST,CIFAR100,0.5,0.7,0.9999,64,3.7821007484436033,0.07494679031497052,11.78,23,100,2800804,31.044209480285645,30.72315764427185,0.32105183601379395,0.31504321098327637,2847.87353515625,1
FedHST,CIFAR100,0.5,0.7,0.9999,65,3.7880451293945314,0.06813896281052084,11.55,29,100,2800804,38.339637994766235,37.9664192199707,0.3732187747955322,0.3673579692840576,2847.87353515625,1
FedHST,CIFAR100,0.5,0.7,0.9999,66,3.796231455612183,0.06435785858866963,11.08,28,100,2800804,37.43887424468994,37.048603534698486,0.3902707099914551,0.38426661491394043,2847.87353515625,1
FedHST,CIFAR100,0.5,0.7,0.9999,67,3.7599883960723877,0.08341649070347047,12.63,27,100,2800804,37.5680775642395,37.19614028930664,0.37193727493286133,0.3665640354156494,2847.87353515625,1
FedHST,CIFAR100,0.5,0.7,0.9999,68,3.725045743942261,0.09247671102100781,13.69,26,100,2800804,34.122655630111694,33.765809059143066,0.35684657096862793,0.3511471748352051,2847.87353515625,1
FedHST,CIFAR100,0.5,0.7,0.9999,69,3.7403600784301756,0.0851425132961079,12.27,29,100,2800804,39.3353750705719,38.96002793312073,0.3753471374511719,0.3703885078430176,2847.87353515625,1
FedHST,CIFAR100,0.5,0.7,0.9999,70,3.7306927619934083,0.07655144111734476,12.08,30,100,2800804,40.33864784240723,39.93054246902466,0.40810537338256836,0.40236496925354004,2847.87353515625,1
FedHST,CIFAR100,0.5,0.7,0.9999,71,3.698817425918579,0.08694678141665622,13.12,24,100,2800804,32.343098878860474,32.01487374305725,0.32822513580322266,0.3231239318847656,2847.87353515625,1
FedHST,CIFAR100,0.5,0.7,0.9999,72,3.6810749229431154,0.09697809208740907,13.49,21,100,2800804,28.0733962059021,27.790207862854004,0.2831883430480957,0.27738523483276367,2847.87353515625,1
FedHST,CIFAR100,0.5,0.7,0.9999,73,3.6726448974609376,0.09184773786821068,13.66,20,100,2800804,27.47847080230713,27.187751054763794,0.29071974754333496,0.2848799228668213,2847.87353515625,1
FedHST,CIFAR100,0.5,0.7,0.9999,74,3.6544361377716066,0.09103073918240456,13.89,20,100,2800804,27.519076108932495,27.247437477111816,0.2716386318206787,0.265988826751709,2847.87353515625,1
FedHST,CIFAR100,0.5,0.7,0.9999,75,3.6281684913635255,0.0968154467584286,14.13,28,100,2800804,37.52139091491699,37.16814351081848,0.35324740409851074,0.3479931354522705,2847.87353515625,1
FedHST,CIFAR100,0.5,0.7,0.9999,76,3.6238188938140867,0.10108706879433975,14.04,24,100,2800804,31.12545657157898,30.81517243385315,0.3102841377258301,0.3050868511199951,2847.87353515625,1
FedHST,CIFAR100,0.5,0.7,0.9999,77,3.6013628517150877,0.11089438679220823,14.72,21,100,2800804,28.112783432006836,27.814322471618652,0.2984609603881836,0.2930169105529785,2847.87353515625,1
FedHST,CIFAR100,0.5,0.7,0.9999,78,3.5985148151397706,0.10820424907162013,14.89,25,100,2800804,33.46130156517029,33.133673429489136,0.32762813568115234,0.322345495223999,2847.87353515625,1
FedHST,CIFAR100,0.5,0.7,0.9999,79,3.5688796215057375,0.11660869198059638,16.1,21,100,2800804,27.616349935531616,27.32416296005249,0.292186975479126,0.28659868240356445,2847.87353515625,1
FedHST,CIFAR100,0.5,0.7,0.9999,80,3.590272445678711,0.10697970869760877,14.9,21,100,2800804,28.32580852508545,28.025575876235962,0.3002326488494873,0.294842004776001,2847.87353515625,1
FedHST,CIFAR100,0.5,0.7,0.9999,81,3.55677845993042,0.1082890804407557,15.77,26,100,2800804,34.92826008796692,34.572614669799805,0.35564541816711426,0.3504066467285156,2847.87353515625,1
FedHST,CIFAR100,0.5,0.7,0.9999,82,3.539963511276245,0.11749650725353257,16.48,20,100,2800804,25.592020988464355,25.304946422576904,0.28707456588745117,0.28121256828308105,2847.87353515625,1
FedHST,CIFAR100,0.5,0.7,0.9999,83,3.5357781341552736,0.1242487440519622,16.23,29,100,2800804,38.81386423110962,38.41682243347168,0.39704179763793945,0.3914337158203125,2847.87353515625,1
FedHST,CIFAR100,0.5,0.7,0.9999,84,3.5246966472625734,0.11857931721383876,15.95,28,100,2800804,37.16632795333862,36.80417346954346,0.362154483795166,0.35707926750183105,2847.87353515625,1
FedHST,CIFAR100,0.5,0.7,0.9999,85,3.5329366775512696,0.10959871953555514,15.24,27,100,2800804,35.97480845451355,35.603705167770386,0.37110328674316406,0.36549878120422363,2847.87353515625,1
FedHST,CIFAR100,0.5,0.7,0.9999,86,3.4970878044128417,0.12663177357720348,16.57,25,100,2800804,33.582480907440186,33.26008892059326,0.32239198684692383,0.31689953804016113,2847.87353515625,1
FedHST,CIFAR100,0.5,0.7,0.9999,87,3.4862615943908692,0.12657340402481623,16.75,23,100,2800804,30.88058590888977,30.553943395614624,0.3266425132751465,0.32076096534729004,2847.87353515625,1
FedHST,CIFAR100,0.5,0.7,0.9999,88,3.4723764709472658,0.12948816621830958,17.38,25,100,2800804,33.283379316329956,32.9447500705719,0.33862924575805664,0.33271002769470215,2847.87353515625,1
FedHST,CIFAR100,0.5,0.7,0.9999,89,3.4784065979003906,0.12470963376456053,16.5,25,100,2800804,33.27335262298584,32.92341184616089,0.34994077682495117,0.34456610679626465,2847.87353515625,1
FedHST,CIFAR100,0.5,0.7,0.9999,90,3.4218564056396485,0.14253982266294135,18.33,29,100,2800804,37.873438358306885,37.47587561607361,0.39756274223327637,0.39248204231262207,2847.87353515625,1
FedHST,CIFAR100,0.5,0.7,0.9999,91,3.4430931716918947,0.1255834873476193,17.25,22,100,2800804,29.428220748901367,29.122402667999268,0.3058180809020996,0.30004048347473145,2847.87353515625,1
FedHST,CIFAR100,0.5,0.7,0.9999,92,3.44700036239624,0.13003057135822627,17.35,30,100,2800804,40.024468660354614,39.59976315498352,0.42470550537109375,0.41933393478393555,2847.87353515625,1
FedHST,CIFAR100,0.5,0.7,0.9999,93,3.4048255805969236,0.15572884976795895,19.2,29,100,2800804,39.31337809562683,38.919960260391235,0.3934178352355957,0.38798069953918457,2847.87353515625,1
FedHST,CIFAR100,0.5,0.7,0.9999,94,3.369437144088745,0.16118097572900997,20.02,27,100,2800804,36.55941987037659,36.20152425765991,0.3578956127166748,0.35205912590026855,2847.87353515625,1
FedHST,CIFAR100,0.5,0.7,0.9999,95,3.3657284824371336,0.14856618179157802,19.23,27,100,2800804,35.59181213378906,35.22804117202759,0.3637709617614746,0.3579285144805908,2847.87353515625,1
FedHST,CIFAR100,0.5,0.7,0.9999,96,3.3474005859375,0.15089450361247425,19.18,29,100,2800804,38.760714530944824,38.35813236236572,0.40258216857910156,0.39690709114074707,2847.87353515625,1
FedHST,CIFAR100,0.5,0.7,0.9999,97,3.3413271743774415,0.15428795078567678,19.52,27,100,2800804,36.31101584434509,35.915183782577515,0.3958320617675781,0.3901243209838867,2847.87353515625,1
FedHST,CIFAR100,0.5,0.7,0.9999,98,3.3375912586212158,0.16307320957580637,20.33,22,100,2800804,29.663905143737793,29.334306001663208,0.32959914207458496,0.3240199089050293,2847.87353515625,1
FedHST,CIFAR100,0.5,0.7,0.9999,99,3.3253419685363768,0.15220897238138745,19.85,29,100,2800804,39.90342044830322,39.491756439208984,0.4116640090942383,0.40614795684814453,2847.87353515625,1
FedHST,CIFAR100,0.5,0.7,0.9999,100,3.30670926322937,0.16799543846507234,20.68,26,100,2800804,34.235015630722046,33.890634298324585,0.34438133239746094,0.339310884475708,2847.87353515625,1
FedHST,CIFAR100,0.5,0.7,0.9999,101,3.3026416717529297,0.17128995666121438,20.9,27,100,2800804,36.075390100479126,35.6864812374115,0.38890886306762695,0.3829362392425537,2847.87353515625,1
FedHST,CIFAR100,0.5,0.7,0.9999,102,3.284123252105713,0.16530377815110897,20.41,20,100,2800804,26.582507610321045,26.302730321884155,0.27977728843688965,0.2737741470336914,2847.87353515625,1
FedHST,CIFAR100,0.5,0.7,0.9999,103,3.2694306133270263,0.1682283472375412,20.87,29,100,2800804,39.477256059646606,39.08285331726074,0.39440274238586426,0.38839006423950195,2847.87353515625,1
FedHST,CIFAR100,0.5,0.7,0.9999,104,3.257953424835205,0.17018472757260422,21.26,28,100,2800804,38.484318017959595,38.109503984451294,0.3748140335083008,0.368527889251709,2847.87353515625,1
FedHST,CIFAR100,0.5,0.7,0.9999,105,3.2636226371765136,0.17337108555129166,21.23,21,100,2800804,29.153164863586426,28.855029821395874,0.29813504219055176,0.29262852668762207,2847.87353515625,1
FedHST,CIFAR100,0.5,0.7,0.9999,106,3.2317840957641604,0.16606212359639405,20.94,29,100,2800804,39.41082763671875,39.015204191207886,0.39562344551086426,0.3900783061981201,2847.87353515625,1
FedHST,CIFAR100,0.5,0.7,0.9999,107,3.233759075164795,0.1689564702297514,20.73,22,100,2800804,29.76176118850708,29.46038293838501,0.3013782501220703,0.2960679531097412,2847.87353515625,1
FedHST,CIFAR100,0.5,0.7,0.9999,108,3.2294441383361816,0.17724553904379137,21.78,20,100,2800804,27.19805932044983,26.91495680809021,0.28310251235961914,0.277820348739624,2847.87353515625,1
FedHST,CIFAR100,0.5,0.7,0.9999,109,3.2212519485473634,0.18345988158482626,22.16,30,100,2800804,40.8211452960968,40.407331705093384,0.41381359100341797,0.4080343246459961,2847.87353515625,1
FedHST,CIFAR100,0.5,0.7,0.9999,110,3.1972464538574217,0.178433263256359,21.78,29,100,2800804,39.21070146560669,38.818135023117065,0.392566442489624,0.3811182975769043,2847.87353515625,1
FedHST,CIFAR100,0.5,0.7,0.9999,111,3.1857060928344727,0.1863506057969409,22.19,25,100,2800804,34.34956121444702,33.998849630355835,0.3507115840911865,0.34531140327453613,2847.87353515625,1
FedHST,CIFAR100,0.5,0.7,0.9999,112,3.1772659580230713,0.1912986294834287,22.71,29,100,2800804,39.843092918395996,39.44119906425476,0.40189385414123535,0.3962106704711914,2847.87353515625,1
FedHST,CIFAR100,0.5,0.7,0.9999,113,3.1956181034088136,0.18582752089234267,22.5,22,100,2800804,29.826077938079834,29.519301414489746,0.3067765235900879,0.3011012077331543,2847.87353515625,1
FedHST,CIFAR100,0.5,0.7,0.9999,114,3.184688219451904,0.1815511089566774,22.19,25,100,2800804,34.13194799423218,33.78853964805603,0.34340834617614746,0.33770751953125,2847.87353515625,1
FedHST,CIFAR100,0.5,0.7,0.9999,115,3.1621789825439452,0.19935500359693303,23.46,23,100,2800804,30.81509828567505,30.501216173171997,0.31388211250305176,0.3086273670196533,2847.87353515625,1
FedHST,CIFAR100,0.5,0.7,0.9999,116,3.1842999710083006,0.1894274194049568,22.53,20,100,2800804,26.788119316101074,26.49915361404419,0.28896570205688477,0.28313136100769043,2847.87353515625,1
FedHST,CIFAR100,0.5,0.7,0.9999,117,3.143894298553467,0.19692996088798145,23.37,29,100,2800804,38.94639468193054,38.54733896255493,0.39905571937561035,0.39357423782348633,2847.87353515625,1
FedHST,CIFAR100,0.5,0.7,0.9999,118,3.1313577713012695,0.20578939377167665,23.6,21,100,2800804,27.370060920715332,27.085827827453613,0.28423309326171875,0.2785377502441406,2847.87353515625,1
FedHST,CIFAR100,0.5,0.7,0.9999,119,3.1021365547180175,0.20972386691651215,24.12,30,100,2800804,40.76008343696594,40.34522843360901,0.4148550033569336,0.4092271327972412,2847.87353515625,1
FedHST,CIFAR100,0.5,0.7,0.9999,120,3.117762692260742,0.21368776271329248,24.19,24,100,2800804,30.92340588569641,30.59879469871521,0.32461118698120117,0.3185703754425049,2847.87353515625,1
FedHST,CIFAR100,0.5,0.7,0.9999,121,3.0856955055236814,0.22038121330280958,25.02,28,100,2800804,37.63307213783264,37.26315212249756,0.369920015335083,0.3646359443664551,2847.87353515625,1
FedHST,CIFAR100,0.5,0.7,0.9999,122,3.0713618492126464,0.21148117101051953,24.69,22,100,2800804,30.603593349456787,30.29189682006836,0.31169652938842773,0.30578088760375977,2847.87353515625,1
FedHST,CIFAR100,0.5,0.7,0.9999,123,3.066637825012207,0.21055242789901715,24.55,24,100,2800804,32.06363296508789,31.74831247329712,0.3153204917907715,0.31009507179260254,2847.87353515625,1
FedHST,CIFAR100,0.5,0.7,0.9999,124,3.0799024646759032,0.2175033865409396,24.66,22,100,2800804,28.937386751174927,28.6258282661438,0.31155848503112793,0.3060462474822998,2847.87353515625,1
FedHST,CIFAR100,0.5,0.7,0.9999,125,3.052036838531494,0.2195579554114372,25.31,23,100,2800804,31.33768391609192,30.986196756362915,0.3514871597290039,0.3456408977508545,2847.87353515625,1
FedHST,CIFAR100,0.5,0.7,0.9999,126,3.063903405380249,0.20972541692231542,24.48,23,100,2800804,31.2733736038208,30.975184679031372,0.2981889247894287,0.2929694652557373,2847.87353515625,1
FedHST,CIFAR100,0.5,0.7,0.9999,127,3.051824315261841,0.2086229484632003,24.59,26,100,2800804,35.160210371017456,34.825642108917236,0.3345682621002197,0.3297102451324463,2847.87353515625,1
FedHST,CIFAR100,0.5,0.7,0.9999,128,3.036656681060791,0.21919038187860515,25.29,22,100,2800804,29.90571093559265,29.60109782218933,0.3046131134033203,0.2988145351409912,2847.87353515625,1
FedHST,CIFAR100,0.5,0.7,0.9999,129,3.003815560913086,0.2322678606234935,26.47,27,100,2800804,36.87933278083801,36.53745627403259,0.3418765068054199,0.3372318744659424,2847.87353515625,1
FedHST,CIFAR100,0.5,0.7,0.9999,130,3.0005094802856447,0.23050205653795458,26.27,24,100,2800804,31.894591569900513,31.553354501724243,0.34123706817626953,0.33641600608825684,2847.87353515625,1
FedHST,CIFAR100,0.5,0.7,0.9999,131,3.0113078712463377,0.21502435778789306,25.25,26,100,2800804,36.598013401031494,36.21022295951843,0.3877904415130615,0.38144946098327637,2847.87353515625,1
FedHST,CIFAR100,0.5,0.7,0.9999,132,2.9892225116729736,0.2252151317276165,25.96,20,100,2800804,27.71668529510498,27.415648937225342,0.30103635787963867,0.2955749034881592,2847.87353515625,1
FedHST,CIFAR100,0.5,0.7,0.9999,133,2.968340448760986,0.23504329673168936,26.71,20,100,2800804,27.851851224899292,27.55252766609192,0.29932355880737305,0.2936363220214844,2847.87353515625,1
FedHST,CIFAR100,0.5,0.7,0.9999,134,2.970534327697754,0.23211615788882373,26.87,30,100,2800804,41.28284978866577,40.8354127407074,0.447437047958374,0.4421117305755615,2847.87353515625,1
FedHST,CIFAR100,0.5,0.7,0.9999,135,2.9687217697143553,0.23238348668859993,26.73,26,100,2800804,35.16695165634155,34.77887463569641,0.3880770206451416,0.3798947334289551,2847.87353515625,1
FedHST,CIFAR100,0.5,0.7,0.9999,136,2.9514361297607423,0.23967617213252404,26.92,28,100,2800804,37.92386054992676,37.55509305000305,0.36876749992370605,0.36376047134399414,2847.87353515625,1
FedHST,CIFAR100,0.5,0.7,0.9999,137,2.918629063796997,0.2495279570427333,28.22,23,100,2800804,30.957843780517578,30.63873267173767,0.3191111087799072,0.313002347946167,2847.87353515625,1
FedHST,CIFAR100,0.5,0.7,0.9999,138,2.9204962646484374,0.23742140454088934,27.57,28,100,2800804,37.568668842315674,37.175179958343506,0.39348888397216797,0.38779520988464355,2847.87353515625,1
FedHST,CIFAR100,0.5,0.7,0.9999,139,2.9377301124572752,0.23825779798260782,27.29,21,100,2800804,29.894017934799194,29.578129053115845,0.3158888816833496,0.3097648620605469,2847.87353515625,1
FedHST,CIFAR100,0.5,0.7,0.9999,140,2.9120575492858887,0.23849633445633958,27.47,24,100,2800804,31.217340230941772,30.8655207157135,0.3518195152282715,0.34546542167663574,2847.87353515625,1
FedHST,CIFAR100,0.5,0.7,0.9999,141,2.8889390213012693,0.2458618248242238,28.29,25,100,2800804,34.826637744903564,34.47644925117493,0.3501884937286377,0.34435606002807617,2847.87353515625,1
FedHST,CIFAR100,0.5,0.7,0.9999,142,2.8673240356445313,0.25552661206685384,28.83,27,100,2800804,37.6323881149292,37.25213813781738,0.3802499771118164,0.37464213371276855,2847.87353515625,1
FedHST,CIFAR100,0.5,0.7,0.9999,143,2.9186939674377443,0.23794489373017227,26.95,23,100,2800804,31.382806539535522,31.059006452560425,0.32380008697509766,0.3167393207550049,2847.87353515625,1
FedHST,CIFAR100,0.5,0.7,0.9999,144,2.8489994293212892,0.25910964437975514,29.05,22,100,2800804,31.493022441864014,31.172171354293823,0.32085108757019043,0.3147850036621094,2847.87353515625,1
FedHST,CIFAR100,0.5,0.7,0.9999,145,2.86319245223999,0.25320817058720385,29.03,23,100,2800804,31.673022508621216,31.343082666397095,0.3299398422241211,0.3231823444366455,2847.87353515625,1
FedHST,CIFAR100,0.5,0.7,0.9999,146,2.866325838470459,0.2492327475375223,28.59,21,100,2800804,30.165875911712646,29.854411125183105,0.311464786529541,0.3058438301086426,2847.87353515625,1
FedHST,CIFAR100,0.5,0.7,0.9999,147,2.889675696182251,0.23548142685678897,27.6,24,100,2800804,34.07689714431763,33.733957290649414,0.3429398536682129,0.3370816707611084,2847.87353515625,1
FedHST,CIFAR100,0.5,0.7,0.9999,148,2.847986347579956,0.2552918594903849,29.45,22,100,2800804,30.907602071762085,30.58893871307373,0.3186633586883545,0.3131442070007324,2847.87353515625,1
FedHST,CIFAR100,0.5,0.7,0.9999,149,2.8442008918762207,0.2630572484269537,29.22,20,100,2800804,29.083162546157837,28.78659963607788,0.29656291007995605,0.29046630859375,2847.87353515625,1
FedHST,CIFAR100,0.5,0.7,0.9999,150,2.829607905578613,0.2636163751125252,29.4,22,100,2800804,30.527456998825073,30.205474853515625,0.32198214530944824,0.3164098262786865,2847.87353515625,1
FedHST,CIFAR100,0.5,0.7,0.9999,151,2.852734101486206,0.25546047329866234,28.74,23,100,2800804,31.92367148399353,31.571589469909668,0.3520820140838623,0.3460195064544678,2847.87353515625,1
FedHST,CIFAR100,0.5,0.7,0.9999,152,2.805792119216919,0.26927780004142515,29.94,25,100,2800804,35.13199186325073,34.75471258163452,0.37727928161621094,0.37084150314331055,2847.87353515625,1
FedHST,CIFAR100,0.5,0.7,0.9999,153,2.785194639205933,0.27027420253034756,29.95,22,100,2800804,31.307483673095703,30.983370065689087,0.3241136074066162,0.31827688217163086,2847.87353515625,1
FedHST,CIFAR100,0.5,0.7,0.9999,154,2.782961407470703,0.27899106847800664,30.37,27,100,2800804,37.59743642807007,37.212358236312866,0.38507819175720215,0.3792531490325928,2847.87353515625,1
FedHST,CIFAR100,0.5,0.7,0.9999,155,2.76165897064209,0.2827963656928291,30.98,27,100,2800804,38.47742414474487,38.0835907459259,0.3938333988189697,0.38745737075805664,2847.87353515625,1
FedHST,CIFAR100,0.5,0.7,0.9999,156,2.7503561344146727,0.2744227428762601,30.86,22,100,2800804,30.422836780548096,30.08830738067627,0.33452939987182617,0.3262162208557129,2847.87353515625,1
FedHST,CIFAR100,0.5,0.7,0.9999,157,2.773097561645508,0.26209647317144635,29.85,24,100,2800804,34.162829875946045,33.808560848236084,0.35426902770996094,0.3477756977081299,2847.87353515625,1
FedHST,CIFAR100,0.5,0.7,0.9999,158,2.7274346309661865,0.2874299562467451,31.71,24,100,2800804,34.947861194610596,34.59908390045166,0.34877729415893555,0.3429574966430664,2847.87353515625,1
FedHST,CIFAR100,0.5,0.7,0.9999,159,2.7372226676940916,0.2900817151712615,31.83,28,100,2800804,38.28878140449524,37.92756772041321,0.36121368408203125,0.35630011558532715,2847.87353515625,1
FedHST,CIFAR100,0.5,0.7,0.9999,160,2.733183164215088,0.28075592530371224,31.33,22,100,2800804,30.16880989074707,29.857125520706177,0.31168437004089355,0.3058896064758301,2847.87353515625,1
FedHST,CIFAR100,0.5,0.7,0.9999,161,2.7498439659118654,0.27206599093140643,30.74,21,100,2800804,28.33487582206726,28.04325294494629,0.2916228771209717,0.28615474700927734,2847.87353515625,1
FedHST,CIFAR100,0.5,0.7,0.9999,162,2.7009200244903564,0.29700079994942546,32.39,26,100,2800804,35.33224964141846,34.95078253746033,0.3814671039581299,0.3754584789276123,2847.87353515625,1
FedHST,CIFAR100,0.5,0.7,0.9999,163,2.7226318725585936,0.2939720435347004,32.09,27,100,2800804,36.091044902801514,35.71761107444763,0.37343382835388184,0.36797404289245605,2847.87353515625,1
FedHST,CIFAR100,0.5,0.7,0.9999,164,2.7200093284606934,0.2813225796258643,31.43,23,100,2800804,32.10255146026611,31.772995948791504,0.3295555114746094,0.323641300201416,2847.87353515625,1
FedHST,CIFAR100,0.5,0.7,0.9999,165,2.6770508224487304,0.29182010915803897,32.6,23,100,2800804,32.5674192905426,32.23684358596802,0.33057570457458496,0.32452893257141113,2847.87353515625,1
FedHST,CIFAR100,0.5,0.7,0.9999,166,2.6806616928100584,0.2976443082121341,32.36,20,100,2800804,27.78030490875244,27.472635984420776,0.30766892433166504,0.30167460441589355,2847.87353515625,1
FedHST,CIFAR100,0.5,0.7,0.9999,167,2.6544856201171876,0.2977891497913064,32.99,30,100,2800804,41.752429485321045,41.33345937728882,0.41897010803222656,0.4131186008453369,2847.87353515625,1
FedHST,CIFAR100,0.5,0.7,0.9999,168,2.6610310749053956,0.2959904248441507,32.58,20,100,2800804,27.0741605758667,26.783121347427368,0.29103922843933105,0.2849268913269043,2847.87353515625,1
FedHST,CIFAR100,0.5,0.7,0.9999,169,2.6183146251678466,0.3089638802235683,33.48,30,100,2800804,40.875738859176636,40.45860028266907,0.41713857650756836,0.4101827144622803,2847.87353515625,1
FedHST,CIFAR100,0.5,0.7,0.9999,170,2.616094685745239,0.3147355301770753,33.92,26,100,2800804,35.2358775138855,34.86628007888794,0.3695974349975586,0.3642542362213135,2847.87353515625,1
FedHST,CIFAR100,0.5,0.7,0.9999,171,2.6149783432006837,0.3064799416935994,33.79,24,100,2800804,32.28358292579651,31.952391147613525,0.3311917781829834,0.326338529586792,2847.87353515625,1
FedHST,CIFAR100,0.5,0.7,0.9999,172,2.628230032348633,0.3021335294548927,33.27,26,100,2800804,36.93847894668579,36.57426738739014,0.3642115592956543,0.3588433265686035,2847.87353515625,1
FedHST,CIFAR100,0.5,0.7,0.9999,173,2.6038874042510987,0.30866558099712665,33.78,21,100,2800804,29.689043521881104,29.377272844314575,0.3117706775665283,0.30584168434143066,2847.87353515625,1
FedHST,CIFAR100,0.5,0.7,0.9999,174,2.6119840911865233,0.30430231693161014,33.64,26,100,2800804,37.25160264968872,36.8740119934082,0.3775906562805176,0.37163424491882324,2847.87353515625,1
FedHST,CIFAR100,0.5,0.7,0.9999,175,2.594852780151367,0.30998295687673777,34.23,25,100,2800804,35.44916009902954,35.082860469818115,0.3662996292114258,0.36003828048706055,2847.87353515625,1
FedHST,CIFAR100,0.5,0.7,0.9999,176,2.567178949737549,0.3243590832378338,35.3,30,100,2800804,42.61950373649597,42.191728591918945,0.42777514457702637,0.4218254089355469,2847.87353515625,1
FedHST,CIFAR100,0.5,0.7,0.9999,177,2.5631974376678466,0.322365075838967,34.97,28,100,2800804,38.80031371116638,38.38256788253784,0.41774582862854004,0.4121222496032715,2847.87353515625,1
FedHST,CIFAR100,0.5,0.7,0.9999,178,2.543697519683838,0.3207122967443698,34.87,26,100,2800804,36.4974148273468,36.13573408126831,0.3616807460784912,0.3551149368286133,2847.87353515625,1
FedHST,CIFAR100,0.5,0.7,0.9999,179,2.532183042907715,0.3273859964429488,35.27,24,100,2800804,32.590291261672974,32.24260973930359,0.34768152236938477,0.3418440818786621,2847.87353515625,1
FedHST,CIFAR100,0.5,0.7,0.9999,180,2.5321092926025393,0.32529282701366335,35.13,26,100,2800804,36.05646252632141,35.67810559272766,0.37835693359375,0.3719005584716797,2847.87353515625,1
FedHST,CIFAR100,0.5,0.7,0.9999,181,2.5285914863586427,0.32915833976335235,35.34,30,100,2800804,41.36083102226257,40.95116901397705,0.40966200828552246,0.4043312072753906,2847.87353515625,1
FedHST,CIFAR100,0.5,0.7,0.9999,182,2.5212915824890136,0.32894619364549604,35.82,30,100,2800804,41.30696630477905,40.88496232032776,0.42200398445129395,0.4164247512817383,2849.36865234375,1
FedHST,CIFAR100,0.5,0.7,0.9999,183,2.503634732055664,0.3362312604225487,36.3,27,100,2800804,36.59324550628662,36.20422053337097,0.3890249729156494,0.38297414779663086,2849.36865234375,1
FedHST,CIFAR100,0.5,0.7,0.9999,184,2.501426818084717,0.3410786385099548,36.16,20,100,2800804,28.391321182250977,28.120989561080933,0.27033162117004395,0.2654557228088379,2849.36865234375,1
FedHST,CIFAR100,0.5,0.7,0.9999,185,2.475212396621704,0.3351221671379286,36.15,21,100,2800804,29.457018852233887,29.155397653579712,0.3016211986541748,0.2965977191925049,2849.36865234375,1
FedHST,CIFAR100,0.5,0.7,0.9999,186,2.483126598739624,0.3335198234620363,36.15,23,100,2800804,32.199288845062256,31.87103843688965,0.3282504081726074,0.3222498893737793,2849.36865234375,1
FedHST,CIFAR100,0.5,0.7,0.9999,187,2.5120808879852294,0.33288763888748024,35.81,20,100,2800804,27.65998673439026,27.372577905654907,0.28740882873535156,0.28162574768066406,2849.36865234375,1
FedHST,CIFAR100,0.5,0.7,0.9999,188,2.4777367916107176,0.3420679966824453,36.76,20,100,2800804,27.23636245727539,26.93761420249939,0.298748254776001,0.293229341506958,2849.36865234375,1
FedHST,CIFAR100,0.5,0.7,0.9999,189,2.4822329032897947,0.3281800643697233,35.72,23,100,2800804,31.298717737197876,30.968995571136475,0.32972216606140137,0.3241100311279297,2849.36865234375,1
FedHST,CIFAR100,0.5,0.7,0.9999,190,2.434252970504761,0.348136685286177,37.58,30,100,2800804,40.22048330307007,39.79667067527771,0.4238126277923584,0.41792988777160645,2849.36865234375,1
FedHST,CIFAR100,0.5,0.7,0.9999,191,2.4619858909606935,0.34988502530569177,37.06,20,100,2800804,28.86318874359131,28.564298152923584,0.2988905906677246,0.29288578033447266,2849.36865234375,1
FedHST,CIFAR100,0.5,0.7,0.9999,192,2.431007593154907,0.3486164894633623,37.4,29,100,2800804,40.41920471191406,40.05172538757324,0.3674793243408203,0.3622629642486572,2849.36865234375,1
FedHST,CIFAR100,0.5,0.7,0.9999,193,2.416818810272217,0.35120202064360684,37.61,22,100,2800804,30.497878074645996,30.188403606414795,0.30947446823120117,0.3038499355316162,2849.36865234375,1
FedHST,CIFAR100,0.5,0.7,0.9999,194,2.389386333847046,0.35657914052921774,38.35,30,100,2800804,41.068939447402954,40.63969945907593,0.42923998832702637,0.42293524742126465,2849.36865234375,1
FedHST,CIFAR100,0.5,0.7,0.9999,195,2.4162159172058106,0.3466804583229996,37.76,29,100,2800804,40.31388974189758,39.92745018005371,0.38643956184387207,0.38056015968322754,2849.36865234375,1
FedHST,CIFAR100,0.5,0.7,0.9999,196,2.4090183376312257,0.3489456015372714,37.42,21,100,2800804,28.35602569580078,28.057582139968872,0.2984435558319092,0.29276013374328613,2849.36865234375,1
FedHST,CIFAR100,0.5,0.7,0.9999,197,2.3771004413604735,0.36709623354526427,38.85,27,100,2800804,37.30129861831665,36.935487508773804,0.3658111095428467,0.3600294589996338,2849.36865234375,1
FedHST,CIFAR100,0.5,0.7,0.9999,198,2.373103331756592,0.36540812074839507,38.92,28,100,2800804,36.930068254470825,36.556978702545166,0.3730895519256592,0.36750197410583496,2849.36865234375,1
FedHST,CIFAR100,0.5,0.7,0.9999,199,2.382082326889038,0.35489393436667954,38.11,27,100,2800804,36.205872535705566,35.81474685668945,0.3911256790161133,0.3857533931732178,2849.36865234375,1
FedHST,CIFAR100,0.5,0.7,0.9999,200,2.359169895172119,0.3648446949598474,38.54,23,100,2800804,31.092768669128418,30.763598918914795,0.32916975021362305,0.3231542110443115,2849.36865234375,1
FedHST,CIFAR100,0.5,0.7,0.9999,201,2.3475948059082032,0.3617801969947566,38.97,20,100,2800804,26.838120222091675,26.54943585395813,0.2886843681335449,0.28303980827331543,2849.36865234375,1
FedHST,CIFAR100,0.5,0.7,0.9999,202,2.3370763076782226,0.3653664992975725,39.32,22,100,2800804,28.874785661697388,28.572394132614136,0.30239152908325195,0.29665231704711914,2849.36865234375,1
FedHST,CIFAR100,0.5,0.7,0.9999,203,2.360884734725952,0.3652788256210537,38.85,21,100,2800804,28.583125829696655,28.287694454193115,0.29543137550354004,0.2905752658843994,2849.36865234375,1
FedHST,CIFAR100,0.5,0.7,0.9999,204,2.3614192958831786,0.3645221667157593,38.74,21,100,2800804,28.934192895889282,28.633780479431152,0.3004124164581299,0.2944793701171875,2849.36865234375,1
FedHST,CIFAR100,0.5,0.7,0.9999,205,2.338633100128174,0.3667035231514253,39.44,23,100,2800804,31.68169403076172,31.360485553741455,0.32120847702026367,0.3156101703643799,2849.36865234375,1
FedHST,CIFAR100,0.5,0.7,0.9999,206,2.313435913467407,0.370219111755575,39.96,20,100,2800804,27.113642692565918,26.830875396728516,0.28276729583740234,0.27779364585876465,2849.36865234375,1
FedHST,CIFAR100,0.5,0.7,0.9999,207,2.3039394023895263,0.3764285327495005,40.17,28,100,2800804,37.398715019226074,37.01200008392334,0.3867149353027344,0.3812398910522461,2849.36865234375,1
FedHST,CIFAR100,0.5,0.7,0.9999,208,2.315467981338501,0.37695635018817186,39.89,27,100,2800804,35.05380129814148,34.714277267456055,0.3395240306854248,0.33437514305114746,2849.36865234375,1
FedHST,CIFAR100,0.5,0.7,0.9999,209,2.3124847457885744,0.3810112262514071,40.16,30,100,2800804,40.16168189048767,39.75339698791504,0.40828490257263184,0.40245866775512695,2849.36865234375,1
FedHST,CIFAR100,0.5,0.7,0.9999,210,2.272347988510132,0.38583777418070553,41.06,24,100,2800804,31.858194828033447,31.515405654907227,0.3427891731262207,0.3363471031188965,2849.36865234375,1
FedHST,CIFAR100,0.5,0.7,0.9999,211,2.253312260055542,0.39006089345812806,41.54,29,100,2800804,37.99367356300354,37.60591697692871,0.3877565860748291,0.3822193145751953,2849.36865234375,1
FedHST,CIFAR100,0.5,0.7,0.9999,212,2.2565361289978028,0.39466838282907984,41.39,26,100,2800804,34.31683564186096,33.961687088012695,0.3551485538482666,0.35010695457458496,2849.36865234375,1
FedHST,CIFAR100,0.5,0.7,0.9999,213,2.2360120502471923,0.39756042182195456,41.59,23,100,2800804,31.530597686767578,31.203824520111084,0.32677316665649414,0.3209061622619629,2849.36865234375,1
FedHST,CIFAR100,0.5,0.7,0.9999,214,2.2568539810180663,0.381597604821241,40.7,22,100,2800804,29.580406188964844,29.27393126487732,0.3064749240875244,0.3008875846862793,2849.36865234375,1
FedHST,CIFAR100,0.5,0.7,0.9999,215,2.2377304990768434,0.39486002391302266,41.75,24,100,2800804,33.46173143386841,33.104137897491455,0.3575935363769531,0.35170841217041016,2849.36865234375,1
FedHST,CIFAR100,0.5,0.7,0.9999,216,2.218900218963623,0.40127392938925266,42.16,26,100,2800804,36.321373462677,35.95936942100525,0.36200404167175293,0.3557558059692383,2849.36865234375,1
FedHST,CIFAR100,0.5,0.7,0.9999,217,2.2060825931549073,0.4046243445218648,42.1,26,100,2800804,35.66369414329529,35.31644654273987,0.3472476005554199,0.34141111373901367,2849.36865234375,1
FedHST,CIFAR100,0.5,0.7,0.9999,218,2.2087520668029783,0.40183720392340916,42.26,24,100,2800804,32.912177324295044,32.557912826538086,0.354264497756958,0.34825968742370605,2849.36865234375,1
FedHST,CIFAR100,0.5,0.7,0.9999,219,2.1848981552124025,0.40278879411402413,42.7,26,100,2800804,36.354838609695435,36.020893812179565,0.33394479751586914,0.3286702632904053,2849.36865234375,1
FedHST,CIFAR100,0.5,0.7,0.9999,220,2.1840767360687257,0.408243718385942,42.84,26,100,2800804,36.21882891654968,35.867653369903564,0.35117554664611816,0.3457329273223877,2849.36865234375,1
FedHST,CIFAR100,0.5,0.7,0.9999,221,2.1604666213989256,0.41983439071087325,43.59,26,100,2800804,35.43734622001648,35.08562231063843,0.35172390937805176,0.34712862968444824,2849.36865234375,1
FedHST,CIFAR100,0.5,0.7,0.9999,222,2.1641994762420653,0.4135732290041663,43.37,26,100,2800804,36.09954500198364,35.73691010475159,0.36263489723205566,0.3575150966644287,2849.36865234375,1
FedHST,CIFAR100,0.5,0.7,0.9999,223,2.1552640449523928,0.4163904114704005,43.55,24,100,2800804,32.33217644691467,31.995938539505005,0.33623790740966797,0.33062219619750977,2849.36865234375,1
FedHST,CIFAR100,0.5,0.7,0.9999,224,2.15883909034729,0.41334075117339475,43.34,22,100,2800804,29.730164289474487,29.431256532669067,0.2989077568054199,0.2938191890716553,2849.36865234375,1
FedHST,CIFAR100,0.5,0.7,0.9999,225,2.158004521369934,0.41295042608541876,43.35,25,100,2800804,33.562905073165894,33.208104848861694,0.3548002243041992,0.34938836097717285,2849.36865234375,1
FedHST,CIFAR100,0.5,0.7,0.9999,226,2.1264631130218508,0.4164571361369584,43.89,27,100,2800804,36.61280393600464,36.2324652671814,0.3803386688232422,0.37491393089294434,2849.36865234375,1
FedHST,CIFAR100,0.5,0.7,0.9999,227,2.1232567161560056,0.41598848394926335,43.71,24,100,2800804,32.21237015724182,31.89919877052307,0.31317138671875,0.3076145648956299,2849.36865234375,1
FedHST,CIFAR100,0.5,0.7,0.9999,228,2.1209090229034424,0.41824565605903025,43.95,27,100,2800804,37.258342266082764,36.90595579147339,0.352386474609375,0.34752988815307617,2849.36865234375,1
FedHST,CIFAR100,0.5,0.7,0.9999,229,2.092312414932251,0.431809274519709,44.93,30,100,2800804,40.70278453826904,40.29615116119385,0.4066333770751953,0.40077877044677734,2849.36865234375,1
FedHST,CIFAR100,0.5,0.7,0.9999,230,2.0826556419372557,0.42626103367321583,44.67,30,100,2800804,40.791900634765625,40.38287305831909,0.4090275764465332,0.40353846549987793,2849.36865234375,1
FedHST,CIFAR100,0.5,0.7,0.9999,231,2.1019441436767576,0.4138910650761384,43.76,24,100,2800804,31.90677571296692,31.57699418067932,0.32978153228759766,0.32500243186950684,2849.36865234375,1
FedHST,CIFAR100,0.5,0.7,0.9999,232,2.0902594676971438,0.4276346865959806,44.58,26,100,2800804,34.909562826156616,34.55142426490784,0.3581385612487793,0.3526337146759033,2849.36865234375,1
FedHST,CIFAR100,0.5,0.7,0.9999,233,2.0752304691314696,0.43096505175386546,45.1,27,100,2800804,36.38703513145447,36.019771575927734,0.3672635555267334,0.3607296943664551,2849.36865234375,1
FedHST,CIFAR100,0.5,0.7,0.9999,234,2.0852767555236817,0.42902446007653466,44.82,30,100,2800804,39.26205515861511,38.872862815856934,0.3891923427581787,0.3841104507446289,2849.36865234375,1
FedHST,CIFAR100,0.5,0.7,0.9999,235,2.081746474456787,0.4290090128868676,44.84,28,100,2800804,38.04937934875488,37.67163968086243,0.37773966789245605,0.37220263481140137,2849.36865234375,1
FedHST,CIFAR100,0.5,0.7,0.9999,236,2.06483832321167,0.4351998382229838,45.24,22,100,2800804,30.11285710334778,29.79822540283203,0.31463170051574707,0.3087489604949951,2849.36865234375,1
FedHST,CIFAR100,0.5,0.7,0.9999,237,2.0610440826416014,0.43117316505910863,44.94,23,100,2800804,30.189374923706055,29.89780044555664,0.29157447814941406,0.2868161201477051,2849.36865234375,1
FedHST,CIFAR100,0.5,0.7,0.9999,238,2.0595321182250976,0.42287682206744975,44.76,23,100,2800804,31.47217607498169,31.147476196289062,0.32469987869262695,0.31908369064331055,2849.36865234375,1
FedHST,CIFAR100,0.5,0.7,0.9999,239,2.0743344276428224,0.4240694660327174,44.4,25,100,2800804,33.63158988952637,33.285768032073975,0.3458218574523926,0.3402276039123535,2849.36865234375,1
FedHST,CIFAR100,0.5,0.7,0.9999,240,2.059609047317505,0.43428419406242513,45.46,27,100,2800804,35.87967085838318,35.48006558418274,0.39960527420043945,0.3936007022857666,2849.36865234375,1
FedHST,CIFAR100,0.5,0.7,0.9999,241,2.0305289756774902,0.4422425465691688,45.79,25,100,2800804,33.74430584907532,33.41678500175476,0.32752084732055664,0.3215501308441162,2849.36865234375,1
FedHST,CIFAR100,0.5,0.7,0.9999,242,2.022980859184265,0.44353175815555057,45.75,24,100,2800804,31.61243772506714,31.301753520965576,0.3106842041015625,0.3057072162628174,2849.36865234375,1
FedHST,CIFAR100,0.5,0.7,0.9999,243,2.0116305267333985,0.44156147730825546,45.89,29,100,2800804,38.314936876297,37.93217658996582,0.38276028633117676,0.37699222564697266,2849.36865234375,1
FedHST,CIFAR100,0.5,0.7,0.9999,244,2.0182557470321654,0.4474337384711566,45.96,21,100,2800804,28.99616551399231,28.70582866668701,0.29033684730529785,0.2847483158111572,2849.36865234375,1
FedHST,CIFAR100,0.5,0.7,0.9999,245,2.007336319732666,0.4451224751650845,46.13,26,100,2800804,35.13491487503052,34.78458762168884,0.3503272533416748,0.34446072578430176,2849.36865234375,1
FedHST,CIFAR100,0.5,0.7,0.9999,246,2.002016622543335,0.44854679984225043,46.54,25,100,2800804,34.437671422958374,34.10354280471802,0.33412861824035645,0.3288121223449707,2849.36865234375,1
FedHST,CIFAR100,0.5,0.7,0.9999,247,2.0011869163513185,0.4396500381798868,45.76,25,100,2800804,34.199793338775635,33.8591833114624,0.3406100273132324,0.33464574813842773,2849.36865234375,1
FedHST,CIFAR100,0.5,0.7,0.9999,248,1.961253129196167,0.46436323407904034,47.92,25,100,2800804,33.29461193084717,32.94738817214966,0.34722375869750977,0.34177708625793457,2849.36865234375,1
FedHST,CIFAR100,0.5,0.7,0.9999,249,1.9492180395126342,0.46735785265740626,48.09,24,100,2800804,32.01093053817749,31.700708150863647,0.3102223873138428,0.30462074279785156,2849.36865234375,1
FedHST,CIFAR100,0.5,0.7,0.9999,250,1.9631418529510498,0.4638913103875219,47.59,22,100,2800804,28.968159198760986,28.665923833847046,0.30223536491394043,0.29611682891845703,2849.36865234375,1
FedHST,CIFAR100,0.5,0.7,0.9999,251,1.9572359926223755,0.46146780317808705,47.59,28,100,2800804,37.23018503189087,36.83151698112488,0.3986680507659912,0.39279866218566895,2849.36865234375,1
FedHST,CIFAR100,0.5,0.7,0.9999,252,1.934860926437378,0.4587614229599453,47.4,30,100,2800804,40.27103590965271,39.883174657821655,0.3878612518310547,0.3827533721923828,2849.36865234375,1
FedHST,CIFAR100,0.5,0.7,0.9999,253,1.9487464458465575,0.4605035887615725,47.36,21,100,2800804,27.982093811035156,27.705608367919922,0.2764854431152344,0.27122950553894043,2849.36865234375,1
FedHST,CIFAR100,0.5,0.7,0.9999,254,1.9158575899124146,0.4702106187300643,48.49,29,100,2800804,38.3327898979187,37.94380831718445,0.38898158073425293,0.38387250900268555,2849.36865234375,1
FedHST,CIFAR100,0.5,0.7,0.9999,255,1.9260458423614502,0.4595962296126192,47.68,25,100,2800804,33.75615692138672,33.40822911262512,0.3479278087615967,0.3419656753540039,2849.36865234375,1
FedHST,CIFAR100,0.5,0.7,0.9999,256,1.9318884382247925,0.4608260543474216,47.67,20,100,2800804,26.203694581985474,25.922569036483765,0.281125545501709,0.27443552017211914,2849.36865234375,1
FedHST,CIFAR100,0.5,0.7,0.9999,257,1.9231043128967285,0.4623960971283711,48.09,30,100,2800804,40.30820035934448,39.906930923461914,0.40126943588256836,0.3960874080657959,2849.36865234375,1
FedHST,CIFAR100,0.5,0.7,0.9999,258,1.8960983890533447,0.46833762553077984,48.53,28,100,2800804,37.150625705718994,36.773947954177856,0.3766777515411377,0.3711998462677002,2849.36865234375,1
FedHST,CIFAR100,0.5,0.7,0.9999,259,1.8786007579803468,0.47974726430608183,49.41,28,100,2800804,37.05214262008667,36.6839165687561,0.3682260513305664,0.3631629943847656,2849.36865234375,1
FedHST,CIFAR100,0.5,0.7,0.9999,260,1.8961979881286621,0.4740400565473984,48.61,22,100,2800804,28.41130781173706,28.106382131576538,0.30492568016052246,0.29962682723999023,2849.36865234375,1
FedHST,CIFAR100,0.5,0.7,0.9999,261,1.8913248359680175,0.46937352534412013,48.49,29,100,2800804,38.34917736053467,37.96623730659485,0.38294005393981934,0.37793540954589844,2849.36865234375,1
FedHST,CIFAR100,0.5,0.7,0.9999,262,1.896716171646118,0.4689169386135067,48.54,21,100,2800804,28.462898015975952,28.154359579086304,0.30853843688964844,0.30306434631347656,2849.36865234375,1
FedHST,CIFAR100,0.5,0.7,0.9999,263,1.9061228900909424,0.4662261580793412,48.47,22,100,2800804,29.0726318359375,28.751381397247314,0.32125043869018555,0.31571269035339355,2849.36865234375,1
FedHST,CIFAR100,0.5,0.7,0.9999,264,1.8633597885131836,0.47979891458218515,49.26,24,100,2800804,32.14495325088501,31.81247568130493,0.3324775695800781,0.3264298439025879,2849.36865234375,1
FedHST,CIFAR100,0.5,0.7,0.9999,265,1.8640921195983886,0.48299712315998633,49.74,29,100,2800804,39.42666292190552,39.03321194648743,0.3934509754180908,0.3876917362213135,2849.36865234375,1
FedHST,CIFAR100,0.5,0.7,0.9999,266,1.882376330947876,0.46997309101060125,48.79,23,100,2800804,29.55412983894348,29.229119062423706,0.3250107765197754,0.3203768730163574,2849.36865234375,1
FedHST,CIFAR100,0.5,0.7,0.9999,267,1.8787696489334107,0.47498592308280135,49.08,23,100,2800804,30.54188346862793,30.20464825630188,0.3372352123260498,0.3304736614227295,2849.36865234375,1
FedHST,CIFAR100,0.5,0.7,0.9999,268,1.8539288932800293,0.48256902414268654,49.83,27,100,2800804,35.82319188117981,35.42595458030701,0.39723730087280273,0.3919053077697754,2849.36865234375,1
FedHST,CIFAR100,0.5,0.7,0.9999,269,1.8565321662902832,0.47800770884708443,49.45,20,100,2800804,25.958527326583862,25.69183087348938,0.2666964530944824,0.2617325782775879,2849.36865234375,1
FedHST,CIFAR100,0.5,0.7,0.9999,270,1.850579217338562,0.4851155915143708,50.08,30,100,2800804,40.59765410423279,40.192150592803955,0.405503511428833,0.4003727436065674,2849.36865234375,1
FedHST,CIFAR100,0.5,0.7,0.9999,271,1.8337886837005615,0.49100487487980077,50.24,28,100,2800804,37.31815528869629,36.94276022911072,0.3753950595855713,0.36972880363464355,2849.36865234375,1
FedHST,CIFAR100,0.5,0.7,0.9999,272,1.824192658996582,0.4919681223769902,50.21,30,100,2800804,40.23976159095764,39.82797074317932,0.4117908477783203,0.4062986373901367,2849.36865234375,1
FedHST,CIFAR100,0.5,0.7,0.9999,273,1.8024490390777588,0.4865956362047074,50.19,29,100,2800804,38.656774044036865,38.25121784210205,0.40555620193481445,0.4005091190338135,2849.36865234375,1
FedHST,CIFAR100,0.5,0.7,0.9999,274,1.8101431617736816,0.4918219382896535,50.81,20,100,2800804,27.527554035186768,27.252431631088257,0.27512240409851074,0.26917147636413574,2849.36865234375,1
FedHST,CIFAR100,0.5,0.7,0.9999,275,1.8012200931549072,0.49368282976427635,50.83,26,100,2800804,34.78469133377075,34.433785915374756,0.3509054183959961,0.34547853469848633,2849.36865234375,1
FedHST,CIFAR100,0.5,0.7,0.9999,276,1.8014699211120606,0.4998298453752759,51.24,20,100,2800804,27.025268077850342,26.75430679321289,0.27096128463745117,0.2648963928222656,2849.36865234375,1
FedHST,CIFAR100,0.5,0.7,0.9999,277,1.8003331161499023,0.49056955424508764,50.66,22,100,2800804,29.681033611297607,29.369882583618164,0.31115102767944336,0.3061950206756592,2849.36865234375,1
FedHST,CIFAR100,0.5,0.7,0.9999,278,1.7860132053375244,0.49498840057217947,51.13,29,100,2800804,39.37380337715149,38.98352289199829,0.39028048515319824,0.3853170871734619,2849.36865234375,1
FedHST,CIFAR100,0.5,0.7,0.9999,279,1.7851886299133302,0.49834479849525265,51.21,29,100,2800804,38.70387530326843,38.300058126449585,0.40381717681884766,0.3979363441467285,2849.36865234375,1
FedHST,CIFAR100,0.5,0.7,0.9999,280,1.7650240844726564,0.5088418783085461,51.84,24,100,2800804,31.810062646865845,31.451249599456787,0.3588130474090576,0.35346531867980957,2849.36865234375,1
FedHST,CIFAR100,0.5,0.7,0.9999,281,1.7496413171768188,0.5165644234377275,52.41,20,100,2800804,27.319079637527466,27.046875,0.2722046375274658,0.26653575897216797,2849.36865234375,1
FedHST,CIFAR100,0.5,0.7,0.9999,282,1.7578453609466553,0.5098395584636356,52.02,23,100,2800804,30.571540117263794,30.25029754638672,0.3212425708770752,0.3160569667816162,2849.36865234375,1
FedHST,CIFAR100,0.5,0.7,0.9999,283,1.74469169921875,0.5075334297148255,52.02,25,100,2800804,34.93755221366882,34.57524561882019,0.3623065948486328,0.35661888122558594,2849.36865234375,1
FedHST,CIFAR100,0.5,0.7,0.9999,284,1.7347825443267821,0.5096758994814499,52.06,30,100,2800804,40.90582275390625,40.46241354942322,0.4434092044830322,0.4372568130493164,2849.36865234375,1
FedHST,CIFAR100,0.5,0.7,0.9999,285,1.723691718864441,0.5159521432879609,52.61,25,100,2800804,34.36287879943848,34.012290477752686,0.350588321685791,0.3450801372528076,2849.36865234375,1
FedHST,CIFAR100,0.5,0.7,0.9999,286,1.737766616630554,0.4999782297359794,51.61,28,100,2800804,39.48767924308777,39.085256576538086,0.4024226665496826,0.3959228992462158,2849.36865234375,1
FedHST,CIFAR100,0.5,0.7,0.9999,287,1.7367686326980591,0.5062204370187794,52.21,23,100,2800804,32.286075592041016,31.950315237045288,0.33576035499572754,0.33011341094970703,2849.36865234375,1
FedHST,CIFAR100,0.5,0.7,0.9999,288,1.7145037477493286,0.515385308687349,52.89,29,100,2800804,40.519577741622925,40.11689805984497,0.4026796817779541,0.3966801166534424,2849.36865234375,1
FedHST,CIFAR100,0.5,0.7,0.9999,289,1.7181070117950439,0.5204139883143337,53.1,25,100,2800804,35.53832292556763,35.168536901474,0.36978602409362793,0.36412596702575684,2849.36865234375,1
FedHST,CIFAR100,0.5,0.7,0.9999,290,1.7445222406387328,0.5053808182152172,51.89,21,100,2800804,28.782792568206787,28.470930099487305,0.3118624687194824,0.30599284172058105,2849.36865234375,1
FedHST,CIFAR100,0.5,0.7,0.9999,291,1.7072362632751465,0.518777425830146,53.16,28,100,2800804,38.331764936447144,37.90348410606384,0.4282808303833008,0.4228076934814453,2849.36865234375,1
FedHST,CIFAR100,0.5,0.7,0.9999,292,1.6837613565444947,0.521405439032685,53.42,27,100,2800804,37.33346152305603,36.97302842140198,0.36043310165405273,0.35492515563964844,2849.36865234375,1
FedHST,CIFAR100,0.5,0.7,0.9999,293,1.6898067499160767,0.5252737514692172,53.86,23,100,2800804,31.923011541366577,31.609143018722534,0.31386852264404297,0.30872488021850586,2849.36865234375,1
FedHST,CIFAR100,0.5,0.7,0.9999,294,1.690301100730896,0.5186831837321146,53.22,21,100,2800804,28.3588924407959,28.06536555290222,0.29352688789367676,0.28740835189819336,2849.36865234375,1
FedHST,CIFAR100,0.5,0.7,0.9999,295,1.7279551351547242,0.5072472713317824,52.11,23,100,2800804,30.911504983901978,30.573166847229004,0.33833813667297363,0.33238697052001953,2849.36865234375,1
FedHST,CIFAR100,0.5,0.7,0.9999,296,1.6872554069519043,0.5239353843847343,53.48,30,100,2800804,42.690691232681274,42.28030300140381,0.4103882312774658,0.40496063232421875,2849.36865234375,1
FedHST,CIFAR100,0.5,0.7,0.9999,297,1.727978468132019,0.5142002322955377,52.33,20,100,2800804,28.19005560874939,27.891199588775635,0.2988560199737549,0.2931394577026367,2849.36865234375,1
FedHST,CIFAR100,0.5,0.7,0.9999,298,1.697816425704956,0.5222055952579937,52.94,21,100,2800804,29.108526706695557,28.810877084732056,0.297649621963501,0.29195690155029297,2849.36865234375,1
FedHST,CIFAR100,0.5,0.7,0.9999,299,1.658086794090271,0.5280705363768784,53.78,26,100,2800804,35.20366716384888,34.82043743133545,0.38322973251342773,0.3773655891418457,2849.36865234375,1
FedHST,CIFAR100,0.5,0.7,0.9999,300,1.6783201810836792,0.523575234975943,53.57,23,100,2800804,32.59856557846069,32.26053023338318,0.33803534507751465,0.33217597007751465,2849.36865234375,1
FedHST,CIFAR100,0.5,0.7,0.9999,301,1.6861729907989502,0.5198072834256662,53.56,30,100,2800804,42.428178787231445,42.028387784957886,0.39979100227355957,0.3941636085510254,2849.36865234375,1
FedHST,CIFAR100,0.5,0.7,0.9999,302,1.6673415777206422,0.5293016691626624,54.16,27,100,2800804,36.74614715576172,36.354997873306274,0.39114928245544434,0.3856234550476074,2849.36865234375,1
FedHST,CIFAR100,0.5,0.7,0.9999,303,1.6345886871337891,0.5367689756923703,54.4,28,100,2800804,39.40623641014099,39.02270770072937,0.3835287094116211,0.3774242401123047,2849.36865234375,1
FedHST,CIFAR100,0.5,0.7,0.9999,304,1.6786946891784669,0.5262099583844249,53.69,21,100,2800804,28.295076847076416,27.991082191467285,0.30399465560913086,0.29807496070861816,2849.36865234375,1
FedHST,CIFAR100,0.5,0.7,0.9999,305,1.6307991313934327,0.5427923884957077,55.21,26,100,2800804,36.47313857078552,36.10735487937927,0.36578369140625,0.36040830612182617,2849.36865234375,1
FedHST,CIFAR100,0.5,0.7,0.9999,306,1.6312701068878175,0.5454340545820028,55.43,23,100,2800804,31.97210144996643,31.649186372756958,0.32291507720947266,0.31728076934814453,2849.36865234375,1
FedHST,CIFAR100,0.5,0.7,0.9999,307,1.6326092533111571,0.5442231125824378,55.37,29,100,2800804,39.78714466094971,39.385154008865356,0.4019906520843506,0.39613914489746094,2849.36865234375,1
FedHST,CIFAR100,0.5,0.7,0.9999,308,1.6245858589172364,0.536635783572297,55.0,24,100,2800804,32.3830840587616,32.035115003585815,0.34796905517578125,0.34242939949035645,2849.36865234375,1
FedHST,CIFAR100,0.5,0.7,0.9999,309,1.6033892808914185,0.5412101951920774,55.23,26,100,2800804,35.777631998062134,35.401036500930786,0.37659549713134766,0.37068629264831543,2849.36865234375,1
FedHST,CIFAR100,0.5,0.7,0.9999,310,1.589587433242798,0.5545777304119744,56.21,27,100,2800804,36.826902866363525,36.438064098358154,0.3888387680053711,0.38371801376342773,2849.36865234375,1
FedHST,CIFAR100,0.5,0.7,0.9999,311,1.5815519477844238,0.5563211963633277,56.59,28,100,2800804,38.71100187301636,38.33079147338867,0.38021039962768555,0.3744640350341797,2849.36865234375,1
FedHST,CIFAR100,0.5,0.7,0.9999,312,1.5968761274337768,0.5474418675946597,55.83,29,100,2800804,40.10324287414551,39.68937635421753,0.4138665199279785,0.40781617164611816,2849.36865234375,1
FedHST,CIFAR100,0.5,0.7,0.9999,313,1.5893382747650147,0.5516103274074026,56.08,23,100,2800804,32.748926877975464,32.41717553138733,0.33175134658813477,0.3265190124511719,2849.36865234375,1
FedHST,CIFAR100,0.5,0.7,0.9999,314,1.5854912435531616,0.5457972133638381,55.55,22,100,2800804,29.99280071258545,29.67394185066223,0.3188588619232178,0.31309032440185547,2849.36865234375,1
FedHST,CIFAR100,0.5,0.7,0.9999,315,1.5827360363006593,0.5535454201328918,56.1,26,100,2800804,35.20015239715576,34.82309317588806,0.3770592212677002,0.37096214294433594,2849.36865234375,1
FedHST,CIFAR100,0.5,0.7,0.9999,316,1.5910531593322754,0.5485531677600896,55.81,20,100,2800804,28.770111083984375,28.478864192962646,0.2912468910217285,0.2854771614074707,2849.36865234375,1
FedHST,CIFAR100,0.5,0.7,0.9999,317,1.5730787506103516,0.5534587348013531,56.66,29,100,2800804,40.13793969154358,39.70713496208191,0.4308047294616699,0.4251887798309326,2849.36865234375,1
FedHST,CIFAR100,0.5,0.7,0.9999,318,1.5546718334197998,0.5549044387092859,56.63,26,100,2800804,35.49371600151062,35.12410092353821,0.3696150779724121,0.36391377449035645,2849.36865234375,1
FedHST,CIFAR100,0.5,0.7,0.9999,319,1.5660047819137572,0.5565836946962324,56.44,20,100,2800804,28.67332935333252,28.379659175872803,0.2936701774597168,0.2879526615142822,2849.36865234375,1
FedHST,CIFAR100,0.5,0.7,0.9999,320,1.547499067878723,0.559949338615927,56.87,30,100,2800804,41.211787939071655,40.79704928398132,0.41473865509033203,0.4091792106628418,2849.36865234375,1
FedHST,CIFAR100,0.5,0.7,0.9999,321,1.5500728307723999,0.5587277159111308,56.88,23,100,2800804,31.8069908618927,31.460672855377197,0.34631800651550293,0.3403055667877197,2849.36865234375,1
FedHST,CIFAR100,0.5,0.7,0.9999,322,1.5382493871688843,0.5683753986011595,57.59,25,100,2800804,33.866090059280396,33.50756335258484,0.35852670669555664,0.35269999504089355,2849.36865234375,1
FedHST,CIFAR100,0.5,0.7,0.9999,323,1.5642786657333374,0.5577669330841382,56.39,23,100,2800804,31.40973424911499,31.07707715034485,0.3326570987701416,0.3266298770904541,2849.36865234375,1
FedHST,CIFAR100,0.5,0.7,0.9999,324,1.5474784292221069,0.5629601885445624,57.05,21,100,2800804,29.28175950050354,28.97352695465088,0.30823254585266113,0.30270838737487793,2849.36865234375,1
FedHST,CIFAR100,0.5,0.7,0.9999,325,1.5792910442352295,0.5492399054330886,56.07,26,100,2800804,36.24284100532532,35.85999822616577,0.3828427791595459,0.3773369789123535,2849.36865234375,1
FedHST,CIFAR100,0.5,0.7,0.9999,326,1.563075064086914,0.5539869427333086,56.4,22,100,2800804,30.30286455154419,30.004217863082886,0.2986466884613037,0.2935478687286377,2849.36865234375,1
FedHST,CIFAR100,0.5,0.7,0.9999,327,1.5493778860092162,0.5696339848992198,57.53,28,100,2800804,37.59330224990845,37.22002673149109,0.3732755184173584,0.3679800033569336,2849.36865234375,1
FedHST,CIFAR100,0.5,0.7,0.9999,328,1.532087452697754,0.5688339608611008,57.59,21,100,2800804,27.80507469177246,27.49515438079834,0.3099203109741211,0.3044440746307373,2849.36865234375,1
FedHST,CIFAR100,0.5,0.7,0.9999,329,1.533453125,0.5644306805480427,57.38,22,100,2800804,30.565337419509888,30.25289559364319,0.3124418258666992,0.30684709548950195,2849.36865234375,1
FedHST,CIFAR100,0.5,0.7,0.9999,330,1.5185430240631104,0.5728878392928697,58.0,20,100,2800804,27.032493352890015,26.763933420181274,0.26855993270874023,0.26320719718933105,2849.36865234375,1
FedHST,CIFAR100,0.5,0.7,0.9999,331,1.5252516780853271,0.5696375590646064,57.66,25,100,2800804,33.917319774627686,33.56976819038391,0.3475515842437744,0.342113733291626,2849.36865234375,1
FedHST,CIFAR100,0.5,0.7,0.9999,332,1.5107067218780517,0.5695235518400587,57.71,27,100,2800804,36.95705962181091,36.60773158073425,0.34932804107666016,0.34357404708862305,2849.36865234375,1
FedHST,CIFAR100,0.5,0.7,0.9999,333,1.517983909034729,0.5685147709328892,57.91,26,100,2800804,35.44591689109802,35.078999042510986,0.36691784858703613,0.36133885383605957,2849.36865234375,1
FedHST,CIFAR100,0.5,0.7,0.9999,334,1.4985202610015869,0.5714687094941254,58.02,23,100,2800804,30.8101487159729,30.48708987236023,0.3230588436126709,0.31777048110961914,2849.36865234375,1
FedHST,CIFAR100,0.5,0.7,0.9999,335,1.5069904415130615,0.5736575874088673,58.2,23,100,2800804,30.692047357559204,30.35860300064087,0.33344435691833496,0.3272719383239746,2849.36865234375,1
FedHST,CIFAR100,0.5,0.7,0.9999,336,1.4983280702590942,0.5737943830870903,58.18,25,100,2800804,33.785651206970215,33.44110870361328,0.3445425033569336,0.33937501907348633,2849.36865234375,1
FedHST,CIFAR100,0.5,0.7,0.9999,337,1.508158254814148,0.5715506737847597,58.12,29,100,2800804,38.50099587440491,38.11988353729248,0.38111233711242676,0.3756542205810547,2849.36865234375,1
FedHST,CIFAR100,0.5,0.7,0.9999,338,1.507961736869812,0.5677631326595134,57.84,24,100,2800804,31.378005981445312,31.042839288711548,0.33516669273376465,0.3298759460449219,2849.36865234375,1
FedHST,CIFAR100,0.5,0.7,0.9999,339,1.4868398807525636,0.5733889204028457,58.35,21,100,2800804,28.31591010093689,28.01871347427368,0.297196626663208,0.2915642261505127,2849.36865234375,1
FedHST,CIFAR100,0.5,0.7,0.9999,340,1.477278021812439,0.5756981617236503,58.36,24,100,2800804,31.745142459869385,31.408601999282837,0.33654046058654785,0.33162426948547363,2849.36865234375,1
FedHST,CIFAR100,0.5,0.7,0.9999,341,1.493151935005188,0.5704602469642405,57.67,20,100,2800804,26.653226375579834,26.380154132843018,0.2730722427368164,0.26727867126464844,2849.36865234375,1
FedHST,CIFAR100,0.5,0.7,0.9999,342,1.5000591529846192,0.5722027958356662,58.0,25,100,2800804,33.21025371551514,32.8611204624176,0.3491332530975342,0.34379100799560547,2849.36865234375,1
FedHST,CIFAR100,0.5,0.7,0.9999,343,1.481928129005432,0.5797231808086287,58.75,26,100,2800804,34.29812431335449,33.94312644004822,0.3549978733062744,0.34917140007019043,2849.36865234375,1
FedHST,CIFAR100,0.5,0.7,0.9999,344,1.4794162233352661,0.5791584604011089,58.53,21,100,2800804,27.152881145477295,26.878847122192383,0.2740340232849121,0.26908326148986816,2849.36865234375,1
FedHST,CIFAR100,0.5,0.7,0.9999,345,1.4539691961288452,0.5812655949231249,58.9,21,100,2800804,27.431546211242676,27.138878107070923,0.29266810417175293,0.2872459888458252,2849.36865234375,1
FedHST,CIFAR100,0.5,0.7,0.9999,346,1.4692686712265015,0.5804112565004551,58.85,24,100,2800804,32.00679278373718,31.6844801902771,0.322312593460083,0.3167383670806885,2849.36865234375,1
FedHST,CIFAR100,0.5,0.7,0.9999,347,1.471132663154602,0.5803403842681205,58.79,25,100,2800804,33.295278549194336,32.96112394332886,0.3341546058654785,0.32860827445983887,2849.36865234375,1
FedHST,CIFAR100,0.5,0.7,0.9999,348,1.4437019594192504,0.5870161726676729,59.45,30,100,2800804,40.10645294189453,39.69313097000122,0.41332197189331055,0.4072902202606201,2849.36865234375,1
FedHST,CIFAR100,0.5,0.7,0.9999,349,1.4450287509918214,0.5868428537516794,59.48,21,100,2800804,26.862825632095337,26.57471203804016,0.2881135940551758,0.2835872173309326,2849.36865234375,1
FedHST,CIFAR100,0.5,0.7,0.9999,350,1.441785926246643,0.5901419321689516,59.82,26,100,2800804,33.74921727180481,33.39199209213257,0.3572251796722412,0.3514559268951416,2849.36865234375,1
FedHST,CIFAR100,0.5,0.7,0.9999,351,1.4517479164123535,0.5811317570847282,58.92,27,100,2800804,35.99238848686218,35.640891313552856,0.35149717330932617,0.34552979469299316,2849.36865234375,1
FedHST,CIFAR100,0.5,0.7,0.9999,352,1.4502579179763795,0.5878169070292556,59.37,26,100,2800804,34.20476746559143,33.853739976882935,0.3510274887084961,0.34581494331359863,2849.36865234375,1
FedHST,CIFAR100,0.5,0.7,0.9999,353,1.469843696784973,0.5783794364274197,58.44,20,100,2800804,26.669336318969727,26.397551774978638,0.27178454399108887,0.26641845703125,2849.36865234375,1
FedHST,CIFAR100,0.5,0.7,0.9999,354,1.478557123374939,0.575746754761442,58.39,21,100,2800804,27.304754495620728,27.017869472503662,0.28688502311706543,0.2817995548248291,2849.36865234375,1
FedHST,CIFAR100,0.5,0.7,0.9999,355,1.4364505363464355,0.5891335226529897,59.65,22,100,2800804,28.398757696151733,28.095925331115723,0.30283236503601074,0.29750657081604004,2849.36865234375,1
FedHST,CIFAR100,0.5,0.7,0.9999,356,1.4190514751434327,0.5942207195840014,60.11,26,100,2800804,34.187310457229614,33.836442708969116,0.35086774826049805,0.3452322483062744,2849.36865234375,1
FedHST,CIFAR100,0.5,0.7,0.9999,357,1.4186299350738525,0.5914851551264145,59.81,20,100,2800804,26.09173846244812,25.81663465499878,0.2751038074493408,0.26955389976501465,2849.36865234375,1
FedHST,CIFAR100,0.5,0.7,0.9999,358,1.4420093957901001,0.5863161334448496,59.34,27,100,2800804,34.21084141731262,33.86115503311157,0.3496863842010498,0.34478235244750977,2849.36865234375,1
FedHST,CIFAR100,0.5,0.7,0.9999,359,1.4373044328689575,0.5885438738361912,59.73,30,100,2800804,40.83246994018555,40.43294906616211,0.3995208740234375,0.3941335678100586,2849.74658203125,1
FedHST,CIFAR100,0.5,0.7,0.9999,360,1.4182943418502807,0.5922897889046872,60.14,25,100,2800804,32.81179332733154,32.48722791671753,0.32456541061401367,0.3183600902557373,2849.74658203125,1
FedHST,CIFAR100,0.5,0.7,0.9999,361,1.403229539680481,0.5969930896886698,60.26,28,100,2800804,36.52099847793579,36.147645473480225,0.3733530044555664,0.36753153800964355,2849.74658203125,1
FedHST,CIFAR100,0.5,0.7,0.9999,362,1.4069686655044555,0.5961999918373398,60.06,22,100,2800804,29.017893075942993,28.695674419403076,0.322218656539917,0.31661272048950195,2849.74658203125,1
FedHST,CIFAR100,0.5,0.7,0.9999,363,1.4222920154571532,0.5918994373907875,59.98,23,100,2800804,29.906455039978027,29.583159923553467,0.32329511642456055,0.3171205520629883,2849.74658203125,1
FedHST,CIFAR100,0.5,0.7,0.9999,364,1.429158401298523,0.5909193017759378,59.88,22,100,2800804,29.348734617233276,29.03373670578003,0.31499791145324707,0.30898022651672363,2849.74658203125,1
FedHST,CIFAR100,0.5,0.7,0.9999,365,1.4047669202804565,0.5950605348104016,60.29,30,100,2800804,40.2622492313385,39.854212522506714,0.4080367088317871,0.402803897857666,2850.4951171875,1
FedHST,CIFAR100,0.5,0.7,0.9999,366,1.3798741086959838,0.6020951280218632,60.83,27,100,2800804,35.606351137161255,35.247586250305176,0.3587648868560791,0.35319089889526367,2850.4951171875,1
FedHST,CIFAR100,0.5,0.7,0.9999,367,1.400959934234619,0.5967692916355409,60.07,21,100,2800804,28.010185956954956,27.71885395050049,0.2913320064544678,0.2863736152648926,2850.4951171875,1
FedHST,CIFAR100,0.5,0.7,0.9999,368,1.3976858987808227,0.5973744135329463,60.4,25,100,2800804,32.99166393280029,32.657257080078125,0.33440685272216797,0.32927751541137695,2850.4951171875,1
FedHST,CIFAR100,0.5,0.7,0.9999,369,1.4244360855102538,0.5934514651811954,60.31,22,100,2800804,29.569927215576172,29.268474578857422,0.30145263671875,0.2947685718536377,2850.4951171875,1
FedHST,CIFAR100,0.5,0.7,0.9999,370,1.4369753118515014,0.5883337120678747,59.69,27,100,2800804,35.41567087173462,35.049437522888184,0.36623334884643555,0.36052656173706055,2850.4951171875,1
FedHST,CIFAR100,0.5,0.7,0.9999,371,1.3939514017105104,0.6009954465692566,60.62,23,100,2800804,29.724241733551025,29.418406009674072,0.3058357238769531,0.29920029640197754,2850.4951171875,1
FedHST,CIFAR100,0.5,0.7,0.9999,372,1.392285862350464,0.6030469241067097,60.74,23,100,2800804,29.453945875167847,29.144036293029785,0.3099095821380615,0.30437326431274414,2850.4951171875,1
FedHST,CIFAR100,0.5,0.7,0.9999,373,1.3876754182815552,0.6046611120102575,61.21,21,100,2800804,27.636289834976196,27.323129177093506,0.31316065788269043,0.3074812889099121,2850.4951171875,1
FedHST,CIFAR100,0.5,0.7,0.9999,374,1.397087306022644,0.601497276392818,60.78,23,100,2800804,29.58303141593933,29.258572816848755,0.32445859909057617,0.318676233291626,2850.4951171875,1
FedHST,CIFAR100,0.5,0.7,0.9999,375,1.3748479196548462,0.6052090169427539,61.22,28,100,2800804,37.19094705581665,36.82530498504639,0.36564207077026367,0.35974621772766113,2850.4951171875,1
FedHST,CIFAR100,0.5,0.7,0.9999,376,1.3759147924423218,0.6055698442920427,61.21,21,100,2800804,27.46475625038147,27.193939924240112,0.2708163261413574,0.26569151878356934,2850.4951171875,1
FedHST,CIFAR100,0.5,0.7,0.9999,377,1.3727334367752075,0.6045190979184647,60.98,20,100,2800804,27.054607629776,26.785640954971313,0.2689666748046875,0.2634563446044922,2850.4951171875,1
FedHST,CIFAR100,0.5,0.7,0.9999,378,1.3686450450897216,0.6070273530331424,61.22,28,100,2800804,37.82797360420227,37.41945242881775,0.4085211753845215,0.4026303291320801,2850.4951171875,1
FedHST,CIFAR100,0.5,0.7,0.9999,379,1.3634924942016602,0.6156544776999929,62.08,26,100,2800804,34.34190034866333,33.99688649177551,0.3450138568878174,0.33918333053588867,2850.4951171875,1
FedHST,CIFAR100,0.5,0.7,0.9999,380,1.3767306825637817,0.6111490788960533,61.63,25,100,2800804,34.13835573196411,33.781123876571655,0.35723185539245605,0.3515317440032959,2850.4951171875,1
FedHST,CIFAR100,0.5,0.7,0.9999,381,1.355363650894165,0.6087818690199085,61.49,30,100,2800804,41.28760266304016,40.86671161651611,0.42089104652404785,0.415189266204834,2850.4951171875,1
FedHST,CIFAR100,0.5,0.7,0.9999,382,1.346889298439026,0.6097162034426267,61.5,27,100,2800804,35.91883325576782,35.536887407302856,0.3819458484649658,0.37595224380493164,2850.4951171875,1
FedHST,CIFAR100,0.5,0.7,0.9999,383,1.3707282405853272,0.6053000695287527,61.1,27,100,2800804,37.285640716552734,36.90887141227722,0.3767693042755127,0.3700227737426758,2850.4951171875,1
FedHST,CIFAR100,0.5,0.7,0.9999,384,1.3655271549224854,0.6040527605410031,61.07,28,100,2800804,37.787967681884766,37.40649199485779,0.38147568702697754,0.37590909004211426,2850.4951171875,1
FedHST,CIFAR100,0.5,0.7,0.9999,385,1.3507576038360596,0.6097968659539416,61.65,27,100,2800804,35.712571144104004,35.33527088165283,0.3773002624511719,0.37156248092651367,2850.4951171875,1
FedHST,CIFAR100,0.5,0.7,0.9999,386,1.3563305906295777,0.6111450422751626,61.66,20,100,2800804,26.606021404266357,26.331390380859375,0.2746310234069824,0.269162654876709,2850.4951171875,1
FedHST,CIFAR100,0.5,0.7,0.9999,387,1.3446740049362182,0.6147228266818793,61.98,28,100,2800804,37.4486882686615,37.05471110343933,0.39397716522216797,0.3887603282928467,2850.4951171875,1
FedHST,CIFAR100,0.5,0.7,0.9999,388,1.3400956050872803,0.6159321667926986,61.98,20,100,2800804,25.68411111831665,25.397801160812378,0.28630995750427246,0.28083038330078125,2850.4951171875,1
FedHST,CIFAR100,0.5,0.7,0.9999,389,1.3399615991592406,0.6150803651858496,61.89,27,100,2800804,36.496830701828,36.151416301727295,0.345414400100708,0.33989405632019043,2850.4951171875,1
FedHST,CIFAR100,0.5,0.7,0.9999,390,1.3417386293411255,0.6122764147955435,61.8,25,100,2800804,34.367897748947144,34.01120853424072,0.3566892147064209,0.3513753414154053,2850.4951171875,1
FedHST,CIFAR100,0.5,0.7,0.9999,391,1.353235345840454,0.6077121857723974,61.57,20,100,2800804,26.90750002861023,26.620063066482544,0.28743696212768555,0.28107261657714844,2850.4951171875,1
FedHST,CIFAR100,0.5,0.7,0.9999,392,1.3677245532989502,0.6071042349856275,61.44,20,100,2800804,26.758728504180908,26.478469133377075,0.280259370803833,0.2741060256958008,2850.4951171875,1
FedHST,CIFAR100,0.5,0.7,0.9999,393,1.3388516632080079,0.6152694726894318,62.08,20,100,2800804,25.753406047821045,25.463416814804077,0.2899892330169678,0.28473901748657227,2850.4951171875,1
FedHST,CIFAR100,0.5,0.7,0.9999,394,1.3511033149719238,0.6084093161629889,61.56,23,100,2800804,31.092653512954712,30.77305269241333,0.31960082054138184,0.31424951553344727,2850.4951171875,1
FedHST,CIFAR100,0.5,0.7,0.9999,395,1.3443736536026,0.6163961355763538,62.07,20,100,2800804,27.52451252937317,27.241270303726196,0.28324222564697266,0.2773559093475342,2850.4951171875,1
FedHST,CIFAR100,0.5,0.7,0.9999,396,1.3233515047073365,0.6204670977497488,62.48,22,100,2800804,28.52986192703247,28.234671354293823,0.29519057273864746,0.2901027202606201,2850.4951171875,1
FedHST,CIFAR100,0.5,0.7,0.9999,397,1.345807657623291,0.6146351276751038,61.69,23,100,2800804,30.633427143096924,30.326825857162476,0.30660128593444824,0.30106186866760254,2850.4951171875,1
FedHST,CIFAR100,0.5,0.7,0.9999,398,1.325705238723755,0.6167894994002231,62.22,27,100,2800804,35.414533376693726,35.0783576965332,0.33617568016052246,0.3308737277984619,2850.4951171875,1
FedHST,CIFAR100,0.5,0.7,0.9999,399,1.3250818925857544,0.6159901422214272,62.19,27,100,2800804,35.02073574066162,34.64675569534302,0.3739800453186035,0.36839866638183594,2850.4951171875,1
FedHST,CIFAR100,0.5,0.7,0.9999,400,1.3326937507629395,0.6136067738433276,62.04,21,100,2800804,27.264200925827026,26.976059913635254,0.28814101219177246,0.28315210342407227,2850.4951171875,1
FedHST,CIFAR100,0.5,0.7,0.9999,401,1.3220773525238037,0.6200580866175126,62.57,21,100,2800804,27.967310190200806,27.662994384765625,0.30431580543518066,0.298403263092041,2850.4951171875,1
FedHST,CIFAR100,0.5,0.7,0.9999,402,1.3396064968109131,0.6118227767456974,61.77,27,100,2800804,36.02936553955078,35.66047811508179,0.36888742446899414,0.363476037979126,2850.4951171875,1
FedHST,CIFAR100,0.5,0.7,0.9999,403,1.325911375427246,0.6134599706987025,61.98,29,100,2800804,38.04705572128296,37.67240881919861,0.3746469020843506,0.36997056007385254,2850.4951171875,1
FedHST,CIFAR100,0.5,0.7,0.9999,404,1.3253878330230713,0.6200379496208647,62.69,22,100,2800804,28.573734045028687,28.29198431968689,0.2817497253417969,0.2767653465270996,2850.4951171875,1
FedHST,CIFAR100,0.5,0.7,0.9999,405,1.3060120376586914,0.6253731287191042,63.09,22,100,2800804,28.682665824890137,28.377894163131714,0.30477166175842285,0.2989678382873535,2850.4951171875,1
FedHST,CIFAR100,0.5,0.7,0.9999,406,1.3090756078720094,0.622861185004639,62.78,30,100,2800804,39.45902180671692,39.0344123840332,0.4246094226837158,0.41892552375793457,2850.4951171875,1
FedHST,CIFAR100,0.5,0.7,0.9999,407,1.2973549642562867,0.6247559476406992,62.96,27,100,2800804,36.32395148277283,35.9656548500061,0.35829663276672363,0.35329627990722656,2850.4951171875,1
FedHST,CIFAR100,0.5,0.7,0.9999,408,1.3115749927520752,0.6190454398429606,62.47,20,100,2800804,26.98314905166626,26.693426847457886,0.289722204208374,0.2841486930847168,2850.4951171875,1
FedHST,CIFAR100,0.5,0.7,0.9999,409,1.3123141124725342,0.6215125748762502,62.69,29,100,2800804,38.00457978248596,37.62051820755005,0.3840615749359131,0.37911534309387207,2850.4951171875,1
FedHST,CIFAR100,0.5,0.7,0.9999,410,1.302443096923828,0.6231416256333071,62.99,27,100,2800804,35.6801598072052,35.30134439468384,0.3788154125213623,0.37299561500549316,2850.4951171875,1
FedHST,CIFAR100,0.5,0.7,0.9999,411,1.308355749130249,0.6241487401453254,63.16,27,100,2800804,36.42851543426514,36.05717587471008,0.3713395595550537,0.3658008575439453,2850.4951171875,1
FedHST,CIFAR100,0.5,0.7,0.9999,412,1.2833469470977783,0.6284447089397825,63.34,23,100,2800804,31.17712712287903,30.865846633911133,0.3112804889678955,0.3057253360748291,2850.4951171875,1
FedHST,CIFAR100,0.5,0.7,0.9999,413,1.2995096368789674,0.6247741990056703,62.89,23,100,2800804,29.784122943878174,29.471145153045654,0.31297779083251953,0.308147668838501,2850.4951171875,1
FedHST,CIFAR100,0.5,0.7,0.9999,414,1.288541121673584,0.6257724335852022,63.14,22,100,2800804,28.29825258255005,27.98482918739319,0.31342339515686035,0.3048572540283203,2850.4951171875,1
FedHST,CIFAR100,0.5,0.7,0.9999,415,1.3072621782302856,0.6217310255980573,62.94,27,100,2800804,35.07752537727356,34.69150257110596,0.38602280616760254,0.37975072860717773,2850.4951171875,1
FedHST,CIFAR100,0.5,0.7,0.9999,416,1.2954130769729615,0.6263055153456666,63.39,24,100,2800804,31.962574243545532,31.65329098701477,0.3092832565307617,0.3045077323913574,2850.4951171875,1
FedHST,CIFAR100,0.5,0.7,0.9999,417,1.2791577465057373,0.6309116182950321,63.54,28,100,2800804,36.75808072090149,36.40354585647583,0.3545348644256592,0.3493015766143799,2850.4951171875,1
FedHST,CIFAR100,0.5,0.7,0.9999,418,1.2753010438919068,0.6332572720271008,63.75,29,100,2800804,38.03639578819275,37.65221405029297,0.3841817378997803,0.37924647331237793,2850.4951171875,1
FedHST,CIFAR100,0.5,0.7,0.9999,419,1.2736953750610351,0.63195302091179,63.81,26,100,2800804,33.23760795593262,32.89531111717224,0.342296838760376,0.3368053436279297,2850.4951171875,1
FedHST,CIFAR100,0.5,0.7,0.9999,420,1.3170834115982055,0.6201752422447986,62.7,22,100,2800804,28.523929357528687,28.191274166107178,0.3326551914215088,0.32427310943603516,2850.4951171875,1
FedHST,CIFAR100,0.5,0.7,0.9999,421,1.2986156400680542,0.6259672649012495,62.94,25,100,2800804,33.463321685791016,33.127954721450806,0.33536696434020996,0.3300626277923584,2850.4951171875,1
FedHST,CIFAR100,0.5,0.7,0.9999,422,1.274459538269043,0.6370579912882459,63.93,23,100,2800804,30.716269969940186,30.353273153305054,0.36299681663513184,0.3567335605621338,2850.4951171875,1
FedHST,CIFAR100,0.5,0.7,0.9999,423,1.2605845621109009,0.636568173530009,64.11,24,100,2800804,33.790419816970825,33.43481421470642,0.3556056022644043,0.34972095489501953,2850.4951171875,1
FedHST,CIFAR100,0.5,0.7,0.9999,424,1.2840450956344605,0.6303731737065904,63.5,25,100,2800804,33.91248631477356,33.57919692993164,0.33328938484191895,0.3280515670776367,2850.4951171875,1
FedHST,CIFAR100,0.5,0.7,0.9999,425,1.2695935625076293,0.6308416969365758,63.69,29,100,2800804,37.93931293487549,37.56246209144592,0.37685084342956543,0.3718092441558838,2850.4951171875,1
FedHST,CIFAR100,0.5,0.7,0.9999,426,1.2567588508605958,0.6371552587150157,64.24,28,100,2800804,37.82460951805115,37.437878131866455,0.3867313861846924,0.38097691535949707,2850.4951171875,1
FedHST,CIFAR100,0.5,0.7,0.9999,427,1.2798140977859498,0.6307992338431425,63.6,23,100,2800804,31.208593130111694,30.882396697998047,0.32619643211364746,0.32082080841064453,2850.4951171875,1
FedHST,CIFAR100,0.5,0.7,0.9999,428,1.2967084480285644,0.6262427301430634,63.1,21,100,2800804,27.71599578857422,27.408255577087402,0.3077402114868164,0.30233263969421387,2850.4951171875,1
FedHST,CIFAR100,0.5,0.7,0.9999,429,1.2680802515029908,0.6385249356424093,64.27,27,100,2800804,37.08120131492615,36.701430797576904,0.37977051734924316,0.37419891357421875,2850.4951171875,1
FedHST,CIFAR100,0.5,0.7,0.9999,430,1.2582404767990112,0.638793511403208,64.31,30,100,2800804,41.679985761642456,41.26036047935486,0.41962528228759766,0.41367578506469727,2850.4951171875,1
FedHST,CIFAR100,0.5,0.7,0.9999,431,1.2585485635757447,0.6366266432388311,64.17,22,100,2800804,31.015434503555298,30.718998193740845,0.2964363098144531,0.2906839847564697,2850.4951171875,1
FedHST,CIFAR100,0.5,0.7,0.9999,432,1.2955345460891723,0.6252996405651757,63.05,20,100,2800804,27.508413791656494,27.220022439956665,0.2883913516998291,0.2824385166168213,2850.4951171875,1
FedHST,CIFAR100,0.5,0.7,0.9999,433,1.3032023817062377,0.6241671883996227,63.06,30,100,2800804,41.85124969482422,41.40831017494202,0.44293951988220215,0.43720245361328125,2850.4951171875,1
FedHST,CIFAR100,0.5,0.7,0.9999,434,1.2480877620697022,0.6457341111611232,64.92,23,100,2800804,32.44056749343872,32.1035737991333,0.3369936943054199,0.331218957901001,2850.4951171875,1
FedHST,CIFAR100,0.5,0.7,0.9999,435,1.26249628200531,0.6351074727428222,64.01,30,100,2800804,40.68329358100891,40.254876136779785,0.428417444229126,0.4228181838989258,2850.4951171875,1
FedHST,CIFAR100,0.5,0.7,0.9999,436,1.2666613980293273,0.6344315168678465,64.11,21,100,2800804,27.95384955406189,27.645023345947266,0.308826208114624,0.30283188819885254,2850.4951171875,1
FedHST,CIFAR100,0.5,0.7,0.9999,437,1.261547446346283,0.6350870642361159,64.08,27,100,2800804,37.739604234695435,37.35113286972046,0.3884713649749756,0.3830454349517822,2850.4951171875,1
FedHST,CIFAR100,0.5,0.7,0.9999,438,1.268317211151123,0.6321031061988599,63.71,21,100,2800804,28.33343744277954,28.049951553344727,0.28348588943481445,0.2778348922729492,2850.4951171875,1
FedHST,CIFAR100,0.5,0.7,0.9999,439,1.258212784576416,0.6384975549010803,64.28,22,100,2800804,29.398235082626343,29.107251405715942,0.2909836769104004,0.2857344150543213,2850.4951171875,1
FedHST,CIFAR100,0.5,0.7,0.9999,440,1.2431002792358399,0.6431324722715762,64.81,28,100,2800804,37.66433024406433,37.25781321525574,0.40651702880859375,0.40088558197021484,2850.4951171875,1
FedHST,CIFAR100,0.5,0.7,0.9999,441,1.2268168591499329,0.6468424782163881,65.12,22,100,2800804,30.094913721084595,29.7750506401062,0.31986308097839355,0.31427645683288574,2850.4951171875,1
FedHST,CIFAR100,0.5,0.7,0.9999,442,1.2477021983146668,0.6415942381982114,64.77,28,100,2800804,39.021281480789185,38.635626554489136,0.38565492630004883,0.3801541328430176,2850.4951171875,1
FedHST,CIFAR100,0.5,0.7,0.9999,443,1.2381586357116698,0.6441683782870286,64.95,28,100,2800804,38.62227988243103,38.23153281211853,0.3907470703125,0.3851473331451416,2850.4951171875,1
FedHST,CIFAR100,0.5,0.7,0.9999,444,1.2357321823120118,0.6452141455064426,64.68,29,100,2800804,39.23209524154663,38.828110218048096,0.40398502349853516,0.3983790874481201,2850.4951171875,1
FedHST,CIFAR100,0.5,0.7,0.9999,445,1.2411954275131225,0.6454379384755744,64.75,28,100,2800804,37.349285364151,36.95703935623169,0.3922460079193115,0.38631463050842285,2850.4951171875,1
FedHST,CIFAR100,0.5,0.7,0.9999,446,1.2254428745269776,0.6491268524124628,65.12,27,100,2800804,37.90480589866638,37.53002882003784,0.37477707862854004,0.36897873878479004,2850.4951171875,1
FedHST,CIFAR100,0.5,0.7,0.9999,447,1.2261813327789306,0.6464989294492071,64.99,28,100,2800804,37.798617124557495,37.416714668273926,0.38190245628356934,0.37644386291503906,2850.4951171875,1
FedHST,CIFAR100,0.5,0.7,0.9999,448,1.2367332448959352,0.641832538917665,64.57,27,100,2800804,37.19732475280762,36.815457820892334,0.3818669319152832,0.3767411708831787,2850.4951171875,1
FedHST,CIFAR100,0.5,0.7,0.9999,449,1.238786901664734,0.643295421555478,64.68,28,100,2800804,36.91127419471741,36.527408599853516,0.3838655948638916,0.3781709671020508,2850.4951171875,1
FedHST,CIFAR100,0.5,0.7,0.9999,450,1.2232531194686889,0.6488364314914088,65.26,27,100,2800804,36.63658571243286,36.2623770236969,0.3742086887359619,0.3687779903411865,2850.4951171875,1
FedHST,CIFAR100,0.5,0.7,0.9999,451,1.2352689435958861,0.6430371301204418,64.77,20,100,2800804,27.149248600006104,26.853840589523315,0.2954080104827881,0.28942036628723145,2850.4951171875,1
FedHST,CIFAR100,0.5,0.7,0.9999,452,1.2322600881576538,0.6423827117184071,64.73,26,100,2800804,36.354055881500244,35.98112869262695,0.372927188873291,0.36705756187438965,2850.4951171875,1
FedHST,CIFAR100,0.5,0.7,0.9999,453,1.2386966976165772,0.641092572634505,64.6,27,100,2800804,37.3620126247406,36.961114168167114,0.40089845657348633,0.39489245414733887,2850.4951171875,1
FedHST,CIFAR100,0.5,0.7,0.9999,454,1.2296880113601685,0.6468854372548165,65.0,26,100,2800804,36.26118302345276,35.895129680633545,0.36605334281921387,0.3605039119720459,2850.4951171875,1
FedHST,CIFAR100,0.5,0.7,0.9999,455,1.2221530700683594,0.648668783152132,65.13,25,100,2800804,34.42502498626709,34.09081506729126,0.3342099189758301,0.32905054092407227,2850.4951171875,1
FedHST,CIFAR100,0.5,0.7,0.9999,456,1.2294858507156372,0.6406258427137557,64.53,20,100,2800804,27.259578704833984,26.966644048690796,0.2929346561431885,0.2873878479003906,2850.4951171875,1
FedHST,CIFAR100,0.5,0.7,0.9999,457,1.2412722003936767,0.6373736457534162,64.26,27,100,2800804,37.005791902542114,36.62015390396118,0.3856379985809326,0.3801610469818115,2850.4951171875,1
FedHST,CIFAR100,0.5,0.7,0.9999,458,1.2311649066925048,0.6409708834481371,64.62,23,100,2800804,29.795358896255493,29.462289333343506,0.3330695629119873,0.32708001136779785,2850.4951171875,1
FedHST,CIFAR100,0.5,0.7,0.9999,459,1.2327572513580323,0.6443785427298034,64.83,28,100,2800804,37.39603638648987,36.98521828651428,0.41081809997558594,0.40534281730651855,2850.4951171875,1
FedHST,CIFAR100,0.5,0.7,0.9999,460,1.228163073348999,0.6461434002779705,65.03,22,100,2800804,29.139721870422363,28.84114384651184,0.29857802391052246,0.29326343536376953,2850.4951171875,1
FedHST,CIFAR100,0.5,0.7,0.9999,461,1.2237479368209838,0.6463108365887124,65.2,29,100,2800804,38.04317092895508,37.645294427871704,0.397876501083374,0.3924572467803955,2850.4951171875,1
FedHST,CIFAR100,0.5,0.7,0.9999,462,1.2255951231002808,0.6458566050642124,65.13,24,100,2800804,31.267465114593506,30.930275201797485,0.3371899127960205,0.33196473121643066,2850.4951171875,1
FedHST,CIFAR100,0.5,0.7,0.9999,463,1.223460340309143,0.6481653218993886,65.15,21,100,2800804,27.95164656639099,27.674039602279663,0.2776069641113281,0.27275657653808594,2850.4951171875,1
FedHST,CIFAR100,0.5,0.7,0.9999,464,1.2266793107986451,0.6538173471043212,65.46,26,100,2800804,34.40974950790405,34.052608251571655,0.35714125633239746,0.3513336181640625,2850.4951171875,1
FedHST,CIFAR100,0.5,0.7,0.9999,465,1.2223653729438781,0.6546417039134499,65.71,23,100,2800804,29.913237810134888,29.622636318206787,0.2906014919281006,0.2846813201904297,2850.4951171875,1
FedHST,CIFAR100,0.5,0.7,0.9999,466,1.222910101413727,0.6509474277356637,65.56,23,100,2800804,30.552891492843628,30.239043474197388,0.31384801864624023,0.30828166007995605,2850.4951171875,1
FedHST,CIFAR100,0.5,0.7,0.9999,467,1.2036565155982972,0.6518057917178607,65.65,27,100,2800804,34.839115619659424,34.50452256202698,0.3345930576324463,0.32933592796325684,2850.4951171875,1
FedHST,CIFAR100,0.5,0.7,0.9999,468,1.2138561723709107,0.6500138897253086,65.45,22,100,2800804,28.303946495056152,28.001461029052734,0.30248546600341797,0.2973930835723877,2850.4951171875,1
FedHST,CIFAR100,0.5,0.7,0.9999,469,1.2456790840148926,0.6430000231108639,64.86,21,100,2800804,26.713379383087158,26.426051378250122,0.28732800483703613,0.2815537452697754,2850.4951171875,1
FedHST,CIFAR100,0.5,0.7,0.9999,470,1.223284435081482,0.6480886661898668,65.25,27,100,2800804,35.07063841819763,34.69099140167236,0.37964701652526855,0.37404608726501465,2850.4951171875,1
FedHST,CIFAR100,0.5,0.7,0.9999,471,1.1984483185768127,0.6560142437281756,65.91,25,100,2800804,32.498390436172485,32.14361619949341,0.35477423667907715,0.3481631278991699,2850.4951171875,1
FedHST,CIFAR100,0.5,0.7,0.9999,472,1.202481244468689,0.6540706636716984,65.72,25,100,2800804,33.69874811172485,33.37019371986389,0.3285543918609619,0.3231360912322998,2850.4951171875,1
FedHST,CIFAR100,0.5,0.7,0.9999,473,1.2188234422683717,0.6498464409888958,65.51,25,100,2800804,32.89953398704529,32.54362630844116,0.355907678604126,0.35036635398864746,2850.4951171875,1
FedHST,CIFAR100,0.5,0.7,0.9999,474,1.2222778703689574,0.6447472176956967,65.04,26,100,2800804,33.54868698120117,33.20145010948181,0.34723687171936035,0.34154486656188965,2850.4951171875,1
FedHST,CIFAR100,0.5,0.7,0.9999,475,1.2157122501373292,0.6459082984027722,65.06,23,100,2800804,30.324707508087158,29.982434272766113,0.3422732353210449,0.3366734981536865,2850.4951171875,1
FedHST,CIFAR100,0.5,0.7,0.9999,476,1.212777275943756,0.6528341601144366,65.34,26,100,2800804,33.515758752822876,33.17684817314148,0.3389105796813965,0.3332862854003906,2850.4951171875,1
FedHST,CIFAR100,0.5,0.7,0.9999,477,1.2330496913909912,0.6484944028394395,64.9,25,100,2800804,31.64798092842102,31.308046102523804,0.3399348258972168,0.33479762077331543,2850.4951171875,1
FedHST,CIFAR100,0.5,0.7,0.9999,478,1.2174504831314088,0.645568027988341,65.05,20,100,2800804,26.374234199523926,26.09366488456726,0.28056931495666504,0.274677038192749,2850.4951171875,1
FedHST,CIFAR100,0.5,0.7,0.9999,479,1.2157711813926697,0.6450596879262025,65.18,26,100,2800804,34.610827684402466,34.26823663711548,0.3425910472869873,0.3378000259399414,2850.4951171875,1
FedHST,CIFAR100,0.5,0.7,0.9999,480,1.20398981924057,0.6536987717318553,65.7,24,100,2800804,30.786925077438354,30.485645055770874,0.30128002166748047,0.29587507247924805,2850.4951171875,1
FedHST,CIFAR100,0.5,0.7,0.9999,481,1.2012946992874145,0.6558172355493659,65.87,25,100,2800804,31.716472387313843,31.395089149475098,0.3213832378387451,0.31586170196533203,2850.4951171875,1
FedHST,CIFAR100,0.5,0.7,0.9999,482,1.1870471826553344,0.6611664704057904,66.32,26,100,2800804,33.431668758392334,33.10115575790405,0.33051300048828125,0.325305700302124,2850.4951171875,1
FedHST,CIFAR100,0.5,0.7,0.9999,483,1.1937642603874206,0.6616426440660181,66.25,27,100,2800804,35.01270866394043,34.66097712516785,0.351731538772583,0.34584736824035645,2850.4951171875,1
FedHST,CIFAR100,0.5,0.7,0.9999,484,1.187419549369812,0.6556699859131485,65.92,28,100,2800804,36.60560750961304,36.23822736740112,0.36738014221191406,0.3619828224182129,2850.4951171875,1
FedHST,CIFAR100,0.5,0.7,0.9999,485,1.207425524330139,0.6515697990435154,65.69,23,100,2800804,29.375848054885864,29.082340717315674,0.29350733757019043,0.28792476654052734,2850.4951171875,1
FedHST,CIFAR100,0.5,0.7,0.9999,486,1.1973503044128417,0.6563788862342967,66.12,26,100,2800804,33.619032859802246,33.27845287322998,0.3405799865722656,0.3357510566711426,2850.4951171875,1
FedHST,CIFAR100,0.5,0.7,0.9999,487,1.2014069184303284,0.6508550371516155,65.44,28,100,2800804,36.21473288536072,35.86272978782654,0.3520030975341797,0.3467094898223877,2850.4951171875,1
FedHST,CIFAR100,0.5,0.7,0.9999,488,1.2062183799743653,0.6538876554910682,65.6,22,100,2800804,28.631524085998535,28.31909203529358,0.31243205070495605,0.3075985908508301,2850.4951171875,1
FedHST,CIFAR100,0.5,0.7,0.9999,489,1.1734608345031738,0.6631192791039651,66.61,24,100,2800804,30.65075182914734,30.32083249092102,0.32991933822631836,0.32432031631469727,2850.4951171875,1
FedHST,CIFAR100,0.5,0.7,0.9999,490,1.1835425582885741,0.6566444556100864,66.06,29,100,2800804,37.98541307449341,37.617302656173706,0.36811041831970215,0.36276984214782715,2850.4951171875,1
FedHST,CIFAR100,0.5,0.7,0.9999,491,1.1869583698272705,0.6543789541586494,65.96,21,100,2800804,27.441827297210693,27.175519943237305,0.26630735397338867,0.2611997127532959,2850.4951171875,1
FedHST,CIFAR100,0.5,0.7,0.9999,492,1.1919933953285218,0.6556902123872763,65.91,25,100,2800804,32.880279302597046,32.55930733680725,0.3209719657897949,0.31523799896240234,2850.4951171875,1
FedHST,CIFAR100,0.5,0.7,0.9999,493,1.1897167741775512,0.6518782274963137,65.52,25,100,2800804,32.505898237228394,32.17371892929077,0.33217930793762207,0.3270854949951172,2850.4951171875,1
FedHST,CIFAR100,0.5,0.7,0.9999,494,1.1681387315750122,0.6599149690870969,66.37,21,100,2800804,27.664839506149292,27.386449337005615,0.27839016914367676,0.27323317527770996,2850.4951171875,1
FedHST,CIFAR100,0.5,0.7,0.9999,495,1.1972049327850343,0.6542419824562495,66.02,23,100,2800804,29.65045952796936,29.343396186828613,0.30706334114074707,0.30155134201049805,2850.4951171875,1
FedHST,CIFAR100,0.5,0.7,0.9999,496,1.1953027780532837,0.6483695709697936,65.48,30,100,2800804,38.542720079422,38.14657235145569,0.3961477279663086,0.39169883728027344,2850.4951171875,1
FedHST,CIFAR100,0.5,0.7,0.9999,497,1.1873741101264954,0.6538988879975268,65.82,21,100,2800804,27.712435245513916,27.437896013259888,0.2745392322540283,0.26883482933044434,2850.4951171875,1
FedHST,CIFAR100,0.5,0.7,0.9999,498,1.1963463545799256,0.6503764055878848,65.52,22,100,2800804,28.09101390838623,27.806007385253906,0.2850065231323242,0.2802736759185791,2850.4951171875,1
FedHST,CIFAR100,0.5,0.7,0.9999,499,1.1921309064865113,0.6540883099606066,65.96,28,100,2800804,35.59396839141846,35.230284452438354,0.36368393898010254,0.35790300369262695,2850.4951171875,1
FedHST,CIFAR100,0.5,0.7,0.9999,500,1.1892479173660278,0.6532122405932153,65.84,23,100,2800804,29.172802686691284,28.854193449020386,0.31860923767089844,0.31287431716918945,2850.4951171875,1
FedHST,CIFAR100,0.5,0.7,0.9999,1,4.654708549499512,0.0004884881958814434,1.12,20,100,2800804,25.45843768119812,25.18924832344055,0.26918935775756836,0.26357603073120117,2722.30029296875,2
FedHST,CIFAR100,0.5,0.7,0.9999,2,4.624209489440918,0.0008168467102108187,1.04,28,100,2800804,36.1762261390686,35.80798053741455,0.36824560165405273,0.36331844329833984,2825.86962890625,2
FedHST,CIFAR100,0.5,0.7,0.9999,3,4.626644807434082,0.00041176874154581213,1.05,26,100,2800804,33.97790312767029,33.639776945114136,0.33812618255615234,0.3329956531524658,2825.86962890625,2
FedHST,CIFAR100,0.5,0.7,0.9999,4,4.628546698760986,0.0006019982132552478,1.14,27,100,2800804,35.106812953948975,34.747467279434204,0.3593456745147705,0.35422229766845703,2825.86962890625,2
FedHST,CIFAR100,0.5,0.7,0.9999,5,4.628909627532959,0.001451727274176747,1.24,21,100,2800804,27.884846448898315,27.59885883331299,0.28598761558532715,0.2807445526123047,2825.86962890625,2
FedHST,CIFAR100,0.5,0.7,0.9999,6,4.624456446075439,0.00019813750743015655,1.0,20,100,2800804,26.043768167495728,25.768855094909668,0.27491307258605957,0.2693960666656494,2825.86962890625,2
FedHST,CIFAR100,0.5,0.7,0.9999,7,4.623135970306397,0.0004307146735653815,1.05,20,100,2800804,25.81491208076477,25.530473232269287,0.2844388484954834,0.27899861335754395,2825.86962890625,2
FedHST,CIFAR100,0.5,0.7,0.9999,8,4.6189708885192875,0.00019801980198019803,1.0,29,100,2800804,37.919480085372925,37.53098702430725,0.38849306106567383,0.38297486305236816,2831.55029296875,2
FedHST,CIFAR100,0.5,0.7,0.9999,9,4.620326337432862,0.0002767802033975558,1.01,20,100,2800804,25.65214776992798,25.384433269500732,0.2677145004272461,0.26039719581604004,2831.55029296875,2
FedHST,CIFAR100,0.5,0.7,0.9999,10,4.629349918365478,0.00041053271675646626,1.09,26,100,2800804,34.60185241699219,34.26714754104614,0.3347048759460449,0.32969212532043457,2831.55029296875,2
FedHST,CIFAR100,0.5,0.7,0.9999,11,4.625157446289062,0.0010190661184301653,1.47,30,100,2800804,39.19219088554382,38.80628538131714,0.38590550422668457,0.3800976276397705,2843.80419921875,2
FedHST,CIFAR100,0.5,0.7,0.9999,12,4.620016817474365,0.0004086767873913693,1.02,24,100,2800804,30.543299198150635,30.228800058364868,0.3144991397857666,0.309232234954834,2843.80419921875,2
FedHST,CIFAR100,0.5,0.7,0.9999,13,4.617455457305908,0.0011274864760115598,1.28,25,100,2800804,32.052642822265625,31.730674505233765,0.32196831703186035,0.31583333015441895,2843.80419921875,2
FedHST,CIFAR100,0.5,0.7,0.9999,14,4.61326145401001,0.0019191295320125576,1.27,22,100,2800804,28.91029953956604,28.614612579345703,0.2956869602203369,0.2897787094116211,2843.80419921875,2
FedHST,CIFAR100,0.5,0.7,0.9999,15,4.608656307220459,0.0010962746049005482,1.45,21,100,2800804,26.651712656021118,26.3758761882782,0.2758364677429199,0.27115464210510254,2843.80419921875,2
FedHST,CIFAR100,0.5,0.7,0.9999,16,4.607453019714355,0.0008680680761471826,1.06,21,100,2800804,27.34915781021118,27.063551664352417,0.28560614585876465,0.2795226573944092,2843.80419921875,2
FedHST,CIFAR100,0.5,0.7,0.9999,17,4.605048574829102,0.0017389605194864603,1.69,22,100,2800804,29.267987489700317,28.944905519485474,0.32308197021484375,0.317216157913208,2843.80419921875,2
FedHST,CIFAR100,0.5,0.7,0.9999,18,4.602184541320801,0.00019801980198019803,1.0,28,100,2800804,36.008644342422485,35.64914417266846,0.3595001697540283,0.3541865348815918,2843.80419921875,2
FedHST,CIFAR100,0.5,0.7,0.9999,19,4.5984270309448245,0.0016577347151170412,1.33,29,100,2800804,37.39281463623047,37.00139617919922,0.39141845703125,0.38628387451171875,2843.80419921875,2
FedHST,CIFAR100,0.5,0.7,0.9999,20,4.6018659843444825,0.0009902608757409112,1.38,26,100,2800804,33.33806657791138,32.982975006103516,0.35509157180786133,0.3485982418060303,2843.80419921875,2
FedHST,CIFAR100,0.5,0.7,0.9999,21,4.599462888336181,0.003423295251712904,2.05,27,100,2800804,34.84968423843384,34.51168656349182,0.3379976749420166,0.3330860137939453,2843.80419921875,2
FedHST,CIFAR100,0.5,0.7,0.9999,22,4.600198254394531,0.0036362783446352615,2.25,24,100,2800804,31.146536588668823,30.849306106567383,0.29723048210144043,0.29189467430114746,2843.80419921875,2
FedHST,CIFAR100,0.5,0.7,0.9999,23,4.597176889038086,0.0028438729773916514,1.83,27,100,2800804,34.62611365318298,34.24934124946594,0.376772403717041,0.3708517551422119,2843.80419921875,2
FedHST,CIFAR100,0.5,0.7,0.9999,24,4.589398802947998,0.0034780403903104627,2.26,26,100,2800804,34.01970171928406,33.66625237464905,0.35344934463500977,0.3481624126434326,2843.80419921875,2
FedHST,CIFAR100,0.5,0.7,0.9999,25,4.57988916015625,0.0034709084411143854,2.27,21,100,2800804,27.54454278945923,27.278650760650635,0.26589202880859375,0.26062703132629395,2843.80419921875,2
FedHST,CIFAR100,0.5,0.7,0.9999,26,4.5743818244934085,0.0016727977441356446,1.59,27,100,2800804,34.760704040527344,34.397727727890015,0.3629763126373291,0.3570549488067627,2843.80419921875,2
FedHST,CIFAR100,0.5,0.7,0.9999,27,4.551211029052735,0.00394253436680069,2.59,25,100,2800804,33.38442540168762,33.06485843658447,0.3195669651031494,0.3143484592437744,2843.80419921875,2
FedHST,CIFAR100,0.5,0.7,0.9999,28,4.536055484008789,0.002798654578562555,2.16,22,100,2800804,28.830665111541748,28.515815258026123,0.314849853515625,0.30858874320983887,2843.80419921875,2
FedHST,CIFAR100,0.5,0.7,0.9999,29,4.522463158416748,0.003494943454714025,2.08,22,100,2800804,28.704501628875732,28.42725658416748,0.27724504470825195,0.2719411849975586,2843.80419921875,2
FedHST,CIFAR100,0.5,0.7,0.9999,30,4.508438069152832,0.005115124289925895,2.75,28,100,2800804,36.676668882369995,36.28216862678528,0.3945002555847168,0.38838815689086914,2843.80419921875,2
FedHST,CIFAR100,0.5,0.7,0.9999,31,4.502160102844238,0.005216801534034135,2.78,22,100,2800804,28.708193063735962,28.419437170028687,0.2887558937072754,0.2835681438446045,2843.80419921875,2
FedHST,CIFAR100,0.5,0.7,0.9999,32,4.498083383178711,0.002802025711894015,2.42,24,100,2800804,31.118861436843872,30.779269456863403,0.33959197998046875,0.3336927890777588,2843.80419921875,2
FedHST,CIFAR100,0.5,0.7,0.9999,33,4.497596728515625,0.004241844075108974,2.57,20,100,2800804,25.79354500770569,25.52863383293152,0.2649111747741699,0.25902628898620605,2843.80419921875,2
FedHST,CIFAR100,0.5,0.7,0.9999,34,4.493842362976074,0.002599702547945165,2.36,23,100,2800804,29.419366359710693,29.122034072875977,0.2973322868347168,0.2924675941467285,2843.80419921875,2
FedHST,CIFAR100,0.5,0.7,0.9999,35,4.46045548248291,0.006967542091729923,2.68,26,100,2800804,34.65116834640503,34.31496620178223,0.33620214462280273,0.3308711051940918,2843.80419921875,2
FedHST,CIFAR100,0.5,0.7,0.9999,36,4.42270033493042,0.013049285334360046,4.07,22,100,2800804,28.84698748588562,28.558727502822876,0.28825998306274414,0.28292369842529297,2843.80419921875,2
FedHST,CIFAR100,0.5,0.7,0.9999,37,4.391594013214111,0.01315011415135797,4.2,28,100,2800804,36.45768189430237,36.09901213645935,0.3586697578430176,0.3536050319671631,2843.80419921875,2
FedHST,CIFAR100,0.5,0.7,0.9999,38,4.35837068862915,0.013320713700051666,3.92,29,100,2800804,36.70101070404053,36.31173300743103,0.38927769660949707,0.38379621505737305,2843.80419921875,2
FedHST,CIFAR100,0.5,0.7,0.9999,39,4.305886817932129,0.018730549727111037,4.71,24,100,2800804,31.815718412399292,31.489944219589233,0.3257741928100586,0.3197813034057617,2843.80419921875,2
FedHST,CIFAR100,0.5,0.7,0.9999,40,4.284195875549316,0.02597958951739497,5.49,29,100,2800804,37.603031396865845,37.24427390098572,0.35875749588012695,0.35389113426208496,2843.80419921875,2
FedHST,CIFAR100,0.5,0.7,0.9999,41,4.261085702514649,0.018491512490533338,4.79,20,100,2800804,26.48218536376953,26.202629804611206,0.2795555591583252,0.274280309677124,2843.80419921875,2
FedHST,CIFAR100,0.5,0.7,0.9999,42,4.248199447631836,0.016644982123571538,4.53,28,100,2800804,36.62838339805603,36.2806601524353,0.34772324562072754,0.3429574966430664,2843.80419921875,2
FedHST,CIFAR100,0.5,0.7,0.9999,43,4.216705532836914,0.026277002363488303,6.06,20,100,2800804,26.13087224960327,25.861639738082886,0.26923251152038574,0.26320528984069824,2843.80419921875,2
FedHST,CIFAR100,0.5,0.7,0.9999,44,4.196378762817383,0.028412054747199326,6.3,23,100,2800804,30.89267635345459,30.605091094970703,0.2875852584838867,0.28238415718078613,2843.80419921875,2
FedHST,CIFAR100,0.5,0.7,0.9999,45,4.1780322044372555,0.021427474497763072,5.57,22,100,2800804,28.33538508415222,28.047691822052002,0.2876932621002197,0.2811293601989746,2843.80419921875,2
FedHST,CIFAR100,0.5,0.7,0.9999,46,4.160522794342041,0.028482732000048663,6.41,26,100,2800804,34.54070472717285,34.20036268234253,0.34034204483032227,0.335582971572876,2843.80419921875,2
FedHST,CIFAR100,0.5,0.7,0.9999,47,4.124090805053711,0.03579022161557477,7.24,21,100,2800804,27.22165083885193,26.942749738693237,0.2789011001586914,0.2724955081939697,2843.80419921875,2
FedHST,CIFAR100,0.5,0.7,0.9999,48,4.109518632507324,0.03866336506267995,7.54,25,100,2800804,31.20903992652893,30.862061262130737,0.34697866439819336,0.34174156188964844,2843.80419921875,2
FedHST,CIFAR100,0.5,0.7,0.9999,49,4.113136740875244,0.03077898230059535,5.93,27,100,2800804,35.95446586608887,35.61705136299133,0.3374145030975342,0.33265233039855957,2843.80419921875,2
FedHST,CIFAR100,0.5,0.7,0.9999,50,4.053146404266357,0.03448252769580423,7.45,20,100,2800804,25.61978316307068,25.35047674179077,0.2693064212799072,0.2636454105377197,2843.80419921875,2
FedHST,CIFAR100,0.5,0.7,0.9999,51,4.052783056640625,0.04622436458589499,7.98,27,100,2800804,36.21947479248047,35.88994216918945,0.3295326232910156,0.3241550922393799,2843.80419921875,2
FedHST,CIFAR100,0.5,0.7,0.9999,52,4.024631706237793,0.03710161523909731,7.28,26,100,2800804,33.42939639091492,33.08998656272888,0.33940982818603516,0.3338897228240967,2843.80419921875,2
FedHST,CIFAR100,0.5,0.7,0.9999,53,4.023200979232788,0.038425413240518076,7.66,20,100,2800804,25.79679298400879,25.52692174911499,0.26987123489379883,0.26471972465515137,2843.80419921875,2
FedHST,CIFAR100,0.5,0.7,0.9999,54,4.0043510097503665,0.03763426267290838,7.9,24,100,2800804,31.819992065429688,31.488694667816162,0.3312973976135254,0.32631778717041016,2843.80419921875,2
FedHST,CIFAR100,0.5,0.7,0.9999,55,3.988308996582031,0.04442702463085142,8.65,22,100,2800804,28.61664628982544,28.326775550842285,0.2898707389831543,0.2854137420654297,2843.80419921875,2
FedHST,CIFAR100,0.5,0.7,0.9999,56,3.9592737571716308,0.04809962792994168,8.95,28,100,2800804,36.981167793273926,36.62303280830383,0.3581349849700928,0.352353572845459,2843.80419921875,2
FedHST,CIFAR100,0.5,0.7,0.9999,57,3.9445965293884275,0.043814498054250056,8.6,25,100,2800804,31.918479919433594,31.6006920337677,0.31778788566589355,0.31233668327331543,2843.80419921875,2
FedHST,CIFAR100,0.5,0.7,0.9999,58,3.9241028339385986,0.05024361783193975,9.23,29,100,2800804,37.108670473098755,36.758275508880615,0.35039496421813965,0.34568023681640625,2843.80419921875,2
FedHST,CIFAR100,0.5,0.7,0.9999,59,3.8968375541687013,0.06090581115271943,9.79,26,100,2800804,33.68333697319031,33.33008432388306,0.353252649307251,0.3477592468261719,2843.80419921875,2
FedHST,CIFAR100,0.5,0.7,0.9999,60,3.891456429672241,0.053738231739436274,9.25,21,100,2800804,27.27156090736389,26.983891487121582,0.28766942024230957,0.28192687034606934,2843.80419921875,2
FedHST,CIFAR100,0.5,0.7,0.9999,61,3.869431160736084,0.05574693425535411,9.77,22,100,2800804,29.359068632125854,29.049412488937378,0.30965614318847656,0.30445194244384766,2843.80419921875,2
FedHST,CIFAR100,0.5,0.7,0.9999,62,3.8645205360412596,0.0661236192134529,10.59,28,100,2800804,38.713414430618286,38.330896854400635,0.38251757621765137,0.37720155715942383,2843.80419921875,2
FedHST,CIFAR100,0.5,0.7,0.9999,63,3.8384897605896,0.0683753243132013,11.15,20,100,2800804,26.666386365890503,26.395086765289307,0.2712996006011963,0.265810489654541,2843.80419921875,2
FedHST,CIFAR100,0.5,0.7,0.9999,64,3.8269997718811033,0.06990543902050969,11.15,26,100,2800804,35.13294053077698,34.75898027420044,0.3739602565765381,0.3679370880126953,2843.80419921875,2
FedHST,CIFAR100,0.5,0.7,0.9999,65,3.8263441989898683,0.06693488275016744,10.64,26,100,2800804,36.84388494491577,36.46534562110901,0.3785393238067627,0.3725423812866211,2843.80419921875,2
FedHST,CIFAR100,0.5,0.7,0.9999,66,3.789554050064087,0.07247307987735574,11.73,27,100,2800804,37.10941934585571,36.734286308288574,0.37513303756713867,0.3677256107330322,2843.80419921875,2
FedHST,CIFAR100,0.5,0.7,0.9999,67,3.771361362838745,0.07271694130459214,11.97,26,100,2800804,35.272284746170044,34.918046951293945,0.35423779487609863,0.3486330509185791,2843.80419921875,2
FedHST,CIFAR100,0.5,0.7,0.9999,68,3.753396382904053,0.07570467537806745,12.24,24,100,2800804,33.136842250823975,32.791141748428345,0.3457005023956299,0.3400907516479492,2843.80419921875,2
FedHST,CIFAR100,0.5,0.7,0.9999,69,3.7508114421844483,0.08539475684383145,12.78,28,100,2800804,39.78663468360901,39.38984489440918,0.3967897891998291,0.39086484909057617,2843.80419921875,2
FedHST,CIFAR100,0.5,0.7,0.9999,70,3.708208984375,0.08821404876824289,12.84,27,100,2800804,36.098960876464844,35.72830080986023,0.37066006660461426,0.3655581474304199,2843.80419921875,2
FedHST,CIFAR100,0.5,0.7,0.9999,71,3.7042330104827883,0.08537107068335803,12.83,24,100,2800804,32.599610328674316,32.260174036026,0.33943629264831543,0.333709716796875,2843.80419921875,2
FedHST,CIFAR100,0.5,0.7,0.9999,72,3.6986853931427004,0.08823625930941807,12.87,21,100,2800804,28.047500610351562,27.75608730316162,0.2914133071899414,0.2861194610595703,2843.80419921875,2
FedHST,CIFAR100,0.5,0.7,0.9999,73,3.669441564941406,0.09819780551454031,13.95,27,100,2800804,36.50511431694031,36.123398542404175,0.3817157745361328,0.3763740062713623,2843.80419921875,2
FedHST,CIFAR100,0.5,0.7,0.9999,74,3.642734648513794,0.09673943368486615,13.98,29,100,2800804,38.61664271354675,38.20075297355652,0.4158897399902344,0.4079866409301758,2843.80419921875,2
FedHST,CIFAR100,0.5,0.7,0.9999,75,3.6225085609436034,0.10683113194701527,14.89,30,100,2800804,41.07078814506531,40.6608726978302,0.4099154472351074,0.40398740768432617,2844.86962890625,2
FedHST,CIFAR100,0.5,0.7,0.9999,76,3.608480704498291,0.10198651490657643,15.12,21,100,2800804,29.02632236480713,28.726124048233032,0.3001983165740967,0.29428672790527344,2844.86962890625,2
FedHST,CIFAR100,0.5,0.7,0.9999,77,3.5835793418884276,0.11206122377735918,15.8,26,100,2800804,35.99040722846985,35.61473512649536,0.3756721019744873,0.3702852725982666,2844.86962890625,2
FedHST,CIFAR100,0.5,0.7,0.9999,78,3.5821410259246824,0.11374055682212798,14.87,25,100,2800804,35.126052379608154,34.777607679367065,0.34844470024108887,0.34258055686950684,2844.86962890625,2
FedHST,CIFAR100,0.5,0.7,0.9999,79,3.565029169464111,0.11218442835688712,15.37,29,100,2800804,37.98294115066528,37.594868183135986,0.3880729675292969,0.3827674388885498,2844.86962890625,2
FedHST,CIFAR100,0.5,0.7,0.9999,80,3.542399287414551,0.11835855846008898,16.09,29,100,2800804,38.63615012168884,38.23027014732361,0.4058799743652344,0.39940714836120605,2844.86962890625,2
FedHST,CIFAR100,0.5,0.7,0.9999,81,3.4949942104339597,0.13309611403804456,17.41,28,100,2800804,38.95033860206604,38.55085778236389,0.39948081970214844,0.3936045169830322,2844.86962890625,2
FedHST,CIFAR100,0.5,0.7,0.9999,82,3.4952822719573975,0.1289673497347053,17.12,27,100,2800804,36.22200798988342,35.83254933357239,0.38945865631103516,0.3838014602661133,2844.86962890625,2
FedHST,CIFAR100,0.5,0.7,0.9999,83,3.5104153842926027,0.11567420721266904,15.93,24,100,2800804,32.7305109500885,32.396602153778076,0.3339087963104248,0.32766127586364746,2844.86962890625,2
FedHST,CIFAR100,0.5,0.7,0.9999,84,3.485603276824951,0.12671972699728548,16.77,22,100,2800804,30.75783109664917,30.447288513183594,0.31054258346557617,0.3036470413208008,2844.86962890625,2
FedHST,CIFAR100,0.5,0.7,0.9999,85,3.4638528205871584,0.14331733514037337,17.99,23,100,2800804,29.90822744369507,29.570563554763794,0.3376638889312744,0.331981897354126,2844.86962890625,2
FedHST,CIFAR100,0.5,0.7,0.9999,86,3.470252512741089,0.13396042692289517,17.9,25,100,2800804,32.18155384063721,31.83274745941162,0.34880638122558594,0.34325408935546875,2844.86962890625,2
FedHST,CIFAR100,0.5,0.7,0.9999,87,3.485852172470093,0.11671906950103164,16.56,24,100,2800804,32.63214564323425,32.303977727890015,0.3281679153442383,0.3230264186859131,2844.86962890625,2
FedHST,CIFAR100,0.5,0.7,0.9999,88,3.427047246170044,0.1397820352565439,18.1,23,100,2800804,30.927728414535522,30.59553623199463,0.33219218254089355,0.3265819549560547,2844.86962890625,2
FedHST,CIFAR100,0.5,0.7,0.9999,89,3.425415165710449,0.14676694111365574,18.48,20,100,2800804,26.85492181777954,26.56328320503235,0.2916386127471924,0.28620195388793945,2844.86962890625,2
FedHST,CIFAR100,0.5,0.7,0.9999,90,3.4263129776000976,0.13249393139768,17.85,27,100,2800804,36.90007829666138,36.52667951583862,0.3733987808227539,0.36810779571533203,2844.86962890625,2
FedHST,CIFAR100,0.5,0.7,0.9999,91,3.402421475601196,0.1379841516016346,18.16,30,100,2800804,41.62224984169006,41.20202398300171,0.4202258586883545,0.4146709442138672,2845.87646484375,2
FedHST,CIFAR100,0.5,0.7,0.9999,92,3.395560683822632,0.15079174102225898,18.89,23,100,2800804,31.34905195236206,31.03522801399231,0.313823938369751,0.3081812858581543,2845.87646484375,2
FedHST,CIFAR100,0.5,0.7,0.9999,93,3.3740835617065428,0.14693508698937938,18.89,22,100,2800804,29.968159675598145,29.65697145462036,0.3111882209777832,0.305614709854126,2845.87646484375,2
FedHST,CIFAR100,0.5,0.7,0.9999,94,3.3587931533813475,0.14898230947909563,19.0,30,100,2800804,42.22332501411438,41.82805824279785,0.3952667713165283,0.388688325881958,2851.123046875,2
FedHST,CIFAR100,0.5,0.7,0.9999,95,3.3353054550170897,0.15599563265092017,19.86,26,100,2800804,33.709529876708984,33.37508773803711,0.334442138671875,0.32921743392944336,2851.123046875,2
FedHST,CIFAR100,0.5,0.7,0.9999,96,3.3574305976867675,0.16109595042104094,20.14,22,100,2800804,28.57858443260193,28.278302907943726,0.3002815246582031,0.29564547538757324,2851.123046875,2
FedHST,CIFAR100,0.5,0.7,0.9999,97,3.3431580478668215,0.14744161995975363,19.25,23,100,2800804,30.073930025100708,29.755439519882202,0.31849050521850586,0.31294822692871094,2851.123046875,2
FedHST,CIFAR100,0.5,0.7,0.9999,98,3.3046587894439696,0.1566968186005235,20.19,27,100,2800804,36.37648105621338,36.01558065414429,0.3609004020690918,0.35503053665161133,2851.123046875,2
FedHST,CIFAR100,0.5,0.7,0.9999,99,3.2850716522216796,0.16284475923912217,20.58,30,100,2800804,37.919734954833984,37.54856514930725,0.3711698055267334,0.36583495140075684,2851.123046875,2
FedHST,CIFAR100,0.5,0.7,0.9999,100,3.305035753631592,0.1723693686230206,20.92,22,100,2800804,28.457701206207275,28.184412479400635,0.2732887268066406,0.2685720920562744,2851.123046875,2
FedHST,CIFAR100,0.5,0.7,0.9999,101,3.3078298973083498,0.16055061717148914,20.09,20,100,2800804,25.707473516464233,25.430171489715576,0.2773020267486572,0.2718007564544678,2851.123046875,2
FedHST,CIFAR100,0.5,0.7,0.9999,102,3.248242765045166,0.17736208482429627,21.77,28,100,2800804,36.37274217605591,36.01338291168213,0.3593592643737793,0.3538336753845215,2851.123046875,2
FedHST,CIFAR100,0.5,0.7,0.9999,103,3.2830165924072268,0.17419515881138256,20.89,20,100,2800804,26.284457206726074,26.006251573562622,0.27820563316345215,0.27301931381225586,2851.123046875,2
FedHST,CIFAR100,0.5,0.7,0.9999,104,3.2597905921936037,0.16499766645399588,20.5,23,100,2800804,29.29792594909668,28.99664616584778,0.30127978324890137,0.29654431343078613,2851.123046875,2
FedHST,CIFAR100,0.5,0.7,0.9999,105,3.2373859035491943,0.17182708785734177,21.28,30,100,2800804,38.81366968154907,38.430946588516235,0.3827230930328369,0.37743663787841797,2851.123046875,2
FedHST,CIFAR100,0.5,0.7,0.9999,106,3.203801805114746,0.18488096448778488,22.65,28,100,2800804,36.18134927749634,35.80293917655945,0.37841010093688965,0.37282824516296387,2851.123046875,2
FedHST,CIFAR100,0.5,0.7,0.9999,107,3.224237897872925,0.1830736257900748,22.1,30,100,2800804,38.59641122817993,38.19940662384033,0.3970046043395996,0.39177727699279785,2851.123046875,2
FedHST,CIFAR100,0.5,0.7,0.9999,108,3.1950819568634032,0.18973057510701044,22.59,20,100,2800804,26.25487232208252,25.987515687942505,0.26735663414001465,0.26230955123901367,2851.123046875,2
FedHST,CIFAR100,0.5,0.7,0.9999,109,3.1931116302490232,0.17799829417857496,21.79,22,100,2800804,27.67165231704712,27.380500316619873,0.2911520004272461,0.2863445281982422,2851.123046875,2
FedHST,CIFAR100,0.5,0.7,0.9999,110,3.1710326484680174,0.18564304394713066,22.63,25,100,2800804,33.10274267196655,32.778618812561035,0.3241238594055176,0.3190927505493164,2851.123046875,2
FedHST,CIFAR100,0.5,0.7,0.9999,111,3.16095835647583,0.20050754125244652,23.64,21,100,2800804,26.696097135543823,26.4132297039032,0.282867431640625,0.2774507999420166,2851.123046875,2
FedHST,CIFAR100,0.5,0.7,0.9999,112,3.149495567703247,0.2058615425818932,23.91,30,100,2800804,39.400362730026245,39.02035212516785,0.38001060485839844,0.374664306640625,2851.123046875,2
FedHST,CIFAR100,0.5,0.7,0.9999,113,3.142712802886963,0.19975709380952078,23.38,26,100,2800804,34.94939160346985,34.60865592956543,0.34073567390441895,0.33510541915893555,2851.123046875,2
FedHST,CIFAR100,0.5,0.7,0.9999,114,3.1266504322052002,0.20218724195447738,24.12,21,100,2800804,26.774393796920776,26.483323574066162,0.29107022285461426,0.285520076751709,2851.123046875,2
FedHST,CIFAR100,0.5,0.7,0.9999,115,3.110446964263916,0.20396910805244606,24.64,29,100,2800804,37.38598966598511,37.00497221946716,0.38101744651794434,0.37606191635131836,2851.123046875,2
FedHST,CIFAR100,0.5,0.7,0.9999,116,3.102336171722412,0.20350711538164823,24.5,20,100,2800804,25.44840145111084,25.185848236083984,0.26255321502685547,0.25760769844055176,2851.123046875,2
FedHST,CIFAR100,0.5,0.7,0.9999,117,3.0958629917144775,0.2054440610742225,24.32,21,100,2800804,27.538777828216553,27.26315999031067,0.2756178379058838,0.2704777717590332,2851.123046875,2
FedHST,CIFAR100,0.5,0.7,0.9999,118,3.0923056186676026,0.206074907019651,24.32,27,100,2800804,34.8100311756134,34.458256244659424,0.3517749309539795,0.3460705280303955,2851.123046875,2
FedHST,CIFAR100,0.5,0.7,0.9999,119,3.092006544494629,0.21600688434289222,25.1,24,100,2800804,31.952903032302856,31.634021043777466,0.3188819885253906,0.31325531005859375,2851.123046875,2
FedHST,CIFAR100,0.5,0.7,0.9999,120,3.0591035438537597,0.21024914398760722,24.97,26,100,2800804,33.32677483558655,32.97700619697571,0.34976863861083984,0.34487009048461914,2851.123046875,2
FedHST,CIFAR100,0.5,0.7,0.9999,121,3.0395999309539796,0.2150171225035174,25.38,23,100,2800804,29.33082342147827,29.025012493133545,0.30581092834472656,0.30066728591918945,2851.123046875,2
FedHST,CIFAR100,0.5,0.7,0.9999,122,3.0383234550476073,0.21706294267528364,25.5,29,100,2800804,38.04197382926941,37.63533043861389,0.4066433906555176,0.39424920082092285,2851.123046875,2
FedHST,CIFAR100,0.5,0.7,0.9999,123,3.010111256027222,0.2246907007584783,26.41,29,100,2800804,36.942790269851685,36.57788705825806,0.36490321159362793,0.3601531982421875,2851.123046875,2
FedHST,CIFAR100,0.5,0.7,0.9999,124,3.011106601715088,0.2287397060803401,26.2,29,100,2800804,38.38560390472412,38.024165868759155,0.3614380359649658,0.35631608963012695,2851.123046875,2
FedHST,CIFAR100,0.5,0.7,0.9999,125,2.99847008934021,0.22336151099915053,25.98,25,100,2800804,32.730655908584595,32.40109610557556,0.3295598030090332,0.32480764389038086,2851.123046875,2
FedHST,CIFAR100,0.5,0.7,0.9999,126,2.9911374210357664,0.21777131168046782,25.82,27,100,2800804,34.871381759643555,34.50944375991821,0.3619379997253418,0.3562803268432617,2851.123046875,2
FedHST,CIFAR100,0.5,0.7,0.9999,127,2.977946153640747,0.23310115825596012,26.97,29,100,2800804,38.92239308357239,38.51268005371094,0.4097130298614502,0.40467023849487305,2851.123046875,2
FedHST,CIFAR100,0.5,0.7,0.9999,128,2.9775855308532715,0.23087189171264302,26.66,30,100,2800804,38.87662410736084,38.496519327163696,0.38010478019714355,0.37516283988952637,2851.123046875,2
FedHST,CIFAR100,0.5,0.7,0.9999,129,2.96658992767334,0.2280759535735514,26.41,22,100,2800804,28.940638065338135,28.65111231803894,0.28952574729919434,0.2842223644256592,2851.123046875,2
FedHST,CIFAR100,0.5,0.7,0.9999,130,2.971328534698486,0.23065736711056417,26.89,27,100,2800804,35.14057946205139,34.78950881958008,0.3510706424713135,0.3458516597747803,2851.123046875,2
FedHST,CIFAR100,0.5,0.7,0.9999,131,2.969800485610962,0.23105846041595043,26.65,23,100,2800804,29.935152292251587,29.63378119468689,0.30137109756469727,0.29570937156677246,2851.123046875,2
FedHST,CIFAR100,0.5,0.7,0.9999,132,2.933158321380615,0.2438821628815993,27.93,25,100,2800804,32.18909025192261,31.844545364379883,0.3445448875427246,0.3398160934448242,2851.123046875,2
FedHST,CIFAR100,0.5,0.7,0.9999,133,2.93242430267334,0.23597835707032183,27.66,21,100,2800804,26.752342462539673,26.484508275985718,0.2678341865539551,0.26259756088256836,2851.123046875,2
FedHST,CIFAR100,0.5,0.7,0.9999,134,2.9097046424865725,0.2471890525685659,28.23,25,100,2800804,33.786720991134644,33.456443548202515,0.3302774429321289,0.32439088821411133,2851.123046875,2
FedHST,CIFAR100,0.5,0.7,0.9999,135,2.8844299797058106,0.25448064381794994,28.81,29,100,2800804,37.19727611541748,36.83639931678772,0.36087679862976074,0.355635404586792,2851.123046875,2
FedHST,CIFAR100,0.5,0.7,0.9999,136,2.896338720703125,0.24953462591706274,28.4,30,100,2800804,38.18453025817871,37.81100368499756,0.37352657318115234,0.36812686920166016,2851.123046875,2
FedHST,CIFAR100,0.5,0.7,0.9999,137,2.8953824584960937,0.2534278119307815,28.59,24,100,2800804,30.26372241973877,29.9389545917511,0.3247678279876709,0.31911635398864746,2851.123046875,2
FedHST,CIFAR100,0.5,0.7,0.9999,138,2.868725965499878,0.2545776132295859,28.99,28,100,2800804,36.37750482559204,36.01118206977844,0.36632275581359863,0.36096858978271484,2851.123046875,2
FedHST,CIFAR100,0.5,0.7,0.9999,139,2.8689339935302733,0.2510769827923181,28.84,22,100,2800804,28.51043963432312,28.21037793159485,0.3000617027282715,0.29470348358154297,2851.123046875,2
FedHST,CIFAR100,0.5,0.7,0.9999,140,2.8527581062316894,0.2686494720444821,29.75,22,100,2800804,27.662456274032593,27.37574529647827,0.2867109775543213,0.2813720703125,2851.123046875,2
FedHST,CIFAR100,0.5,0.7,0.9999,141,2.8646175910949707,0.26205704884339437,29.19,28,100,2800804,36.24798083305359,35.883018493652344,0.3649623394012451,0.35892796516418457,2851.123046875,2
FedHST,CIFAR100,0.5,0.7,0.9999,142,2.8682860439300537,0.24977031152901547,28.38,27,100,2800804,34.85426330566406,34.49481463432312,0.3594486713409424,0.3542673587799072,2851.123046875,2
FedHST,CIFAR100,0.5,0.7,0.9999,143,2.8190262420654295,0.26548935836307785,29.78,26,100,2800804,33.38549304008484,33.04208827018738,0.34340476989746094,0.338059663772583,2851.123046875,2
FedHST,CIFAR100,0.5,0.7,0.9999,144,2.8314379177093505,0.2651873431426781,29.52,21,100,2800804,26.97780704498291,26.715283632278442,0.2625234127044678,0.25746750831604004,2851.123046875,2
FedHST,CIFAR100,0.5,0.7,0.9999,145,2.831412310409546,0.26681762730461356,29.89,29,100,2800804,37.210853815078735,36.84741234779358,0.36344146728515625,0.3583192825317383,2851.123046875,2
FedHST,CIFAR100,0.5,0.7,0.9999,146,2.810626222991943,0.26244828202880127,29.58,27,100,2800804,34.68832516670227,34.313677072525024,0.3746480941772461,0.36870312690734863,2851.123046875,2
FedHST,CIFAR100,0.5,0.7,0.9999,147,2.7765051933288576,0.27485516640164287,30.66,22,100,2800804,28.765726804733276,28.48287081718445,0.2828559875488281,0.2763333320617676,2851.123046875,2
FedHST,CIFAR100,0.5,0.7,0.9999,148,2.7860922012329103,0.27129532131548345,30.32,21,100,2800804,27.353940725326538,27.073498487472534,0.2804422378540039,0.27509164810180664,2851.123046875,2
FedHST,CIFAR100,0.5,0.7,0.9999,149,2.766878550720215,0.27127070467992215,30.45,24,100,2800804,30.021524667739868,29.705044984817505,0.3164796829223633,0.31136298179626465,2851.123046875,2
FedHST,CIFAR100,0.5,0.7,0.9999,150,2.747986959838867,0.27497945615028657,30.84,24,100,2800804,30.568876266479492,30.25600814819336,0.3128681182861328,0.307664155960083,2851.123046875,2
FedHST,CIFAR100,0.5,0.7,0.9999,151,2.7458305042266846,0.2804237632225902,30.99,27,100,2800804,34.45514678955078,34.099350690841675,0.35579609870910645,0.35022902488708496,2851.123046875,2
FedHST,CIFAR100,0.5,0.7,0.9999,152,2.7465707569122313,0.27452403198857733,30.48,27,100,2800804,34.65419006347656,34.32848596572876,0.32570409774780273,0.3207383155822754,2851.123046875,2
FedHST,CIFAR100,0.5,0.7,0.9999,153,2.731272622680664,0.2824136934083092,31.66,24,100,2800804,31.40872287750244,31.09477138519287,0.3139514923095703,0.3089444637298584,2851.123046875,2
FedHST,CIFAR100,0.5,0.7,0.9999,154,2.714951996612549,0.2812328457089557,31.75,26,100,2800804,32.17604088783264,31.8102970123291,0.36574387550354004,0.3606274127960205,2851.123046875,2
FedHST,CIFAR100,0.5,0.7,0.9999,155,2.6974729988098143,0.28331667452712744,31.96,20,100,2800804,25.735756874084473,25.47595500946045,0.25980186462402344,0.2536776065826416,2851.123046875,2
FedHST,CIFAR100,0.5,0.7,0.9999,156,2.696502909851074,0.2906883227478538,32.3,26,100,2800804,33.18160796165466,32.852487564086914,0.329120397567749,0.3236246109008789,2851.123046875,2
FedHST,CIFAR100,0.5,0.7,0.9999,157,2.701402091217041,0.2902048661995901,31.8,28,100,2800804,35.052067279815674,34.69330286979675,0.3587644100189209,0.3538343906402588,2851.123046875,2
FedHST,CIFAR100,0.5,0.7,0.9999,158,2.688265366744995,0.29497979159141585,32.78,24,100,2800804,30.445419311523438,30.12385106086731,0.32156825065612793,0.31641125679016113,2851.123046875,2
FedHST,CIFAR100,0.5,0.7,0.9999,159,2.6969034072875977,0.2841996913568369,31.89,29,100,2800804,38.69366955757141,38.32893419265747,0.36473536491394043,0.35916972160339355,2851.123046875,2
FedHST,CIFAR100,0.5,0.7,0.9999,160,2.6714825626373293,0.2942808325317239,32.64,28,100,2800804,35.217915534973145,34.84730529785156,0.37061023712158203,0.36550092697143555,2851.123046875,2
FedHST,CIFAR100,0.5,0.7,0.9999,161,2.698034401321411,0.29564470846134216,32.27,28,100,2800804,36.89230561256409,36.52941536903381,0.36289024353027344,0.35756468772888184,2851.123046875,2
FedHST,CIFAR100,0.5,0.7,0.9999,162,2.646909909439087,0.3094186455918268,33.48,27,100,2800804,34.66745662689209,34.31028413772583,0.35717248916625977,0.3521249294281006,2851.123046875,2
FedHST,CIFAR100,0.5,0.7,0.9999,163,2.6287805057525633,0.30404820151632916,33.59,23,100,2800804,30.533971786499023,30.211336135864258,0.3226356506347656,0.3175065517425537,2851.123046875,2
FedHST,CIFAR100,0.5,0.7,0.9999,164,2.6367100402832033,0.29002262564856024,32.87,20,100,2800804,25.111413955688477,24.846145391464233,0.26526856422424316,0.2606348991394043,2851.123046875,2
FedHST,CIFAR100,0.5,0.7,0.9999,165,2.619330620574951,0.3024734474035999,33.47,27,100,2800804,35.21542429924011,34.85518217086792,0.3602421283721924,0.355579137802124,2851.123046875,2
FedHST,CIFAR100,0.5,0.7,0.9999,166,2.6108632167816164,0.31150111240422734,33.73,30,100,2800804,38.95142936706543,38.54494643211365,0.4064829349517822,0.40062856674194336,2851.123046875,2
FedHST,CIFAR100,0.5,0.7,0.9999,167,2.600871704864502,0.3161823283882834,34.34,29,100,2800804,37.5786190032959,37.214083194732666,0.3645358085632324,0.3598191738128662,2851.123046875,2
FedHST,CIFAR100,0.5,0.7,0.9999,168,2.5789094020843506,0.317413356762579,34.44,28,100,2800804,35.78980779647827,35.43463087081909,0.3551769256591797,0.3491981029510498,2851.123046875,2
FedHST,CIFAR100,0.5,0.7,0.9999,169,2.5660421054840086,0.3212732755744805,34.64,24,100,2800804,31.334512948989868,31.02859354019165,0.3059194087982178,0.30004429817199707,2851.123046875,2
FedHST,CIFAR100,0.5,0.7,0.9999,170,2.574207008743286,0.31968075019383485,34.55,20,100,2800804,25.502092838287354,25.22683811187744,0.2752547264099121,0.2700541019439697,2851.123046875,2
FedHST,CIFAR100,0.5,0.7,0.9999,171,2.5687657222747804,0.31845293477071956,34.63,23,100,2800804,29.783347606658936,29.492318868637085,0.2910287380218506,0.28478431701660156,2851.123046875,2
FedHST,CIFAR100,0.5,0.7,0.9999,172,2.5512122993469237,0.3232735561029132,35.2,30,100,2800804,39.025558948516846,38.64145565032959,0.38410329818725586,0.379103422164917,2851.123046875,2
FedHST,CIFAR100,0.5,0.7,0.9999,173,2.587531827926636,0.3190612116851664,34.86,20,100,2800804,25.67543339729309,25.42132067680359,0.25411272048950195,0.24895977973937988,2851.123046875,2
FedHST,CIFAR100,0.5,0.7,0.9999,174,2.5333817211151124,0.3250365876987499,35.59,26,100,2800804,33.26819658279419,32.94694209098816,0.3212544918060303,0.31613612174987793,2851.123046875,2
FedHST,CIFAR100,0.5,0.7,0.9999,175,2.553453853225708,0.31850790338740187,34.86,20,100,2800804,25.97546625137329,25.718080520629883,0.2573857307434082,0.2524373531341553,2851.123046875,2
FedHST,CIFAR100,0.5,0.7,0.9999,176,2.5379079223632814,0.33228419126872033,35.6,22,100,2800804,29.55302596092224,29.246923685073853,0.30610227584838867,0.30036497116088867,2851.123046875,2
FedHST,CIFAR100,0.5,0.7,0.9999,177,2.5237762241363524,0.3348227530757434,35.63,22,100,2800804,27.395508527755737,27.107754945755005,0.2877535820007324,0.28246188163757324,2851.123046875,2
FedHST,CIFAR100,0.5,0.7,0.9999,178,2.502003215408325,0.33119837775780203,35.68,30,100,2800804,39.23273944854736,38.86385369300842,0.36888575553894043,0.36406993865966797,2851.123046875,2
FedHST,CIFAR100,0.5,0.7,0.9999,179,2.4792853168487547,0.3373190959816555,36.48,21,100,2800804,26.731599807739258,26.45826506614685,0.2733347415924072,0.26802563667297363,2851.123046875,2
FedHST,CIFAR100,0.5,0.7,0.9999,180,2.479629285812378,0.3391776289422206,36.7,30,100,2800804,37.63317084312439,37.25582838058472,0.37734246253967285,0.37212610244750977,2851.123046875,2
FedHST,CIFAR100,0.5,0.7,0.9999,181,2.5129612983703615,0.33003163145837966,35.49,20,100,2800804,26.567535638809204,26.317384719848633,0.2501509189605713,0.2452859878540039,2851.123046875,2
FedHST,CIFAR100,0.5,0.7,0.9999,182,2.4608850360870362,0.3396756668703964,36.84,20,100,2800804,25.615644931793213,25.364547729492188,0.2510972023010254,0.245985746383667,2851.123046875,2
FedHST,CIFAR100,0.5,0.7,0.9999,183,2.4638170917510984,0.3341836174444292,36.3,22,100,2800804,27.714990854263306,27.413822889328003,0.30116796493530273,0.29598140716552734,2851.123046875,2
FedHST,CIFAR100,0.5,0.7,0.9999,184,2.4419563461303713,0.350656483072585,37.54,24,100,2800804,30.98246717453003,30.666483163833618,0.31598401069641113,0.3079233169555664,2851.123046875,2
FedHST,CIFAR100,0.5,0.7,0.9999,185,2.469888101196289,0.3511649910801691,36.88,30,100,2800804,38.35683298110962,37.97668480873108,0.38014817237854004,0.3748509883880615,2851.123046875,2
FedHST,CIFAR100,0.5,0.7,0.9999,186,2.4315609420776365,0.3417429685323733,36.85,27,100,2800804,34.77447319030762,34.43362522125244,0.3408479690551758,0.33608531951904297,2851.123046875,2
FedHST,CIFAR100,0.5,0.7,0.9999,187,2.4586692512512207,0.3293856144772094,36.14,25,100,2800804,31.32987332344055,31.019792556762695,0.31008076667785645,0.30497217178344727,2851.123046875,2
FedHST,CIFAR100,0.5,0.7,0.9999,188,2.3978066509246827,0.35865597570347396,38.39,28,100,2800804,34.93215894699097,34.57913517951965,0.3530237674713135,0.34790706634521484,2851.123046875,2
FedHST,CIFAR100,0.5,0.7,0.9999,189,2.414241901779175,0.3544913130081444,37.87,23,100,2800804,30.424885272979736,30.13032603263855,0.2945592403411865,0.2892642021179199,2851.123046875,2
FedHST,CIFAR100,0.5,0.7,0.9999,190,2.3794590782165526,0.35787062863186025,38.48,29,100,2800804,37.34659218788147,36.970192193984985,0.3763999938964844,0.37134385108947754,2851.123046875,2
FedHST,CIFAR100,0.5,0.7,0.9999,191,2.3949370552062987,0.3487098997822477,37.88,20,100,2800804,26.469083070755005,26.193034172058105,0.2760488986968994,0.27066802978515625,2851.123046875,2
FedHST,CIFAR100,0.5,0.7,0.9999,192,2.349966067504883,0.36311888983298807,38.67,26,100,2800804,33.42745757102966,33.094099283218384,0.3333582878112793,0.3283073902130127,2851.123046875,2
FedHST,CIFAR100,0.5,0.7,0.9999,193,2.3818354400634765,0.361444878520886,38.11,27,100,2800804,34.68701720237732,34.328359842300415,0.3586573600769043,0.35375165939331055,2851.123046875,2
FedHST,CIFAR100,0.5,0.7,0.9999,194,2.3730547817230225,0.3664236582979717,38.93,26,100,2800804,33.2826292514801,32.94438028335571,0.33824896812438965,0.3330848217010498,2851.123046875,2
FedHST,CIFAR100,0.5,0.7,0.9999,195,2.3357233951568603,0.3730838563144182,39.77,30,100,2800804,38.748963356018066,38.36138415336609,0.38757920265197754,0.38156843185424805,2851.123046875,2
FedHST,CIFAR100,0.5,0.7,0.9999,196,2.306329934310913,0.37941844863846336,40.0,29,100,2800804,39.64392638206482,39.24411082267761,0.39981555938720703,0.39464235305786133,2851.123046875,2
FedHST,CIFAR100,0.5,0.7,0.9999,197,2.3161924606323243,0.3784118152692236,39.68,24,100,2800804,32.05186438560486,31.708664178848267,0.3432002067565918,0.3376150131225586,2851.123046875,2
FedHST,CIFAR100,0.5,0.7,0.9999,198,2.3130075222015383,0.3714937384442441,39.32,29,100,2800804,38.75465989112854,38.34550738334656,0.4091525077819824,0.40391969680786133,2851.123046875,2
FedHST,CIFAR100,0.5,0.7,0.9999,199,2.308208154296875,0.3756511095676104,39.92,24,100,2800804,33.239675760269165,32.90015506744385,0.3395206928253174,0.3339691162109375,2851.123046875,2
FedHST,CIFAR100,0.5,0.7,0.9999,200,2.3099555126190188,0.37016115799934046,39.44,29,100,2800804,40.79702401161194,40.358415365219116,0.43860864639282227,0.4326660633087158,2851.123046875,2
FedHST,CIFAR100,0.5,0.7,0.9999,201,2.3043255386352537,0.36559927554794813,39.04,28,100,2800804,37.00191354751587,36.602596282958984,0.39931726455688477,0.3934977054595947,2851.123046875,2
FedHST,CIFAR100,0.5,0.7,0.9999,202,2.2797769638061522,0.3753331273073901,39.93,30,100,2800804,41.22952723503113,40.80620527267456,0.4233219623565674,0.4175124168395996,2851.123046875,2
FedHST,CIFAR100,0.5,0.7,0.9999,203,2.2526139427185057,0.3871311118944229,41.12,26,100,2800804,35.99751400947571,35.62869167327881,0.3688223361968994,0.3627440929412842,2851.123046875,2
FedHST,CIFAR100,0.5,0.7,0.9999,204,2.245168403625488,0.3867655856423756,40.84,21,100,2800804,28.08785605430603,27.786019325256348,0.3018367290496826,0.296520471572876,2851.123046875,2
FedHST,CIFAR100,0.5,0.7,0.9999,205,2.2638374740600584,0.382866543912441,40.32,22,100,2800804,30.160953521728516,29.854620695114136,0.3063328266143799,0.3009166717529297,2851.123046875,2
FedHST,CIFAR100,0.5,0.7,0.9999,206,2.251032154464722,0.384910895551901,40.63,23,100,2800804,31.467578649520874,31.150987148284912,0.3165915012359619,0.311082124710083,2851.123046875,2
FedHST,CIFAR100,0.5,0.7,0.9999,207,2.228102585220337,0.3958875911344591,41.62,29,100,2800804,38.3577606678009,37.949416160583496,0.4083445072174072,0.40131688117980957,2851.123046875,2
FedHST,CIFAR100,0.5,0.7,0.9999,208,2.2219418235778807,0.3952901764708657,41.68,23,100,2800804,32.38716101646423,32.06340575218201,0.32375526428222656,0.3181126117706299,2851.123046875,2
FedHST,CIFAR100,0.5,0.7,0.9999,209,2.2226074825286863,0.3934056566645635,41.51,28,100,2800804,38.977792739868164,38.57758045196533,0.40021228790283203,0.3944392204284668,2851.123046875,2
FedHST,CIFAR100,0.5,0.7,0.9999,210,2.1824414096832276,0.4035498485382296,41.95,24,100,2800804,32.57337546348572,32.238510847091675,0.33486461639404297,0.3289973735809326,2851.123046875,2
FedHST,CIFAR100,0.5,0.7,0.9999,211,2.191276627731323,0.3998964192931534,41.89,20,100,2800804,27.819071531295776,27.519116163253784,0.2999553680419922,0.2938807010650635,2851.123046875,2
FedHST,CIFAR100,0.5,0.7,0.9999,212,2.190783967971802,0.40021915092541993,42.27,25,100,2800804,33.379809617996216,33.00418734550476,0.3756222724914551,0.3694615364074707,2851.123046875,2
FedHST,CIFAR100,0.5,0.7,0.9999,213,2.225151845932007,0.3883139661158643,40.85,20,100,2800804,27.119598150253296,26.835505485534668,0.28409266471862793,0.27843165397644043,2851.123046875,2
FedHST,CIFAR100,0.5,0.7,0.9999,214,2.175869997596741,0.40064648982763,42.01,29,100,2800804,39.85258102416992,39.43279790878296,0.4197831153869629,0.4139420986175537,2851.123046875,2
FedHST,CIFAR100,0.5,0.7,0.9999,215,2.160678695487976,0.40547996158124955,42.59,25,100,2800804,34.0284309387207,33.68579888343811,0.3426320552825928,0.33495116233825684,2851.123046875,2
FedHST,CIFAR100,0.5,0.7,0.9999,216,2.149768046951294,0.4048259676937967,42.91,22,100,2800804,29.662243127822876,29.35325002670288,0.3089931011199951,0.3037261962890625,2851.123046875,2
FedHST,CIFAR100,0.5,0.7,0.9999,217,2.162361026763916,0.4003129296258824,42.52,30,100,2800804,40.410279273986816,39.97558116912842,0.43469810485839844,0.429110050201416,2851.123046875,2
FedHST,CIFAR100,0.5,0.7,0.9999,218,2.1158563083648683,0.423181284021646,44.0,29,100,2800804,38.82428526878357,38.42260217666626,0.40168309211730957,0.3961305618286133,2851.123046875,2
FedHST,CIFAR100,0.5,0.7,0.9999,219,2.1049602308273316,0.4279108221613299,44.04,26,100,2800804,35.321399450302124,34.96432089805603,0.35707855224609375,0.3513658046722412,2851.123046875,2
FedHST,CIFAR100,0.5,0.7,0.9999,220,2.104019625091553,0.42320712782129133,43.93,28,100,2800804,38.320647954940796,37.93178415298462,0.38886380195617676,0.3831028938293457,2851.123046875,2
FedHST,CIFAR100,0.5,0.7,0.9999,221,2.1444384746551512,0.414150167894131,43.2,20,100,2800804,27.6952645778656,27.401143550872803,0.29412102699279785,0.28849220275878906,2851.123046875,2
FedHST,CIFAR100,0.5,0.7,0.9999,222,2.1180150367736816,0.41701749931195947,43.71,28,100,2800804,38.871063232421875,38.4715793132782,0.39948391914367676,0.3937721252441406,2851.123046875,2
FedHST,CIFAR100,0.5,0.7,0.9999,223,2.1148022703170777,0.4155518698821967,43.34,20,100,2800804,26.69884467124939,26.41454529762268,0.284299373626709,0.27883124351501465,2851.123046875,2
FedHST,CIFAR100,0.5,0.7,0.9999,224,2.0794367570877075,0.42539753652460305,44.2,26,100,2800804,35.50340223312378,35.13388705253601,0.36951518058776855,0.3637096881866455,2851.123046875,2
FedHST,CIFAR100,0.5,0.7,0.9999,225,2.0785828311920165,0.42696272854331413,44.51,30,100,2800804,40.7730131149292,40.349069118499756,0.42394399642944336,0.41794419288635254,2851.123046875,2
FedHST,CIFAR100,0.5,0.7,0.9999,226,2.10730477104187,0.42021206864062854,43.93,20,100,2800804,27.455941915512085,27.161160707473755,0.2947812080383301,0.28917503356933594,2851.123046875,2
FedHST,CIFAR100,0.5,0.7,0.9999,227,2.0381310554504393,0.4425330031122314,45.93,26,100,2800804,36.27654790878296,35.91425395011902,0.36229395866394043,0.35665369033813477,2851.123046875,2
FedHST,CIFAR100,0.5,0.7,0.9999,228,2.066340895843506,0.42824233774912146,44.6,22,100,2800804,29.18681287765503,28.87018394470215,0.31662893295288086,0.3109900951385498,2851.123046875,2
FedHST,CIFAR100,0.5,0.7,0.9999,229,2.0362893703460694,0.4368684069192335,45.36,28,100,2800804,37.99775981903076,37.62913537025452,0.3686244487762451,0.36351442337036133,2851.123046875,2
FedHST,CIFAR100,0.5,0.7,0.9999,230,2.0453636220932006,0.4338905582690189,45.3,21,100,2800804,27.97323703765869,27.687971830368042,0.2852652072906494,0.28014612197875977,2851.123046875,2
FedHST,CIFAR100,0.5,0.7,0.9999,231,2.0205100345611573,0.4377948604846694,45.83,28,100,2800804,36.74695038795471,36.38497519493103,0.36197519302368164,0.3568110466003418,2851.123046875,2
FedHST,CIFAR100,0.5,0.7,0.9999,232,2.030014903450012,0.4357153892510177,45.42,25,100,2800804,32.76603865623474,32.439697265625,0.3263413906097412,0.32120370864868164,2851.123046875,2
FedHST,CIFAR100,0.5,0.7,0.9999,233,2.0020499235153197,0.4435611512670207,46.15,30,100,2800804,40.06727957725525,39.68195104598999,0.3853285312652588,0.3800499439239502,2851.123046875,2
FedHST,CIFAR100,0.5,0.7,0.9999,234,2.0231695348739622,0.4364717190062199,45.27,28,100,2800804,36.26510810852051,35.89129996299744,0.3738081455230713,0.36873412132263184,2851.123046875,2
FedHST,CIFAR100,0.5,0.7,0.9999,235,1.9947760623931885,0.4479033496990631,46.18,29,100,2800804,37.478882789611816,37.09857368469238,0.3803091049194336,0.375734806060791,2851.123046875,2
FedHST,CIFAR100,0.5,0.7,0.9999,236,2.0013170907974245,0.4492240279425068,46.28,27,100,2800804,34.0634241104126,33.72693729400635,0.33648681640625,0.33144545555114746,2851.123046875,2
FedHST,CIFAR100,0.5,0.7,0.9999,237,1.9714494819641113,0.45307340927160467,46.51,20,100,2800804,26.73014545440674,26.44151020050049,0.28863525390625,0.28272175788879395,2851.123046875,2
FedHST,CIFAR100,0.5,0.7,0.9999,238,1.9632073736190796,0.44976610615264084,46.58,26,100,2800804,33.05767607688904,32.70680809020996,0.35086798667907715,0.3458704948425293,2851.123046875,2
FedHST,CIFAR100,0.5,0.7,0.9999,239,1.9467480163574218,0.4511531956089514,46.94,30,100,2800804,38.840906381607056,38.46038365364075,0.3805227279663086,0.3741743564605713,2851.123046875,2
FedHST,CIFAR100,0.5,0.7,0.9999,240,1.9598648643493652,0.4509495140781793,46.6,25,100,2800804,32.53310751914978,32.1914849281311,0.34162259101867676,0.3358931541442871,2851.123046875,2
FedHST,CIFAR100,0.5,0.7,0.9999,241,1.9335501953125,0.4653804783004107,47.67,30,100,2800804,39.010982275009155,38.621928215026855,0.3890540599822998,0.3831298351287842,2851.123046875,2
FedHST,CIFAR100,0.5,0.7,0.9999,242,1.9148331798553466,0.46695839218080104,48.08,28,100,2800804,36.8215126991272,36.45472025871277,0.3667924404144287,0.3618745803833008,2851.123046875,2
FedHST,CIFAR100,0.5,0.7,0.9999,243,1.968598946762085,0.4424534829270079,46.66,20,100,2800804,26.31005835533142,26.03782320022583,0.2722351551055908,0.2675971984863281,2851.123046875,2
FedHST,CIFAR100,0.5,0.7,0.9999,244,1.9369290695190429,0.45437188614621477,47.49,30,100,2800804,38.76756167411804,38.37760019302368,0.38996148109436035,0.38436174392700195,2851.123046875,2
FedHST,CIFAR100,0.5,0.7,0.9999,245,1.9188167428970337,0.4633063506254358,47.85,29,100,2800804,36.88047981262207,36.52226972579956,0.35821008682250977,0.3532063961029053,2851.123046875,2
FedHST,CIFAR100,0.5,0.7,0.9999,246,1.9046216049194336,0.4659267336729222,48.02,23,100,2800804,29.999210596084595,29.678438425064087,0.3207721710205078,0.3157346248626709,2851.123046875,2
FedHST,CIFAR100,0.5,0.7,0.9999,247,1.9061655002593993,0.4607078520599177,48.11,28,100,2800804,36.59088468551636,36.19430327415466,0.39658141136169434,0.39125537872314453,2851.123046875,2
FedHST,CIFAR100,0.5,0.7,0.9999,248,1.9240270906448365,0.46379081525991694,47.99,24,100,2800804,31.614277362823486,31.305809497833252,0.3084678649902344,0.3035125732421875,2851.123046875,2
FedHST,CIFAR100,0.5,0.7,0.9999,249,1.9107389492034912,0.4632411340780878,47.87,20,100,2800804,25.930315017700195,25.67385172843933,0.25646328926086426,0.2516453266143799,2851.123046875,2
FedHST,CIFAR100,0.5,0.7,0.9999,250,1.8754771162033081,0.47769689881200095,48.99,30,100,2800804,39.089956521987915,38.70718288421631,0.38277363777160645,0.3775970935821533,2851.123046875,2
FedHST,CIFAR100,0.5,0.7,0.9999,251,1.8866364143371581,0.47696793228162626,48.9,22,100,2800804,28.778369426727295,28.48716640472412,0.29120302200317383,0.28575658798217773,2851.123046875,2
FedHST,CIFAR100,0.5,0.7,0.9999,252,1.8909784183502196,0.4680214872158968,48.41,21,100,2800804,28.177727937698364,27.878217935562134,0.29951000213623047,0.29222655296325684,2851.123046875,2
FedHST,CIFAR100,0.5,0.7,0.9999,253,1.8748911319732666,0.46895406955992813,48.17,26,100,2800804,34.29356122016907,33.95543193817139,0.33812928199768066,0.332963228225708,2851.123046875,2
FedHST,CIFAR100,0.5,0.7,0.9999,254,1.875308005142212,0.47480304695198894,48.51,22,100,2800804,28.342212677001953,28.046775102615356,0.2954375743865967,0.29028940200805664,2851.123046875,2
FedHST,CIFAR100,0.5,0.7,0.9999,255,1.8587355590820311,0.47694997367919534,49.25,30,100,2800804,38.894240617752075,38.493237257003784,0.401003360748291,0.39597463607788086,2851.123046875,2
FedHST,CIFAR100,0.5,0.7,0.9999,256,1.843618631362915,0.47823624592888,49.44,29,100,2800804,37.5529670715332,37.18218445777893,0.37078261375427246,0.3654744625091553,2851.123046875,2
FedHST,CIFAR100,0.5,0.7,0.9999,257,1.8355337909698486,0.48370462784288454,49.68,23,100,2800804,28.998576402664185,28.683383464813232,0.31519293785095215,0.310213565826416,2851.123046875,2
FedHST,CIFAR100,0.5,0.7,0.9999,258,1.8476177675247192,0.48020464032823873,49.35,30,100,2800804,38.57603979110718,38.18646264076233,0.38957715034484863,0.38433265686035156,2851.24853515625,2
FedHST,CIFAR100,0.5,0.7,0.9999,259,1.8336149631500245,0.48478958584830745,49.58,22,100,2800804,29.308592557907104,29.004568099975586,0.30402445793151855,0.2988555431365967,2851.24853515625,2
FedHST,CIFAR100,0.5,0.7,0.9999,260,1.824613809776306,0.4872461092974629,49.95,30,100,2800804,38.665600538253784,38.30036640167236,0.3652341365814209,0.36033082008361816,2851.24853515625,2
FedHST,CIFAR100,0.5,0.7,0.9999,261,1.8127744287490846,0.48623832513040827,49.97,29,100,2800804,37.23083233833313,36.85209083557129,0.3787415027618408,0.37328028678894043,2851.24853515625,2
FedHST,CIFAR100,0.5,0.7,0.9999,262,1.806007515335083,0.48838650540067213,50.19,25,100,2800804,32.597756147384644,32.26138663291931,0.33636951446533203,0.3306763172149658,2851.24853515625,2
FedHST,CIFAR100,0.5,0.7,0.9999,263,1.8215607488632202,0.48474296763214175,49.79,24,100,2800804,31.291074514389038,30.970550298690796,0.3205242156982422,0.3152961730957031,2851.24853515625,2
FedHST,CIFAR100,0.5,0.7,0.9999,264,1.7798962003707886,0.4975054020212009,51.01,25,100,2800804,31.863929748535156,31.55293917655945,0.310990571975708,0.3051598072052002,2851.24853515625,2
FedHST,CIFAR100,0.5,0.7,0.9999,265,1.8013384420394898,0.4891593807824339,50.23,20,100,2800804,25.63266086578369,25.357805013656616,0.2748558521270752,0.26972079277038574,2851.24853515625,2
FedHST,CIFAR100,0.5,0.7,0.9999,266,1.7756034366607667,0.4986134248511254,51.15,30,100,2800804,38.28316569328308,37.87135052680969,0.41181516647338867,0.4068765640258789,2851.24853515625,2
FedHST,CIFAR100,0.5,0.7,0.9999,267,1.7736289569854737,0.5032132027261109,51.75,30,100,2800804,38.27298402786255,37.89170598983765,0.38127803802490234,0.37586450576782227,2851.24853515625,2
FedHST,CIFAR100,0.5,0.7,0.9999,268,1.786736027908325,0.4918103717813656,50.79,27,100,2800804,35.71832060813904,35.34498357772827,0.3733370304107666,0.36765193939208984,2851.24853515625,2
FedHST,CIFAR100,0.5,0.7,0.9999,269,1.7588291498184203,0.5016091864318518,51.45,26,100,2800804,33.46669888496399,33.13904619216919,0.3276526927947998,0.32242727279663086,2851.24853515625,2
FedHST,CIFAR100,0.5,0.7,0.9999,270,1.746783961868286,0.503091770218595,51.58,20,100,2800804,25.797515869140625,25.529226303100586,0.26828956604003906,0.2624998092651367,2851.24853515625,2
FedHST,CIFAR100,0.5,0.7,0.9999,271,1.7605983318328857,0.5017177211569667,51.31,29,100,2800804,37.90101075172424,37.509615898132324,0.39139485359191895,0.38574910163879395,2851.24853515625,2
FedHST,CIFAR100,0.5,0.7,0.9999,272,1.749725351715088,0.5105226474487036,52.31,28,100,2800804,35.393280029296875,35.033854484558105,0.35942554473876953,0.35231637954711914,2851.24853515625,2
FedHST,CIFAR100,0.5,0.7,0.9999,273,1.724255655479431,0.5203783123224256,52.94,22,100,2800804,28.65623641014099,28.36029028892517,0.2959461212158203,0.2906911373138428,2851.24853515625,2
FedHST,CIFAR100,0.5,0.7,0.9999,274,1.71592844581604,0.5150949125575112,52.77,30,100,2800804,38.459314584732056,38.064160108566284,0.3951544761657715,0.38961124420166016,2851.24853515625,2
FedHST,CIFAR100,0.5,0.7,0.9999,275,1.7216433137893676,0.5090173180797065,52.28,29,100,2800804,36.53710579872131,36.1555290222168,0.3815767765045166,0.37610387802124023,2851.24853515625,2
FedHST,CIFAR100,0.5,0.7,0.9999,276,1.7410753601074218,0.5068672597048576,52.0,24,100,2800804,32.12508225440979,31.808260679244995,0.3168215751647949,0.31141042709350586,2851.24853515625,2
FedHST,CIFAR100,0.5,0.7,0.9999,277,1.6960126022338866,0.5187408812859405,53.1,30,100,2800804,38.50526142120361,38.099679708480835,0.4055817127227783,0.4002079963684082,2854.74609375,2
FedHST,CIFAR100,0.5,0.7,0.9999,278,1.6924210229873657,0.52133342113621,53.07,20,100,2800804,24.746851921081543,24.474862337112427,0.2719895839691162,0.2668490409851074,2854.74609375,2
FedHST,CIFAR100,0.5,0.7,0.9999,279,1.6944241172790528,0.517449180465699,52.77,24,100,2800804,30.601940393447876,30.29271388053894,0.30922651290893555,0.3045194149017334,2854.74609375,2
FedHST,CIFAR100,0.5,0.7,0.9999,280,1.6961544803619384,0.5179354436176224,53.02,27,100,2800804,35.04024648666382,34.687607526779175,0.35263895988464355,0.34775853157043457,2854.74609375,2
FedHST,CIFAR100,0.5,0.7,0.9999,281,1.715526382637024,0.5078954268016811,52.25,23,100,2800804,28.88543701171875,28.596609830856323,0.28882718086242676,0.283282995223999,2854.74609375,2
FedHST,CIFAR100,0.5,0.7,0.9999,282,1.6865544542312623,0.518953926812433,53.23,28,100,2800804,35.45759844779968,35.10143971443176,0.3561587333679199,0.35094356536865234,2854.74609375,2
FedHST,CIFAR100,0.5,0.7,0.9999,283,1.6879903196334838,0.5217915211998527,53.12,25,100,2800804,31.83017349243164,31.497630834579468,0.33254265785217285,0.32747721672058105,2854.74609375,2
FedHST,CIFAR100,0.5,0.7,0.9999,284,1.659212000465393,0.5261026234218243,53.79,28,100,2800804,35.10903072357178,34.746034145355225,0.36299657821655273,0.3582022190093994,2854.74609375,2
FedHST,CIFAR100,0.5,0.7,0.9999,285,1.6629161678314208,0.5229966661353609,53.72,30,100,2800804,38.154969930648804,37.78830647468567,0.36666345596313477,0.3621211051940918,2854.74609375,2
FedHST,CIFAR100,0.5,0.7,0.9999,286,1.6646667181015016,0.5278501303161797,54.11,20,100,2800804,25.823374271392822,25.542869329452515,0.2805049419403076,0.2749059200286865,2854.74609375,2
FedHST,CIFAR100,0.5,0.7,0.9999,287,1.672707103729248,0.524116184873611,53.56,22,100,2800804,27.785688638687134,27.501052618026733,0.2846360206604004,0.2796962261199951,2854.74609375,2
FedHST,CIFAR100,0.5,0.7,0.9999,288,1.6671955516815185,0.529621106980785,53.67,23,100,2800804,28.433748722076416,28.132495880126953,0.3012528419494629,0.29587864875793457,2854.74609375,2
FedHST,CIFAR100,0.5,0.7,0.9999,289,1.6530283369064331,0.5284657578019352,53.97,26,100,2800804,32.214600801467896,31.886418104171753,0.3281826972961426,0.32257699966430664,2854.74609375,2
FedHST,CIFAR100,0.5,0.7,0.9999,290,1.671243492126465,0.5208742911011464,53.53,27,100,2800804,35.200345516204834,34.861571311950684,0.3387742042541504,0.3335716724395752,2854.74609375,2
FedHST,CIFAR100,0.5,0.7,0.9999,291,1.6781377517700196,0.5228024815758443,53.72,22,100,2800804,29.3484308719635,29.061138153076172,0.2872927188873291,0.281902551651001,2854.74609375,2
FedHST,CIFAR100,0.5,0.7,0.9999,292,1.6257175704956055,0.5334023449079365,54.54,30,100,2800804,38.822986125946045,38.45376944541931,0.3692166805267334,0.3632395267486572,2854.74609375,2
FedHST,CIFAR100,0.5,0.7,0.9999,293,1.628868913078308,0.5385273689993856,54.64,22,100,2800804,28.944669723510742,28.628210067749023,0.31645965576171875,0.3107585906982422,2854.74609375,2
FedHST,CIFAR100,0.5,0.7,0.9999,294,1.6221321584701538,0.539490820380428,54.79,22,100,2800804,27.8918616771698,27.608157634735107,0.2837040424346924,0.27837109565734863,2854.74609375,2
FedHST,CIFAR100,0.5,0.7,0.9999,295,1.6397347122192383,0.5319276102641312,54.41,20,100,2800804,25.841139554977417,25.561055660247803,0.28008389472961426,0.27484798431396484,2854.74609375,2
FedHST,CIFAR100,0.5,0.7,0.9999,296,1.6146037817001342,0.5324763161316552,54.69,30,100,2800804,37.76683044433594,37.397990465164185,0.36883997917175293,0.3638486862182617,2854.74609375,2
FedHST,CIFAR100,0.5,0.7,0.9999,297,1.6177294507980347,0.5260068876767641,54.01,25,100,2800804,33.55112051963806,33.231184244155884,0.31993627548217773,0.314314603805542,2854.74609375,2
FedHST,CIFAR100,0.5,0.7,0.9999,298,1.6016525928497314,0.5276021910846623,54.29,30,100,2800804,39.02890658378601,38.64739418029785,0.3815124034881592,0.3766665458679199,2854.74609375,2
FedHST,CIFAR100,0.5,0.7,0.9999,299,1.5924488410949706,0.5358976680034856,54.91,25,100,2800804,31.391712427139282,31.064796686172485,0.3269157409667969,0.3221769332885742,2854.74609375,2
FedHST,CIFAR100,0.5,0.7,0.9999,300,1.6081414827346803,0.5295311227289318,54.39,21,100,2800804,26.92499589920044,26.656448364257812,0.26854753494262695,0.2633025646209717,2854.74609375,2
FedHST,CIFAR100,0.5,0.7,0.9999,301,1.5971354789733887,0.5401856251246884,55.06,24,100,2800804,31.442039728164673,31.119030714035034,0.32300901412963867,0.31739187240600586,2854.74609375,2
FedHST,CIFAR100,0.5,0.7,0.9999,302,1.576226735687256,0.5511022195356436,55.9,29,100,2800804,36.75538635253906,36.37675380706787,0.3786325454711914,0.3732733726501465,2854.74609375,2
FedHST,CIFAR100,0.5,0.7,0.9999,303,1.5580354743957519,0.5600541956112626,56.74,29,100,2800804,37.21301007270813,36.832287311553955,0.3807227611541748,0.3751661777496338,2854.74609375,2
FedHST,CIFAR100,0.5,0.7,0.9999,304,1.5745146852493286,0.5478587812555179,55.93,30,100,2800804,38.43893241882324,38.07025647163391,0.36867594718933105,0.36356163024902344,2854.74609375,2
FedHST,CIFAR100,0.5,0.7,0.9999,305,1.5607333736419677,0.5492020456793991,55.94,23,100,2800804,29.4188289642334,29.095711946487427,0.3231170177459717,0.31781840324401855,2854.74609375,2
FedHST,CIFAR100,0.5,0.7,0.9999,306,1.5339123874664307,0.5610781343032949,57.01,28,100,2800804,36.318697929382324,35.94904065132141,0.3696572780609131,0.3635706901550293,2854.74609375,2
FedHST,CIFAR100,0.5,0.7,0.9999,307,1.5255857933044434,0.5674589862520638,57.42,29,100,2800804,37.932817697525024,37.56546068191528,0.3673570156097412,0.36219048500061035,2854.74609375,2
FedHST,CIFAR100,0.5,0.7,0.9999,308,1.5405014711380005,0.5604112271692799,56.73,24,100,2800804,30.56750464439392,30.275819301605225,0.2916853427886963,0.2864689826965332,2854.74609375,2
FedHST,CIFAR100,0.5,0.7,0.9999,309,1.5423929407119752,0.5555534084751818,56.36,20,100,2800804,25.65420627593994,25.377967834472656,0.27623844146728516,0.2706186771392822,2854.74609375,2
FedHST,CIFAR100,0.5,0.7,0.9999,310,1.5618179056167603,0.5472538419663389,55.69,20,100,2800804,26.980419874191284,26.71406126022339,0.2663586139678955,0.26111721992492676,2854.74609375,2
FedHST,CIFAR100,0.5,0.7,0.9999,311,1.5520157388687135,0.5447862281980279,55.75,24,100,2800804,30.01592707633972,29.69059109687805,0.3253359794616699,0.3192782402038574,2854.74609375,2
FedHST,CIFAR100,0.5,0.7,0.9999,312,1.5273723140716553,0.5555731797424713,56.61,29,100,2800804,36.364925384521484,35.97478795051575,0.3901374340057373,0.3846311569213867,2854.74609375,2
FedHST,CIFAR100,0.5,0.7,0.9999,313,1.534316660118103,0.5600507530419807,56.67,24,100,2800804,30.91581153869629,30.609052181243896,0.3067593574523926,0.3009366989135742,2854.74609375,2
FedHST,CIFAR100,0.5,0.7,0.9999,314,1.5215737815856933,0.5594800488434413,56.82,26,100,2800804,34.07269096374512,33.738364696502686,0.33432626724243164,0.32928013801574707,2854.74609375,2
FedHST,CIFAR100,0.5,0.7,0.9999,315,1.5195935009002686,0.5591922528058013,57.07,27,100,2800804,34.34145164489746,33.97788405418396,0.363567590713501,0.35846734046936035,2854.74609375,2
FedHST,CIFAR100,0.5,0.7,0.9999,316,1.512648961830139,0.5607894003773056,57.21,23,100,2800804,28.900474309921265,28.600464820861816,0.30000948905944824,0.29485440254211426,2854.74609375,2
FedHST,CIFAR100,0.5,0.7,0.9999,317,1.5166398496627809,0.5636299636739533,57.35,22,100,2800804,28.556719064712524,28.27692937850952,0.27978968620300293,0.27513623237609863,2854.74609375,2
FedHST,CIFAR100,0.5,0.7,0.9999,318,1.5145833925247192,0.5636877739355404,57.15,28,100,2800804,35.944342851638794,35.584362506866455,0.35998034477233887,0.3548157215118408,2854.74609375,2
FedHST,CIFAR100,0.5,0.7,0.9999,319,1.4979128211975097,0.569665356214746,57.79,29,100,2800804,37.86562538146973,37.4868106842041,0.378814697265625,0.37406420707702637,2854.74609375,2
FedHST,CIFAR100,0.5,0.7,0.9999,320,1.4966582185745239,0.562672878971039,57.24,26,100,2800804,34.29314661026001,33.951788663864136,0.341357946395874,0.33581066131591797,2854.74609375,2
FedHST,CIFAR100,0.5,0.7,0.9999,321,1.4952716484069823,0.5659010387874218,57.4,21,100,2800804,26.956583499908447,26.678877592086792,0.2777059078216553,0.2713165283203125,2854.74609375,2
FedHST,CIFAR100,0.5,0.7,0.9999,322,1.4932444210052491,0.5655122150301071,57.46,23,100,2800804,28.9253351688385,28.604017972946167,0.321317195892334,0.31633853912353516,2854.74609375,2
FedHST,CIFAR100,0.5,0.7,0.9999,323,1.498579019355774,0.5666877809951213,57.56,29,100,2800804,37.901708126068115,37.513320207595825,0.38838791847229004,0.3818202018737793,2854.74609375,2
FedHST,CIFAR100,0.5,0.7,0.9999,324,1.4863495393753052,0.5689007292007736,57.96,26,100,2800804,34.23611354827881,33.89747595787048,0.3386375904083252,0.3330726623535156,2854.74609375,2
FedHST,CIFAR100,0.5,0.7,0.9999,325,1.4524211044311524,0.5818225344190376,59.0,27,100,2800804,34.904701232910156,34.548362255096436,0.3563389778137207,0.35102343559265137,2854.74609375,2
FedHST,CIFAR100,0.5,0.7,0.9999,326,1.4611139488220215,0.5800699689155095,58.74,23,100,2800804,29.46018671989441,29.14794659614563,0.3122401237487793,0.3053910732269287,2854.74609375,2
FedHST,CIFAR100,0.5,0.7,0.9999,327,1.47964969291687,0.5719488545164055,58.09,29,100,2800804,39.519837379455566,39.12473797798157,0.395099401473999,0.39002323150634766,2854.74609375,2
FedHST,CIFAR100,0.5,0.7,0.9999,328,1.4601874132156372,0.5748902787806189,58.41,24,100,2800804,31.998835802078247,31.65674638748169,0.3420894145965576,0.3370537757873535,2854.74609375,2
FedHST,CIFAR100,0.5,0.7,0.9999,329,1.4354139434814452,0.5853540088112288,59.33,25,100,2800804,33.94952988624573,33.59277629852295,0.3567535877227783,0.3513224124908447,2854.74609375,2
FedHST,CIFAR100,0.5,0.7,0.9999,330,1.4298563724517823,0.5935927139920785,59.98,26,100,2800804,35.60178852081299,35.24024295806885,0.3615455627441406,0.35562944412231445,2854.74609375,2
FedHST,CIFAR100,0.5,0.7,0.9999,331,1.4521602249145509,0.5848411372143698,59.13,25,100,2800804,34.08430790901184,33.73460078239441,0.34970712661743164,0.34313082695007324,2854.74609375,2
FedHST,CIFAR100,0.5,0.7,0.9999,332,1.4497385717391968,0.5813426675567374,58.91,20,100,2800804,27.920802354812622,27.62898898124695,0.29181337356567383,0.28607916831970215,2854.74609375,2
FedHST,CIFAR100,0.5,0.7,0.9999,333,1.4607798246383668,0.5751991679648153,58.49,24,100,2800804,32.469966888427734,32.122528076171875,0.3474388122558594,0.3415842056274414,2854.74609375,2
FedHST,CIFAR100,0.5,0.7,0.9999,334,1.4424813983917237,0.5808314286030464,58.93,22,100,2800804,29.1987464427948,28.88867211341858,0.3100743293762207,0.30454254150390625,2854.74609375,2
FedHST,CIFAR100,0.5,0.7,0.9999,335,1.4331599843978882,0.584170793430273,59.22,22,100,2800804,30.619206190109253,30.30470871925354,0.3144974708557129,0.3084828853607178,2854.74609375,2
FedHST,CIFAR100,0.5,0.7,0.9999,336,1.4318271982192994,0.5856413961148528,59.19,24,100,2800804,32.18528509140015,31.84933590888977,0.335949182510376,0.33073925971984863,2854.74609375,2
FedHST,CIFAR100,0.5,0.7,0.9999,337,1.4406780447006227,0.5826421743471021,58.85,21,100,2800804,28.483250379562378,28.179296016693115,0.3039543628692627,0.2989311218261719,2854.74609375,2
FedHST,CIFAR100,0.5,0.7,0.9999,338,1.4499143884658814,0.5786103502772965,58.72,23,100,2800804,30.811150312423706,30.496856212615967,0.31429409980773926,0.3089334964752197,2854.74609375,2
FedHST,CIFAR100,0.5,0.7,0.9999,339,1.4404473514556886,0.5784894402067914,58.94,25,100,2800804,32.531858682632446,32.198282957077026,0.3335757255554199,0.32810544967651367,2854.74609375,2
FedHST,CIFAR100,0.5,0.7,0.9999,340,1.430832244491577,0.5827275010229759,59.09,24,100,2800804,32.61800742149353,32.2826726436615,0.33533477783203125,0.3297538757324219,2854.74609375,2
FedHST,CIFAR100,0.5,0.7,0.9999,341,1.4103820520401,0.5894690521598617,59.67,25,100,2800804,33.517231464385986,33.158721923828125,0.35850954055786133,0.3527824878692627,2854.74609375,2
FedHST,CIFAR100,0.5,0.7,0.9999,342,1.4188992654800414,0.5905999675516146,59.63,27,100,2800804,36.48361420631409,36.114824056625366,0.3687901496887207,0.36325502395629883,2854.74609375,2
FedHST,CIFAR100,0.5,0.7,0.9999,343,1.4292016983032227,0.5829865655991711,59.07,20,100,2800804,27.359641551971436,27.061712503433228,0.297929048538208,0.29241108894348145,2854.74609375,2
FedHST,CIFAR100,0.5,0.7,0.9999,344,1.4225533542633058,0.5922343282706032,59.89,20,100,2800804,27.539637565612793,27.247461318969727,0.2921762466430664,0.28661608695983887,2854.74609375,2
FedHST,CIFAR100,0.5,0.7,0.9999,345,1.4412282312393188,0.5848045429040853,59.28,23,100,2800804,31.64348530769348,31.33354425430298,0.30994105339050293,0.30443549156188965,2854.74609375,2
FedHST,CIFAR100,0.5,0.7,0.9999,346,1.4523828842163087,0.5738150707385558,58.54,20,100,2800804,27.740118265151978,27.44249725341797,0.2976210117340088,0.2915616035461426,2854.74609375,2
FedHST,CIFAR100,0.5,0.7,0.9999,347,1.4105691831588745,0.5827646227219742,59.38,21,100,2800804,29.11111283302307,28.802502870559692,0.3086099624633789,0.3024904727935791,2854.74609375,2
FedHST,CIFAR100,0.5,0.7,0.9999,348,1.4361276929855347,0.5860011005308864,59.32,20,100,2800804,27.468453407287598,27.186062812805176,0.2823905944824219,0.2766733169555664,2854.74609375,2
FedHST,CIFAR100,0.5,0.7,0.9999,349,1.411758203125,0.5937679144831209,59.97,27,100,2800804,36.22196698188782,35.83628702163696,0.3856799602508545,0.37984251976013184,2854.74609375,2
FedHST,CIFAR100,0.5,0.7,0.9999,350,1.3967450483322144,0.5995834551264937,60.36,21,100,2800804,27.97715735435486,27.6708767414093,0.30628061294555664,0.300764799118042,2854.74609375,2
FedHST,CIFAR100,0.5,0.7,0.9999,351,1.3857066596984864,0.5989167265288524,60.45,30,100,2800804,39.556049823760986,39.14058232307434,0.4154675006866455,0.40982818603515625,2854.74609375,2
FedHST,CIFAR100,0.5,0.7,0.9999,352,1.392403162956238,0.5920482122206477,60.14,30,100,2800804,39.52647304534912,39.13102149963379,0.39545154571533203,0.38994765281677246,2854.74609375,2
FedHST,CIFAR100,0.5,0.7,0.9999,353,1.38725989112854,0.5951535772295505,60.3,23,100,2800804,31.67541193962097,31.33846402168274,0.3369479179382324,0.3305521011352539,2854.74609375,2
FedHST,CIFAR100,0.5,0.7,0.9999,354,1.369821544075012,0.601506400676541,61.0,29,100,2800804,40.20673418045044,39.816535234451294,0.3901989459991455,0.3845536708831787,2854.74609375,2
FedHST,CIFAR100,0.5,0.7,0.9999,355,1.3805630662918091,0.5948933362908956,60.61,25,100,2800804,34.35885310173035,34.01163911819458,0.3472139835357666,0.3417847156524658,2854.74609375,2
FedHST,CIFAR100,0.5,0.7,0.9999,356,1.3871876581192017,0.5970567994479064,60.49,23,100,2800804,30.02625322341919,29.69832968711853,0.3279235363006592,0.32283592224121094,2854.74609375,2
FedHST,CIFAR100,0.5,0.7,0.9999,357,1.3569052213668824,0.607186507908307,61.25,27,100,2800804,36.363818645477295,35.97393298149109,0.38988566398620605,0.38413572311401367,2854.74609375,2
FedHST,CIFAR100,0.5,0.7,0.9999,358,1.3234736093521118,0.6143131939371368,61.91,30,100,2800804,40.96792674064636,40.550543785095215,0.41738295555114746,0.41191625595092773,2854.74609375,2
FedHST,CIFAR100,0.5,0.7,0.9999,359,1.334709157180786,0.6166403962149586,62.13,24,100,2800804,31.434571981430054,31.096262216567993,0.33830976486206055,0.33225512504577637,2854.74609375,2
FedHST,CIFAR100,0.5,0.7,0.9999,360,1.3587026830673217,0.6039950950989954,61.06,27,100,2800804,37.0504424571991,36.676697731018066,0.3737447261810303,0.36841797828674316,2854.74609375,2
FedHST,CIFAR100,0.5,0.7,0.9999,361,1.372249761390686,0.5998372748379291,60.76,21,100,2800804,28.458998441696167,28.147167682647705,0.3118307590484619,0.30613231658935547,2854.74609375,2
FedHST,CIFAR100,0.5,0.7,0.9999,362,1.3497336797714234,0.6069810794246596,61.49,26,100,2800804,32.974294900894165,32.63053822517395,0.34375667572021484,0.3377077579498291,2854.74609375,2
FedHST,CIFAR100,0.5,0.7,0.9999,363,1.3503604860305787,0.6055895030031676,61.41,21,100,2800804,28.731000661849976,28.415297985076904,0.3157026767730713,0.31021571159362793,2854.74609375,2
FedHST,CIFAR100,0.5,0.7,0.9999,364,1.3924880102157593,0.5932410080219395,60.15,29,100,2800804,37.536253929138184,37.14057183265686,0.39568209648132324,0.3903524875640869,2854.74609375,2
FedHST,CIFAR100,0.5,0.7,0.9999,365,1.377172034072876,0.6057228741118525,61.24,20,100,2800804,26.1817786693573,25.91129994392395,0.2704787254333496,0.26499009132385254,2854.74609375,2
FedHST,CIFAR100,0.5,0.7,0.9999,366,1.367036834716797,0.6058789864025046,61.24,29,100,2800804,37.44969415664673,37.06823968887329,0.3814544677734375,0.3764190673828125,2854.74609375,2
FedHST,CIFAR100,0.5,0.7,0.9999,367,1.354014730834961,0.6059828531980537,61.37,22,100,2800804,28.375173807144165,28.06744074821472,0.30773305892944336,0.30104756355285645,2854.74609375,2
FedHST,CIFAR100,0.5,0.7,0.9999,368,1.3700345335006714,0.6018454062917175,61.08,26,100,2800804,33.90367770195007,33.52606678009033,0.3776109218597412,0.37157630920410156,2854.74609375,2
FedHST,CIFAR100,0.5,0.7,0.9999,369,1.3820174474716187,0.5996678846732352,60.72,27,100,2800804,34.267213344573975,33.90655493736267,0.3606584072113037,0.3546276092529297,2854.74609375,2
FedHST,CIFAR100,0.5,0.7,0.9999,370,1.3584867738723756,0.6024264390868482,60.94,24,100,2800804,31.20581293106079,30.891801595687866,0.3140113353729248,0.30895543098449707,2854.74609375,2
FedHST,CIFAR100,0.5,0.7,0.9999,371,1.3558993957519532,0.6060526666617605,61.39,20,100,2800804,26.598957061767578,26.31300115585327,0.28595590591430664,0.2806856632232666,2854.74609375,2
FedHST,CIFAR100,0.5,0.7,0.9999,372,1.338314076423645,0.6106227462029777,62.0,29,100,2800804,36.501503705978394,36.12581014633179,0.37569355964660645,0.37048983573913574,2854.74609375,2
FedHST,CIFAR100,0.5,0.7,0.9999,373,1.357612020301819,0.6063393594082583,61.25,24,100,2800804,31.00499439239502,30.675107717514038,0.32988667488098145,0.32447099685668945,2854.74609375,2
FedHST,CIFAR100,0.5,0.7,0.9999,374,1.3284737880706787,0.6159343558481285,62.1,28,100,2800804,34.79345774650574,34.409960985183716,0.3834967613220215,0.37814974784851074,2854.74609375,2
FedHST,CIFAR100,0.5,0.7,0.9999,375,1.339733451461792,0.6107610485355047,61.46,24,100,2800804,30.32250952720642,30.012888431549072,0.30962109565734863,0.30437517166137695,2854.74609375,2
FedHST,CIFAR100,0.5,0.7,0.9999,376,1.3365650636672974,0.6110996551043785,61.56,25,100,2800804,32.339662075042725,31.998279571533203,0.3413825035095215,0.33594846725463867,2854.74609375,2
FedHST,CIFAR100,0.5,0.7,0.9999,377,1.3356173370361328,0.6077778637690286,61.46,21,100,2800804,27.23024272918701,26.952733039855957,0.2775096893310547,0.27176523208618164,2854.74609375,2
FedHST,CIFAR100,0.5,0.7,0.9999,378,1.3522954427719116,0.6002163932076183,60.95,23,100,2800804,31.146121501922607,30.827351093292236,0.3187704086303711,0.3137824535369873,2854.74609375,2
FedHST,CIFAR100,0.5,0.7,0.9999,379,1.3210094486236572,0.6106862682670876,62.06,25,100,2800804,31.667107105255127,31.333428859710693,0.3336782455444336,0.3282613754272461,2854.74609375,2
FedHST,CIFAR100,0.5,0.7,0.9999,380,1.3280900688171386,0.6135640288375483,61.96,28,100,2800804,35.477569341659546,35.110902309417725,0.3666670322418213,0.3607790470123291,2854.74609375,2
FedHST,CIFAR100,0.5,0.7,0.9999,381,1.326707850074768,0.6174507187127202,62.25,23,100,2800804,29.9794819355011,29.674680709838867,0.30480122566223145,0.29920244216918945,2854.74609375,2
FedHST,CIFAR100,0.5,0.7,0.9999,382,1.320937755203247,0.6150331490688785,62.07,28,100,2800804,35.71277952194214,35.33443856239319,0.3783409595489502,0.3735785484313965,2854.74609375,2
FedHST,CIFAR100,0.5,0.7,0.9999,383,1.3207101625442506,0.6172578766374877,62.39,20,100,2800804,26.372647762298584,26.10672950744629,0.2659182548522949,0.26057958602905273,2854.74609375,2
FedHST,CIFAR100,0.5,0.7,0.9999,384,1.298139827156067,0.6213976424255288,62.75,30,100,2800804,39.8477885723114,39.45636057853699,0.39142799377441406,0.38599705696105957,2854.74609375,2
FedHST,CIFAR100,0.5,0.7,0.9999,385,1.3065962440490724,0.619006654886498,62.55,22,100,2800804,28.554497480392456,28.259105682373047,0.2953917980194092,0.28972697257995605,2854.74609375,2
FedHST,CIFAR100,0.5,0.7,0.9999,386,1.3009530502319335,0.621752542177136,62.68,24,100,2800804,30.457274913787842,30.133265733718872,0.3240091800689697,0.31835174560546875,2854.74609375,2
FedHST,CIFAR100,0.5,0.7,0.9999,387,1.2882410024642945,0.6279588151955601,63.38,23,100,2800804,29.052098989486694,28.752817392349243,0.29928159713745117,0.29366278648376465,2854.74609375,2
FedHST,CIFAR100,0.5,0.7,0.9999,388,1.2910813219070434,0.6264972763742263,63.0,28,100,2800804,36.17891073226929,35.81571698188782,0.3631937503814697,0.35787439346313477,2854.74609375,2
FedHST,CIFAR100,0.5,0.7,0.9999,389,1.3062110132217408,0.6230274905953079,62.71,21,100,2800804,26.98788833618164,26.691616773605347,0.29627156257629395,0.29119348526000977,2854.74609375,2
FedHST,CIFAR100,0.5,0.7,0.9999,390,1.3118582887649537,0.6189315397016241,62.67,25,100,2800804,31.58202886581421,31.24394130706787,0.3380875587463379,0.33207106590270996,2854.74609375,2
FedHST,CIFAR100,0.5,0.7,0.9999,391,1.298918466949463,0.6188449686923737,62.62,24,100,2800804,30.155302047729492,29.845646381378174,0.30965566635131836,0.3047614097595215,2854.74609375,2
FedHST,CIFAR100,0.5,0.7,0.9999,392,1.2965568826675415,0.6234798224739846,63.12,22,100,2800804,28.225675106048584,27.937438488006592,0.2882366180419922,0.28336501121520996,2854.74609375,2
FedHST,CIFAR100,0.5,0.7,0.9999,393,1.2936426275253297,0.6207218218133731,62.53,20,100,2800804,25.55392360687256,25.29475736618042,0.25916624069213867,0.25384974479675293,2854.74609375,2
FedHST,CIFAR100,0.5,0.7,0.9999,394,1.3085538003921509,0.619188899141251,62.4,29,100,2800804,36.16117572784424,35.7863130569458,0.3748626708984375,0.36931538581848145,2854.74609375,2
FedHST,CIFAR100,0.5,0.7,0.9999,395,1.2851489263534546,0.6272320159850904,63.36,29,100,2800804,36.30441761016846,35.91871452331543,0.38570308685302734,0.37879204750061035,2854.74609375,2
FedHST,CIFAR100,0.5,0.7,0.9999,396,1.2924482692718506,0.6234973060014422,63.11,25,100,2800804,31.380706548690796,31.057089805603027,0.32361674308776855,0.31868720054626465,2854.74609375,2
FedHST,CIFAR100,0.5,0.7,0.9999,397,1.2692577272415162,0.6283552801536215,63.51,30,100,2800804,38.295127153396606,37.894691467285156,0.4004356861114502,0.39484477043151855,2854.74609375,2
FedHST,CIFAR100,0.5,0.7,0.9999,398,1.291371166229248,0.6232169294852367,62.77,20,100,2800804,25.44695019721985,25.182504653930664,0.26444554328918457,0.2589719295501709,2854.74609375,2
FedHST,CIFAR100,0.5,0.7,0.9999,399,1.2892549913406373,0.6238280605318904,62.92,25,100,2800804,32.41296410560608,32.05825352668762,0.35471057891845703,0.34868621826171875,2854.74609375,2
FedHST,CIFAR100,0.5,0.7,0.9999,400,1.2838620122909545,0.6295784504574992,63.42,28,100,2800804,35.136802196502686,34.754982709884644,0.381819486618042,0.37674570083618164,2854.74609375,2
FedHST,CIFAR100,0.5,0.7,0.9999,401,1.2744373378753662,0.6320572009126925,63.62,22,100,2800804,28.941722631454468,28.64205241203308,0.2996702194213867,0.29326844215393066,2854.74609375,2
FedHST,CIFAR100,0.5,0.7,0.9999,402,1.2923087772369384,0.6239313765652739,63.06,21,100,2800804,27.36593532562256,27.060415983200073,0.30551934242248535,0.2998051643371582,2854.74609375,2
FedHST,CIFAR100,0.5,0.7,0.9999,403,1.2813122753143311,0.6232039215954418,63.08,26,100,2800804,32.848679304122925,32.51398062705994,0.3346986770629883,0.32964181900024414,2854.74609375,2
FedHST,CIFAR100,0.5,0.7,0.9999,404,1.2631955139160156,0.6348435226131182,64.04,21,100,2800804,26.69098925590515,26.40968418121338,0.28130507469177246,0.2754039764404297,2854.74609375,2
FedHST,CIFAR100,0.5,0.7,0.9999,405,1.2704296871185303,0.6350488215554059,63.74,22,100,2800804,27.548539400100708,27.2543842792511,0.2941551208496094,0.2892112731933594,2854.74609375,2
FedHST,CIFAR100,0.5,0.7,0.9999,406,1.27646905002594,0.6324411525903396,63.66,23,100,2800804,29.338245630264282,29.04601216316223,0.2922334671020508,0.28756022453308105,2854.74609375,2
FedHST,CIFAR100,0.5,0.7,0.9999,407,1.2744060771942138,0.6268395341756955,63.32,25,100,2800804,32.25349235534668,31.915680646896362,0.3378117084503174,0.33281970024108887,2854.74609375,2
FedHST,CIFAR100,0.5,0.7,0.9999,408,1.2667021114349366,0.6309032855045179,63.7,25,100,2800804,31.87466311454773,31.56195902824402,0.31270408630371094,0.3075563907623291,2854.74609375,2
FedHST,CIFAR100,0.5,0.7,0.9999,409,1.2562751266479493,0.6386733433861862,64.24,21,100,2800804,27.622995853424072,27.35103940963745,0.2719564437866211,0.26670265197753906,2854.74609375,2
FedHST,CIFAR100,0.5,0.7,0.9999,410,1.2518921268463135,0.6380041830450754,64.27,29,100,2800804,36.517504930496216,36.155866384506226,0.36163854598999023,0.3567373752593994,2854.74609375,2
FedHST,CIFAR100,0.5,0.7,0.9999,411,1.2512368389129638,0.6370154981363563,64.31,29,100,2800804,36.62300109863281,36.25191617012024,0.37108492851257324,0.36580753326416016,2854.74609375,2
FedHST,CIFAR100,0.5,0.7,0.9999,412,1.2506699171066284,0.6344132981451883,64.15,21,100,2800804,27.66579532623291,27.39222550392151,0.27356982231140137,0.2679576873779297,2854.74609375,2
FedHST,CIFAR100,0.5,0.7,0.9999,413,1.263941767501831,0.6341136907326991,63.78,21,100,2800804,27.437578201293945,27.17069911956787,0.2668790817260742,0.26154017448425293,2854.74609375,2
FedHST,CIFAR100,0.5,0.7,0.9999,414,1.2517541883468628,0.6385339870580932,64.12,24,100,2800804,29.911890745162964,29.576565980911255,0.335324764251709,0.3299081325531006,2854.74609375,2
FedHST,CIFAR100,0.5,0.7,0.9999,415,1.2274550312042236,0.6447508995040633,64.98,29,100,2800804,36.65513849258423,36.27064251899719,0.38449597358703613,0.37926387786865234,2854.74609375,2
FedHST,CIFAR100,0.5,0.7,0.9999,416,1.2310363857269286,0.6401398518901484,64.69,28,100,2800804,35.51531910896301,35.16715478897095,0.34816431999206543,0.34302735328674316,2854.74609375,2
FedHST,CIFAR100,0.5,0.7,0.9999,417,1.2230486904144287,0.6407923927380438,64.77,25,100,2800804,32.0650794506073,31.753582239151,0.31149721145629883,0.3059041500091553,2854.74609375,2
FedHST,CIFAR100,0.5,0.7,0.9999,418,1.2522485654830933,0.6347547485889217,64.07,22,100,2800804,27.794223308563232,27.498284578323364,0.29593873023986816,0.2900881767272949,2854.74609375,2
FedHST,CIFAR100,0.5,0.7,0.9999,419,1.2377711463928223,0.6395249941763841,64.37,28,100,2800804,35.683921575546265,35.336453437805176,0.34746813774108887,0.34203433990478516,2854.74609375,2
FedHST,CIFAR100,0.5,0.7,0.9999,420,1.2276335943222045,0.6410145596405799,64.55,26,100,2800804,32.87975740432739,32.556649684906006,0.3231077194213867,0.3177609443664551,2854.74609375,2
FedHST,CIFAR100,0.5,0.7,0.9999,421,1.2363468507766724,0.6410134957456617,64.62,20,100,2800804,25.996177196502686,25.734272241592407,0.2619049549102783,0.25625109672546387,2854.74609375,2
FedHST,CIFAR100,0.5,0.7,0.9999,422,1.244005239868164,0.6351624163201618,64.03,25,100,2800804,32.409438610076904,32.08485770225525,0.3245809078216553,0.3189256191253662,2854.74609375,2
FedHST,CIFAR100,0.5,0.7,0.9999,423,1.2425562561035157,0.6367263189460629,64.13,28,100,2800804,36.54901909828186,36.16278314590454,0.38623595237731934,0.38072848320007324,2854.74609375,2
FedHST,CIFAR100,0.5,0.7,0.9999,424,1.24209644241333,0.6408824008882437,64.54,25,100,2800804,32.38825440406799,32.061134815216064,0.3271195888519287,0.3217742443084717,2854.74609375,2
FedHST,CIFAR100,0.5,0.7,0.9999,425,1.2235491209030152,0.6414746827707599,64.65,30,100,2800804,40.149775981903076,39.74526572227478,0.4045102596282959,0.39763426780700684,2854.74609375,2
FedHST,CIFAR100,0.5,0.7,0.9999,426,1.214364672279358,0.6428742432953615,64.86,26,100,2800804,32.96344876289368,32.62140440940857,0.3420443534851074,0.33638453483581543,2854.74609375,2
FedHST,CIFAR100,0.5,0.7,0.9999,427,1.2197177814483642,0.6426994710634477,64.8,29,100,2800804,37.642823696136475,37.25358009338379,0.38924360275268555,0.38343191146850586,2854.74609375,2
FedHST,CIFAR100,0.5,0.7,0.9999,428,1.238268316078186,0.6417140888408406,64.47,20,100,2800804,25.76427125930786,25.50454616546631,0.25972509384155273,0.25458598136901855,2854.74609375,2
FedHST,CIFAR100,0.5,0.7,0.9999,429,1.2352200658798218,0.6437304913296916,64.52,20,100,2800804,26.032942056655884,25.76620864868164,0.26673340797424316,0.26120948791503906,2854.74609375,2
FedHST,CIFAR100,0.5,0.7,0.9999,430,1.2280710655212401,0.6447968510212142,64.99,21,100,2800804,28.015869617462158,27.74482011795044,0.27104949951171875,0.2657649517059326,2854.74609375,2
FedHST,CIFAR100,0.5,0.7,0.9999,431,1.2465657796859742,0.6317298676497961,63.97,21,100,2800804,26.760011911392212,26.47694206237793,0.2830698490142822,0.27789950370788574,2854.74609375,2
FedHST,CIFAR100,0.5,0.7,0.9999,432,1.2399025550842284,0.6362849319669989,64.34,26,100,2800804,33.96086573600769,33.641804695129395,0.3190610408782959,0.3143432140350342,2854.74609375,2
FedHST,CIFAR100,0.5,0.7,0.9999,433,1.2294773818969726,0.6430656856935077,64.65,28,100,2800804,36.495540618896484,36.127455949783325,0.3680846691131592,0.36286401748657227,2854.74609375,2
FedHST,CIFAR100,0.5,0.7,0.9999,434,1.2299109161376953,0.6459851534274519,64.95,23,100,2800804,29.735297441482544,29.43922448158264,0.29607295989990234,0.29074788093566895,2854.74609375,2
FedHST,CIFAR100,0.5,0.7,0.9999,435,1.2177984231948853,0.6449890628415079,64.86,25,100,2800804,31.816616773605347,31.469656944274902,0.34695982933044434,0.340775728225708,2854.74609375,2
FedHST,CIFAR100,0.5,0.7,0.9999,436,1.2243166591644288,0.6452753391474182,64.98,26,100,2800804,32.85365867614746,32.53246879577637,0.32118988037109375,0.3159947395324707,2854.74609375,2
FedHST,CIFAR100,0.5,0.7,0.9999,437,1.2129279642105102,0.6494230500539016,65.41,22,100,2800804,28.67161202430725,28.389968156814575,0.2816438674926758,0.27632880210876465,2854.74609375,2
FedHST,CIFAR100,0.5,0.7,0.9999,438,1.1910982194900512,0.6533255357678491,65.72,28,100,2800804,36.413148164749146,36.04425048828125,0.3688976764678955,0.36321067810058594,2854.74609375,2
FedHST,CIFAR100,0.5,0.7,0.9999,439,1.206814492416382,0.6529115644506759,65.64,28,100,2800804,35.970908403396606,35.612685441970825,0.35822296142578125,0.35326290130615234,2854.74609375,2
FedHST,CIFAR100,0.5,0.7,0.9999,440,1.212243781852722,0.6490635456283086,65.26,21,100,2800804,28.294217824935913,28.01203751564026,0.2821803092956543,0.27681851387023926,2854.74609375,2
FedHST,CIFAR100,0.5,0.7,0.9999,441,1.2077264770507812,0.6486603950734466,65.3,28,100,2800804,36.7665741443634,36.38829779624939,0.37827634811401367,0.37287163734436035,2854.74609375,2
FedHST,CIFAR100,0.5,0.7,0.9999,442,1.2141409549713136,0.6463471123906372,65.08,23,100,2800804,30.184956789016724,29.86793279647827,0.31702399253845215,0.31156444549560547,2854.74609375,2
FedHST,CIFAR100,0.5,0.7,0.9999,443,1.2147072130203247,0.643711851951257,64.86,20,100,2800804,25.63266921043396,25.373383283615112,0.25928592681884766,0.2540414333343506,2854.74609375,2
FedHST,CIFAR100,0.5,0.7,0.9999,444,1.235115669441223,0.6358469973012277,64.34,24,100,2800804,30.741295099258423,30.396526098251343,0.3447690010070801,0.3391087055206299,2854.74609375,2
FedHST,CIFAR100,0.5,0.7,0.9999,445,1.219708645629883,0.6418022899658155,64.77,21,100,2800804,26.366100311279297,26.078653573989868,0.2874467372894287,0.28157711029052734,2854.74609375,2
FedHST,CIFAR100,0.5,0.7,0.9999,446,1.2157086713790894,0.646568802241563,64.95,24,100,2800804,30.989808559417725,30.635934352874756,0.35387420654296875,0.3473536968231201,2854.74609375,2
FedHST,CIFAR100,0.5,0.7,0.9999,447,1.2143032039642334,0.6491984453308344,65.34,23,100,2800804,30.58101725578308,30.282203435897827,0.2988138198852539,0.29340100288391113,2854.74609375,2
FedHST,CIFAR100,0.5,0.7,0.9999,448,1.1999276582717895,0.6495494748781623,65.47,30,100,2800804,39.999422788619995,39.62767672538757,0.3717460632324219,0.3665893077850342,2854.74609375,2
FedHST,CIFAR100,0.5,0.7,0.9999,449,1.2159193862915039,0.6440308144758882,64.88,24,100,2800804,30.4332594871521,30.12135076522827,0.3119087219238281,0.3063468933105469,2854.74609375,2
FedHST,CIFAR100,0.5,0.7,0.9999,450,1.1998650070190429,0.6467055300688904,65.17,26,100,2800804,34.51410269737244,34.17154836654663,0.34255433082580566,0.33712005615234375,2854.74609375,2
FedHST,CIFAR100,0.5,0.7,0.9999,451,1.2125283295631408,0.6456138030009171,64.98,22,100,2800804,28.691648960113525,28.403581142425537,0.2880678176879883,0.2826957702636719,2854.74609375,2
FedHST,CIFAR100,0.5,0.7,0.9999,452,1.2211175287246705,0.6417357466861522,64.72,29,100,2800804,36.32286977767944,35.93817925453186,0.384690523147583,0.37847065925598145,2854.74609375,2
FedHST,CIFAR100,0.5,0.7,0.9999,453,1.2157180339813232,0.6456713955184209,65.1,26,100,2800804,32.724061250686646,32.38031601905823,0.34374523162841797,0.33888673782348633,2854.74609375,2
FedHST,CIFAR100,0.5,0.7,0.9999,454,1.2088585515975951,0.6467023535573055,65.2,23,100,2800804,30.17138695716858,29.878553867340088,0.2928330898284912,0.286374568939209,2854.74609375,2
FedHST,CIFAR100,0.5,0.7,0.9999,455,1.205494419670105,0.6492110218541388,65.2,20,100,2800804,26.605714082717896,26.332430839538574,0.2732832431793213,0.26801538467407227,2854.74609375,2
FedHST,CIFAR100,0.5,0.7,0.9999,456,1.2006641996383667,0.6525457451678628,65.65,30,100,2800804,38.14008569717407,37.74316430091858,0.39692139625549316,0.3913397789001465,2854.74609375,2
FedHST,CIFAR100,0.5,0.7,0.9999,457,1.191316535949707,0.6519607775297678,65.69,27,100,2800804,35.045345306396484,34.69032597541809,0.35501933097839355,0.34923243522644043,2854.74609375,2
FedHST,CIFAR100,0.5,0.7,0.9999,458,1.1977171120643615,0.6512655718865239,65.7,26,100,2800804,33.902634382247925,33.58125305175781,0.3213813304901123,0.3158700466156006,2854.74609375,2
FedHST,CIFAR100,0.5,0.7,0.9999,459,1.1920658325195312,0.6505640030812536,65.48,26,100,2800804,33.14299416542053,32.79757380485535,0.34542036056518555,0.3399791717529297,2854.74609375,2
FedHST,CIFAR100,0.5,0.7,0.9999,460,1.1940680552482605,0.6490214485801578,65.45,30,100,2800804,38.70621156692505,38.30430340766907,0.40190815925598145,0.39650869369506836,2854.74609375,2
FedHST,CIFAR100,0.5,0.7,0.9999,461,1.2018224073410033,0.6566183351654172,66.01,23,100,2800804,29.265270948410034,28.967878341674805,0.2973926067352295,0.29204893112182617,2854.74609375,2
FedHST,CIFAR100,0.5,0.7,0.9999,462,1.1844911127090454,0.6574162605250331,65.94,27,100,2800804,33.799192667007446,33.45430517196655,0.34488749504089355,0.33996057510375977,2854.74609375,2
FedHST,CIFAR100,0.5,0.7,0.9999,463,1.18175463514328,0.6593540097988854,66.15,29,100,2800804,37.365631103515625,36.96748661994934,0.3981444835662842,0.3920738697052002,2854.74609375,2
FedHST,CIFAR100,0.5,0.7,0.9999,464,1.2027158567428589,0.6483967446890472,65.41,21,100,2800804,27.32366180419922,27.038183212280273,0.2854785919189453,0.28049206733703613,2854.74609375,2
FedHST,CIFAR100,0.5,0.7,0.9999,465,1.1907685794830323,0.6533913540518923,65.87,20,100,2800804,26.034287929534912,25.774340391159058,0.2599475383758545,0.25482177734375,2854.74609375,2
FedHST,CIFAR100,0.5,0.7,0.9999,466,1.1886719770431518,0.6516929837267663,65.63,21,100,2800804,27.653306245803833,27.3545241355896,0.2987821102142334,0.29256534576416016,2854.74609375,2
FedHST,CIFAR100,0.5,0.7,0.9999,467,1.1771467948913574,0.6601453227061113,66.41,26,100,2800804,35.29514837265015,34.949772357940674,0.34537601470947266,0.33979320526123047,2854.74609375,2
FedHST,CIFAR100,0.5,0.7,0.9999,468,1.2072457803726195,0.6522488552501464,65.67,22,100,2800804,30.405242443084717,30.10276198387146,0.30248045921325684,0.2973945140838623,2854.74609375,2
FedHST,CIFAR100,0.5,0.7,0.9999,469,1.1858839631080627,0.6546460659932579,65.78,28,100,2800804,37.144641160964966,36.768203020095825,0.3764381408691406,0.37104272842407227,2854.74609375,2
FedHST,CIFAR100,0.5,0.7,0.9999,470,1.1686357515335084,0.6610962386896069,66.39,24,100,2800804,32.33638072013855,31.997872591018677,0.33850812911987305,0.33315014839172363,2854.74609375,2
FedHST,CIFAR100,0.5,0.7,0.9999,471,1.1631815012931823,0.660334989830788,66.33,28,100,2800804,38.47204661369324,38.067973375320435,0.40407323837280273,0.3985879421234131,2854.74609375,2
FedHST,CIFAR100,0.5,0.7,0.9999,472,1.1622563452720642,0.6632765532627309,66.64,29,100,2800804,40.1448929309845,39.73829197883606,0.4066009521484375,0.40062665939331055,2854.74609375,2
FedHST,CIFAR100,0.5,0.7,0.9999,473,1.1616357273101807,0.6615442316433336,66.5,22,100,2800804,30.06165623664856,29.75499200820923,0.30666422843933105,0.3008995056152344,2854.74609375,2
FedHST,CIFAR100,0.5,0.7,0.9999,474,1.1495162866592408,0.6686120744947782,67.12,28,100,2800804,38.91608929634094,38.52007222175598,0.39601707458496094,0.39050817489624023,2854.74609375,2
FedHST,CIFAR100,0.5,0.7,0.9999,475,1.1701315007209778,0.6589297326059418,66.13,22,100,2800804,29.874125719070435,29.564169883728027,0.3099558353424072,0.3041048049926758,2854.74609375,2
FedHST,CIFAR100,0.5,0.7,0.9999,476,1.1726069237709045,0.6593932563174093,66.24,23,100,2800804,31.30300283432007,30.96934700012207,0.33365583419799805,0.3281838893890381,2854.74609375,2
FedHST,CIFAR100,0.5,0.7,0.9999,477,1.185338298034668,0.654156694415412,65.78,22,100,2800804,29.826244115829468,29.52131152153015,0.3049325942993164,0.2991952896118164,2854.74609375,2
FedHST,CIFAR100,0.5,0.7,0.9999,478,1.1616981514930724,0.6609596621024332,66.53,27,100,2800804,35.98154592514038,35.60581922531128,0.37572669982910156,0.3698582649230957,2854.74609375,2
FedHST,CIFAR100,0.5,0.7,0.9999,479,1.1535913831710816,0.6629437663466352,66.78,23,100,2800804,30.956361532211304,30.639509201049805,0.316852331161499,0.31129002571105957,2854.74609375,2
FedHST,CIFAR100,0.5,0.7,0.9999,480,1.1409539548873902,0.6675040261139661,67.18,30,100,2800804,39.89550042152405,39.478365421295166,0.41713500022888184,0.4116661548614502,2854.74609375,2
FedHST,CIFAR100,0.5,0.7,0.9999,481,1.154267781352997,0.6654907865322752,66.87,24,100,2800804,32.13454985618591,31.799845695495605,0.3347041606903076,0.3292973041534424,2854.74609375,2
FedHST,CIFAR100,0.5,0.7,0.9999,482,1.194540367126465,0.654104499802575,65.65,21,100,2800804,29.019697904586792,28.71203589439392,0.3076620101928711,0.3017551898956299,2854.74609375,2
FedHST,CIFAR100,0.5,0.7,0.9999,483,1.1642521768569947,0.6600250024253148,66.34,21,100,2800804,28.478573322296143,28.18243408203125,0.2961392402648926,0.2910752296447754,2854.74609375,2
FedHST,CIFAR100,0.5,0.7,0.9999,484,1.1711062229156495,0.660665064011639,66.26,22,100,2800804,29.836284637451172,29.52631640434265,0.3099682331085205,0.3041565418243408,2854.74609375,2
FedHST,CIFAR100,0.5,0.7,0.9999,485,1.1725920733451842,0.659519143127358,66.36,27,100,2800804,36.14960694313049,35.774837493896484,0.3747694492340088,0.36910438537597656,2854.74609375,2
FedHST,CIFAR100,0.5,0.7,0.9999,486,1.1417589282035827,0.66363942194108,66.78,27,100,2800804,37.240527868270874,36.863945960998535,0.37658190727233887,0.3709225654602051,2854.74609375,2
FedHST,CIFAR100,0.5,0.7,0.9999,487,1.149282130908966,0.6634357327632017,66.69,21,100,2800804,28.479020357131958,28.169876098632812,0.3091442584991455,0.30367588996887207,2854.74609375,2
FedHST,CIFAR100,0.5,0.7,0.9999,488,1.1491824152946473,0.6680301394555773,66.96,23,100,2800804,31.65054202079773,31.322753429412842,0.3277885913848877,0.32240986824035645,2854.74609375,2
FedHST,CIFAR100,0.5,0.7,0.9999,489,1.1646897365570068,0.6672990776372656,66.87,20,100,2800804,26.904163122177124,26.62704348564148,0.27711963653564453,0.2712743282318115,2854.74609375,2
FedHST,CIFAR100,0.5,0.7,0.9999,490,1.16823516998291,0.659846143385103,66.37,24,100,2800804,32.203537702560425,31.862852811813354,0.3406848907470703,0.3356320858001709,2854.74609375,2
FedHST,CIFAR100,0.5,0.7,0.9999,491,1.163948969078064,0.660065410607358,66.46,24,100,2800804,32.672672748565674,32.34261441230774,0.33005833625793457,0.32349729537963867,2854.74609375,2
FedHST,CIFAR100,0.5,0.7,0.9999,492,1.15793638381958,0.6600151860898984,66.48,27,100,2800804,36.943790674209595,36.572091817855835,0.37169885635375977,0.3660740852355957,2854.74609375,2
FedHST,CIFAR100,0.5,0.7,0.9999,493,1.1798718442916871,0.6544994262411555,65.96,23,100,2800804,29.858939170837402,29.53882670402527,0.3201124668121338,0.3142673969268799,2854.74609375,2
FedHST,CIFAR100,0.5,0.7,0.9999,494,1.1763953378677368,0.6535845040719767,65.71,22,100,2800804,29.245845079421997,28.927778720855713,0.3180663585662842,0.3126823902130127,2854.74609375,2
FedHST,CIFAR100,0.5,0.7,0.9999,495,1.1569150062561036,0.659459299216965,66.29,23,100,2800804,30.442755222320557,30.11802864074707,0.32472658157348633,0.319291353225708,2854.74609375,2
FedHST,CIFAR100,0.5,0.7,0.9999,496,1.1548006179809571,0.6622553067292936,66.65,27,100,2800804,36.031185150146484,35.671239137649536,0.35994601249694824,0.3546140193939209,2854.74609375,2
FedHST,CIFAR100,0.5,0.7,0.9999,497,1.1514741361618042,0.6621163647517382,66.55,28,100,2800804,37.92531394958496,37.54146647453308,0.3838474750518799,0.37774014472961426,2854.74609375,2
FedHST,CIFAR100,0.5,0.7,0.9999,498,1.1620295225143433,0.6657482469168832,66.67,26,100,2800804,34.808003187179565,34.44232439994812,0.3656787872314453,0.35973286628723145,2854.74609375,2
FedHST,CIFAR100,0.5,0.7,0.9999,499,1.159534644794464,0.6656567041679647,66.75,30,100,2800804,38.885353565216064,38.470978021621704,0.41437554359436035,0.40872859954833984,2854.74609375,2
FedHST,CIFAR100,0.5,0.7,0.9999,500,1.142172393989563,0.6666308384869786,67.14,25,100,2800804,32.79636907577515,32.4622745513916,0.3340945243835449,0.32895755767822266,2854.74609375,2
FedAdam,CIFAR100,,0.9,0.999,1,4.658223751831055,0.0006803584256174917,1.14,26,100,2800804,32.69243550300598,32.40963006019592,0.2828054428100586,,2791.61083984375,0
FedAdam,CIFAR100,,0.9,0.999,2,4.633238888549805,0.00034372611847729713,0.9,27,100,2800804,34.51688241958618,34.197383403778076,0.31949901580810547,,2814.2978515625,0
FedAdam,CIFAR100,,0.9,0.999,3,4.6442045440673825,0.00019835366458395318,1.0,29,100,2800804,37.62222743034363,37.30342149734497,0.3188059329986572,,2835.79736328125,0
FedAdam,CIFAR100,,0.9,0.999,4,4.650441798400879,0.0010776929821929271,1.16,22,100,2800804,29.119853496551514,28.8626492023468,0.2572042942047119,,2835.79736328125,0
FedAdam,CIFAR100,,0.9,0.999,5,4.647936552429199,0.00043196636513314637,1.05,26,100,2800804,34.2508327960968,33.93276238441467,0.3180704116821289,,2835.79736328125,0
FedAdam,CIFAR100,,0.9,0.999,6,4.658353433990478,0.0004381777463460632,1.03,20,100,2800804,25.487353801727295,25.24959921836853,0.23775458335876465,,2835.79736328125,0
FedAdam,CIFAR100,,0.9,0.999,7,4.645072444915772,0.00019801980198019803,1.0,23,100,2800804,29.184340238571167,28.916953325271606,0.26738691329956055,,2835.79736328125,0
FedAdam,CIFAR100,,0.9,0.999,8,4.636682356262207,0.0006820108749523,1.07,28,100,2800804,35.05941700935364,34.74536752700806,0.31404948234558105,,2835.79736328125,0
FedAdam,CIFAR100,,0.9,0.999,9,4.641200831604004,0.0005084703870128971,1.01,28,100,2800804,36.436753273010254,36.099050998687744,0.33770227432250977,,2835.79736328125,0
FedAdam,CIFAR100,,0.9,0.999,10,4.64655574798584,0.00019801980198019803,1.0,30,100,2800804,38.76329946517944,38.400930881500244,0.3623685836791992,,2845.97705078125,0
FedAdam,CIFAR100,,0.9,0.999,11,4.659255576324463,0.00019801980198019803,1.0,20,100,2800804,26.534849166870117,26.286504983901978,0.24834418296813965,,2845.97705078125,0
FedAdam,CIFAR100,,0.9,0.999,12,4.661195016479492,0.00019801980198019803,1.0,20,100,2800804,25.247395277023315,25.02491593360901,0.22247934341430664,,2845.97705078125,0
FedAdam,CIFAR100,,0.9,0.999,13,4.665628804779053,0.000555198455472778,1.0,24,100,2800804,30.922667264938354,30.63019061088562,0.2924766540527344,,2845.97705078125,0
FedAdam,CIFAR100,,0.9,0.999,14,4.697071931457519,0.00019801980198019803,1.0,28,100,2800804,36.39966630935669,36.07547116279602,0.32419514656066895,,2845.97705078125,0
FedAdam,CIFAR100,,0.9,0.999,15,4.688776675415039,0.00019801980198019803,1.0,27,100,2800804,34.631675243377686,34.32001042366028,0.3116648197174072,,2845.97705078125,0
FedAdam,CIFAR100,,0.9,0.999,16,4.658364488983154,0.0010456747991510018,1.55,25,100,2800804,32.310763359069824,32.01625657081604,0.2945067882537842,,2845.97705078125,0
FedAdam,CIFAR100,,0.9,0.999,17,4.651374335479736,0.0010537391968638034,1.31,26,100,2800804,33.23973870277405,32.92254018783569,0.3171985149383545,,2845.97705078125,0
FedAdam,CIFAR100,,0.9,0.999,18,4.655627309417724,0.00019807863721897593,1.0,26,100,2800804,32.815898180007935,32.53092980384827,0.28496837615966797,,2845.97705078125,0
FedAdam,CIFAR100,,0.9,0.999,19,4.668003373718261,0.00019695613249776187,0.99,20,100,2800804,25.01427125930786,24.79037356376648,0.22389769554138184,,2845.97705078125,0
FedAdam,CIFAR100,,0.9,0.999,20,4.656704530334473,0.00019801980198019803,1.0,27,100,2800804,35.00367856025696,34.698246479034424,0.3054320812225342,,2845.97705078125,0
FedAdam,CIFAR100,,0.9,0.999,21,4.647199379730225,0.0003490448580973642,1.01,30,100,2800804,38.21768927574158,37.87843418121338,0.33925509452819824,,2850.111328125,0
FedAdam,CIFAR100,,0.9,0.999,22,4.648278604125976,0.0037249931894767813,1.69,25,100,2800804,33.55944561958313,33.26964449882507,0.28980112075805664,,2850.111328125,0
FedAdam,CIFAR100,,0.9,0.999,23,4.660337162017822,0.0011323860145566508,1.42,29,100,2800804,36.31561231613159,35.98867702484131,0.3269352912902832,,2850.111328125,0
FedAdam,CIFAR100,,0.9,0.999,24,4.654785376739502,0.0018097164056747523,1.22,20,100,2800804,25.717561721801758,25.47710108757019,0.24046063423156738,,2850.111328125,0
FedAdam,CIFAR100,,0.9,0.999,25,4.643029894256592,0.0012939102568095835,1.52,21,100,2800804,27.08659315109253,26.84992241859436,0.23667073249816895,,2850.111328125,0
FedAdam,CIFAR100,,0.9,0.999,26,4.6448891212463375,0.0005312278674652377,1.35,25,100,2800804,31.574700832366943,31.27728271484375,0.29741811752319336,,2850.111328125,0
FedAdam,CIFAR100,,0.9,0.999,27,4.6511195976257325,0.0021244628449013803,2.0,25,100,2800804,32.73313546180725,32.44090414047241,0.29223132133483887,,2850.111328125,0
FedAdam,CIFAR100,,0.9,0.999,28,4.63460964050293,0.0011998972603784442,1.3,25,100,2800804,32.655192613601685,32.38316488265991,0.27202773094177246,,2850.111328125,0
FedAdam,CIFAR100,,0.9,0.999,29,4.61599701385498,0.0024731093453273685,1.46,20,100,2800804,25.879323482513428,25.64742112159729,0.2319023609161377,,2850.111328125,0
FedAdam,CIFAR100,,0.9,0.999,30,4.605002950286865,0.001999735162867187,1.8,27,100,2800804,34.308534145355225,33.9766731262207,0.3318610191345215,,2850.111328125,0
FedAdam,CIFAR100,,0.9,0.999,31,4.596209460449219,0.004224634694928115,2.76,28,100,2800804,36.33415079116821,36.01286792755127,0.32128286361694336,,2850.111328125,0
FedAdam,CIFAR100,,0.9,0.999,32,4.579196730041504,0.0031112766418117466,2.36,30,100,2800804,39.44458341598511,39.137486934661865,0.3070964813232422,,2850.111328125,0
FedAdam,CIFAR100,,0.9,0.999,33,4.553887886047363,0.0028352066876872043,2.32,25,100,2800804,32.908618211746216,32.61916756629944,0.28945064544677734,,2850.111328125,0
FedAdam,CIFAR100,,0.9,0.999,34,4.545138716888427,0.003773770924783274,2.23,30,100,2800804,37.897698640823364,37.546329975128174,0.35136866569519043,,2850.111328125,0
FedAdam,CIFAR100,,0.9,0.999,35,4.5493193603515625,0.004034522989528925,2.45,26,100,2800804,34.96666979789734,34.65081572532654,0.3158540725708008,,2850.111328125,0
FedAdam,CIFAR100,,0.9,0.999,36,4.545867938232422,0.003818067110222545,2.57,27,100,2800804,35.803401708602905,35.47097873687744,0.33242297172546387,,2850.111328125,0
FedAdam,CIFAR100,,0.9,0.999,37,4.541443884277344,0.0020608311169492684,1.97,30,100,2800804,39.21378421783447,38.85271453857422,0.3610696792602539,,2850.111328125,0
FedAdam,CIFAR100,,0.9,0.999,38,4.5367369506835935,0.003078917639109165,2.13,25,100,2800804,33.065412521362305,32.74908638000488,0.3163261413574219,,2850.111328125,0
FedAdam,CIFAR100,,0.9,0.999,39,4.527982826995849,0.003896369385038367,2.11,26,100,2800804,33.498995304107666,33.17929029464722,0.3197050094604492,,2850.111328125,0
FedAdam,CIFAR100,,0.9,0.999,40,4.523352587890625,0.004907068794852675,2.5,27,100,2800804,34.81675696372986,34.52225995063782,0.294497013092041,,2850.111328125,0
FedAdam,CIFAR100,,0.9,0.999,41,4.517868980407715,0.008357389479964943,3.17,24,100,2800804,32.12639117240906,31.857844829559326,0.26854634284973145,,2850.111328125,0
FedAdam,CIFAR100,,0.9,0.999,42,4.518731169128418,0.00701663083236021,2.68,30,100,2800804,39.321898221969604,38.97429919242859,0.3475990295410156,,2850.111328125,0
FedAdam,CIFAR100,,0.9,0.999,43,4.526719577026367,0.005051779312550444,2.07,22,100,2800804,29.236619472503662,28.9820818901062,0.25453758239746094,,2850.111328125,0
FedAdam,CIFAR100,,0.9,0.999,44,4.516141323852539,0.006886524509708841,2.63,29,100,2800804,38.47721242904663,38.10511136054993,0.3721010684967041,,2850.111328125,0
FedAdam,CIFAR100,,0.9,0.999,45,4.504652283477784,0.00837087530481599,2.91,27,100,2800804,35.68679738044739,35.37015914916992,0.3166382312774658,,2850.111328125,0
FedAdam,CIFAR100,,0.9,0.999,46,4.498283560943603,0.006766562186650596,2.18,21,100,2800804,27.03435969352722,26.79334306716919,0.24101662635803223,,2850.111328125,0
FedAdam,CIFAR100,,0.9,0.999,47,4.489945793151856,0.0065455436384951205,2.26,28,100,2800804,37.53632307052612,37.21773958206177,0.31858348846435547,,2850.111328125,0
FedAdam,CIFAR100,,0.9,0.999,48,4.479776430511475,0.0059539213388403135,2.33,29,100,2800804,38.564945697784424,38.1875102519989,0.37743544578552246,,2850.111328125,0
FedAdam,CIFAR100,,0.9,0.999,49,4.464707734680176,0.01030821714648897,3.84,26,100,2800804,34.25204253196716,33.9533166885376,0.29872584342956543,,2850.111328125,0
FedAdam,CIFAR100,,0.9,0.999,50,4.473573519897461,0.007953166521928085,3.14,30,100,2800804,41.23390197753906,40.86229062080383,0.3716113567352295,,2850.111328125,0
FedAdam,CIFAR100,,0.9,0.999,51,4.476508099365234,0.00762971518425319,2.97,26,100,2800804,34.081738233566284,33.77977728843689,0.30196094512939453,,2850.111328125,0
FedAdam,CIFAR100,,0.9,0.999,52,4.4529088012695315,0.01019828768394547,3.15,29,100,2800804,37.880621671676636,37.544310092926025,0.33631157875061035,,2850.111328125,0
FedAdam,CIFAR100,,0.9,0.999,53,4.425601265716553,0.008709494739954762,3.48,20,100,2800804,26.362431526184082,26.11897563934326,0.2434558868408203,,2850.111328125,0
FedAdam,CIFAR100,,0.9,0.999,54,4.399191899108887,0.00920297929799921,3.28,23,100,2800804,30.212008714675903,29.929578065872192,0.28243064880371094,,2850.111328125,0
FedAdam,CIFAR100,,0.9,0.999,55,4.376568968200684,0.01085944927942478,3.66,29,100,2800804,38.80656909942627,38.47520661354065,0.3313624858856201,,2850.111328125,0
FedAdam,CIFAR100,,0.9,0.999,56,4.3789950981140136,0.01186894840842147,3.58,20,100,2800804,26.237722873687744,25.988890409469604,0.24883246421813965,,2850.111328125,0
FedAdam,CIFAR100,,0.9,0.999,57,4.364068618774414,0.019349355905662988,4.35,26,100,2800804,35.32987904548645,35.00721716880798,0.3226618766784668,,2850.111328125,0
FedAdam,CIFAR100,,0.9,0.999,58,4.340207313537598,0.019634712081557346,4.66,24,100,2800804,31.668392181396484,31.37454628944397,0.29384589195251465,,2850.111328125,0
FedAdam,CIFAR100,,0.9,0.999,59,4.325775675964356,0.0174888471641244,4.91,29,100,2800804,38.18773317337036,37.82615351676941,0.36157965660095215,,2850.111328125,0
FedAdam,CIFAR100,,0.9,0.999,60,4.3078810836792,0.012830882935854802,4.17,25,100,2800804,32.92808413505554,32.62174034118652,0.30634379386901855,,2850.111328125,0
FedAdam,CIFAR100,,0.9,0.999,61,4.286993751525879,0.014717692395461626,4.17,29,100,2800804,38.432003021240234,38.088857889175415,0.34314513206481934,,2850.111328125,0
FedAdam,CIFAR100,,0.9,0.999,62,4.279225679779053,0.01601808366039932,4.52,20,100,2800804,26.925074100494385,26.690170526504517,0.23490357398986816,,2850.111328125,0
FedAdam,CIFAR100,,0.9,0.999,63,4.254108023071289,0.0225679209442327,5.04,22,100,2800804,28.845429182052612,28.586480855941772,0.25894832611083984,,2850.111328125,0
FedAdam,CIFAR100,,0.9,0.999,64,4.244736207580567,0.023565232307851097,5.62,27,100,2800804,35.95483064651489,35.634013652801514,0.3208169937133789,,2850.111328125,0
FedAdam,CIFAR100,,0.9,0.999,65,4.257751696014404,0.01959103708593914,4.98,26,100,2800804,33.969115257263184,33.66887307167053,0.30024218559265137,,2850.111328125,0
FedAdam,CIFAR100,,0.9,0.999,66,4.228768475341797,0.02518781100163516,5.18,30,100,2800804,38.73728656768799,38.39072227478027,0.34656429290771484,,2850.111328125,0
FedAdam,CIFAR100,,0.9,0.999,67,4.184780667877197,0.029676018253547837,6.54,27,100,2800804,35.21352577209473,34.90204620361328,0.3114795684814453,,2850.111328125,0
FedAdam,CIFAR100,,0.9,0.999,68,4.162299394226074,0.02721756232509729,6.41,26,100,2800804,33.91868472099304,33.62054204940796,0.298142671585083,,2850.111328125,0
FedAdam,CIFAR100,,0.9,0.999,69,4.151231982421875,0.02896041772277919,6.63,28,100,2800804,36.724586486816406,36.40244245529175,0.3221440315246582,,2850.111328125,0
FedAdam,CIFAR100,,0.9,0.999,70,4.152901255035401,0.029134819608930166,6.65,23,100,2800804,30.324692487716675,30.041869163513184,0.2828233242034912,,2850.111328125,0
FedAdam,CIFAR100,,0.9,0.999,71,4.13556485748291,0.030713324196288267,6.81,24,100,2800804,31.6154568195343,31.339005947113037,0.27645087242126465,,2850.111328125,0
FedAdam,CIFAR100,,0.9,0.999,72,4.113049192810059,0.03611174798233428,7.5,28,100,2800804,37.676090478897095,37.33090043067932,0.34519004821777344,,2850.111328125,0
FedAdam,CIFAR100,,0.9,0.999,73,4.098979523468017,0.044094944561594004,7.9,27,100,2800804,35.68120050430298,35.3651397228241,0.31606078147888184,,2850.111328125,0
FedAdam,CIFAR100,,0.9,0.999,74,4.091570056915283,0.037806590494682414,6.88,28,100,2800804,36.568328619003296,36.24504828453064,0.32328033447265625,,2850.111328125,0
FedAdam,CIFAR100,,0.9,0.999,75,4.075005638885498,0.033663287414143504,7.08,21,100,2800804,27.16560935974121,26.90841817855835,0.25719118118286133,,2850.111328125,0
FedAdam,CIFAR100,,0.9,0.999,76,4.0614682388305665,0.03709986740874625,7.84,23,100,2800804,30.67076063156128,30.402235984802246,0.2685246467590332,,2850.111328125,0
FedAdam,CIFAR100,,0.9,0.999,77,4.047480156707763,0.038630398942227,8.01,26,100,2800804,34.03558540344238,33.730947732925415,0.3046376705169678,,2850.111328125,0
FedAdam,CIFAR100,,0.9,0.999,78,4.025902500152588,0.03953503437182473,8.18,24,100,2800804,31.264029502868652,30.97774577140808,0.2862837314605713,,2850.111328125,0
FedAdam,CIFAR100,,0.9,0.999,79,4.013190825653076,0.039530271916036634,8.12,20,100,2800804,26.668580293655396,26.42980647087097,0.23877382278442383,,2850.111328125,0
FedAdam,CIFAR100,,0.9,0.999,80,3.9959497703552245,0.04452144718699936,8.46,23,100,2800804,30.492099285125732,30.209920167922974,0.2821791172027588,,2850.111328125,0
FedAdam,CIFAR100,,0.9,0.999,81,3.9745566539764403,0.04768797093100896,8.54,22,100,2800804,28.639018297195435,28.376827239990234,0.2621910572052002,,2850.111328125,0
FedAdam,CIFAR100,,0.9,0.999,82,3.957772200012207,0.05511013156726194,8.79,27,100,2800804,35.06343626976013,34.735530614852905,0.32790565490722656,,2850.111328125,0
FedAdam,CIFAR100,,0.9,0.999,83,3.9402045051574706,0.05663026045022561,9.5,27,100,2800804,35.29755187034607,34.97382998466492,0.32372188568115234,,2850.111328125,0
FedAdam,CIFAR100,,0.9,0.999,84,3.919177067184448,0.06205853520603191,10.34,27,100,2800804,35.9540810585022,35.64893102645874,0.30515003204345703,,2850.111328125,0
FedAdam,CIFAR100,,0.9,0.999,85,3.915311280441284,0.05849895063843796,9.97,28,100,2800804,36.33008909225464,35.9927294254303,0.3373596668243408,,2850.111328125,0
FedAdam,CIFAR100,,0.9,0.999,86,3.9053515266418457,0.052076202436267184,9.38,27,100,2800804,34.804847717285156,34.487539768218994,0.3173079490661621,,2850.111328125,0
FedAdam,CIFAR100,,0.9,0.999,87,3.8909800582885743,0.04998157675000339,9.16,30,100,2800804,40.05022215843201,39.687175273895264,0.36304688453674316,,2850.111328125,0
FedAdam,CIFAR100,,0.9,0.999,88,3.88463578414917,0.051390267754496594,9.12,26,100,2800804,34.164334297180176,33.8579375743866,0.3063967227935791,,2850.111328125,0
FedAdam,CIFAR100,,0.9,0.999,89,3.852622053527832,0.06038306265114651,10.19,20,100,2800804,25.67041015625,25.438316822052002,0.23209333419799805,,2850.111328125,0
FedAdam,CIFAR100,,0.9,0.999,90,3.8356215942382814,0.07165704575997422,10.66,28,100,2800804,36.83231782913208,36.49834394454956,0.33397388458251953,,2850.111328125,0
FedAdam,CIFAR100,,0.9,0.999,91,3.8289751571655275,0.07149123555357023,10.93,28,100,2800804,38.07383179664612,37.755945920944214,0.3178858757019043,,2850.111328125,0
FedAdam,CIFAR100,,0.9,0.999,92,3.831132299041748,0.07292936682869003,11.51,20,100,2800804,26.990156888961792,26.7525315284729,0.2376253604888916,,2850.111328125,0
FedAdam,CIFAR100,,0.9,0.999,93,3.820158067321777,0.07107946861072906,11.19,27,100,2800804,36.34513545036316,36.026707887649536,0.31842756271362305,,2850.111328125,0
FedAdam,CIFAR100,,0.9,0.999,94,3.802336128234863,0.07307429509520569,11.61,26,100,2800804,33.96558475494385,33.66165733337402,0.3039274215698242,,2850.111328125,0
FedAdam,CIFAR100,,0.9,0.999,95,3.7767631092071534,0.07957978822325458,12.17,20,100,2800804,26.16194987297058,25.923824071884155,0.23812580108642578,,2850.111328125,0
FedAdam,CIFAR100,,0.9,0.999,96,3.774054455947876,0.079093794174645,11.83,24,100,2800804,31.294752836227417,30.999661445617676,0.2950913906097412,,2850.111328125,0
FedAdam,CIFAR100,,0.9,0.999,97,3.766015782928467,0.08541822816905892,12.21,22,100,2800804,29.529351711273193,29.287563800811768,0.24178791046142578,,2850.111328125,0
FedAdam,CIFAR100,,0.9,0.999,98,3.7641941997528074,0.08857551491498367,12.13,24,100,2800804,32.486865520477295,32.18274474143982,0.3041207790374756,,2850.111328125,0
FedAdam,CIFAR100,,0.9,0.999,99,3.7585497188568113,0.08502753551001781,12.51,25,100,2800804,33.80093765258789,33.48295998573303,0.3179776668548584,,2850.111328125,0
FedAdam,CIFAR100,,0.9,0.999,100,3.731039956283569,0.0844443062665036,12.54,29,100,2800804,40.43289518356323,40.09291315078735,0.3399820327758789,,2850.111328125,0
FedAdam,CIFAR100,,0.9,0.999,101,3.717070444488525,0.08627313109839423,12.62,27,100,2800804,35.969966888427734,35.643393754959106,0.32657313346862793,,2850.111328125,0
FedAdam,CIFAR100,,0.9,0.999,102,3.7149302715301515,0.08829041204560079,12.78,21,100,2800804,29.02938151359558,28.75374460220337,0.2756369113922119,,2850.111328125,0
FedAdam,CIFAR100,,0.9,0.999,103,3.701778464126587,0.08761108522425363,12.92,29,100,2800804,41.58942699432373,41.202126264572144,0.3873007297515869,,2850.111328125,0
FedAdam,CIFAR100,,0.9,0.999,104,3.6872498878479005,0.08970038646029525,13.32,29,100,2800804,41.74832725524902,41.366079330444336,0.3822479248046875,,2850.111328125,0
FedAdam,CIFAR100,,0.9,0.999,105,3.6643058364868164,0.09618995339416467,13.84,21,100,2800804,29.53888726234436,29.266279220581055,0.27260804176330566,,2850.111328125,0
FedAdam,CIFAR100,,0.9,0.999,106,3.6386191585540772,0.1013804841406503,13.98,29,100,2800804,40.893155336380005,40.53263831138611,0.3605170249938965,,2850.111328125,0
FedAdam,CIFAR100,,0.9,0.999,107,3.630173559188843,0.09742620359550182,13.74,24,100,2800804,32.62090539932251,32.318010330200195,0.30289506912231445,,2850.111328125,0
FedAdam,CIFAR100,,0.9,0.999,108,3.628265586090088,0.10073441081763491,13.89,25,100,2800804,33.9964644908905,33.697638750076294,0.298825740814209,,2850.111328125,0
FedAdam,CIFAR100,,0.9,0.999,109,3.619622420120239,0.10189135133193415,14.1,25,100,2800804,35.186274766922,34.87439179420471,0.31188297271728516,,2850.111328125,0
FedAdam,CIFAR100,,0.9,0.999,110,3.594437021636963,0.10274106621010141,14.53,28,100,2800804,38.74882769584656,38.3949191570282,0.3539085388183594,,2850.111328125,0
FedAdam,CIFAR100,,0.9,0.999,111,3.595829484176636,0.09975416381990625,14.52,24,100,2800804,33.62670660018921,33.32355737686157,0.3031492233276367,,2850.111328125,0
FedAdam,CIFAR100,,0.9,0.999,112,3.5909256145477295,0.1024681106195865,14.25,29,100,2800804,39.352707624435425,38.999595642089844,0.35311198234558105,,2850.111328125,0
FedAdam,CIFAR100,,0.9,0.999,113,3.584676961517334,0.10427648960421687,14.32,29,100,2800804,38.842689514160156,38.495527505874634,0.34716200828552246,,2850.111328125,0
FedAdam,CIFAR100,,0.9,0.999,114,3.5736729751586913,0.11375626398241262,15.37,25,100,2800804,34.42661118507385,34.11949038505554,0.30712080001831055,,2850.111328125,0
FedAdam,CIFAR100,,0.9,0.999,115,3.5585810180664064,0.1131478582760048,15.4,29,100,2800804,41.09750008583069,40.74284887313843,0.35465121269226074,,2850.111328125,0
FedAdam,CIFAR100,,0.9,0.999,116,3.546155322265625,0.11192434655294607,15.43,22,100,2800804,29.279690980911255,29.001229763031006,0.278461217880249,,2850.111328125,0
FedAdam,CIFAR100,,0.9,0.999,117,3.534594697570801,0.11632000742721343,15.56,22,100,2800804,30.453956365585327,30.172400951385498,0.2815554141998291,,2850.111328125,0
FedAdam,CIFAR100,,0.9,0.999,118,3.5222254310607912,0.1215461634315215,16.07,30,100,2800804,42.0629186630249,41.68192791938782,0.38099074363708496,,2850.111328125,0
FedAdam,CIFAR100,,0.9,0.999,119,3.5030406364440916,0.12785695510897538,16.61,26,100,2800804,36.75655174255371,36.434473276138306,0.3220784664154053,,2850.111328125,0
FedAdam,CIFAR100,,0.9,0.999,120,3.4694711395263673,0.13632645650774508,17.56,28,100,2800804,39.20440077781677,38.85327410697937,0.35112667083740234,,2850.111328125,0
FedAdam,CIFAR100,,0.9,0.999,121,3.4570791816711424,0.13523742411793305,17.35,23,100,2800804,32.395538568496704,32.1092312335968,0.28630733489990234,,2850.111328125,0
FedAdam,CIFAR100,,0.9,0.999,122,3.470003115081787,0.13167962961810192,16.95,30,100,2800804,41.331218242645264,40.97911810874939,0.352100133895874,,2850.111328125,0
FedAdam,CIFAR100,,0.9,0.999,123,3.472919211578369,0.12686346922989356,16.76,26,100,2800804,34.8744695186615,34.55612254142761,0.3183469772338867,,2850.111328125,0
FedAdam,CIFAR100,,0.9,0.999,124,3.4783029121398927,0.12228294935517466,16.29,30,100,2800804,42.34721779823303,41.96876573562622,0.3784520626068115,,2850.111328125,0
FedAdam,CIFAR100,,0.9,0.999,125,3.457720394897461,0.13247151445662642,17.01,24,100,2800804,33.544978618621826,33.24418759346008,0.30079102516174316,,2850.111328125,0
FedAdam,CIFAR100,,0.9,0.999,126,3.4308813091278076,0.13642810601317057,17.21,21,100,2800804,28.315113306045532,28.05517339706421,0.25993990898132324,,2850.111328125,0
FedAdam,CIFAR100,,0.9,0.999,127,3.415561291503906,0.14070011536121474,17.48,22,100,2800804,31.439302682876587,31.157017469406128,0.282285213470459,,2850.111328125,0
FedAdam,CIFAR100,,0.9,0.999,128,3.3991256088256834,0.14444176313529536,17.84,22,100,2800804,29.98759150505066,29.70059084892273,0.2870006561279297,,2850.111328125,0
FedAdam,CIFAR100,,0.9,0.999,129,3.37889193649292,0.15551293304947494,19.02,24,100,2800804,32.72552752494812,32.428898096084595,0.2966294288635254,,2850.111328125,0
FedAdam,CIFAR100,,0.9,0.999,130,3.3672135639190675,0.15551129241046296,19.29,22,100,2800804,29.940714359283447,29.652163982391357,0.28855037689208984,,2850.111328125,0
FedAdam,CIFAR100,,0.9,0.999,131,3.3781012687683107,0.14909195186400004,18.73,23,100,2800804,31.433869123458862,31.16149640083313,0.2723727226257324,,2850.111328125,0
FedAdam,CIFAR100,,0.9,0.999,132,3.386831777191162,0.14232447187912678,18.04,26,100,2800804,35.797348976135254,35.49686908721924,0.3004798889160156,,2850.111328125,0
FedAdam,CIFAR100,,0.9,0.999,133,3.356157996749878,0.14858345805891915,18.8,30,100,2800804,38.56395959854126,38.16357684135437,0.40038275718688965,,2850.111328125,0
FedAdam,CIFAR100,,0.9,0.999,134,3.332774864959717,0.1543492988175781,19.01,28,100,2800804,36.30134868621826,35.97383141517639,0.3275172710418701,,2850.111328125,0
FedAdam,CIFAR100,,0.9,0.999,135,3.3101635929107665,0.16340897685599592,19.73,22,100,2800804,29.27599835395813,29.017140865325928,0.25885748863220215,,2850.111328125,0
FedAdam,CIFAR100,,0.9,0.999,136,3.3101260627746583,0.16519545771134203,19.59,22,100,2800804,28.676016330718994,28.381664276123047,0.29435205459594727,,2850.111328125,0
FedAdam,CIFAR100,,0.9,0.999,137,3.3223781547546385,0.15892509410638417,19.24,30,100,2800804,39.80675196647644,39.44825053215027,0.3585014343261719,,2850.111328125,0
FedAdam,CIFAR100,,0.9,0.999,138,3.2952274585723877,0.1649397366351866,20.19,27,100,2800804,36.258490562438965,35.95134782791138,0.3071427345275879,,2850.111328125,0
FedAdam,CIFAR100,,0.9,0.999,139,3.2807982723236084,0.169215414446698,20.71,20,100,2800804,25.753859996795654,25.5038058757782,0.25005412101745605,,2850.111328125,0
FedAdam,CIFAR100,,0.9,0.999,140,3.293792977142334,0.16382896280155224,20.32,29,100,2800804,38.4045774936676,38.06548023223877,0.339097261428833,,2850.111328125,0
FedAdam,CIFAR100,,0.9,0.999,141,3.287335844039917,0.1624431269005131,20.33,22,100,2800804,29.60318684577942,29.321770191192627,0.281416654586792,,2850.111328125,0
FedAdam,CIFAR100,,0.9,0.999,142,3.279927420425415,0.1660593764763272,20.26,21,100,2800804,27.60022497177124,27.3247389793396,0.2754859924316406,,2850.111328125,0
FedAdam,CIFAR100,,0.9,0.999,143,3.270801951599121,0.17215711996593788,20.55,30,100,2800804,39.06879663467407,38.707173109054565,0.36162352561950684,,2850.111328125,0
FedAdam,CIFAR100,,0.9,0.999,144,3.252754205322266,0.17370820513287172,20.97,21,100,2800804,27.797708988189697,27.553863286972046,0.24384570121765137,,2850.111328125,0
FedAdam,CIFAR100,,0.9,0.999,145,3.236445364379883,0.1821052109412557,21.66,22,100,2800804,28.66164469718933,28.398359298706055,0.26328539848327637,,2850.111328125,0
FedAdam,CIFAR100,,0.9,0.999,146,3.230988450622559,0.17749040582303266,21.37,26,100,2800804,33.26818323135376,32.9538950920105,0.3142881393432617,,2850.111328125,0
FedAdam,CIFAR100,,0.9,0.999,147,3.219350062561035,0.1779490351204413,21.61,30,100,2800804,39.63955903053284,39.282649993896484,0.35690903663635254,,2850.111328125,0
FedAdam,CIFAR100,,0.9,0.999,148,3.1927466663360597,0.18732210736346833,22.18,28,100,2800804,36.52002763748169,36.18484687805176,0.33518075942993164,,2850.111328125,0
FedAdam,CIFAR100,,0.9,0.999,149,3.1920244400024416,0.19142584478154892,22.42,30,100,2800804,39.58185267448425,39.22361755371094,0.35823512077331543,,2850.111328125,0
FedAdam,CIFAR100,,0.9,0.999,150,3.195138669204712,0.18605363515992543,21.88,23,100,2800804,30.240708112716675,29.94801425933838,0.2926938533782959,,2850.111328125,0
FedAdam,CIFAR100,,0.9,0.999,151,3.19336236038208,0.18168031260905482,21.7,21,100,2800804,27.353741884231567,27.115083932876587,0.23865795135498047,,2850.111328125,0
FedAdam,CIFAR100,,0.9,0.999,152,3.180767560195923,0.1812695921519806,21.59,21,100,2800804,27.48012065887451,27.235172033309937,0.2449486255645752,,2850.111328125,0
FedAdam,CIFAR100,,0.9,0.999,153,3.1664568130493165,0.18378094994565022,22.17,21,100,2800804,28.740917682647705,28.485904216766357,0.25501346588134766,,2850.111328125,0
FedAdam,CIFAR100,,0.9,0.999,154,3.1651065246582033,0.1856531118441092,22.31,25,100,2800804,32.26680088043213,31.961646795272827,0.30515408515930176,,2850.111328125,0
FedAdam,CIFAR100,,0.9,0.999,155,3.1679910930633546,0.1906737264978496,22.26,26,100,2800804,33.57775402069092,33.2839879989624,0.2937660217285156,,2850.111328125,0
FedAdam,CIFAR100,,0.9,0.999,156,3.168351247406006,0.19048353463540044,22.3,21,100,2800804,26.31947684288025,26.069342136383057,0.2501347064971924,,2850.111328125,0
FedAdam,CIFAR100,,0.9,0.999,157,3.1498479362487792,0.19934475066035756,23.05,26,100,2800804,34.44011926651001,34.11647367477417,0.32364559173583984,,2850.111328125,0
FedAdam,CIFAR100,,0.9,0.999,158,3.1249663940429686,0.20819464694414877,24.01,23,100,2800804,30.83616805076599,30.580429077148438,0.2557389736175537,,2850.111328125,0
FedAdam,CIFAR100,,0.9,0.999,159,3.1219902503967285,0.20532198634627935,23.86,25,100,2800804,31.674126863479614,31.369025230407715,0.3051016330718994,,2850.111328125,0
FedAdam,CIFAR100,,0.9,0.999,160,3.111952786254883,0.20039675676666846,23.79,27,100,2800804,34.74207520484924,34.416844844818115,0.32523036003112793,,2850.111328125,0
FedAdam,CIFAR100,,0.9,0.999,161,3.09752760925293,0.20264277594619096,24.09,24,100,2800804,31.59896469116211,31.30832004547119,0.29064464569091797,,2850.111328125,0
FedAdam,CIFAR100,,0.9,0.999,162,3.095513353347778,0.2087255393085936,24.26,21,100,2800804,27.80625033378601,27.542656183242798,0.2635941505432129,,2850.111328125,0
FedAdam,CIFAR100,,0.9,0.999,163,3.0954416912078857,0.20727310687140268,24.19,27,100,2800804,36.45006322860718,36.133307456970215,0.3167557716369629,,2850.111328125,0
FedAdam,CIFAR100,,0.9,0.999,164,3.071192662811279,0.20725719270244078,24.24,25,100,2800804,32.965214252471924,32.67976260185242,0.28545165061950684,,2850.111328125,0
FedAdam,CIFAR100,,0.9,0.999,165,3.03563694229126,0.21477437239693895,24.79,25,100,2800804,32.547019243240356,32.25928616523743,0.2877330780029297,,2850.111328125,0
FedAdam,CIFAR100,,0.9,0.999,166,3.0202719146728514,0.22466923100037164,25.37,27,100,2800804,34.90760040283203,34.58853602409363,0.3190643787384033,,2850.111328125,0
FedAdam,CIFAR100,,0.9,0.999,167,3.020868508911133,0.22872593611426772,25.93,29,100,2800804,37.73085808753967,37.37326216697693,0.35759592056274414,,2850.111328125,0
FedAdam,CIFAR100,,0.9,0.999,168,3.031492134475708,0.22030777435761556,25.49,21,100,2800804,28.791702032089233,28.52707815170288,0.26462388038635254,,2850.111328125,0
FedAdam,CIFAR100,,0.9,0.999,169,3.017917392730713,0.22564397695710642,25.82,24,100,2800804,31.306354761123657,31.013540506362915,0.2928142547607422,,2850.111328125,0
FedAdam,CIFAR100,,0.9,0.999,170,2.9996282989501952,0.23343141182619914,26.49,29,100,2800804,37.83759355545044,37.488301277160645,0.3492922782897949,,2850.111328125,0
FedAdam,CIFAR100,,0.9,0.999,171,2.992914507293701,0.2278568178091881,26.22,20,100,2800804,26.226760864257812,25.98819327354431,0.23856759071350098,,2850.111328125,0
FedAdam,CIFAR100,,0.9,0.999,172,2.995852239227295,0.2266368120391262,25.92,28,100,2800804,36.77257513999939,36.459837675094604,0.31273746490478516,,2850.111328125,0
FedAdam,CIFAR100,,0.9,0.999,173,2.9882238739013673,0.22759389787124543,25.85,24,100,2800804,31.065236806869507,30.79057788848877,0.2746589183807373,,2850.111328125,0
FedAdam,CIFAR100,,0.9,0.999,174,2.9604042892456053,0.24221899670699673,27.12,24,100,2800804,32.31559419631958,32.03386855125427,0.2817256450653076,,2850.111328125,0
FedAdam,CIFAR100,,0.9,0.999,175,2.9546424018859865,0.24806277210032307,27.46,22,100,2800804,29.021743535995483,28.758864641189575,0.2628788948059082,,2850.111328125,0
FedAdam,CIFAR100,,0.9,0.999,176,2.9444567375183106,0.24769257766133101,27.57,29,100,2800804,37.27405548095703,36.920143604278564,0.3539118766784668,,2850.111328125,0
FedAdam,CIFAR100,,0.9,0.999,177,2.953308246231079,0.24502039139762735,27.37,20,100,2800804,25.94344687461853,25.713074684143066,0.23037219047546387,,2850.111328125,0
FedAdam,CIFAR100,,0.9,0.999,178,2.948936376953125,0.2365090690424798,26.96,22,100,2800804,29.9496431350708,29.674078226089478,0.27556490898132324,,2850.111328125,0
FedAdam,CIFAR100,,0.9,0.999,179,2.930296778869629,0.2350760622846072,26.66,28,100,2800804,36.882216930389404,36.55620074272156,0.3260161876678467,,2850.111328125,0
FedAdam,CIFAR100,,0.9,0.999,180,2.904836442184448,0.24858799772896836,27.54,24,100,2800804,31.725180625915527,31.43780016899109,0.2873804569244385,,2850.111328125,0
FedAdam,CIFAR100,,0.9,0.999,181,2.9043737102508547,0.25489970253776756,27.61,27,100,2800804,34.599183797836304,34.283071517944336,0.3161122798919678,,2850.111328125,0
FedAdam,CIFAR100,,0.9,0.999,182,2.8999930671691896,0.2557490543567175,27.95,27,100,2800804,34.814680099487305,34.507001638412476,0.3076784610748291,,2850.111328125,0
FedAdam,CIFAR100,,0.9,0.999,183,2.903010301208496,0.25390071365554795,28.18,30,100,2800804,38.68557333946228,38.33274221420288,0.3528311252593994,,2850.111328125,0
FedAdam,CIFAR100,,0.9,0.999,184,2.8955342124938963,0.24500666805249083,27.89,22,100,2800804,28.497937440872192,28.232935905456543,0.2650015354156494,,2850.111328125,0
FedAdam,CIFAR100,,0.9,0.999,185,2.872404581451416,0.24646322278872368,28.23,27,100,2800804,35.82520127296448,35.511170864105225,0.31403040885925293,,2850.111328125,0
FedAdam,CIFAR100,,0.9,0.999,186,2.853107706069946,0.25320902263263534,28.53,29,100,2800804,38.508723735809326,38.15285897254944,0.3558647632598877,,2850.111328125,0
FedAdam,CIFAR100,,0.9,0.999,187,2.859507322692871,0.25660947899648795,28.42,22,100,2800804,28.60158061981201,28.32984209060669,0.27173852920532227,,2850.111328125,0
FedAdam,CIFAR100,,0.9,0.999,188,2.850795323562622,0.25680001468430624,28.53,25,100,2800804,32.55430889129639,32.2256555557251,0.32865333557128906,,2850.111328125,0
FedAdam,CIFAR100,,0.9,0.999,189,2.8412518196105956,0.2595453777004186,28.97,23,100,2800804,29.233964443206787,28.975425720214844,0.25853872299194336,,2850.111328125,0
FedAdam,CIFAR100,,0.9,0.999,190,2.8458191482543946,0.2539512570675481,28.74,29,100,2800804,38.742504835128784,38.387810468673706,0.3546943664550781,,2850.111328125,0
FedAdam,CIFAR100,,0.9,0.999,191,2.829397133255005,0.2540966542516944,28.7,30,100,2800804,39.632580518722534,39.28429341316223,0.34828710556030273,,2850.111328125,0
FedAdam,CIFAR100,,0.9,0.999,192,2.7948627128601076,0.2704538450123981,29.92,20,100,2800804,26.012027978897095,25.781245470046997,0.23078250885009766,,2850.111328125,0
FedAdam,CIFAR100,,0.9,0.999,193,2.7799235008239744,0.27731740805951843,30.11,29,100,2800804,36.93902134895325,36.55832624435425,0.380695104598999,,2850.111328125,0
FedAdam,CIFAR100,,0.9,0.999,194,2.762861977005005,0.28385109609847176,30.73,20,100,2800804,25.704083919525146,25.471336603164673,0.23274731636047363,,2850.111328125,0
FedAdam,CIFAR100,,0.9,0.999,195,2.7792312763214113,0.2782089241824754,30.34,20,100,2800804,26.024003744125366,25.782416820526123,0.24158692359924316,,2850.111328125,0
FedAdam,CIFAR100,,0.9,0.999,196,2.789810608291626,0.27261735438144097,30.15,23,100,2800804,30.493375539779663,30.23106622695923,0.26230931282043457,,2850.111328125,0
FedAdam,CIFAR100,,0.9,0.999,197,2.777745556640625,0.26550139975013026,29.96,20,100,2800804,25.289274215698242,25.0308678150177,0.258406400680542,,2850.111328125,0
FedAdam,CIFAR100,,0.9,0.999,198,2.768610359573364,0.2690230671626814,30.31,27,100,2800804,35.29936075210571,34.97497034072876,0.3243904113769531,,2850.111328125,0
FedAdam,CIFAR100,,0.9,0.999,199,2.7651974601745604,0.28031467169628077,30.48,22,100,2800804,28.290517568588257,28.039011001586914,0.2515065670013428,,2850.111328125,0
FedAdam,CIFAR100,,0.9,0.999,200,2.756438536834717,0.2822360429298014,30.72,30,100,2800804,40.38987588882446,40.03642249107361,0.3534533977508545,,2850.111328125,0
FedAdam,CIFAR100,,0.9,0.999,201,2.7525073406219485,0.2879846181791867,31.1,20,100,2800804,26.779083013534546,26.539446353912354,0.23963665962219238,,2850.111328125,0
FedAdam,CIFAR100,,0.9,0.999,202,2.754190219116211,0.28678593395872054,30.94,20,100,2800804,27.133946418762207,26.89188313484192,0.24206328392028809,,2850.111328125,0
FedAdam,CIFAR100,,0.9,0.999,203,2.722598140335083,0.29186963252456183,31.73,25,100,2800804,33.00791835784912,32.70327019691467,0.30464816093444824,,2850.111328125,0
FedAdam,CIFAR100,,0.9,0.999,204,2.684611265563965,0.29605721407435204,32.57,26,100,2800804,34.246641874313354,33.94766092300415,0.2989809513092041,,2850.111328125,0
FedAdam,CIFAR100,,0.9,0.999,205,2.686164823150635,0.29661963171518435,32.21,20,100,2800804,27.101386785507202,26.863606452941895,0.23778033256530762,,2850.111328125,0
FedAdam,CIFAR100,,0.9,0.999,206,2.6943790798187255,0.2983503224038087,32.23,27,100,2800804,35.52962112426758,35.2050940990448,0.3245270252227783,,2850.111328125,0
FedAdam,CIFAR100,,0.9,0.999,207,2.682132123184204,0.2992807913430731,32.35,29,100,2800804,37.17194414138794,36.84415602684021,0.3277881145477295,,2850.111328125,0
FedAdam,CIFAR100,,0.9,0.999,208,2.6659844955444334,0.2971050227525375,32.38,20,100,2800804,26.096834421157837,25.843865633010864,0.25296878814697266,,2850.111328125,0
FedAdam,CIFAR100,,0.9,0.999,209,2.663839115524292,0.29412437877985037,32.01,26,100,2800804,34.66008996963501,34.34293556213379,0.3171544075012207,,2850.111328125,0
FedAdam,CIFAR100,,0.9,0.999,210,2.654752575683594,0.29643401933295876,32.13,22,100,2800804,28.87570595741272,28.618680953979492,0.25702500343322754,,2850.111328125,0
FedAdam,CIFAR100,,0.9,0.999,211,2.626082582473755,0.30600450052621825,33.21,27,100,2800804,35.421095848083496,35.10852861404419,0.31256723403930664,,2850.111328125,0
FedAdam,CIFAR100,,0.9,0.999,212,2.615263877105713,0.30794102328285206,33.24,21,100,2800804,28.181952714920044,27.92231822013855,0.25963449478149414,,2850.111328125,0
FedAdam,CIFAR100,,0.9,0.999,213,2.6274213275909424,0.31240989894954163,33.4,21,100,2800804,27.624115228652954,27.370756149291992,0.2533590793609619,,2850.111328125,0
FedAdam,CIFAR100,,0.9,0.999,214,2.6242821460723875,0.31299574046805834,33.29,25,100,2800804,31.629738807678223,31.337385416030884,0.29235339164733887,,2850.111328125,0
FedAdam,CIFAR100,,0.9,0.999,215,2.6084929130554197,0.31328136997262934,33.47,24,100,2800804,32.36113381385803,32.06631374359131,0.29482007026672363,,2850.111328125,0
FedAdam,CIFAR100,,0.9,0.999,216,2.6118136131286622,0.3106673343967294,33.28,22,100,2800804,29.301635265350342,29.044660568237305,0.2569746971130371,,2850.111328125,0
FedAdam,CIFAR100,,0.9,0.999,217,2.5962026412963866,0.3131399089120619,33.56,22,100,2800804,28.59348773956299,28.333226919174194,0.26026082038879395,,2850.111328125,0
FedAdam,CIFAR100,,0.9,0.999,218,2.5752311344146728,0.31787081070594925,34.19,25,100,2800804,32.97371530532837,32.67981696128845,0.293898344039917,,2850.111328125,0
FedAdam,CIFAR100,,0.9,0.999,219,2.5643636032104493,0.3231187290758449,34.64,20,100,2800804,26.151722192764282,25.895652770996094,0.2560694217681885,,2850.111328125,0
FedAdam,CIFAR100,,0.9,0.999,220,2.548501795578003,0.3227360034725342,34.6,29,100,2800804,38.152398109436035,37.81592679023743,0.3364713191986084,,2850.111328125,0
FedAdam,CIFAR100,,0.9,0.999,221,2.564635665512085,0.32359218933968714,34.65,26,100,2800804,34.2386429309845,33.93211269378662,0.306530237197876,,2850.111328125,0
FedAdam,CIFAR100,,0.9,0.999,222,2.5421027271270753,0.32702233899821465,35.03,23,100,2800804,30.124483108520508,29.856698989868164,0.26778411865234375,,2850.111328125,0
FedAdam,CIFAR100,,0.9,0.999,223,2.5157596561431883,0.33053542911327227,35.49,26,100,2800804,33.13137078285217,32.82935976982117,0.30201101303100586,,2850.111328125,0
FedAdam,CIFAR100,,0.9,0.999,224,2.5161634857177733,0.3307320385218987,35.48,20,100,2800804,25.808539628982544,25.567665815353394,0.2408738136291504,,2850.111328125,0
FedAdam,CIFAR100,,0.9,0.999,225,2.5233758823394776,0.32853269418722225,35.29,23,100,2800804,29.282811164855957,29.008695602416992,0.27411556243896484,,2850.111328125,0
FedAdam,CIFAR100,,0.9,0.999,226,2.5255374126434327,0.33124950780930057,35.65,20,100,2800804,25.566904067993164,25.320988655090332,0.24591541290283203,,2850.111328125,0
FedAdam,CIFAR100,,0.9,0.999,227,2.518119707107544,0.33100101951394734,35.63,26,100,2800804,35.48446011543274,35.18650507926941,0.2979550361633301,,2850.111328125,0
FedAdam,CIFAR100,,0.9,0.999,228,2.4928403903961183,0.3409154882616064,36.79,27,100,2800804,34.285343408584595,33.973294496536255,0.31204891204833984,,2850.111328125,0
FedAdam,CIFAR100,,0.9,0.999,229,2.471142581176758,0.3441282569021245,36.93,24,100,2800804,31.51433825492859,31.22741937637329,0.28691887855529785,,2850.111328125,0
FedAdam,CIFAR100,,0.9,0.999,230,2.4849221569061277,0.3368700680320396,36.13,21,100,2800804,29.271637201309204,29.018991470336914,0.25264573097229004,,2850.111328125,0
FedAdam,CIFAR100,,0.9,0.999,231,2.487700750732422,0.33362466393938944,35.61,24,100,2800804,32.355528354644775,32.07061243057251,0.2849159240722656,,2850.111328125,0
FedAdam,CIFAR100,,0.9,0.999,232,2.4544591537475586,0.34475417277020803,36.56,24,100,2800804,30.62554121017456,30.34760308265686,0.2779381275177002,,2850.111328125,0
FedAdam,CIFAR100,,0.9,0.999,233,2.4353475803375244,0.3567073803601128,37.69,30,100,2800804,39.57123899459839,39.20767855644226,0.36356043815612793,,2850.111328125,0
FedAdam,CIFAR100,,0.9,0.999,234,2.456578001022339,0.3507025954492243,37.21,22,100,2800804,28.627440690994263,28.38068699836731,0.24675369262695312,,2850.111328125,0
FedAdam,CIFAR100,,0.9,0.999,235,2.4516120315551757,0.34713631673500445,36.87,21,100,2800804,28.995779752731323,28.715730667114258,0.28004908561706543,,2850.111328125,0
FedAdam,CIFAR100,,0.9,0.999,236,2.412708500289917,0.354906391821854,37.95,20,100,2800804,27.775758981704712,27.521116495132446,0.2546424865722656,,2850.111328125,0
FedAdam,CIFAR100,,0.9,0.999,237,2.408280813598633,0.3534202959136305,37.55,26,100,2800804,36.290525674819946,35.96445155143738,0.32607412338256836,,2850.111328125,0
FedAdam,CIFAR100,,0.9,0.999,238,2.4044455814361574,0.35654521060775574,37.61,27,100,2800804,36.86096668243408,36.50756859779358,0.35339808464050293,,2850.111328125,0
FedAdam,CIFAR100,,0.9,0.999,239,2.3957214576721193,0.363394240950447,37.91,24,100,2800804,33.75236892700195,33.44397187232971,0.3083970546722412,,2850.111328125,0
FedAdam,CIFAR100,,0.9,0.999,240,2.3967826614379883,0.36144639201339757,38.06,23,100,2800804,32.05110812187195,31.749565601348877,0.3015425205230713,,2850.111328125,0
FedAdam,CIFAR100,,0.9,0.999,241,2.3655460960388184,0.3704825736368841,39.07,23,100,2800804,31.59464192390442,31.301997184753418,0.292644739151001,,2850.111328125,0
FedAdam,CIFAR100,,0.9,0.999,242,2.3509629528045655,0.37156516647659893,39.28,24,100,2800804,32.446866035461426,32.14380621910095,0.30305981636047363,,2850.111328125,0
FedAdam,CIFAR100,,0.9,0.999,243,2.332860005950928,0.36979352931233017,39.17,21,100,2800804,28.51988410949707,28.247966051101685,0.27191805839538574,,2850.111328125,0
FedAdam,CIFAR100,,0.9,0.999,244,2.3209653232574463,0.37403285319639396,39.67,29,100,2800804,38.26994609832764,37.930100440979004,0.3398456573486328,,2850.111328125,0
FedAdam,CIFAR100,,0.9,0.999,245,2.3333408058166505,0.3701338168905546,39.14,25,100,2800804,33.54997396469116,33.243186235427856,0.30678772926330566,,2850.111328125,0
FedAdam,CIFAR100,,0.9,0.999,246,2.3464974090576174,0.36757511537497606,38.74,28,100,2800804,37.88537931442261,37.52725172042847,0.3581275939941406,,2850.111328125,0
FedAdam,CIFAR100,,0.9,0.999,247,2.306542287826538,0.3797081577705147,40.02,23,100,2800804,31.948163509368896,31.65362524986267,0.2945382595062256,,2850.111328125,0
FedAdam,CIFAR100,,0.9,0.999,248,2.289959462928772,0.3797162904085624,40.19,28,100,2800804,38.34482955932617,37.998204708099365,0.34662485122680664,,2850.111328125,0
FedAdam,CIFAR100,,0.9,0.999,249,2.272963539505005,0.38457588813126375,40.51,21,100,2800804,29.758485317230225,29.48680853843689,0.27167677879333496,,2850.111328125,0
FedAdam,CIFAR100,,0.9,0.999,250,2.26129401512146,0.39063285388258956,40.98,25,100,2800804,34.52045679092407,34.19907522201538,0.3213815689086914,,2850.111328125,0
FedAdam,CIFAR100,,0.9,0.999,251,2.2660836547851564,0.39066201356182545,40.78,21,100,2800804,28.35357904434204,28.07996129989624,0.2736177444458008,,2850.111328125,0
FedAdam,CIFAR100,,0.9,0.999,252,2.277505250740051,0.39279414142302405,40.94,22,100,2800804,30.036815404891968,29.761738300323486,0.27507710456848145,,2850.111328125,0
FedAdam,CIFAR100,,0.9,0.999,253,2.2488878438949587,0.3975471885587505,41.46,29,100,2800804,40.60055994987488,40.23521709442139,0.3653428554534912,,2850.111328125,0
FedAdam,CIFAR100,,0.9,0.999,254,2.2295012100219727,0.402882188700209,41.7,22,100,2800804,29.740339279174805,29.46896243095398,0.2713768482208252,,2850.111328125,0
FedAdam,CIFAR100,,0.9,0.999,255,2.2431697475433348,0.395524925826695,41.37,25,100,2800804,32.864551067352295,32.55257773399353,0.31197333335876465,,2850.111328125,0
FedAdam,CIFAR100,,0.9,0.999,256,2.25566423034668,0.3912099440304509,41.2,21,100,2800804,28.703294038772583,28.43353247642517,0.2697615623474121,,2850.111328125,0
FedAdam,CIFAR100,,0.9,0.999,257,2.232921268081665,0.39336622031193386,41.69,29,100,2800804,40.323421239852905,39.9753577709198,0.34806346893310547,,2850.111328125,0
FedAdam,CIFAR100,,0.9,0.999,258,2.2330037885665894,0.38430578953918276,40.75,27,100,2800804,37.296937227249146,36.947765588760376,0.34917163848876953,,2850.111328125,0
FedAdam,CIFAR100,,0.9,0.999,259,2.2424702392578126,0.3868202119200449,40.52,20,100,2800804,27.608145713806152,27.3590989112854,0.24904680252075195,,2850.111328125,0
FedAdam,CIFAR100,,0.9,0.999,260,2.2160036556243896,0.3959553431886178,41.1,23,100,2800804,32.098650217056274,31.80589509010315,0.292755126953125,,2850.111328125,0
FedAdam,CIFAR100,,0.9,0.999,261,2.1987053398132326,0.40498785824427297,41.98,24,100,2800804,33.81654644012451,33.509243965148926,0.30730247497558594,,2850.111328125,0
FedAdam,CIFAR100,,0.9,0.999,262,2.2009774909973143,0.40145156542963756,41.72,29,100,2800804,39.02019453048706,38.65403389930725,0.36616063117980957,,2850.111328125,0
FedAdam,CIFAR100,,0.9,0.999,263,2.178326972579956,0.4015753096163028,41.95,25,100,2800804,34.60092782974243,34.29730200767517,0.30362582206726074,,2850.111328125,0
FedAdam,CIFAR100,,0.9,0.999,264,2.148760681915283,0.4106599530822074,42.69,21,100,2800804,27.932774782180786,27.678505420684814,0.2542693614959717,,2850.111328125,0
FedAdam,CIFAR100,,0.9,0.999,265,2.15332112159729,0.411528241447174,42.69,25,100,2800804,32.6493353843689,32.356672525405884,0.2926628589630127,,2850.111328125,0
FedAdam,CIFAR100,,0.9,0.999,266,2.12887509765625,0.417294416226249,43.25,24,100,2800804,31.272143125534058,30.985493898391724,0.286649227142334,,2850.111328125,0
FedAdam,CIFAR100,,0.9,0.999,267,2.134092741394043,0.4212637578275897,43.6,25,100,2800804,33.00916123390198,32.70664882659912,0.30251240730285645,,2850.111328125,0
FedAdam,CIFAR100,,0.9,0.999,268,2.1351108615875245,0.4185606707377354,43.41,29,100,2800804,39.991122007369995,39.625861406326294,0.36526060104370117,,2850.111328125,0
FedAdam,CIFAR100,,0.9,0.999,269,2.109463038635254,0.4179897104996801,43.68,20,100,2800804,28.006221532821655,27.74570393562317,0.26051759719848633,,2850.111328125,0
FedAdam,CIFAR100,,0.9,0.999,270,2.100897211074829,0.4258158359115538,44.32,23,100,2800804,32.115126848220825,31.821178436279297,0.2939484119415283,,2850.111328125,0
FedAdam,CIFAR100,,0.9,0.999,271,2.09613977394104,0.42872930169748785,44.19,29,100,2800804,39.9289824962616,39.567025899887085,0.3619565963745117,,2850.111328125,0
FedAdam,CIFAR100,,0.9,0.999,272,2.0919996660232543,0.4244596580276366,43.83,23,100,2800804,32.06461715698242,31.78306245803833,0.2815546989440918,,2850.111328125,0
FedAdam,CIFAR100,,0.9,0.999,273,2.087767003822327,0.4249452876932464,43.94,29,100,2800804,38.55631899833679,38.19241237640381,0.3639066219329834,,2850.111328125,0
FedAdam,CIFAR100,,0.9,0.999,274,2.092394672393799,0.42857714500909466,44.34,28,100,2800804,36.43244290351868,36.092841386795044,0.3396015167236328,,2850.111328125,0
FedAdam,CIFAR100,,0.9,0.999,275,2.0843059539794924,0.42866900508136013,44.33,24,100,2800804,32.106475591659546,31.81944251060486,0.2870330810546875,,2850.111328125,0
FedAdam,CIFAR100,,0.9,0.999,276,2.052178318977356,0.4371637665952406,45.01,28,100,2800804,37.46932792663574,37.15614128112793,0.3131866455078125,,2850.111328125,0
FedAdam,CIFAR100,,0.9,0.999,277,2.034891079902649,0.4426154508649025,45.72,25,100,2800804,32.5361008644104,32.24704122543335,0.2890596389770508,,2850.111328125,0
FedAdam,CIFAR100,,0.9,0.999,278,2.022127311325073,0.43953918511480583,45.5,24,100,2800804,32.33746337890625,32.04659557342529,0.29086780548095703,,2850.111328125,0
FedAdam,CIFAR100,,0.9,0.999,279,2.023193444824219,0.43774377464642833,45.31,20,100,2800804,27.335127115249634,27.09746026992798,0.23766684532165527,,2850.111328125,0
FedAdam,CIFAR100,,0.9,0.999,280,2.029213169670105,0.4388058377348074,45.2,29,100,2800804,37.91545748710632,37.580610275268555,0.33484721183776855,,2850.111328125,0
FedAdam,CIFAR100,,0.9,0.999,281,2.0258207275390623,0.4398015257098616,45.3,20,100,2800804,25.664421319961548,25.419052124023438,0.24536919593811035,,2850.111328125,0
FedAdam,CIFAR100,,0.9,0.999,282,2.0306618432998658,0.44319315098723516,45.65,30,100,2800804,39.91679048538208,39.57858753204346,0.33820295333862305,,2850.111328125,0
FedAdam,CIFAR100,,0.9,0.999,283,2.002002978134155,0.4460980016207211,45.81,28,100,2800804,37.89072036743164,37.55315327644348,0.3375670909881592,,2850.111328125,0
FedAdam,CIFAR100,,0.9,0.999,284,1.9911826835632325,0.4434699162901113,45.88,21,100,2800804,28.01399278640747,27.7544207572937,0.25957202911376953,,2850.111328125,0
FedAdam,CIFAR100,,0.9,0.999,285,2.011451105880737,0.4383721104487864,45.42,24,100,2800804,32.01348829269409,31.7196843624115,0.2938039302825928,,2850.111328125,0
FedAdam,CIFAR100,,0.9,0.999,286,1.9923715175628662,0.4437803823887747,45.81,23,100,2800804,30.32463788986206,30.033891916275024,0.29074597358703613,,2850.111328125,0
FedAdam,CIFAR100,,0.9,0.999,287,1.9602148612976074,0.4512866790333648,46.53,29,100,2800804,38.052706718444824,37.706772804260254,0.3459339141845703,,2850.111328125,0
FedAdam,CIFAR100,,0.9,0.999,288,1.9647579135894775,0.46457260077579354,47.57,22,100,2800804,29.209065437316895,28.941834688186646,0.267230749130249,,2850.111328125,0
FedAdam,CIFAR100,,0.9,0.999,289,1.9622883670806885,0.4661710026088818,47.51,24,100,2800804,31.912577152252197,31.616477727890015,0.2960994243621826,,2850.111328125,0
FedAdam,CIFAR100,,0.9,0.999,290,1.950002666091919,0.46467362879606905,47.3,21,100,2800804,28.089657068252563,27.836162090301514,0.2534949779510498,,2850.111328125,0
FedAdam,CIFAR100,,0.9,0.999,291,1.9465267948150635,0.46510952477592954,47.42,21,100,2800804,26.966506958007812,26.720090627670288,0.24641633033752441,,2850.111328125,0
FedAdam,CIFAR100,,0.9,0.999,292,1.9403539138793946,0.46801627715460653,48.01,22,100,2800804,28.732357263565063,28.480705499649048,0.2516517639160156,,2850.111328125,0
FedAdam,CIFAR100,,0.9,0.999,293,1.9312676778793334,0.463335115601952,47.74,28,100,2800804,36.655035734176636,36.32291078567505,0.3321249485015869,,2850.111328125,0
FedAdam,CIFAR100,,0.9,0.999,294,1.9209694046020507,0.465540168365604,48.05,22,100,2800804,28.8897807598114,28.626532316207886,0.2632484436035156,,2850.111328125,0
FedAdam,CIFAR100,,0.9,0.999,295,1.917504165649414,0.46859021369313886,48.11,26,100,2800804,34.13202428817749,33.82031583786011,0.3117084503173828,,2850.111328125,0
FedAdam,CIFAR100,,0.9,0.999,296,1.9024927646636962,0.4725280060608187,48.1,25,100,2800804,33.2617974281311,32.95921301841736,0.3025844097137451,,2850.111328125,0
FedAdam,CIFAR100,,0.9,0.999,297,1.8741860763549805,0.4780509388045677,48.73,24,100,2800804,31.589166402816772,31.32924723625183,0.2599191665649414,,2850.111328125,0
FedAdam,CIFAR100,,0.9,0.999,298,1.8673321250915527,0.4809373905115695,49.02,27,100,2800804,35.88099527359009,35.54395294189453,0.33704233169555664,,2850.111328125,0
FedAdam,CIFAR100,,0.9,0.999,299,1.8848281719207765,0.47485503177794686,48.64,23,100,2800804,30.566159963607788,30.275254726409912,0.290905237197876,,2850.111328125,0
FedAdam,CIFAR100,,0.9,0.999,300,1.8667556352615355,0.481601354751413,49.39,25,100,2800804,33.43293905258179,33.11453127861023,0.3184077739715576,,2850.111328125,0
FedAdam,CIFAR100,,0.9,0.999,301,1.8505436870574952,0.4840282362506664,49.78,27,100,2800804,35.47632670402527,35.16644549369812,0.30988121032714844,,2850.111328125,0
FedAdam,CIFAR100,,0.9,0.999,302,1.8525972562789916,0.48503294736870467,49.67,21,100,2800804,26.888518571853638,26.6353542804718,0.25316429138183594,,2850.111328125,0
FedAdam,CIFAR100,,0.9,0.999,303,1.8647144800186157,0.48022056049258505,49.07,24,100,2800804,32.22667455673218,31.918508291244507,0.3081662654876709,,2850.111328125,0
FedAdam,CIFAR100,,0.9,0.999,304,1.845482387161255,0.488854505665589,49.71,23,100,2800804,31.125797271728516,30.83650016784668,0.28929710388183594,,2850.111328125,0
FedAdam,CIFAR100,,0.9,0.999,305,1.826355536842346,0.48814448057451926,49.79,22,100,2800804,28.355090618133545,28.086466550827026,0.26862406730651855,,2850.111328125,0
FedAdam,CIFAR100,,0.9,0.999,306,1.8232343311309815,0.48902788563622707,50.11,22,100,2800804,29.18888568878174,28.914889097213745,0.27399659156799316,,2850.111328125,0
FedAdam,CIFAR100,,0.9,0.999,307,1.824536222076416,0.49328302744481,50.47,24,100,2800804,32.202728271484375,31.921934604644775,0.2807936668395996,,2850.111328125,0
FedAdam,CIFAR100,,0.9,0.999,308,1.8092530897140502,0.49354533066930634,50.34,25,100,2800804,32.686540365219116,32.40184450149536,0.2846958637237549,,2850.111328125,0
FedAdam,CIFAR100,,0.9,0.999,309,1.8037743349075317,0.49083287963131567,49.95,26,100,2800804,34.59598898887634,34.293776750564575,0.3022122383117676,,2850.111328125,0
FedAdam,CIFAR100,,0.9,0.999,310,1.7961951284408568,0.49723305185133015,50.67,29,100,2800804,37.66059684753418,37.326704263687134,0.3338925838470459,,2850.111328125,0
FedAdam,CIFAR100,,0.9,0.999,311,1.7810164791107177,0.5004911403235066,50.94,24,100,2800804,32.342634201049805,32.05665111541748,0.2859830856323242,,2850.111328125,0
FedAdam,CIFAR100,,0.9,0.999,312,1.7820538908004762,0.5017592669943768,51.05,25,100,2800804,32.77002549171448,32.46443319320679,0.30559229850769043,,2850.111328125,0
FedAdam,CIFAR100,,0.9,0.999,313,1.788889171409607,0.5008128140573979,51.17,22,100,2800804,28.95896577835083,28.704211235046387,0.25475454330444336,,2850.111328125,0
FedAdam,CIFAR100,,0.9,0.999,314,1.7678721477508546,0.5030706998712173,51.54,27,100,2800804,35.88060188293457,35.587053060531616,0.2935488224029541,,2850.111328125,0
FedAdam,CIFAR100,,0.9,0.999,315,1.7659245363235474,0.4984432114789357,51.19,24,100,2800804,31.34872555732727,31.06638264656067,0.28234291076660156,,2850.111328125,0
FedAdam,CIFAR100,,0.9,0.999,316,1.7665181171417237,0.4977296038098696,51.03,30,100,2800804,40.165766954422,39.803606033325195,0.36216092109680176,,2850.111328125,0
FedAdam,CIFAR100,,0.9,0.999,317,1.7513012050628662,0.5007107259679335,51.15,26,100,2800804,35.177610874176025,34.85573887825012,0.3218719959259033,,2850.111328125,0
FedAdam,CIFAR100,,0.9,0.999,318,1.7385962404251099,0.5087684348766786,51.9,25,100,2800804,32.69584012031555,32.39726281166077,0.29857730865478516,,2850.111328125,0
FedAdam,CIFAR100,,0.9,0.999,319,1.7267246467590331,0.5102919455839652,51.93,30,100,2800804,39.36447048187256,39.01922082901001,0.34524965286254883,,2850.734375,0
FedAdam,CIFAR100,,0.9,0.999,320,1.719352444076538,0.5103281399202679,52.14,24,100,2800804,32.07584571838379,31.794986724853516,0.28085899353027344,,2850.734375,0
FedAdam,CIFAR100,,0.9,0.999,321,1.7173558771133424,0.5067769385717881,52.21,24,100,2800804,30.51599621772766,30.23149061203003,0.28450560569763184,,2850.734375,0
FedAdam,CIFAR100,,0.9,0.999,322,1.7044394035339356,0.5105550146467275,52.5,29,100,2800804,39.14761710166931,38.792850732803345,0.3547663688659668,,2850.734375,0
FedAdam,CIFAR100,,0.9,0.999,323,1.7010028678894042,0.51417732428388,52.65,29,100,2800804,38.60829210281372,38.274680852890015,0.33361124992370605,,2850.734375,0
FedAdam,CIFAR100,,0.9,0.999,324,1.692138512802124,0.5190084023088134,52.88,28,100,2800804,37.506027936935425,37.19257736206055,0.31345057487487793,,2850.734375,0
FedAdam,CIFAR100,,0.9,0.999,325,1.6720291904449462,0.5289639515662972,53.61,30,100,2800804,39.75107169151306,39.402045011520386,0.3490266799926758,,2850.734375,0
FedAdam,CIFAR100,,0.9,0.999,326,1.6733388500213624,0.5282149500809412,53.64,28,100,2800804,36.80335569381714,36.4949004650116,0.308455228805542,,2850.734375,0
FedAdam,CIFAR100,,0.9,0.999,327,1.6738872497558595,0.5274176002977629,53.72,22,100,2800804,29.187050580978394,28.924675464630127,0.2623751163482666,,2850.734375,0
FedAdam,CIFAR100,,0.9,0.999,328,1.6784904169082642,0.5241438042693849,53.43,24,100,2800804,31.853360652923584,31.57788372039795,0.27547693252563477,,2850.734375,0
FedAdam,CIFAR100,,0.9,0.999,329,1.667259909248352,0.5263982200783143,53.49,30,100,2800804,40.92800831794739,40.55575203895569,0.3722562789916992,,2850.734375,0
FedAdam,CIFAR100,,0.9,0.999,330,1.6533709651947022,0.538035808919733,54.44,28,100,2800804,36.68390703201294,36.34588932991028,0.33801770210266113,,2850.734375,0
FedAdam,CIFAR100,,0.9,0.999,331,1.6452435779571533,0.5370667031606842,54.42,25,100,2800804,32.5118613243103,32.225311517715454,0.28654980659484863,,2850.734375,0
FedAdam,CIFAR100,,0.9,0.999,332,1.6404965913772582,0.5335024769180271,54.37,22,100,2800804,29.67234706878662,29.38700246810913,0.28534460067749023,,2850.734375,0
FedAdam,CIFAR100,,0.9,0.999,333,1.6443545768737793,0.5338962725024143,54.24,30,100,2800804,38.89673614501953,38.52977180480957,0.36696434020996094,,2850.734375,0
FedAdam,CIFAR100,,0.9,0.999,334,1.6492149028778076,0.5322484571409621,53.93,22,100,2800804,28.98110580444336,28.719057321548462,0.26204848289489746,,2850.734375,0
FedAdam,CIFAR100,,0.9,0.999,335,1.637868307876587,0.5373522838899857,54.43,21,100,2800804,27.882211685180664,27.604117393493652,0.2780942916870117,,2850.734375,0
FedAdam,CIFAR100,,0.9,0.999,336,1.624281160736084,0.5393439214784602,54.71,29,100,2800804,38.362303733825684,37.998751163482666,0.3635525703430176,,2850.734375,0
FedAdam,CIFAR100,,0.9,0.999,337,1.6082027492523194,0.5378679717526225,54.74,28,100,2800804,37.2957558631897,36.97071290016174,0.3250429630279541,,2850.734375,0
FedAdam,CIFAR100,,0.9,0.999,338,1.6175974493026732,0.5353839566189784,54.59,27,100,2800804,36.2056610584259,35.89630436897278,0.309356689453125,,2850.734375,0
FedAdam,CIFAR100,,0.9,0.999,339,1.602879031944275,0.542434837088729,55.29,30,100,2800804,40.75659227371216,40.42639374732971,0.3301985263824463,,2850.734375,0
FedAdam,CIFAR100,,0.9,0.999,340,1.587513579750061,0.5471871685044923,55.49,21,100,2800804,27.919408798217773,27.675959825515747,0.24344897270202637,,2850.734375,0
FedAdam,CIFAR100,,0.9,0.999,341,1.5925902185440064,0.5459478514134339,55.3,25,100,2800804,32.790647745132446,32.48249936103821,0.3081483840942383,,2850.734375,0
FedAdam,CIFAR100,,0.9,0.999,342,1.606815754699707,0.543897617482469,54.87,27,100,2800804,34.266008615493774,33.95551872253418,0.3104898929595947,,2850.734375,0
FedAdam,CIFAR100,,0.9,0.999,343,1.5905897808074951,0.5442777335880237,55.12,25,100,2800804,31.8241925239563,31.540961027145386,0.2832314968109131,,2850.734375,0
FedAdam,CIFAR100,,0.9,0.999,344,1.5796321071624755,0.5444025442510764,55.32,29,100,2800804,38.1447331905365,37.825618505477905,0.31911468505859375,,2850.734375,0
FedAdam,CIFAR100,,0.9,0.999,345,1.5782507810592652,0.5462112399510543,55.46,25,100,2800804,33.46910762786865,33.18084692955017,0.28826069831848145,,2850.734375,0
FedAdam,CIFAR100,,0.9,0.999,346,1.5663070859909058,0.5511360665497813,55.84,22,100,2800804,29.08619523048401,28.82670521736145,0.2594900131225586,,2850.734375,0
FedAdam,CIFAR100,,0.9,0.999,347,1.5584163290023805,0.5525311317820756,55.9,22,100,2800804,28.36571192741394,28.090972185134888,0.27473974227905273,,2850.734375,0
FedAdam,CIFAR100,,0.9,0.999,348,1.5542793083190918,0.5530320536193909,55.93,27,100,2800804,36.028759479522705,35.681264877319336,0.34749460220336914,,2850.734375,0
FedAdam,CIFAR100,,0.9,0.999,349,1.547965008354187,0.5541984421374911,56.12,29,100,2800804,37.784104347229004,37.44567918777466,0.3384251594543457,,2850.734375,0
FedAdam,CIFAR100,,0.9,0.999,350,1.5364613115310668,0.5596627735108173,56.83,29,100,2800804,37.3155996799469,36.962165117263794,0.35343456268310547,,2850.734375,0
FedAdam,CIFAR100,,0.9,0.999,351,1.5398102924346924,0.5583430659401616,56.8,26,100,2800804,34.9096040725708,34.59837365150452,0.3112304210662842,,2850.734375,0
FedAdam,CIFAR100,,0.9,0.999,352,1.546083353805542,0.5580879556501219,56.68,20,100,2800804,26.651395320892334,26.40007996559143,0.2513153553009033,,2850.734375,0
FedAdam,CIFAR100,,0.9,0.999,353,1.5446571569442749,0.5669563553418449,57.32,26,100,2800804,34.309266328811646,33.99888563156128,0.3103806972503662,,2850.734375,0
FedAdam,CIFAR100,,0.9,0.999,354,1.5358555513381957,0.5698692863726379,57.54,20,100,2800804,26.358527183532715,26.116925954818726,0.24160122871398926,,2850.734375,0
FedAdam,CIFAR100,,0.9,0.999,355,1.5337120021820068,0.5646407904077058,57.07,24,100,2800804,32.0916166305542,31.810853958129883,0.2807626724243164,,2850.734375,0
FedAdam,CIFAR100,,0.9,0.999,356,1.5104797143936157,0.5657019808795173,57.38,30,100,2800804,39.27609062194824,38.93778848648071,0.3383021354675293,,2850.734375,0
FedAdam,CIFAR100,,0.9,0.999,357,1.508805234527588,0.5640666550103458,57.33,22,100,2800804,28.82068634033203,28.56247329711914,0.2582130432128906,,2850.734375,0
FedAdam,CIFAR100,,0.9,0.999,358,1.503917858314514,0.567021324331881,57.49,26,100,2800804,35.02567505836487,34.70769023895264,0.31798481941223145,,2850.734375,0
FedAdam,CIFAR100,,0.9,0.999,359,1.4980480278015136,0.5720738522178191,57.72,27,100,2800804,34.937540769577026,34.60356616973877,0.33397459983825684,,2850.734375,0
FedAdam,CIFAR100,,0.9,0.999,360,1.4809657037734985,0.5826565970670169,58.64,21,100,2800804,27.248014211654663,27.00512146949768,0.24289274215698242,,2850.734375,0
FedAdam,CIFAR100,,0.9,0.999,361,1.4777309770584106,0.5823798533691424,58.77,22,100,2800804,28.231273412704468,27.96718192100525,0.26409149169921875,,2850.734375,0
FedAdam,CIFAR100,,0.9,0.999,362,1.4860449773788451,0.5771125750147068,58.41,23,100,2800804,31.078859090805054,30.812176942825317,0.26668214797973633,,2850.734375,0
FedAdam,CIFAR100,,0.9,0.999,363,1.4727684839248658,0.5778067082988307,58.59,29,100,2800804,38.1943256855011,37.84660029411316,0.34772539138793945,,2850.734375,0
FedAdam,CIFAR100,,0.9,0.999,364,1.457857302093506,0.5837827560626184,59.01,23,100,2800804,31.95886778831482,31.67031693458557,0.28855085372924805,,2850.734375,0
FedAdam,CIFAR100,,0.9,0.999,365,1.4722127393722535,0.5822724052980712,58.76,22,100,2800804,29.43061327934265,29.168701887130737,0.26191139221191406,,2850.734375,0
FedAdam,CIFAR100,,0.9,0.999,366,1.4777723203659057,0.5788935356286713,58.27,22,100,2800804,28.252355098724365,27.991930961608887,0.2604241371154785,,2850.734375,0
FedAdam,CIFAR100,,0.9,0.999,367,1.4667227811813355,0.5790838641611278,58.33,30,100,2800804,38.73360013961792,38.35765790939331,0.3759422302246094,,2850.734375,0
FedAdam,CIFAR100,,0.9,0.999,368,1.4625258138656616,0.5756388013106046,58.33,27,100,2800804,35.46849751472473,35.151731729507446,0.31676578521728516,,2850.734375,0
FedAdam,CIFAR100,,0.9,0.999,369,1.463021501159668,0.5771485396331105,58.66,29,100,2800804,39.13995146751404,38.780409812927246,0.359541654586792,,2850.734375,0
FedAdam,CIFAR100,,0.9,0.999,370,1.4449724452972412,0.5880194729052755,59.71,29,100,2800804,38.462268590927124,38.11495590209961,0.34731268882751465,,2850.734375,0
FedAdam,CIFAR100,,0.9,0.999,371,1.4276414585113526,0.5915928421195019,59.83,28,100,2800804,38.06678581237793,37.71725511550903,0.3495306968688965,,2850.734375,0
FedAdam,CIFAR100,,0.9,0.999,372,1.443034917640686,0.5834641282507324,58.77,25,100,2800804,34.81340289115906,34.49798369407654,0.31541919708251953,,2850.734375,0
FedAdam,CIFAR100,,0.9,0.999,373,1.4587217342376708,0.5795795773805936,58.28,26,100,2800804,35.68797993659973,35.37266254425049,0.31531739234924316,,2850.734375,0
FedAdam,CIFAR100,,0.9,0.999,374,1.439030324935913,0.5840045102779932,58.67,26,100,2800804,36.51488637924194,36.18768811225891,0.3271982669830322,,2850.734375,0
FedAdam,CIFAR100,,0.9,0.999,375,1.4322325202941895,0.5836917868182776,58.93,28,100,2800804,40.24205279350281,39.893627405166626,0.34842538833618164,,2850.734375,0
FedAdam,CIFAR100,,0.9,0.999,376,1.4541069929122925,0.5793830103709862,58.69,20,100,2800804,28.281615734100342,28.02281355857849,0.2588021755218506,,2850.734375,0
FedAdam,CIFAR100,,0.9,0.999,377,1.442693016242981,0.5829542930182772,59.06,30,100,2800804,42.1458420753479,41.75751805305481,0.3883240222930908,,2850.734375,0
FedAdam,CIFAR100,,0.9,0.999,378,1.4129527097702026,0.5922428203158094,59.79,25,100,2800804,34.550997257232666,34.22877883911133,0.3222184181213379,,2850.734375,0
FedAdam,CIFAR100,,0.9,0.999,379,1.4146654041290283,0.5891539800105363,59.37,21,100,2800804,28.47018003463745,28.20607304573059,0.26410698890686035,,2850.734375,0
FedAdam,CIFAR100,,0.9,0.999,380,1.4338065967559814,0.5828301229901713,58.92,22,100,2800804,30.068780422210693,29.785364389419556,0.2834160327911377,,2850.734375,0
FedAdam,CIFAR100,,0.9,0.999,381,1.4342115617752076,0.5838267085022228,59.19,22,100,2800804,30.363167762756348,30.0814049243927,0.28176283836364746,,2850.734375,0
FedAdam,CIFAR100,,0.9,0.999,382,1.4132273540496827,0.5863512597010274,59.34,28,100,2800804,37.90894055366516,37.557846784591675,0.35109376907348633,,2850.734375,0
FedAdam,CIFAR100,,0.9,0.999,383,1.4049978336334228,0.5950356468492876,59.94,26,100,2800804,35.79043626785278,35.46030020713806,0.3301360607147217,,2850.734375,0
FedAdam,CIFAR100,,0.9,0.999,384,1.4006595876693726,0.5991457741472346,60.24,27,100,2800804,38.569600343704224,38.23385000228882,0.3357503414154053,,2850.734375,0
FedAdam,CIFAR100,,0.9,0.999,385,1.3919554975509643,0.5968175918220597,60.02,22,100,2800804,30.771663188934326,30.481163501739502,0.2904996871948242,,2850.734375,0
FedAdam,CIFAR100,,0.9,0.999,386,1.3873685527801514,0.5921984869800526,59.93,21,100,2800804,29.13730025291443,28.854464292526245,0.2828359603881836,,2850.734375,0
FedAdam,CIFAR100,,0.9,0.999,387,1.4080881454467773,0.5864075312862892,59.77,30,100,2800804,42.42721629142761,42.05479645729065,0.3724198341369629,,2850.734375,0
FedAdam,CIFAR100,,0.9,0.999,388,1.400912156677246,0.5871482424682612,59.97,29,100,2800804,39.25773882865906,38.899454832077026,0.35828399658203125,,2850.734375,0
FedAdam,CIFAR100,,0.9,0.999,389,1.3913947854995727,0.5946865105608877,60.36,20,100,2800804,28.081396341323853,27.830613374710083,0.25078296661376953,,2850.734375,0
FedAdam,CIFAR100,,0.9,0.999,390,1.4074988245010376,0.5967939532115546,60.06,21,100,2800804,30.191713571548462,29.918888092041016,0.2728254795074463,,2850.734375,0
FedAdam,CIFAR100,,0.9,0.999,391,1.406213175201416,0.5978829996744625,59.86,24,100,2800804,33.74500560760498,33.45217847824097,0.29282712936401367,,2850.734375,0
FedAdam,CIFAR100,,0.9,0.999,392,1.3945962955474853,0.5998493835751647,60.24,21,100,2800804,28.81762981414795,28.553433179855347,0.26419663429260254,,2850.734375,0
FedAdam,CIFAR100,,0.9,0.999,393,1.3892674453735352,0.6025853071176113,60.75,30,100,2800804,41.022629261016846,40.642154932022095,0.380474328994751,,2850.734375,0
FedAdam,CIFAR100,,0.9,0.999,394,1.3777344274520873,0.6028739265574167,60.83,30,100,2800804,41.983965158462524,41.617626905441284,0.36633825302124023,,2850.734375,0
FedAdam,CIFAR100,,0.9,0.999,395,1.3653291604995728,0.6046821492902379,60.98,22,100,2800804,29.679158687591553,29.414552688598633,0.2646059989929199,,2850.734375,0
FedAdam,CIFAR100,,0.9,0.999,396,1.3597595970153808,0.6078491096439497,61.41,24,100,2800804,32.40186285972595,32.10671925544739,0.29514360427856445,,2850.734375,0
FedAdam,CIFAR100,,0.9,0.999,397,1.3553815462112426,0.6065401977425703,61.41,28,100,2800804,36.12723135948181,35.80045962333679,0.32677173614501953,,2850.734375,0
FedAdam,CIFAR100,,0.9,0.999,398,1.359548424911499,0.6052727819740867,61.23,21,100,2800804,29.26310443878174,29.020002603530884,0.2431018352508545,,2850.734375,0
FedAdam,CIFAR100,,0.9,0.999,399,1.3634670051574707,0.6056225553425516,60.98,30,100,2800804,40.16604208946228,39.8004207611084,0.36562132835388184,,2850.734375,0
FedAdam,CIFAR100,,0.9,0.999,400,1.351012229347229,0.6133299850801996,61.7,28,100,2800804,38.896241664886475,38.54173707962036,0.3545045852661133,,2850.734375,0
FedAdam,CIFAR100,,0.9,0.999,401,1.3379019311904907,0.6179395775561267,62.07,20,100,2800804,27.40674662590027,27.160097122192383,0.24664950370788574,,2850.734375,0
FedAdam,CIFAR100,,0.9,0.999,402,1.3362189085006715,0.6102951873758454,61.46,23,100,2800804,31.76141119003296,31.459487915039062,0.3019232749938965,,2850.734375,0
FedAdam,CIFAR100,,0.9,0.999,403,1.345390563392639,0.6060073210378438,61.23,26,100,2800804,37.125391721725464,36.79592967033386,0.32946205139160156,,2850.734375,0
FedAdam,CIFAR100,,0.9,0.999,404,1.355011178779602,0.6033564695859297,61.02,21,100,2800804,29.068212747573853,28.81165909767151,0.25655364990234375,,2850.734375,0
FedAdam,CIFAR100,,0.9,0.999,405,1.3729552501678466,0.5983405116193597,60.51,20,100,2800804,27.017898321151733,26.763368129730225,0.2545301914215088,,2850.734375,0
FedAdam,CIFAR100,,0.9,0.999,406,1.3799730623245239,0.6004971456790466,60.52,27,100,2800804,36.880741357803345,36.53364682197571,0.3470945358276367,,2850.734375,0
FedAdam,CIFAR100,,0.9,0.999,407,1.3436020418167114,0.61047542974344,61.4,25,100,2800804,34.5591766834259,34.24829602241516,0.3108806610107422,,2850.734375,0
FedAdam,CIFAR100,,0.9,0.999,408,1.3260396263122558,0.6164700823902153,61.87,24,100,2800804,33.35154747962952,33.066731691360474,0.28481578826904297,,2850.734375,0
FedAdam,CIFAR100,,0.9,0.999,409,1.3386662855148315,0.6121171540340774,61.59,22,100,2800804,30.071389198303223,29.816817045211792,0.25457215309143066,,2850.734375,0
FedAdam,CIFAR100,,0.9,0.999,410,1.3439560407638549,0.6117348498570974,61.64,24,100,2800804,31.70011305809021,31.41537594795227,0.28473711013793945,,2850.734375,0
FedAdam,CIFAR100,,0.9,0.999,411,1.3366211483001709,0.6100869194006239,61.54,29,100,2800804,39.14796185493469,38.810532093048096,0.3374297618865967,,2850.734375,0
FedAdam,CIFAR100,,0.9,0.999,412,1.3347149024963378,0.6134517178312947,61.71,22,100,2800804,29.78860569000244,29.516674518585205,0.27193117141723633,,2850.734375,0
FedAdam,CIFAR100,,0.9,0.999,413,1.343492481803894,0.6116239935760085,61.46,20,100,2800804,27.206825733184814,26.977097511291504,0.22972822189331055,,2850.734375,0
FedAdam,CIFAR100,,0.9,0.999,414,1.3406235982894898,0.6079623734815434,61.4,27,100,2800804,35.439204454422,35.08656668663025,0.35263776779174805,,2850.734375,0
FedAdam,CIFAR100,,0.9,0.999,415,1.3340738540649415,0.6150649250959597,62.19,21,100,2800804,27.362451314926147,27.107909440994263,0.25454187393188477,,2850.734375,0
FedAdam,CIFAR100,,0.9,0.999,416,1.3332367446899414,0.614494701270058,62.08,25,100,2800804,34.16883063316345,33.884265422821045,0.2845652103424072,,2850.734375,0
FedAdam,CIFAR100,,0.9,0.999,417,1.3293337482452392,0.6145273731828833,61.95,20,100,2800804,27.662435054779053,27.41592240333557,0.24651265144348145,,2850.734375,0
FedAdam,CIFAR100,,0.9,0.999,418,1.3211595497131348,0.6183915079496807,62.26,28,100,2800804,37.425878047943115,37.0876088142395,0.3382692337036133,,2850.734375,0
FedAdam,CIFAR100,,0.9,0.999,419,1.3152229255676269,0.6179540026663968,62.14,26,100,2800804,33.61734962463379,33.29394769668579,0.32340192794799805,,2850.734375,0
FedAdam,CIFAR100,,0.9,0.999,420,1.316057190513611,0.6156368225381379,61.91,26,100,2800804,34.676058292388916,34.353959798812866,0.3220984935760498,,2850.734375,0
FedAdam,CIFAR100,,0.9,0.999,421,1.312742777442932,0.6236202530223578,62.75,27,100,2800804,35.583205223083496,35.26062035560608,0.322584867477417,,2850.734375,0
FedAdam,CIFAR100,,0.9,0.999,422,1.3166900896072389,0.6214105421919388,62.71,21,100,2800804,27.963686227798462,27.70589542388916,0.25779080390930176,,2850.734375,0
FedAdam,CIFAR100,,0.9,0.999,423,1.3164699382781981,0.6226880386971532,62.8,29,100,2800804,38.94757962226868,38.585811138153076,0.3617684841156006,,2850.734375,0
FedAdam,CIFAR100,,0.9,0.999,424,1.296515723991394,0.6283096902594001,63.18,30,100,2800804,40.95252299308777,40.59546709060669,0.3570559024810791,,2850.734375,0
FedAdam,CIFAR100,,0.9,0.999,425,1.2857162294387818,0.6303279648331869,63.26,26,100,2800804,33.889100074768066,33.57827401161194,0.31082606315612793,,2850.734375,0
FedAdam,CIFAR100,,0.9,0.999,426,1.278083617401123,0.6290841526912814,63.21,22,100,2800804,30.305421590805054,30.02812695503235,0.2772946357727051,,2850.734375,0
FedAdam,CIFAR100,,0.9,0.999,427,1.2848587295532226,0.6297772397832709,63.43,29,100,2800804,38.939011573791504,38.59128141403198,0.3477301597595215,,2850.734375,0
FedAdam,CIFAR100,,0.9,0.999,428,1.2946577390670777,0.6274357411327577,63.25,22,100,2800804,30.1308696269989,29.868786573410034,0.2620830535888672,,2850.734375,0
FedAdam,CIFAR100,,0.9,0.999,429,1.284801929283142,0.6309688596558254,63.62,20,100,2800804,26.05331826210022,25.80537462234497,0.24794363975524902,,2850.734375,0
FedAdam,CIFAR100,,0.9,0.999,430,1.2772681734085083,0.633751614911699,63.91,30,100,2800804,40.71897578239441,40.36259603500366,0.35637974739074707,,2850.734375,0
FedAdam,CIFAR100,,0.9,0.999,431,1.2801046550750732,0.6342725681682925,63.92,29,100,2800804,39.075275897979736,38.717718839645386,0.3575570583343506,,2850.734375,0
FedAdam,CIFAR100,,0.9,0.999,432,1.2723233726501464,0.6332513015104496,63.77,23,100,2800804,30.133394718170166,29.847153902053833,0.286240816116333,,2850.734375,0
FedAdam,CIFAR100,,0.9,0.999,433,1.2609275722503661,0.6372769443037867,64.16,28,100,2800804,38.64148473739624,38.294326066970825,0.34715867042541504,,2850.734375,0
FedAdam,CIFAR100,,0.9,0.999,434,1.26136612701416,0.637558984286424,64.16,25,100,2800804,32.801581144332886,32.52182865142822,0.2797524929046631,,2850.734375,0
FedAdam,CIFAR100,,0.9,0.999,435,1.2615032636642456,0.6344263236110088,63.86,28,100,2800804,37.39272379875183,37.039896965026855,0.3528268337249756,,2850.734375,0
FedAdam,CIFAR100,,0.9,0.999,436,1.266259024810791,0.6314936014275613,63.58,23,100,2800804,30.519230127334595,30.2550528049469,0.2641773223876953,,2850.734375,0
FedAdam,CIFAR100,,0.9,0.999,437,1.259156347846985,0.6338977323725958,63.92,29,100,2800804,37.878204584121704,37.537407636642456,0.34079694747924805,,2850.734375,0
FedAdam,CIFAR100,,0.9,0.999,438,1.256610771751404,0.6358949273653756,64.05,23,100,2800804,30.316426038742065,30.04873776435852,0.2676882743835449,,2850.734375,0
FedAdam,CIFAR100,,0.9,0.999,439,1.2495059043884278,0.6389889766439922,64.34,25,100,2800804,32.660820722579956,32.36831569671631,0.29250502586364746,,2850.734375,0
FedAdam,CIFAR100,,0.9,0.999,440,1.262192440223694,0.6404355313813237,64.47,28,100,2800804,37.15838813781738,36.828386545181274,0.3300015926361084,,2850.734375,0
FedAdam,CIFAR100,,0.9,0.999,441,1.2618266567230225,0.6352041235674938,63.95,27,100,2800804,35.6261248588562,35.31017446517944,0.3159503936767578,,2850.734375,0
FedAdam,CIFAR100,,0.9,0.999,442,1.2626600694656371,0.6325651534298398,63.61,23,100,2800804,30.28581190109253,30.013854265213013,0.2719576358795166,,2850.734375,0
FedAdam,CIFAR100,,0.9,0.999,443,1.2586543312072753,0.6324318668897496,63.6,27,100,2800804,36.52001452445984,36.20596694946289,0.31404757499694824,,2850.734375,0
FedAdam,CIFAR100,,0.9,0.999,444,1.245011473274231,0.6397039525741998,64.26,23,100,2800804,29.45249629020691,29.166035652160645,0.28646063804626465,,2850.734375,0
FedAdam,CIFAR100,,0.9,0.999,445,1.2365721853256226,0.6452984794762199,64.78,26,100,2800804,34.17786931991577,33.84674429893494,0.33112502098083496,,2850.734375,0
FedAdam,CIFAR100,,0.9,0.999,446,1.2337024997711181,0.6443932595423766,64.73,21,100,2800804,27.555992364883423,27.294960498809814,0.2610318660736084,,2850.734375,0
FedAdam,CIFAR100,,0.9,0.999,447,1.240144535446167,0.6402206385706454,64.48,25,100,2800804,32.471041440963745,32.186847448349,0.2841939926147461,,2850.734375,0
FedAdam,CIFAR100,,0.9,0.999,448,1.2389313383102416,0.638679810344165,64.31,20,100,2800804,26.610694885253906,26.37339997291565,0.23729491233825684,,2850.734375,0
FedAdam,CIFAR100,,0.9,0.999,449,1.2285008552551269,0.6439096163343337,64.81,30,100,2800804,38.50470209121704,38.15352535247803,0.35117673873901367,,2850.734375,0
FedAdam,CIFAR100,,0.9,0.999,450,1.237118328857422,0.6407649611547585,64.44,29,100,2800804,37.920811891555786,37.56968069076538,0.3511312007904053,,2850.734375,0
FedAdam,CIFAR100,,0.9,0.999,451,1.2491751108169555,0.6383300379861087,64.13,27,100,2800804,35.40876650810242,35.07639479637146,0.33237171173095703,,2850.734375,0
FedAdam,CIFAR100,,0.9,0.999,452,1.2403834774971008,0.6410999715345822,64.33,30,100,2800804,39.62528872489929,39.25863337516785,0.3666553497314453,,2850.734375,0
FedAdam,CIFAR100,,0.9,0.999,453,1.2336249393463135,0.6381885505585301,64.02,23,100,2800804,29.456525802612305,29.200554609298706,0.25597119331359863,,2850.734375,0
FedAdam,CIFAR100,,0.9,0.999,454,1.2292440324783325,0.6407985677648865,64.5,28,100,2800804,36.46671152114868,36.142688035964966,0.3240234851837158,,2850.734375,0
FedAdam,CIFAR100,,0.9,0.999,455,1.2271285276412964,0.641131917781992,64.58,30,100,2800804,39.34480834007263,38.98766469955444,0.3571436405181885,,2850.734375,0
FedAdam,CIFAR100,,0.9,0.999,456,1.2140549221992494,0.6436751839179962,64.75,26,100,2800804,34.22365999221802,33.90658116340637,0.3170788288116455,,2850.734375,0
FedAdam,CIFAR100,,0.9,0.999,457,1.2078093061447144,0.6433150690992707,64.73,22,100,2800804,29.046429872512817,28.785359859466553,0.26107001304626465,,2850.734375,0
FedAdam,CIFAR100,,0.9,0.999,458,1.2188952766418457,0.6442705932270243,64.82,26,100,2800804,32.53743839263916,32.240113973617554,0.29732441902160645,,2850.734375,0
FedAdam,CIFAR100,,0.9,0.999,459,1.2227711297988892,0.6473919805546743,65.11,21,100,2800804,27.362438201904297,27.11376714706421,0.2486710548400879,,2850.734375,0
FedAdam,CIFAR100,,0.9,0.999,460,1.2109324602127076,0.6474239750204877,65.11,21,100,2800804,27.413445234298706,27.18359637260437,0.22984886169433594,,2850.734375,0
FedAdam,CIFAR100,,0.9,0.999,461,1.2022517492294311,0.6489971023195554,65.34,25,100,2800804,32.40724587440491,32.10793614387512,0.29930973052978516,,2850.734375,0
FedAdam,CIFAR100,,0.9,0.999,462,1.197587197303772,0.6500217535665453,65.44,29,100,2800804,37.259047508239746,36.92675757408142,0.3322899341583252,,2850.734375,0
FedAdam,CIFAR100,,0.9,0.999,463,1.191801692199707,0.6527483288140215,65.62,29,100,2800804,38.61548376083374,38.27148938179016,0.3439943790435791,,2850.734375,0
FedAdam,CIFAR100,,0.9,0.999,464,1.196411347770691,0.6543011003566279,65.54,25,100,2800804,32.34817028045654,32.056824922561646,0.29134535789489746,,2850.734375,0
FedAdam,CIFAR100,,0.9,0.999,465,1.1929416828155517,0.6560376536108272,65.72,30,100,2800804,38.45601987838745,38.11564064025879,0.3403792381286621,,2850.734375,0
FedAdam,CIFAR100,,0.9,0.999,466,1.1894101313591003,0.6574969669983557,65.94,25,100,2800804,33.10241079330444,32.81778144836426,0.28462934494018555,,2850.734375,0
FedAdam,CIFAR100,,0.9,0.999,467,1.202415870666504,0.6491627293982876,65.27,24,100,2800804,32.339720010757446,32.05660820007324,0.2831118106842041,,2850.734375,0
FedAdam,CIFAR100,,0.9,0.999,468,1.2056525769233704,0.6490213146908339,65.38,20,100,2800804,26.76853322982788,26.52578377723694,0.24274945259094238,,2850.734375,0
FedAdam,CIFAR100,,0.9,0.999,469,1.2010045900344848,0.6493352772350149,65.45,20,100,2800804,25.846402406692505,25.595006465911865,0.25139594078063965,,2850.734375,0
FedAdam,CIFAR100,,0.9,0.999,470,1.2075328592300416,0.6491883122741767,65.35,27,100,2800804,35.550519943237305,35.242388010025024,0.3081319332122803,,2850.734375,0
FedAdam,CIFAR100,,0.9,0.999,471,1.1907118741989136,0.6537560149107392,65.6,28,100,2800804,35.93400597572327,35.604448556900024,0.3295574188232422,,2850.734375,0
FedAdam,CIFAR100,,0.9,0.999,472,1.176784787940979,0.6598713963006233,66.16,21,100,2800804,27.98119330406189,27.73551368713379,0.24567961692810059,,2850.734375,0
FedAdam,CIFAR100,,0.9,0.999,473,1.1777489110946655,0.6612480281349629,66.35,28,100,2800804,36.268991231918335,35.95021915435791,0.3187720775604248,,2850.734375,0
FedAdam,CIFAR100,,0.9,0.999,474,1.176507741355896,0.6636458968193607,66.65,30,100,2800804,39.53643250465393,39.17611026763916,0.3603222370147705,,2850.986328125,0
FedAdam,CIFAR100,,0.9,0.999,475,1.1840243995666504,0.6581872873707093,66.26,25,100,2800804,33.150688886642456,32.87008571624756,0.28060317039489746,,2850.986328125,0
FedAdam,CIFAR100,,0.9,0.999,476,1.1874892011642455,0.6569628446322041,66.2,23,100,2800804,31.503795862197876,31.231619596481323,0.27217626571655273,,2850.986328125,0
FedAdam,CIFAR100,,0.9,0.999,477,1.2082460067749023,0.6485329926124465,65.28,22,100,2800804,27.17849588394165,26.88399362564087,0.29450225830078125,,2850.986328125,0
FedAdam,CIFAR100,,0.9,0.999,478,1.2198349369049073,0.6464609880448791,65.12,26,100,2800804,33.75372338294983,33.44245719909668,0.3112661838531494,,2850.986328125,0
FedAdam,CIFAR100,,0.9,0.999,479,1.196252480316162,0.6571736602749451,66.19,21,100,2800804,26.31055760383606,26.061312913894653,0.24924468994140625,,2850.986328125,0
FedAdam,CIFAR100,,0.9,0.999,480,1.1859974081993103,0.6590602286855723,66.34,20,100,2800804,25.614516973495483,25.36804461479187,0.24647235870361328,,2850.986328125,0
FedAdam,CIFAR100,,0.9,0.999,481,1.1824101099014281,0.6570166691031885,66.14,29,100,2800804,37.07433533668518,36.7362322807312,0.3381030559539795,,2850.986328125,0
FedAdam,CIFAR100,,0.9,0.999,482,1.169980248451233,0.6607619353519,66.39,29,100,2800804,38.929898262023926,38.60512399673462,0.32477426528930664,,2850.986328125,0
FedAdam,CIFAR100,,0.9,0.999,483,1.1828968888282776,0.6553093235605857,65.75,25,100,2800804,32.54836368560791,32.24113988876343,0.3072237968444824,,2850.986328125,0
FedAdam,CIFAR100,,0.9,0.999,484,1.1826435837745666,0.6610807599758481,66.29,28,100,2800804,35.98903751373291,35.65243673324585,0.33660078048706055,,2850.986328125,0
FedAdam,CIFAR100,,0.9,0.999,485,1.1691893730163574,0.6684463367104957,66.92,21,100,2800804,28.09242081642151,27.84940218925476,0.24301862716674805,,2850.986328125,0
FedAdam,CIFAR100,,0.9,0.999,486,1.171309447479248,0.6636252788521709,66.57,22,100,2800804,29.837620973587036,29.574153661727905,0.26346731185913086,,2850.986328125,0
FedAdam,CIFAR100,,0.9,0.999,487,1.1687461449623109,0.6619957552183763,66.52,22,100,2800804,28.47616672515869,28.21480131149292,0.2613654136657715,,2850.986328125,0
FedAdam,CIFAR100,,0.9,0.999,488,1.1768039476394654,0.661625496893187,66.65,24,100,2800804,30.80815625190735,30.520381450653076,0.28777480125427246,,2850.986328125,0
FedAdam,CIFAR100,,0.9,0.999,489,1.1914523549079894,0.656981381228289,66.24,22,100,2800804,28.67837429046631,28.42474937438965,0.25362491607666016,,2850.986328125,0
FedAdam,CIFAR100,,0.9,0.999,490,1.1897714962005614,0.6596398242408229,66.3,21,100,2800804,27.812098503112793,27.56468152999878,0.24741697311401367,,2850.986328125,0
FedAdam,CIFAR100,,0.9,0.999,491,1.1872900896072387,0.6624925310555845,66.36,21,100,2800804,27.16659450531006,26.919209480285645,0.24738502502441406,,2850.986328125,0
FedAdam,CIFAR100,,0.9,0.999,492,1.1830282421112062,0.6620927099170812,66.22,21,100,2800804,27.397653102874756,27.14807963371277,0.2495734691619873,,2850.986328125,0
FedAdam,CIFAR100,,0.9,0.999,493,1.1754431568145751,0.6663266241569248,66.67,26,100,2800804,33.346269845962524,33.03444957733154,0.31182026863098145,,2850.986328125,0
FedAdam,CIFAR100,,0.9,0.999,494,1.1694192121505738,0.6642266666155237,66.62,28,100,2800804,37.39079260826111,37.07776141166687,0.3130311965942383,,2850.986328125,0
FedAdam,CIFAR100,,0.9,0.999,495,1.191099973297119,0.6569094838171746,66.0,29,100,2800804,37.87640738487244,37.543203830718994,0.3332035541534424,,2850.986328125,0
FedAdam,CIFAR100,,0.9,0.999,496,1.2064382154464721,0.6523314816445569,65.59,22,100,2800804,28.80176019668579,28.52649974822998,0.27526044845581055,,2850.986328125,0
FedAdam,CIFAR100,,0.9,0.999,497,1.1880092390060424,0.6579877737000349,66.17,28,100,2800804,37.44845485687256,37.129926919937134,0.3185279369354248,,2850.986328125,0
FedAdam,CIFAR100,,0.9,0.999,498,1.175897036743164,0.6629625187496861,66.68,26,100,2800804,33.92233228683472,33.612786054611206,0.30954623222351074,,2850.986328125,0
FedAdam,CIFAR100,,0.9,0.999,499,1.16353877658844,0.664119892325476,66.84,24,100,2800804,31.17946767807007,30.899341344833374,0.28012633323669434,,2850.986328125,0
FedAdam,CIFAR100,,0.9,0.999,500,1.1576287063598634,0.6664799226754868,67.11,24,100,2800804,32.16410160064697,31.88284683227539,0.28125476837158203,,2850.986328125,0
FedAdam,CIFAR100,,0.9,0.999,1,4.671832893371582,0.0002817517177950909,0.97,22,100,2800804,28.10747456550598,27.847987413406372,0.2594871520996094,,2744.3623046875,1
FedAdam,CIFAR100,,0.9,0.999,2,4.651852715301514,0.0005301061343244526,1.06,21,100,2800804,27.553378343582153,27.302412509918213,0.25096583366394043,,2744.3623046875,1
FedAdam,CIFAR100,,0.9,0.999,3,4.6399305564880375,0.0008364193264336708,1.08,24,100,2800804,31.74566388130188,31.45014524459839,0.2955186367034912,,2781.677734375,1
FedAdam,CIFAR100,,0.9,0.999,4,4.638827713775635,0.00019801980198019803,1.0,27,100,2800804,36.33280920982361,36.00679063796997,0.3260185718536377,,2809.544921875,1
FedAdam,CIFAR100,,0.9,0.999,5,4.638872008514404,0.00019910403185664509,1.0,30,100,2800804,39.16317105293274,38.80824089050293,0.35493016242980957,,2848.22705078125,1
FedAdam,CIFAR100,,0.9,0.999,6,4.647555616760254,0.00019801980198019803,1.0,23,100,2800804,30.146334648132324,29.849509239196777,0.2968254089355469,,2848.22705078125,1
FedAdam,CIFAR100,,0.9,0.999,7,4.650411113739014,0.0004638125241106153,0.9,24,100,2800804,32.37285089492798,32.06910300254822,0.30374789237976074,,2848.22705078125,1
FedAdam,CIFAR100,,0.9,0.999,8,4.6516861221313475,0.00019801980198019803,1.0,25,100,2800804,33.180012464523315,32.89958834648132,0.2804241180419922,,2848.22705078125,1
FedAdam,CIFAR100,,0.9,0.999,9,4.658646190643311,0.00019801980198019803,1.0,30,100,2800804,41.82671642303467,41.43309473991394,0.39362168312072754,,2848.22705078125,1
FedAdam,CIFAR100,,0.9,0.999,10,4.660676375579834,0.00019801980198019803,1.0,29,100,2800804,39.68683648109436,39.29757213592529,0.3892643451690674,,2848.22705078125,1
FedAdam,CIFAR100,,0.9,0.999,11,4.648448975372315,0.0004389546498851264,1.07,25,100,2800804,34.04159879684448,33.72940921783447,0.31218957901000977,,2848.22705078125,1
FedAdam,CIFAR100,,0.9,0.999,12,4.663127900695801,0.0005398759205625753,1.26,22,100,2800804,31.292343378067017,31.00454878807068,0.2877945899963379,,2848.22705078125,1
FedAdam,CIFAR100,,0.9,0.999,13,4.6856090957641605,0.001955462794644264,1.41,20,100,2800804,29.443663358688354,29.18631100654602,0.257352352142334,,2848.22705078125,1
FedAdam,CIFAR100,,0.9,0.999,14,4.669645112609864,0.0008073382817870668,1.05,21,100,2800804,28.984142541885376,28.707499265670776,0.2766432762145996,,2848.22705078125,1
FedAdam,CIFAR100,,0.9,0.999,15,4.636849884033203,0.000533233853222851,1.38,24,100,2800804,32.905455112457275,32.59367227554321,0.3117828369140625,,2848.22705078125,1
FedAdam,CIFAR100,,0.9,0.999,16,4.654842075347901,0.0001980982567353407,1.0,21,100,2800804,29.72391390800476,29.449618816375732,0.2742950916290283,,2848.22705078125,1
FedAdam,CIFAR100,,0.9,0.999,17,4.676109272766113,0.00019958088015168147,1.0,21,100,2800804,29.160054206848145,28.887057065963745,0.2729971408843994,,2848.22705078125,1
FedAdam,CIFAR100,,0.9,0.999,18,4.661321371459961,0.0005618524191368592,1.02,20,100,2800804,27.956973791122437,27.7147274017334,0.24224638938903809,,2848.22705078125,1
FedAdam,CIFAR100,,0.9,0.999,19,4.638114897155762,0.0005973351264594165,1.04,30,100,2800804,39.92685794830322,39.58385372161865,0.3430042266845703,,2848.22705078125,1
FedAdam,CIFAR100,,0.9,0.999,20,4.633582601928711,0.0005367263932905665,1.24,26,100,2800804,35.273090839385986,34.97195887565613,0.3011319637298584,,2848.22705078125,1
FedAdam,CIFAR100,,0.9,0.999,21,4.640933319091797,0.0006424560994016276,1.44,26,100,2800804,35.15758466720581,34.83653521537781,0.32104945182800293,,2848.22705078125,1
FedAdam,CIFAR100,,0.9,0.999,22,4.650238039398193,0.0010499481274136569,1.45,20,100,2800804,26.719135761260986,26.46635150909424,0.25278425216674805,,2848.22705078125,1
FedAdam,CIFAR100,,0.9,0.999,23,4.632803215789795,0.0017829964954176553,1.71,28,100,2800804,37.28730010986328,36.929582595825195,0.35771751403808594,,2848.22705078125,1
FedAdam,CIFAR100,,0.9,0.999,24,4.618183941650391,0.0022471358159134544,1.53,23,100,2800804,31.127427339553833,30.839383840560913,0.2880434989929199,,2848.22705078125,1
FedAdam,CIFAR100,,0.9,0.999,25,4.619870169067383,0.0011215344938749195,1.39,28,100,2800804,37.65038514137268,37.29887342453003,0.35151171684265137,,2848.22705078125,1
FedAdam,CIFAR100,,0.9,0.999,26,4.631233407592774,0.0019781153663214522,1.56,23,100,2800804,29.76546311378479,29.491827487945557,0.2736356258392334,,2848.22705078125,1
FedAdam,CIFAR100,,0.9,0.999,27,4.626069777679444,0.0011128907263616488,1.59,27,100,2800804,36.22325301170349,35.92267942428589,0.30057358741760254,,2848.22705078125,1
FedAdam,CIFAR100,,0.9,0.999,28,4.606426667022705,0.001172884291948877,1.67,22,100,2800804,28.78797435760498,28.52354335784912,0.2644309997558594,,2848.22705078125,1
FedAdam,CIFAR100,,0.9,0.999,29,4.574223645019531,0.0038380778037329947,2.36,30,100,2800804,39.028258085250854,38.664494037628174,0.36376404762268066,,2848.92431640625,1
FedAdam,CIFAR100,,0.9,0.999,30,4.572050119018555,0.003427120940098251,1.99,20,100,2800804,26.613852500915527,26.365972757339478,0.2478797435760498,,2848.92431640625,1
FedAdam,CIFAR100,,0.9,0.999,31,4.559948852539063,0.006759562899921872,2.7,30,100,2800804,40.62787199020386,40.253623962402344,0.37424802780151367,,2848.92431640625,1
FedAdam,CIFAR100,,0.9,0.999,32,4.53943981628418,0.004055438303364057,2.33,24,100,2800804,33.40502572059631,33.106969356536865,0.29805636405944824,,2848.92431640625,1
FedAdam,CIFAR100,,0.9,0.999,33,4.503947040557861,0.004287514305002848,2.41,21,100,2800804,29.24461340904236,28.96341323852539,0.2812001705169678,,2848.92431640625,1
FedAdam,CIFAR100,,0.9,0.999,34,4.498112258911132,0.005120454922920719,2.22,30,100,2800804,41.98881769180298,41.61403036117554,0.3747873306274414,,2849.423828125,1
FedAdam,CIFAR100,,0.9,0.999,35,4.528504010772705,0.0033674004996242122,2.01,20,100,2800804,27.00604248046875,26.75219464302063,0.2538478374481201,,2849.423828125,1
FedAdam,CIFAR100,,0.9,0.999,36,4.54292287902832,0.002534227746506981,1.77,22,100,2800804,29.74040150642395,29.46885585784912,0.2715456485748291,,2849.423828125,1
FedAdam,CIFAR100,,0.9,0.999,37,4.499953234100341,0.006382185424924932,2.99,30,100,2800804,41.18244934082031,40.81875276565552,0.3636965751647949,,2849.423828125,1
FedAdam,CIFAR100,,0.9,0.999,38,4.459173997497558,0.004483705721529303,2.71,29,100,2800804,38.652374267578125,38.312312602996826,0.34006166458129883,,2849.423828125,1
FedAdam,CIFAR100,,0.9,0.999,39,4.448803384399414,0.005338593251342987,2.6,28,100,2800804,37.009384870529175,36.68084740638733,0.3285374641418457,,2849.423828125,1
FedAdam,CIFAR100,,0.9,0.999,40,4.438850406646728,0.003526909242826271,2.21,22,100,2800804,30.506800174713135,30.24593997001648,0.2608602046966553,,2849.423828125,1
FedAdam,CIFAR100,,0.9,0.999,41,4.415523343658447,0.005091030800189079,2.75,21,100,2800804,28.0588698387146,27.80715537071228,0.25171446800231934,,2849.423828125,1
FedAdam,CIFAR100,,0.9,0.999,42,4.400527548980713,0.005940008964856973,2.77,27,100,2800804,36.982393741607666,36.656686782836914,0.32570695877075195,,2849.423828125,1
FedAdam,CIFAR100,,0.9,0.999,43,4.389747760009765,0.007486648454983963,3.13,20,100,2800804,27.440117359161377,27.185036420822144,0.2550809383392334,,2849.423828125,1
FedAdam,CIFAR100,,0.9,0.999,44,4.404866793823242,0.006666171390618805,2.76,21,100,2800804,28.90191149711609,28.616273164749146,0.28563833236694336,,2849.423828125,1
FedAdam,CIFAR100,,0.9,0.999,45,4.406004351043701,0.010018344285731109,3.41,26,100,2800804,34.72686147689819,34.40304088592529,0.3238205909729004,,2849.423828125,1
FedAdam,CIFAR100,,0.9,0.999,46,4.371958901977539,0.009341127974888543,3.54,20,100,2800804,25.947181463241577,25.695608139038086,0.2515733242034912,,2849.423828125,1
FedAdam,CIFAR100,,0.9,0.999,47,4.343042565155029,0.011461677687470431,3.88,29,100,2800804,38.31739664077759,37.96533679962158,0.35205984115600586,,2849.423828125,1
FedAdam,CIFAR100,,0.9,0.999,48,4.341333473205567,0.010335855938268957,3.6,25,100,2800804,34.209094762802124,33.90263772010803,0.3064570426940918,,2849.423828125,1
FedAdam,CIFAR100,,0.9,0.999,49,4.333620450592041,0.008357460490524831,3.4,26,100,2800804,35.295581579208374,34.96563148498535,0.32995009422302246,,2849.423828125,1
FedAdam,CIFAR100,,0.9,0.999,50,4.335853395843506,0.00992782114846519,3.56,28,100,2800804,38.641422271728516,38.29094052314758,0.3504817485809326,,2849.423828125,1
FedAdam,CIFAR100,,0.9,0.999,51,4.330139539337158,0.009510815836178578,3.75,21,100,2800804,29.343894243240356,29.065285682678223,0.2786085605621338,,2849.423828125,1
FedAdam,CIFAR100,,0.9,0.999,52,4.313673221588135,0.014429037080908329,4.48,20,100,2800804,27.370174407958984,27.105162143707275,0.265012264251709,,2849.423828125,1
FedAdam,CIFAR100,,0.9,0.999,53,4.303930567169189,0.017863160376362666,4.52,24,100,2800804,33.71538972854614,33.408828020095825,0.3065617084503174,,2849.423828125,1
FedAdam,CIFAR100,,0.9,0.999,54,4.303255467224121,0.010377716012943097,4.18,22,100,2800804,29.397528886795044,29.13758635520935,0.25994253158569336,,2849.423828125,1
FedAdam,CIFAR100,,0.9,0.999,55,4.2802267829895015,0.010197726327637761,4.09,22,100,2800804,29.085554599761963,28.81193709373474,0.2736175060272217,,2849.423828125,1
FedAdam,CIFAR100,,0.9,0.999,56,4.245768247222901,0.01871971883432206,5.06,20,100,2800804,26.541842699050903,26.295165061950684,0.24667763710021973,,2849.423828125,1
FedAdam,CIFAR100,,0.9,0.999,57,4.23966735534668,0.015756411809727876,4.83,24,100,2800804,31.954395294189453,31.660761833190918,0.29363346099853516,,2849.423828125,1
FedAdam,CIFAR100,,0.9,0.999,58,4.247735240936279,0.014337363139593879,5.06,24,100,2800804,31.820895671844482,31.52658176422119,0.294313907623291,,2849.423828125,1
FedAdam,CIFAR100,,0.9,0.999,59,4.234280924224853,0.018179943761066422,5.09,28,100,2800804,36.857951641082764,36.533193826675415,0.32475781440734863,,2849.423828125,1
FedAdam,CIFAR100,,0.9,0.999,60,4.209773743438721,0.020328829750180938,5.73,30,100,2800804,40.48217988014221,40.09460520744324,0.3875746726989746,,2849.423828125,1
FedAdam,CIFAR100,,0.9,0.999,61,4.188845157623291,0.0248107716664764,6.08,30,100,2800804,40.3769268989563,40.03392434120178,0.3430025577545166,,2849.423828125,1
FedAdam,CIFAR100,,0.9,0.999,62,4.177984757995605,0.023535953634766987,5.62,24,100,2800804,31.744008541107178,31.46586012840271,0.2781484127044678,,2849.423828125,1
FedAdam,CIFAR100,,0.9,0.999,63,4.173171154785156,0.024518650510014416,5.32,25,100,2800804,32.90420651435852,32.6041784286499,0.30002808570861816,,2849.423828125,1
FedAdam,CIFAR100,,0.9,0.999,64,4.167528463745117,0.022903311403952405,5.61,23,100,2800804,31.000534534454346,30.70603632926941,0.2944982051849365,,2849.423828125,1
FedAdam,CIFAR100,,0.9,0.999,65,4.144060848236084,0.029541153081755974,6.62,29,100,2800804,38.745129346847534,38.391462326049805,0.3536670207977295,,2849.423828125,1
FedAdam,CIFAR100,,0.9,0.999,66,4.1192084995269775,0.03208607262432188,6.67,28,100,2800804,37.87762260437012,37.54739713668823,0.33022546768188477,,2849.423828125,1
FedAdam,CIFAR100,,0.9,0.999,67,4.08544527053833,0.02976177071996923,6.78,27,100,2800804,35.4608428478241,35.14309215545654,0.3177506923675537,,2849.423828125,1
FedAdam,CIFAR100,,0.9,0.999,68,4.069612829589844,0.030969756466894295,7.29,26,100,2800804,33.77588081359863,33.46355962753296,0.31232118606567383,,2849.423828125,1
FedAdam,CIFAR100,,0.9,0.999,69,4.07308623123169,0.03210714476809986,7.23,29,100,2800804,38.76606273651123,38.433353662490845,0.33270907402038574,,2849.423828125,1
FedAdam,CIFAR100,,0.9,0.999,70,4.092606071472168,0.029056567952594904,6.64,30,100,2800804,39.761993169784546,39.4087553024292,0.3532378673553467,,2849.423828125,1
FedAdam,CIFAR100,,0.9,0.999,71,4.06293091506958,0.027232947236249822,6.62,24,100,2800804,31.472604990005493,31.18506956100464,0.2875354290008545,,2849.423828125,1
FedAdam,CIFAR100,,0.9,0.999,72,4.025644667053222,0.039196160810439314,7.84,21,100,2800804,27.59474778175354,27.3425395488739,0.25220823287963867,,2849.423828125,1
FedAdam,CIFAR100,,0.9,0.999,73,4.012133687973022,0.03608527541715975,7.13,20,100,2800804,27.43657898902893,27.200796604156494,0.23578238487243652,,2849.423828125,1
FedAdam,CIFAR100,,0.9,0.999,74,4.011342970275879,0.038261638344768624,7.47,20,100,2800804,26.941832780838013,26.709308624267578,0.23252415657043457,,2849.423828125,1
FedAdam,CIFAR100,,0.9,0.999,75,4.008580248260498,0.040239556188489047,7.98,28,100,2800804,36.93641710281372,36.60877585411072,0.32764124870300293,,2849.423828125,1
FedAdam,CIFAR100,,0.9,0.999,76,3.9988930610656737,0.04115203134889769,7.79,24,100,2800804,32.44445204734802,32.14248251914978,0.3019695281982422,,2849.423828125,1
FedAdam,CIFAR100,,0.9,0.999,77,3.9832491218566894,0.042875830994923494,8.01,21,100,2800804,27.68388533592224,27.41584277153015,0.26804256439208984,,2849.423828125,1
FedAdam,CIFAR100,,0.9,0.999,78,3.959244478607178,0.04565962605183743,8.3,25,100,2800804,33.02718472480774,32.71968913078308,0.3074955940246582,,2849.423828125,1
FedAdam,CIFAR100,,0.9,0.999,79,3.962619490814209,0.0512854525891814,9.09,21,100,2800804,27.165300846099854,26.90636396408081,0.25893688201904297,,2849.423828125,1
FedAdam,CIFAR100,,0.9,0.999,80,3.944794480133057,0.04926326961332118,9.16,21,100,2800804,28.18444800376892,27.928791046142578,0.2556569576263428,,2849.423828125,1
FedAdam,CIFAR100,,0.9,0.999,81,3.943185548019409,0.04880264234067594,8.54,26,100,2800804,34.85686373710632,34.56949424743652,0.2873694896697998,,2849.423828125,1
FedAdam,CIFAR100,,0.9,0.999,82,3.9458485389709472,0.05163304898411151,8.6,20,100,2800804,26.021228551864624,25.77150797843933,0.24972057342529297,,2849.423828125,1
FedAdam,CIFAR100,,0.9,0.999,83,3.9238369621276856,0.05076269397821638,8.5,29,100,2800804,38.96093225479126,38.60971260070801,0.35121965408325195,,2849.423828125,1
FedAdam,CIFAR100,,0.9,0.999,84,3.8940654861450197,0.05043954684775722,8.7,28,100,2800804,35.10967826843262,34.80106282234192,0.30861544609069824,,2849.423828125,1
FedAdam,CIFAR100,,0.9,0.999,85,3.8700932193756103,0.05708429871330223,9.59,27,100,2800804,35.59976530075073,35.28625822067261,0.313507080078125,,2849.423828125,1
FedAdam,CIFAR100,,0.9,0.999,86,3.869889825439453,0.05471221326837804,9.59,25,100,2800804,32.68706727027893,32.4050350189209,0.2820322513580322,,2849.423828125,1
FedAdam,CIFAR100,,0.9,0.999,87,3.8830661067962646,0.056089975850768026,9.71,23,100,2800804,29.37467360496521,29.102214097976685,0.2724595069885254,,2849.423828125,1
FedAdam,CIFAR100,,0.9,0.999,88,3.8722936653137205,0.06279380699392764,10.22,25,100,2800804,32.365819692611694,32.07268261909485,0.2931370735168457,,2849.423828125,1
FedAdam,CIFAR100,,0.9,0.999,89,3.838617646408081,0.06419555432595034,10.48,25,100,2800804,32.42058873176575,32.12220597267151,0.2983827590942383,,2849.423828125,1
FedAdam,CIFAR100,,0.9,0.999,90,3.819545559692383,0.06529795773933536,10.39,29,100,2800804,38.000434160232544,37.65277576446533,0.3476583957672119,,2849.423828125,1
FedAdam,CIFAR100,,0.9,0.999,91,3.826821621322632,0.06832330985893328,10.72,22,100,2800804,28.834948539733887,28.571667194366455,0.26328134536743164,,2849.423828125,1
FedAdam,CIFAR100,,0.9,0.999,92,3.8231742889404297,0.06561134044359207,10.76,30,100,2800804,39.115312337875366,38.76934313774109,0.34596920013427734,,2849.423828125,1
FedAdam,CIFAR100,,0.9,0.999,93,3.7930763374328613,0.07198606123641292,11.26,29,100,2800804,38.0128858089447,37.6863579750061,0.32652783393859863,,2849.423828125,1
FedAdam,CIFAR100,,0.9,0.999,94,3.782135900115967,0.0768471119101949,11.35,27,100,2800804,35.636531352996826,35.30681228637695,0.32971906661987305,,2849.423828125,1
FedAdam,CIFAR100,,0.9,0.999,95,3.7682899688720704,0.08330107381555923,11.85,27,100,2800804,34.986844062805176,34.665624380111694,0.32121968269348145,,2849.423828125,1
FedAdam,CIFAR100,,0.9,0.999,96,3.745426766204834,0.08515322754389258,12.23,29,100,2800804,37.746415853500366,37.40553903579712,0.34087681770324707,,2849.423828125,1
FedAdam,CIFAR100,,0.9,0.999,97,3.7583300605773924,0.0772591323878745,11.91,27,100,2800804,36.13185000419617,35.805217027664185,0.3266329765319824,,2849.423828125,1
FedAdam,CIFAR100,,0.9,0.999,98,3.7509929359436036,0.08382341943546351,12.43,22,100,2800804,29.60502052307129,29.34096097946167,0.26405954360961914,,2849.423828125,1
FedAdam,CIFAR100,,0.9,0.999,99,3.7330630187988283,0.08617118814047986,12.83,29,100,2800804,38.668957233428955,38.31939435005188,0.3495628833770752,,2849.423828125,1
FedAdam,CIFAR100,,0.9,0.999,100,3.7181003768920897,0.08785867847569798,12.67,26,100,2800804,34.240976333618164,33.91892123222351,0.3220551013946533,,2849.423828125,1
FedAdam,CIFAR100,,0.9,0.999,101,3.699522861480713,0.09082728343368597,12.76,27,100,2800804,35.37004637718201,35.03444314002991,0.3356032371520996,,2849.423828125,1
FedAdam,CIFAR100,,0.9,0.999,102,3.6723840114593505,0.0990948361534584,13.31,20,100,2800804,26.57264232635498,26.33373498916626,0.2389073371887207,,2849.423828125,1
FedAdam,CIFAR100,,0.9,0.999,103,3.664017393875122,0.09810319129379767,13.51,29,100,2800804,37.81870245933533,37.46354603767395,0.35515642166137695,,2849.423828125,1
FedAdam,CIFAR100,,0.9,0.999,104,3.680731439971924,0.08713291380787808,12.67,28,100,2800804,37.25304675102234,36.940895557403564,0.3121511936187744,,2849.423828125,1
FedAdam,CIFAR100,,0.9,0.999,105,3.684366439819336,0.0878712648758054,12.68,21,100,2800804,28.186447381973267,27.94391179084778,0.24253559112548828,,2849.423828125,1
FedAdam,CIFAR100,,0.9,0.999,106,3.6579457984924315,0.09624213856967705,13.58,29,100,2800804,37.285102128982544,36.956833839416504,0.32826828956604004,,2849.423828125,1
FedAdam,CIFAR100,,0.9,0.999,107,3.6351525508880616,0.09932378412272501,13.93,22,100,2800804,28.163249254226685,27.9100444316864,0.2532048225402832,,2849.423828125,1
FedAdam,CIFAR100,,0.9,0.999,108,3.6204252822875977,0.09877535951371436,14.36,20,100,2800804,25.899056434631348,25.66110134124756,0.23795509338378906,,2849.423828125,1
FedAdam,CIFAR100,,0.9,0.999,109,3.6052902755737306,0.10522908282150116,14.65,30,100,2800804,40.429404735565186,40.0589485168457,0.3704562187194824,,2849.423828125,1
FedAdam,CIFAR100,,0.9,0.999,110,3.6153382972717285,0.10794151803158689,14.17,29,100,2800804,39.40760397911072,39.058714389801025,0.3488895893096924,,2849.423828125,1
FedAdam,CIFAR100,,0.9,0.999,111,3.6093212894439697,0.1127011050338814,14.31,25,100,2800804,34.597891330718994,34.31238031387329,0.2855110168457031,,2849.423828125,1
FedAdam,CIFAR100,,0.9,0.999,112,3.5908357852935793,0.11034576011366054,14.58,29,100,2800804,37.67207932472229,37.33258652687073,0.3394927978515625,,2849.423828125,1
FedAdam,CIFAR100,,0.9,0.999,113,3.5725884757995607,0.11430523398618408,15.33,22,100,2800804,27.40792179107666,27.148486137390137,0.25943565368652344,,2849.423828125,1
FedAdam,CIFAR100,,0.9,0.999,114,3.5798277240753174,0.10811396449929556,15.05,25,100,2800804,32.613712310791016,32.20450162887573,0.4092106819152832,,2849.423828125,1
FedAdam,CIFAR100,,0.9,0.999,115,3.564241181564331,0.12016054198626158,15.94,23,100,2800804,31.544498205184937,31.281233549118042,0.26326465606689453,,2849.423828125,1
FedAdam,CIFAR100,,0.9,0.999,116,3.5630825340270995,0.1202670819820228,15.71,20,100,2800804,25.692193031311035,25.449835538864136,0.24235749244689941,,2849.423828125,1
FedAdam,CIFAR100,,0.9,0.999,117,3.558318173980713,0.11597810223561829,15.34,29,100,2800804,37.87275958061218,37.53810262680054,0.3346569538116455,,2849.423828125,1
FedAdam,CIFAR100,,0.9,0.999,118,3.5326065956115724,0.12956745362887417,16.11,21,100,2800804,25.919755935668945,25.670858144760132,0.24889779090881348,,2849.423828125,1
FedAdam,CIFAR100,,0.9,0.999,119,3.5075980415344237,0.12538290962419363,15.82,30,100,2800804,41.56656837463379,41.213911056518555,0.3526573181152344,,2849.423828125,1
FedAdam,CIFAR100,,0.9,0.999,120,3.4920129974365235,0.12537499077159261,15.83,24,100,2800804,30.952716827392578,30.666914701461792,0.28580212593078613,,2849.423828125,1
FedAdam,CIFAR100,,0.9,0.999,121,3.48141443939209,0.13672304508342625,16.6,28,100,2800804,37.35620355606079,37.00465416908264,0.3515493869781494,,2849.423828125,1
FedAdam,CIFAR100,,0.9,0.999,122,3.480079928970337,0.12872777275465633,16.42,22,100,2800804,29.250245571136475,29.003824472427368,0.24642109870910645,,2849.423828125,1
FedAdam,CIFAR100,,0.9,0.999,123,3.4719365371704103,0.1269164787571189,16.63,24,100,2800804,31.664449214935303,31.36628746986389,0.29816174507141113,,2849.423828125,1
FedAdam,CIFAR100,,0.9,0.999,124,3.4570141273498534,0.13377869891223168,17.16,22,100,2800804,28.534584760665894,28.25683355331421,0.27775120735168457,,2849.423828125,1
FedAdam,CIFAR100,,0.9,0.999,125,3.459846519470215,0.13043048661486195,17.17,23,100,2800804,31.763134479522705,31.48244619369507,0.2806882858276367,,2849.423828125,1
FedAdam,CIFAR100,,0.9,0.999,126,3.462182215881348,0.12826657504259964,16.95,23,100,2800804,31.22275424003601,30.93014645576477,0.29260778427124023,,2849.423828125,1
FedAdam,CIFAR100,,0.9,0.999,127,3.4477635486602782,0.1367924980155414,17.61,26,100,2800804,35.30117154121399,35.007887840270996,0.29328370094299316,,2849.423828125,1
FedAdam,CIFAR100,,0.9,0.999,128,3.430622123718262,0.1353408762626309,17.37,22,100,2800804,30.551318883895874,30.28528094291687,0.2660379409790039,,2849.423828125,1
FedAdam,CIFAR100,,0.9,0.999,129,3.409343000793457,0.1489233385191515,18.01,27,100,2800804,36.8736732006073,36.54274225234985,0.3309309482574463,,2849.423828125,1
FedAdam,CIFAR100,,0.9,0.999,130,3.390689764404297,0.15860147508008754,18.83,24,100,2800804,32.067161560058594,31.774622678756714,0.2925388813018799,,2849.423828125,1
FedAdam,CIFAR100,,0.9,0.999,131,3.388629431915283,0.15442911661175296,18.53,26,100,2800804,34.38616704940796,34.0459508895874,0.34021615982055664,,2849.423828125,1
FedAdam,CIFAR100,,0.9,0.999,132,3.377302709197998,0.1507070412970339,18.46,20,100,2800804,26.811894178390503,26.563578128814697,0.24831604957580566,,2849.423828125,1
FedAdam,CIFAR100,,0.9,0.999,133,3.3740782497406006,0.15125218935378912,19.04,20,100,2800804,26.487831354141235,26.239316940307617,0.24851441383361816,,2849.423828125,1
FedAdam,CIFAR100,,0.9,0.999,134,3.3726279251098634,0.14927578705064,18.73,30,100,2800804,40.12925148010254,39.78859043121338,0.34066104888916016,,2849.85205078125,1
FedAdam,CIFAR100,,0.9,0.999,135,3.3604348274230955,0.15260267334998592,18.98,26,100,2800804,35.16889810562134,34.85039925575256,0.3184988498687744,,2849.85205078125,1
FedAdam,CIFAR100,,0.9,0.999,136,3.345595986175537,0.16022387899501397,19.27,28,100,2800804,38.85397434234619,38.52108144760132,0.33289289474487305,,2849.85205078125,1
FedAdam,CIFAR100,,0.9,0.999,137,3.343758059692383,0.1628440557829105,19.23,23,100,2800804,30.828845977783203,30.55455493927002,0.2742910385131836,,2849.85205078125,1
FedAdam,CIFAR100,,0.9,0.999,138,3.3129704811096192,0.1580999718223765,19.49,28,100,2800804,38.493077516555786,38.15813422203064,0.3349432945251465,,2849.85205078125,1
FedAdam,CIFAR100,,0.9,0.999,139,3.3009194252014162,0.16353921954861206,19.93,21,100,2800804,28.76298213005066,28.503843545913696,0.2591385841369629,,2849.85205078125,1
FedAdam,CIFAR100,,0.9,0.999,140,3.3043192222595215,0.1578320368521288,19.81,24,100,2800804,31.71496295928955,31.420991897583008,0.29397106170654297,,2849.85205078125,1
FedAdam,CIFAR100,,0.9,0.999,141,3.287866765594482,0.16293014134658318,20.55,25,100,2800804,33.89487934112549,33.583558797836304,0.31132054328918457,,2849.85205078125,1
FedAdam,CIFAR100,,0.9,0.999,142,3.284526602935791,0.1685043551458327,20.66,27,100,2800804,37.46106266975403,37.143040895462036,0.3180217742919922,,2849.85205078125,1
FedAdam,CIFAR100,,0.9,0.999,143,3.278589503479004,0.1762283990037809,20.74,23,100,2800804,31.559348106384277,31.271865606307983,0.28748250007629395,,2849.85205078125,1
FedAdam,CIFAR100,,0.9,0.999,144,3.2502038646697997,0.18315916747248945,21.24,22,100,2800804,30.066426753997803,29.786033153533936,0.2803936004638672,,2849.85205078125,1
FedAdam,CIFAR100,,0.9,0.999,145,3.2274569145202636,0.17749487643238582,21.25,23,100,2800804,30.790799856185913,30.504469633102417,0.2863302230834961,,2849.85205078125,1
FedAdam,CIFAR100,,0.9,0.999,146,3.233385369873047,0.1714316839569105,21.04,21,100,2800804,29.313727855682373,29.047145128250122,0.266582727432251,,2849.85205078125,1
FedAdam,CIFAR100,,0.9,0.999,147,3.2211568397521972,0.17568268762720848,21.47,24,100,2800804,32.89427471160889,32.6119441986084,0.2823305130004883,,2849.85205078125,1
FedAdam,CIFAR100,,0.9,0.999,148,3.214492978668213,0.18167266015931183,22.19,22,100,2800804,29.849292755126953,29.58060932159424,0.26868343353271484,,2849.85205078125,1
FedAdam,CIFAR100,,0.9,0.999,149,3.2255617488861086,0.18127256054372193,21.71,20,100,2800804,27.251416206359863,27.010316848754883,0.24109935760498047,,2849.85205078125,1
FedAdam,CIFAR100,,0.9,0.999,150,3.194021110534668,0.18608574965097963,22.09,22,100,2800804,29.35562539100647,29.08820867538452,0.26741671562194824,,2849.85205078125,1
FedAdam,CIFAR100,,0.9,0.999,151,3.1790125343322755,0.19171619156808484,22.77,23,100,2800804,31.388644456863403,31.10770845413208,0.28093600273132324,,2849.85205078125,1
FedAdam,CIFAR100,,0.9,0.999,152,3.1757923969268798,0.1929674300492707,22.54,25,100,2800804,33.63242983818054,33.335580825805664,0.29684901237487793,,2849.85205078125,1
FedAdam,CIFAR100,,0.9,0.999,153,3.167159553527832,0.19397529621104415,22.54,22,100,2800804,29.590442419052124,29.318294525146484,0.27214789390563965,,2849.85205078125,1
FedAdam,CIFAR100,,0.9,0.999,154,3.15120745010376,0.20556265539631627,23.46,27,100,2800804,35.52039337158203,35.201916456222534,0.31847691535949707,,2849.85205078125,1
FedAdam,CIFAR100,,0.9,0.999,155,3.1454658950805663,0.20752395982621452,23.63,27,100,2800804,36.60327959060669,36.28278946876526,0.32049012184143066,,2849.85205078125,1
FedAdam,CIFAR100,,0.9,0.999,156,3.1248424591064454,0.20636309336379519,23.99,22,100,2800804,29.149312734603882,28.864234924316406,0.2850778102874756,,2849.85205078125,1
FedAdam,CIFAR100,,0.9,0.999,157,3.1121103706359863,0.20090668897775732,23.79,24,100,2800804,33.01140880584717,32.70412087440491,0.30728793144226074,,2849.85205078125,1
FedAdam,CIFAR100,,0.9,0.999,158,3.1050371002197266,0.20058880725608097,23.94,24,100,2800804,32.398303270339966,32.113651275634766,0.2846519947052002,,2849.85205078125,1
FedAdam,CIFAR100,,0.9,0.999,159,3.1033939628601073,0.20073142040993058,23.71,28,100,2800804,37.24059224128723,36.910712242126465,0.3298799991607666,,2849.85205078125,1
FedAdam,CIFAR100,,0.9,0.999,160,3.1152796855926512,0.19450920326410479,23.23,22,100,2800804,29.60754895210266,29.329994201660156,0.2775547504425049,,2849.85205078125,1
FedAdam,CIFAR100,,0.9,0.999,161,3.0990940059661867,0.19700214187419018,23.41,21,100,2800804,27.27737021446228,27.02264714241028,0.25472307205200195,,2849.85205078125,1
FedAdam,CIFAR100,,0.9,0.999,162,3.078163257598877,0.21161712915648778,24.06,26,100,2800804,34.93672180175781,34.63526654243469,0.3014552593231201,,2849.85205078125,1
FedAdam,CIFAR100,,0.9,0.999,163,3.049694758605957,0.22541013394177123,25.15,27,100,2800804,34.346816539764404,34.032692670822144,0.31412386894226074,,2849.85205078125,1
FedAdam,CIFAR100,,0.9,0.999,164,3.0533890869140623,0.2186905655092147,24.9,23,100,2800804,29.955360412597656,29.684214115142822,0.271146297454834,,2849.85205078125,1
FedAdam,CIFAR100,,0.9,0.999,165,3.0612111251831053,0.2125511260073441,24.52,23,100,2800804,30.18851089477539,29.909677982330322,0.27883291244506836,,2849.85205078125,1
FedAdam,CIFAR100,,0.9,0.999,166,3.0611391883850096,0.20927947104493377,24.26,20,100,2800804,26.60887360572815,26.354881048202515,0.25399255752563477,,2849.85205078125,1
FedAdam,CIFAR100,,0.9,0.999,167,3.0442934062957763,0.2167377700566775,25.1,30,100,2800804,42.01734781265259,41.62739539146423,0.3899524211883545,,2849.85205078125,1
FedAdam,CIFAR100,,0.9,0.999,168,3.0256565048217774,0.2185851837549125,25.2,20,100,2800804,27.849456310272217,27.602794885635376,0.24666142463684082,,2849.85205078125,1
FedAdam,CIFAR100,,0.9,0.999,169,2.9834656105041506,0.22784807984436992,26.13,30,100,2800804,40.469372272491455,40.112903356552124,0.35646891593933105,,2849.85205078125,1
FedAdam,CIFAR100,,0.9,0.999,170,2.9630915176391603,0.2318643364546262,26.43,26,100,2800804,36.401543378829956,36.078959703445435,0.3225836753845215,,2849.85205078125,1
FedAdam,CIFAR100,,0.9,0.999,171,2.986484213256836,0.22450937344480462,25.97,24,100,2800804,33.0818657875061,32.7716965675354,0.3101692199707031,,2849.85205078125,1
FedAdam,CIFAR100,,0.9,0.999,172,2.972144183731079,0.23439135205066516,26.63,26,100,2800804,35.845616817474365,35.52119445800781,0.32442235946655273,,2849.85205078125,1
FedAdam,CIFAR100,,0.9,0.999,173,2.9771121841430666,0.23295821870181296,26.13,21,100,2800804,29.723169803619385,29.462611198425293,0.2605586051940918,,2849.85205078125,1
FedAdam,CIFAR100,,0.9,0.999,174,2.987234330368042,0.2275877950203135,25.53,26,100,2800804,36.10023856163025,35.76662302017212,0.3336155414581299,,2849.85205078125,1
FedAdam,CIFAR100,,0.9,0.999,175,2.9415598003387453,0.2369460888496237,26.75,25,100,2800804,34.232215881347656,33.91671657562256,0.31549930572509766,,2849.85205078125,1
FedAdam,CIFAR100,,0.9,0.999,176,2.9326793102264404,0.24224120302170946,27.6,30,100,2800804,42.272438049316406,41.899334192276,0.3731038570404053,,2850.416015625,1
FedAdam,CIFAR100,,0.9,0.999,177,2.9221649883270264,0.24654161093767704,28.01,28,100,2800804,38.31464862823486,37.96449279785156,0.3501558303833008,,2850.416015625,1
FedAdam,CIFAR100,,0.9,0.999,178,2.903828939819336,0.24707302996348673,28.06,26,100,2800804,36.610010623931885,36.274524211883545,0.33548641204833984,,2850.416015625,1
FedAdam,CIFAR100,,0.9,0.999,179,2.893040149307251,0.25118909265033673,28.15,24,100,2800804,33.40157222747803,33.09416937828064,0.3074028491973877,,2850.416015625,1
FedAdam,CIFAR100,,0.9,0.999,180,2.880686392211914,0.25810918198690413,28.47,26,100,2800804,35.61259698867798,35.27345824241638,0.3391387462615967,,2850.416015625,1
FedAdam,CIFAR100,,0.9,0.999,181,2.872867666244507,0.26186408269223865,28.65,30,100,2800804,41.24563121795654,40.86951017379761,0.37612104415893555,,2852.35595703125,1
FedAdam,CIFAR100,,0.9,0.999,182,2.8669591495513918,0.2659326205363941,29.23,30,100,2800804,40.91870331764221,40.554011821746826,0.36469149589538574,,2852.35595703125,1
FedAdam,CIFAR100,,0.9,0.999,183,2.8771940574645996,0.25909427758236103,28.64,27,100,2800804,37.560386180877686,37.24324154853821,0.31714463233947754,,2852.35595703125,1
FedAdam,CIFAR100,,0.9,0.999,184,2.858379963684082,0.26301949676851855,29.08,20,100,2800804,27.654751300811768,27.41173028945923,0.24302101135253906,,2852.35595703125,1
FedAdam,CIFAR100,,0.9,0.999,185,2.849300499343872,0.2629810971504753,29.19,21,100,2800804,29.16662573814392,28.892008304595947,0.27461743354797363,,2852.35595703125,1
FedAdam,CIFAR100,,0.9,0.999,186,2.852914422225952,0.2565043778633057,28.58,23,100,2800804,32.11346364021301,31.82385754585266,0.28960609436035156,,2852.35595703125,1
FedAdam,CIFAR100,,0.9,0.999,187,2.8480881294250486,0.2630353070662574,29.2,20,100,2800804,28.34943389892578,28.096624612808228,0.2528092861175537,,2852.35595703125,1
FedAdam,CIFAR100,,0.9,0.999,188,2.8340649448394775,0.2678268382810348,29.39,20,100,2800804,27.703330278396606,27.430727243423462,0.27260303497314453,,2852.35595703125,1
FedAdam,CIFAR100,,0.9,0.999,189,2.833638283157349,0.2643419695772179,29.23,23,100,2800804,31.379106521606445,31.095276832580566,0.2838296890258789,,2852.35595703125,1
FedAdam,CIFAR100,,0.9,0.999,190,2.817922970581055,0.2677157656269494,29.48,30,100,2800804,40.912744998931885,40.54216170310974,0.37058329582214355,,2852.35595703125,1
FedAdam,CIFAR100,,0.9,0.999,191,2.7852528133392336,0.28394726660755437,30.75,20,100,2800804,26.949301958084106,26.69672393798828,0.2525780200958252,,2852.35595703125,1
FedAdam,CIFAR100,,0.9,0.999,192,2.785962522125244,0.28386991595357497,30.82,29,100,2800804,40.41617250442505,40.04394197463989,0.37223052978515625,,2852.35595703125,1
FedAdam,CIFAR100,,0.9,0.999,193,2.76696283493042,0.2827596537615887,31.07,22,100,2800804,30.294429302215576,30.0184965133667,0.27593278884887695,,2852.35595703125,1
FedAdam,CIFAR100,,0.9,0.999,194,2.7565392631530763,0.27568189214273875,30.76,30,100,2800804,39.40112543106079,39.034991979599,0.366133451461792,,2852.35595703125,1
FedAdam,CIFAR100,,0.9,0.999,195,2.7572566497802735,0.26993396614287696,30.34,29,100,2800804,39.181084394454956,38.81670832633972,0.3643760681152344,,2852.35595703125,1
FedAdam,CIFAR100,,0.9,0.999,196,2.739729698944092,0.27769234267180737,30.71,21,100,2800804,27.950515508651733,27.68421697616577,0.2662985324859619,,2852.35595703125,1
FedAdam,CIFAR100,,0.9,0.999,197,2.7188961685180666,0.28926837626056323,31.27,27,100,2800804,36.99984097480774,36.6527259349823,0.34711503982543945,,2852.35595703125,1
FedAdam,CIFAR100,,0.9,0.999,198,2.726755075073242,0.28911305079986116,30.87,28,100,2800804,39.5192985534668,39.174060106277466,0.34523844718933105,,2852.35595703125,1
FedAdam,CIFAR100,,0.9,0.999,199,2.718315222930908,0.29128383643738454,31.35,27,100,2800804,37.4861958026886,37.15202760696411,0.3341681957244873,,2852.35595703125,1
FedAdam,CIFAR100,,0.9,0.999,200,2.7054330646514892,0.29548075209237123,32.11,23,100,2800804,31.694626569747925,31.412108898162842,0.282517671585083,,2852.35595703125,1
FedAdam,CIFAR100,,0.9,0.999,201,2.697840103149414,0.29391041798746703,32.28,20,100,2800804,27.384143829345703,27.13968825340271,0.24445557594299316,,2852.35595703125,1
FedAdam,CIFAR100,,0.9,0.999,202,2.6848962440490722,0.2914160183309763,32.06,22,100,2800804,30.7300865650177,30.455061435699463,0.2750251293182373,,2852.35595703125,1
FedAdam,CIFAR100,,0.9,0.999,203,2.6653064868927,0.29925272327554225,32.68,21,100,2800804,27.95703101158142,27.690029621124268,0.2670013904571533,,2852.35595703125,1
FedAdam,CIFAR100,,0.9,0.999,204,2.6485895893096925,0.3069227072735831,33.35,21,100,2800804,29.087169647216797,28.833755493164062,0.2534141540527344,,2852.35595703125,1
FedAdam,CIFAR100,,0.9,0.999,205,2.6523549560546873,0.3031153805821426,33.19,23,100,2800804,32.33326745033264,32.05372858047485,0.2795388698577881,,2852.35595703125,1
FedAdam,CIFAR100,,0.9,0.999,206,2.663022773361206,0.29775900413767986,32.58,20,100,2800804,28.056799173355103,27.803946018218994,0.2528531551361084,,2852.35595703125,1
FedAdam,CIFAR100,,0.9,0.999,207,2.6463137119293214,0.29634544204971525,32.6,28,100,2800804,38.21882915496826,37.867714643478394,0.35111451148986816,,2852.35595703125,1
FedAdam,CIFAR100,,0.9,0.999,208,2.6252291053771972,0.3073541103919119,33.42,27,100,2800804,35.64484977722168,35.32862734794617,0.3162224292755127,,2852.35595703125,1
FedAdam,CIFAR100,,0.9,0.999,209,2.6130029296875,0.3149300431441417,33.61,30,100,2800804,39.558199882507324,39.18790531158447,0.37029457092285156,,2852.35595703125,1
FedAdam,CIFAR100,,0.9,0.999,210,2.6114398891448976,0.3144496587042884,33.65,24,100,2800804,31.387900352478027,31.111162424087524,0.27673792839050293,,2852.35595703125,1
FedAdam,CIFAR100,,0.9,0.999,211,2.6068630310058594,0.31519893778762353,33.78,29,100,2800804,37.92697763442993,37.56649303436279,0.36048460006713867,,2852.35595703125,1
FedAdam,CIFAR100,,0.9,0.999,212,2.6118562812805175,0.31388582646387614,33.81,26,100,2800804,35.205974102020264,34.89952898025513,0.3064451217651367,,2852.35595703125,1
FedAdam,CIFAR100,,0.9,0.999,213,2.6007774463653566,0.31804830746988777,34.07,23,100,2800804,31.27163577079773,30.98270010948181,0.28893566131591797,,2852.35595703125,1
FedAdam,CIFAR100,,0.9,0.999,214,2.5516975242614746,0.3255870566216413,34.98,22,100,2800804,29.134427309036255,28.875741481781006,0.258685827255249,,2852.35595703125,1
FedAdam,CIFAR100,,0.9,0.999,215,2.5371972747802736,0.3291746516727616,35.25,24,100,2800804,32.97008204460144,32.65852928161621,0.3115527629852295,,2852.35595703125,1
FedAdam,CIFAR100,,0.9,0.999,216,2.524184127044678,0.3317511455224451,35.52,26,100,2800804,35.165618658065796,34.8584463596344,0.3071722984313965,,2852.35595703125,1
FedAdam,CIFAR100,,0.9,0.999,217,2.528009532546997,0.33318666835468447,35.35,26,100,2800804,34.85490417480469,34.52565288543701,0.3292512893676758,,2852.35595703125,1
FedAdam,CIFAR100,,0.9,0.999,218,2.538438417053223,0.3321720803016419,35.39,24,100,2800804,32.43195033073425,32.15625524520874,0.2756950855255127,,2852.35595703125,1
FedAdam,CIFAR100,,0.9,0.999,219,2.5367554363250733,0.33069571932532665,35.45,26,100,2800804,34.82128047943115,34.51403069496155,0.3072497844696045,,2852.35595703125,1
FedAdam,CIFAR100,,0.9,0.999,220,2.5290167644500734,0.33227013563618124,35.55,26,100,2800804,34.76090168952942,34.43895077705383,0.32195091247558594,,2852.35595703125,1
FedAdam,CIFAR100,,0.9,0.999,221,2.4954154270172118,0.34083835989466654,36.58,26,100,2800804,34.7845242023468,34.4697003364563,0.31482386589050293,,2852.35595703125,1
FedAdam,CIFAR100,,0.9,0.999,222,2.476981882095337,0.34691488570256424,36.93,26,100,2800804,34.12290930747986,33.795767068862915,0.32714223861694336,,2852.35595703125,1
FedAdam,CIFAR100,,0.9,0.999,223,2.4607219699859617,0.35344007107851405,37.2,24,100,2800804,31.713512420654297,31.42219305038452,0.2913193702697754,,2852.35595703125,1
FedAdam,CIFAR100,,0.9,0.999,224,2.4567916629791258,0.3498049781787348,36.95,22,100,2800804,29.27236795425415,28.999991416931152,0.27237653732299805,,2852.35595703125,1
FedAdam,CIFAR100,,0.9,0.999,225,2.45997061958313,0.34522633106890493,36.74,25,100,2800804,33.318456172943115,32.99855303764343,0.3199031352996826,,2852.35595703125,1
FedAdam,CIFAR100,,0.9,0.999,226,2.4465904293060303,0.340983244485895,36.74,27,100,2800804,36.48185467720032,36.15779423713684,0.32406044006347656,,2852.35595703125,1
FedAdam,CIFAR100,,0.9,0.999,227,2.4387786785125734,0.3441900134315064,37.06,24,100,2800804,32.43004083633423,32.15232181549072,0.27771902084350586,,2852.35595703125,1
FedAdam,CIFAR100,,0.9,0.999,228,2.431592756271362,0.3517979522599823,37.68,27,100,2800804,36.44919466972351,36.12792348861694,0.3212711811065674,,2852.35595703125,1
FedAdam,CIFAR100,,0.9,0.999,229,2.413866560745239,0.360165075195594,37.99,30,100,2800804,38.970584869384766,38.61092782020569,0.35965704917907715,,2852.35595703125,1
FedAdam,CIFAR100,,0.9,0.999,230,2.38807619934082,0.3670144437258965,38.56,30,100,2800804,39.102673053741455,38.74796462059021,0.3547084331512451,,2852.35595703125,1
FedAdam,CIFAR100,,0.9,0.999,231,2.3696302211761475,0.36941319707896364,38.8,24,100,2800804,32.7339825630188,32.43761873245239,0.29636383056640625,,2852.35595703125,1
FedAdam,CIFAR100,,0.9,0.999,232,2.3764971996307374,0.36164771423952663,38.37,26,100,2800804,33.584869146347046,33.28293514251709,0.30193400382995605,,2852.35595703125,1
FedAdam,CIFAR100,,0.9,0.999,233,2.3786722343444824,0.35486831912281575,37.97,27,100,2800804,36.681533098220825,36.34905433654785,0.33247876167297363,,2852.35595703125,1
FedAdam,CIFAR100,,0.9,0.999,234,2.376369411468506,0.3584611083597288,38.11,30,100,2800804,38.796658754348755,38.45641469955444,0.3402440547943115,,2852.35595703125,1
FedAdam,CIFAR100,,0.9,0.999,235,2.367243713760376,0.3629451351331426,38.44,28,100,2800804,36.62950897216797,36.30603837966919,0.3234705924987793,,2852.35595703125,1
FedAdam,CIFAR100,,0.9,0.999,236,2.3518832275390626,0.36482049314566367,38.52,22,100,2800804,29.1011905670166,28.850371599197388,0.25081896781921387,,2852.35595703125,1
FedAdam,CIFAR100,,0.9,0.999,237,2.345307183265686,0.36978011578636766,38.94,23,100,2800804,30.290374040603638,29.99503207206726,0.29534196853637695,,2852.35595703125,1
FedAdam,CIFAR100,,0.9,0.999,238,2.3552083992004396,0.3680121020833305,38.97,23,100,2800804,31.377033472061157,31.094611644744873,0.2824218273162842,,2852.35595703125,1
FedAdam,CIFAR100,,0.9,0.999,239,2.3367998416900635,0.37090131911066876,39.42,25,100,2800804,33.50993752479553,33.20240259170532,0.30753493309020996,,2852.35595703125,1
FedAdam,CIFAR100,,0.9,0.999,240,2.3269415023803712,0.3696739452068515,39.58,27,100,2800804,35.04011034965515,34.732916593551636,0.3071937561035156,,2852.35595703125,1
FedAdam,CIFAR100,,0.9,0.999,241,2.3026981716156008,0.37538877345365385,39.85,25,100,2800804,34.0597026348114,33.78072190284729,0.27898073196411133,,2852.35595703125,1
FedAdam,CIFAR100,,0.9,0.999,242,2.274090399932861,0.3866060025397182,40.51,24,100,2800804,31.07882308959961,30.788787841796875,0.2900352478027344,,2852.35595703125,1
FedAdam,CIFAR100,,0.9,0.999,243,2.2629566219329833,0.38875491196416967,40.54,29,100,2800804,37.201998233795166,36.86676239967346,0.3352358341217041,,2852.35595703125,1
FedAdam,CIFAR100,,0.9,0.999,244,2.2663666868209837,0.3902907387416213,40.48,21,100,2800804,28.932315349578857,28.682875871658325,0.24943947792053223,,2852.35595703125,1
FedAdam,CIFAR100,,0.9,0.999,245,2.2681099464416503,0.3885096857816187,40.38,26,100,2800804,34.540363788604736,34.22526502609253,0.31509876251220703,,2852.35595703125,1
FedAdam,CIFAR100,,0.9,0.999,246,2.261567540359497,0.39080336229779156,40.81,25,100,2800804,33.24354934692383,32.92329168319702,0.32025766372680664,,2852.35595703125,1
FedAdam,CIFAR100,,0.9,0.999,247,2.2472067199707033,0.3900499545564972,40.94,25,100,2800804,35.20328760147095,34.89494490623474,0.30834269523620605,,2852.35595703125,1
FedAdam,CIFAR100,,0.9,0.999,248,2.203709066772461,0.40138084537431223,42.1,25,100,2800804,33.404212474823,33.096171855926514,0.3080406188964844,,2852.35595703125,1
FedAdam,CIFAR100,,0.9,0.999,249,2.2083265621185304,0.4065678542145662,42.4,24,100,2800804,32.095417499542236,31.821197509765625,0.27421998977661133,,2852.35595703125,1
FedAdam,CIFAR100,,0.9,0.999,250,2.2057881786346436,0.4056254766471873,42.39,22,100,2800804,29.11974859237671,28.85306215286255,0.26668643951416016,,2852.35595703125,1
FedAdam,CIFAR100,,0.9,0.999,251,2.2041318559646608,0.4090019911026037,42.51,28,100,2800804,37.94156742095947,37.614033460617065,0.3275339603424072,,2852.35595703125,1
FedAdam,CIFAR100,,0.9,0.999,252,2.2168530349731443,0.3975765220909206,41.34,30,100,2800804,40.30873513221741,39.97596502304077,0.33277010917663574,,2852.35595703125,1
FedAdam,CIFAR100,,0.9,0.999,253,2.207210876083374,0.4018386853923514,41.8,21,100,2800804,26.66459560394287,26.413047552108765,0.25154805183410645,,2852.35595703125,1
FedAdam,CIFAR100,,0.9,0.999,254,2.174080482292175,0.405556069346509,42.29,29,100,2800804,38.24690842628479,37.91137385368347,0.33553457260131836,,2852.35595703125,1
FedAdam,CIFAR100,,0.9,0.999,255,2.1718851526260377,0.40675398770395327,42.63,25,100,2800804,32.56357026100159,32.26636791229248,0.29720234870910645,,2852.35595703125,1
FedAdam,CIFAR100,,0.9,0.999,256,2.168324587249756,0.40279009811972694,42.36,20,100,2800804,26.610978603363037,26.35063099861145,0.2603476047515869,,2852.35595703125,1
FedAdam,CIFAR100,,0.9,0.999,257,2.15492953414917,0.4070903438160019,42.73,30,100,2800804,40.23017740249634,39.86712884902954,0.3630485534667969,,2852.35595703125,1
FedAdam,CIFAR100,,0.9,0.999,258,2.1441401527404786,0.4089693754121454,42.8,28,100,2800804,36.995123863220215,36.65397310256958,0.34115076065063477,,2852.35595703125,1
FedAdam,CIFAR100,,0.9,0.999,259,2.130252775001526,0.4167332602573664,43.37,28,100,2800804,36.54025840759277,36.20149230957031,0.33876609802246094,,2852.35595703125,1
FedAdam,CIFAR100,,0.9,0.999,260,2.1055403198242186,0.42168627778977497,43.75,22,100,2800804,28.734986543655396,28.44474220275879,0.29024434089660645,,2852.35595703125,1
FedAdam,CIFAR100,,0.9,0.999,261,2.1049380043029786,0.421487768416568,43.84,29,100,2800804,38.27968716621399,37.933176040649414,0.3465111255645752,,2852.35595703125,1
FedAdam,CIFAR100,,0.9,0.999,262,2.11413590965271,0.4155887721289282,43.48,21,100,2800804,27.86408019065857,27.621588468551636,0.2424917221069336,,2852.35595703125,1
FedAdam,CIFAR100,,0.9,0.999,263,2.124068501091003,0.4087054956241259,42.99,22,100,2800804,29.79671549797058,29.54903483390808,0.2476806640625,,2852.35595703125,1
FedAdam,CIFAR100,,0.9,0.999,264,2.0851370124816895,0.4253603822770004,44.24,24,100,2800804,32.9650559425354,32.6608190536499,0.30423688888549805,,2852.35595703125,1
FedAdam,CIFAR100,,0.9,0.999,265,2.0774551429748533,0.4334603552663046,44.7,29,100,2800804,38.54514265060425,38.20597290992737,0.3391697406768799,,2852.35595703125,1
FedAdam,CIFAR100,,0.9,0.999,266,2.0915245975494385,0.4277124768996772,44.18,23,100,2800804,30.727781772613525,30.451355457305908,0.2764263153076172,,2852.35595703125,1
FedAdam,CIFAR100,,0.9,0.999,267,2.0819695667266847,0.42682142354618724,44.22,23,100,2800804,31.24710702896118,30.9389545917511,0.308152437210083,,2852.35595703125,1
FedAdam,CIFAR100,,0.9,0.999,268,2.065616348457336,0.42837800108665525,44.62,27,100,2800804,35.47893977165222,35.172995805740356,0.30594396591186523,,2852.35595703125,1
FedAdam,CIFAR100,,0.9,0.999,269,2.053031763076782,0.42822534431540227,44.84,20,100,2800804,25.673140287399292,25.432306051254272,0.24083423614501953,,2852.35595703125,1
FedAdam,CIFAR100,,0.9,0.999,270,2.0439497619628906,0.43006374703195654,44.96,30,100,2800804,40.113916635513306,39.761454820632935,0.3524618148803711,,2852.35595703125,1
FedAdam,CIFAR100,,0.9,0.999,271,2.009490860748291,0.4458684109305741,46.07,28,100,2800804,37.020495653152466,36.705421924591064,0.31507372856140137,,2852.35595703125,1
FedAdam,CIFAR100,,0.9,0.999,272,2.0005100744247435,0.4528506728527157,46.34,30,100,2800804,38.603877544403076,38.25445604324341,0.34942150115966797,,2852.35595703125,1
FedAdam,CIFAR100,,0.9,0.999,273,2.0010948081970215,0.45655385515841174,46.67,29,100,2800804,37.50738716125488,37.166184425354004,0.3412027359008789,,2852.35595703125,1
FedAdam,CIFAR100,,0.9,0.999,274,1.99187188205719,0.4547219092184407,46.69,20,100,2800804,27.00918173789978,26.747596263885498,0.2615854740142822,,2852.35595703125,1
FedAdam,CIFAR100,,0.9,0.999,275,1.9844292261123657,0.4532636336119591,46.83,26,100,2800804,34.53467655181885,34.225189447402954,0.30948710441589355,,2852.35595703125,1
FedAdam,CIFAR100,,0.9,0.999,276,1.996277190208435,0.44952988264834526,46.57,20,100,2800804,26.852051258087158,26.610811948776245,0.24123930931091309,,2852.35595703125,1
FedAdam,CIFAR100,,0.9,0.999,277,1.9973570386886597,0.4451252153330031,46.3,22,100,2800804,29.314406394958496,29.05820894241333,0.256197452545166,,2852.35595703125,1
FedAdam,CIFAR100,,0.9,0.999,278,1.9907200799942018,0.4477355482637475,46.37,29,100,2800804,38.40204048156738,38.05405807495117,0.34798240661621094,,2852.35595703125,1
FedAdam,CIFAR100,,0.9,0.999,279,1.9983582855224609,0.4474104313412346,46.06,29,100,2800804,39.19345283508301,38.85240840911865,0.34104442596435547,,2852.35595703125,1
FedAdam,CIFAR100,,0.9,0.999,280,1.974928924179077,0.4530568667248896,46.5,24,100,2800804,31.4697003364563,31.189920902252197,0.27977943420410156,,2852.35595703125,1
FedAdam,CIFAR100,,0.9,0.999,281,1.9534406497955323,0.4608900965937898,47.25,20,100,2800804,26.75045657157898,26.51248812675476,0.23796844482421875,,2852.35595703125,1
FedAdam,CIFAR100,,0.9,0.999,282,1.9448405670166016,0.46483069668686655,47.71,23,100,2800804,30.13417339324951,29.86338758468628,0.2707858085632324,,2852.35595703125,1
FedAdam,CIFAR100,,0.9,0.999,283,1.9302447353363037,0.46652906595041616,47.81,25,100,2800804,33.179017782211304,32.85106635093689,0.32795143127441406,,2852.35595703125,1
FedAdam,CIFAR100,,0.9,0.999,284,1.927834130859375,0.47240447189895535,48.23,30,100,2800804,39.72083592414856,39.35240364074707,0.36843228340148926,,2852.35595703125,1
FedAdam,CIFAR100,,0.9,0.999,285,1.9269429418563844,0.4682223855055816,47.83,25,100,2800804,32.516963958740234,32.217978954315186,0.29898500442504883,,2852.35595703125,1
FedAdam,CIFAR100,,0.9,0.999,286,1.9326630668640137,0.4622487547579491,47.41,28,100,2800804,36.87881517410278,36.537842988967896,0.3409721851348877,,2852.35595703125,1
FedAdam,CIFAR100,,0.9,0.999,287,1.9237003246307374,0.4611856876385154,47.55,23,100,2800804,30.879055500030518,30.605083227157593,0.2739722728729248,,2852.35595703125,1
FedAdam,CIFAR100,,0.9,0.999,288,1.926351418685913,0.46053492461538426,47.7,29,100,2800804,37.12103581428528,36.754035234451294,0.3670005798339844,,2852.35595703125,1
FedAdam,CIFAR100,,0.9,0.999,289,1.9033183338165283,0.46813370583205743,48.26,25,100,2800804,33.740264654159546,33.43867063522339,0.3015940189361572,,2852.35595703125,1
FedAdam,CIFAR100,,0.9,0.999,290,1.8912264263153076,0.47150456084373404,48.4,21,100,2800804,28.799091339111328,28.529765844345093,0.26932549476623535,,2852.35595703125,1
FedAdam,CIFAR100,,0.9,0.999,291,1.8770325523376465,0.4787354435520165,49.07,28,100,2800804,36.923521518707275,36.604833126068115,0.31868839263916016,,2852.35595703125,1
FedAdam,CIFAR100,,0.9,0.999,292,1.8644402021408082,0.48000826209982983,49.08,27,100,2800804,36.33974051475525,36.01080346107483,0.3289370536804199,,2852.35595703125,1
FedAdam,CIFAR100,,0.9,0.999,293,1.85892057762146,0.4791058961966035,49.04,23,100,2800804,31.220954418182373,30.93173909187317,0.2892153263092041,,2852.35595703125,1
FedAdam,CIFAR100,,0.9,0.999,294,1.8603738634109497,0.47602604061614523,48.83,21,100,2800804,26.92768931388855,26.657418966293335,0.27027034759521484,,2852.35595703125,1
FedAdam,CIFAR100,,0.9,0.999,295,1.878014546394348,0.4724306889062479,48.44,23,100,2800804,29.760440587997437,29.475117683410645,0.285322904586792,,2852.35595703125,1
FedAdam,CIFAR100,,0.9,0.999,296,1.8733664947509765,0.4767649845132946,48.79,30,100,2800804,40.01654601097107,39.660634994506836,0.3559110164642334,,2852.35595703125,1
FedAdam,CIFAR100,,0.9,0.999,297,1.8389772132873534,0.48691957607855973,49.81,20,100,2800804,26.239600658416748,25.991803646087646,0.24779701232910156,,2852.35595703125,1
FedAdam,CIFAR100,,0.9,0.999,298,1.8546587390899658,0.4842856854392609,49.33,21,100,2800804,27.85168194770813,27.59210729598999,0.25957465171813965,,2852.35595703125,1
FedAdam,CIFAR100,,0.9,0.999,299,1.838318141746521,0.48513425545086697,49.49,26,100,2800804,33.62350583076477,33.32174515724182,0.3017606735229492,,2852.35595703125,1
FedAdam,CIFAR100,,0.9,0.999,300,1.7955895027160644,0.4913803864433283,50.29,23,100,2800804,30.10683035850525,29.838969469070435,0.26786088943481445,,2852.35595703125,1
FedAdam,CIFAR100,,0.9,0.999,301,1.810908564376831,0.4898815897778242,50.38,30,100,2800804,40.27485466003418,39.89697861671448,0.37787604331970215,,2852.35595703125,1
FedAdam,CIFAR100,,0.9,0.999,302,1.8266499280929565,0.49080727433148447,50.34,27,100,2800804,35.132766008377075,34.82067799568176,0.3120880126953125,,2852.35595703125,1
FedAdam,CIFAR100,,0.9,0.999,303,1.7976354946136475,0.4984331775723887,50.83,28,100,2800804,37.097105979919434,36.751582622528076,0.3455233573913574,,2852.35595703125,1
FedAdam,CIFAR100,,0.9,0.999,304,1.7942852123260498,0.4955677199233341,50.37,21,100,2800804,27.193833351135254,26.941779136657715,0.25205421447753906,,2852.35595703125,1
FedAdam,CIFAR100,,0.9,0.999,305,1.7961202922821045,0.49767616788090463,50.59,26,100,2800804,34.06036067008972,33.7383234500885,0.3220372200012207,,2852.35595703125,1
FedAdam,CIFAR100,,0.9,0.999,306,1.7676021198272704,0.5088543194618653,51.65,23,100,2800804,32.1651496887207,31.880897045135498,0.2842526435852051,,2852.35595703125,1
FedAdam,CIFAR100,,0.9,0.999,307,1.7516034107208251,0.5098089164924453,51.87,29,100,2800804,40.36111044883728,39.983644008636475,0.37746644020080566,,2852.35595703125,1
FedAdam,CIFAR100,,0.9,0.999,308,1.7783236701965333,0.5043887472506499,51.68,24,100,2800804,33.227240324020386,32.91404390335083,0.31319642066955566,,2852.35595703125,1
FedAdam,CIFAR100,,0.9,0.999,309,1.7528684747695922,0.5130861857864412,52.51,26,100,2800804,35.68230390548706,35.36261343955994,0.319690465927124,,2852.35595703125,1
FedAdam,CIFAR100,,0.9,0.999,310,1.7244912351608277,0.5189334060145891,52.72,27,100,2800804,37.591227293014526,37.235575437545776,0.35565185546875,,2852.35595703125,1
FedAdam,CIFAR100,,0.9,0.999,311,1.7291304201126099,0.5186663399986444,52.54,28,100,2800804,39.27724766731262,38.92622375488281,0.35102391242980957,,2852.35595703125,1
FedAdam,CIFAR100,,0.9,0.999,312,1.7259292079925537,0.5148965815976049,52.15,29,100,2800804,41.556007623672485,41.180036306381226,0.37597131729125977,,2852.35595703125,1
FedAdam,CIFAR100,,0.9,0.999,313,1.7171604356765746,0.5170136648114869,52.53,23,100,2800804,32.48140478134155,32.19838786125183,0.2830169200897217,,2852.35595703125,1
FedAdam,CIFAR100,,0.9,0.999,314,1.7234897254943848,0.5139070928777933,52.5,22,100,2800804,29.887317657470703,29.60295581817627,0.2843618392944336,,2852.35595703125,1
FedAdam,CIFAR100,,0.9,0.999,315,1.7301229204177857,0.5141407003531602,52.48,26,100,2800804,34.941807985305786,34.62987279891968,0.3119351863861084,,2852.35595703125,1
FedAdam,CIFAR100,,0.9,0.999,316,1.7218816806793213,0.5145416590799369,52.5,20,100,2800804,27.38084125518799,27.14039921760559,0.24044203758239746,,2852.35595703125,1
FedAdam,CIFAR100,,0.9,0.999,317,1.7053125328063965,0.5217148231225677,53.01,29,100,2800804,38.8828501701355,38.50503945350647,0.3778107166290283,,2852.35595703125,1
FedAdam,CIFAR100,,0.9,0.999,318,1.6852769248962403,0.528995981706663,53.67,26,100,2800804,34.65439319610596,34.34706687927246,0.3073263168334961,,2852.35595703125,1
FedAdam,CIFAR100,,0.9,0.999,319,1.674444620513916,0.5323718714923941,54.02,20,100,2800804,27.646926164627075,27.393352031707764,0.2535741329193115,,2852.35595703125,1
FedAdam,CIFAR100,,0.9,0.999,320,1.684395881843567,0.5230442590896283,53.22,30,100,2800804,40.76275014877319,40.3915057182312,0.3712444305419922,,2852.35595703125,1
FedAdam,CIFAR100,,0.9,0.999,321,1.6708282360076905,0.5303629950172654,53.96,23,100,2800804,31.92268705368042,31.624743938446045,0.297943115234375,,2852.35595703125,1
FedAdam,CIFAR100,,0.9,0.999,322,1.6628803192138673,0.5343243492410243,54.23,25,100,2800804,35.28217029571533,34.963539123535156,0.3186311721801758,,2852.35595703125,1
FedAdam,CIFAR100,,0.9,0.999,323,1.6707767934799194,0.5321815167628695,53.83,23,100,2800804,31.38574743270874,31.10206389427185,0.28368353843688965,,2852.35595703125,1
FedAdam,CIFAR100,,0.9,0.999,324,1.6753143550872802,0.5332477543561106,53.92,21,100,2800804,29.158076286315918,28.880382299423218,0.2776939868927002,,2852.35595703125,1
FedAdam,CIFAR100,,0.9,0.999,325,1.667680301094055,0.5322144947905454,53.92,26,100,2800804,39.10916829109192,38.772193908691406,0.3369743824005127,,2852.35595703125,1
FedAdam,CIFAR100,,0.9,0.999,326,1.660025764465332,0.5308622308570069,53.79,22,100,2800804,31.516698837280273,31.224578380584717,0.29212045669555664,,2852.35595703125,1
FedAdam,CIFAR100,,0.9,0.999,327,1.6562625831604003,0.5304624407779042,53.84,28,100,2800804,39.15541362762451,38.79857635498047,0.35683727264404297,,2852.35595703125,1
FedAdam,CIFAR100,,0.9,0.999,328,1.627337324142456,0.5387778788248917,54.69,21,100,2800804,28.80589509010315,28.5337495803833,0.27214550971984863,,2852.35595703125,1
FedAdam,CIFAR100,,0.9,0.999,329,1.619120899581909,0.5437189213375327,55.25,22,100,2800804,31.02105164527893,30.745044946670532,0.27600669860839844,,2852.35595703125,1
FedAdam,CIFAR100,,0.9,0.999,330,1.6183659753799438,0.5465356442995307,55.36,20,100,2800804,28.511821746826172,28.24850296974182,0.2633187770843506,,2852.35595703125,1
FedAdam,CIFAR100,,0.9,0.999,331,1.615156988143921,0.5439454175115771,55.02,25,100,2800804,35.00934886932373,34.68707776069641,0.32227110862731934,,2852.35595703125,1
FedAdam,CIFAR100,,0.9,0.999,332,1.6181972778320313,0.5427562578222467,54.86,27,100,2800804,38.51204442977905,38.154069900512695,0.3579745292663574,,2852.35595703125,1
FedAdam,CIFAR100,,0.9,0.999,333,1.6130278566360474,0.5408156836860957,54.91,26,100,2800804,36.478090047836304,36.15074157714844,0.3273484706878662,,2852.35595703125,1
FedAdam,CIFAR100,,0.9,0.999,334,1.6017331901550294,0.5484741779852116,55.58,23,100,2800804,31.567413806915283,31.273979902267456,0.29343390464782715,,2852.35595703125,1
FedAdam,CIFAR100,,0.9,0.999,335,1.5930913249969483,0.5512257563499495,55.84,23,100,2800804,31.550480127334595,31.273562908172607,0.2769172191619873,,2852.35595703125,1
FedAdam,CIFAR100,,0.9,0.999,336,1.5779219654083252,0.5546054489689732,56.21,25,100,2800804,33.97571063041687,33.66215133666992,0.31355929374694824,,2852.35595703125,1
FedAdam,CIFAR100,,0.9,0.999,337,1.5945123552322387,0.5499389066086224,55.94,29,100,2800804,41.23034620285034,40.86937713623047,0.36096906661987305,,2852.35595703125,1
FedAdam,CIFAR100,,0.9,0.999,338,1.5905191638946534,0.5475305839816572,55.72,24,100,2800804,33.86100482940674,33.549545764923096,0.3114590644836426,,2852.35595703125,1
FedAdam,CIFAR100,,0.9,0.999,339,1.5870403371810913,0.5501890966119926,55.87,21,100,2800804,29.449594736099243,29.184011459350586,0.2655832767486572,,2852.35595703125,1
FedAdam,CIFAR100,,0.9,0.999,340,1.5758308835983277,0.5522594343467938,55.95,24,100,2800804,34.04096555709839,33.720669746398926,0.3202958106994629,,2852.35595703125,1
FedAdam,CIFAR100,,0.9,0.999,341,1.5691225940704345,0.5534131586183401,55.9,20,100,2800804,27.921204805374146,27.655959606170654,0.2652451992034912,,2852.35595703125,1
FedAdam,CIFAR100,,0.9,0.999,342,1.5652065940856934,0.557693100275478,56.25,25,100,2800804,35.70289206504822,35.37293362617493,0.329958438873291,,2852.35595703125,1
FedAdam,CIFAR100,,0.9,0.999,343,1.5707301856994629,0.5582597534167218,56.3,26,100,2800804,37.09644412994385,36.77263283729553,0.32381129264831543,,2852.35595703125,1
FedAdam,CIFAR100,,0.9,0.999,344,1.5598716445922851,0.5614193022144467,56.75,21,100,2800804,30.054805517196655,29.794886112213135,0.2599194049835205,,2852.35595703125,1
FedAdam,CIFAR100,,0.9,0.999,345,1.5505586742401123,0.5588129455593062,56.6,21,100,2800804,30.20324945449829,29.930951595306396,0.27229785919189453,,2852.35595703125,1
FedAdam,CIFAR100,,0.9,0.999,346,1.5498029094696044,0.557689302304453,56.57,24,100,2800804,34.38376712799072,34.0821578502655,0.3016092777252197,,2852.35595703125,1
FedAdam,CIFAR100,,0.9,0.999,347,1.5405477277755737,0.5591262653089004,56.63,25,100,2800804,35.49639272689819,35.16976046562195,0.3266322612762451,,2852.35595703125,1
FedAdam,CIFAR100,,0.9,0.999,348,1.5242301467895507,0.5630617524465973,57.04,30,100,2800804,40.52539825439453,40.16241478919983,0.36298346519470215,,2852.35595703125,1
FedAdam,CIFAR100,,0.9,0.999,349,1.5207964668273926,0.5616403147056407,56.78,21,100,2800804,29.498366117477417,29.22609519958496,0.27227091789245605,,2852.35595703125,1
FedAdam,CIFAR100,,0.9,0.999,350,1.5231317518234253,0.5614768090373026,56.9,26,100,2800804,34.62583351135254,34.31072425842285,0.3151092529296875,,2852.35595703125,1
FedAdam,CIFAR100,,0.9,0.999,351,1.530195249557495,0.5609821495251746,57.01,27,100,2800804,37.216586112976074,36.89790892601013,0.3186771869659424,,2852.35595703125,1
FedAdam,CIFAR100,,0.9,0.999,352,1.5260327157974243,0.5585179152167884,56.6,26,100,2800804,35.16594386100769,34.83724927902222,0.32869458198547363,,2852.35595703125,1
FedAdam,CIFAR100,,0.9,0.999,353,1.5389422454833985,0.5574206103912871,56.29,20,100,2800804,26.616490840911865,26.379014253616333,0.23747658729553223,,2852.35595703125,1
FedAdam,CIFAR100,,0.9,0.999,354,1.5298308824539184,0.5612484531584772,56.61,21,100,2800804,28.742502450942993,28.493831872940063,0.2486705780029297,,2852.35595703125,1
FedAdam,CIFAR100,,0.9,0.999,355,1.520972836303711,0.5730385969794667,57.65,22,100,2800804,30.04005765914917,29.75248122215271,0.28757643699645996,,2852.35595703125,1
FedAdam,CIFAR100,,0.9,0.999,356,1.5028153232574464,0.5763281405873599,58.04,26,100,2800804,34.98545479774475,34.67998743057251,0.3054673671722412,,2852.35595703125,1
FedAdam,CIFAR100,,0.9,0.999,357,1.4924438608169555,0.58270350427722,58.74,20,100,2800804,26.581170082092285,26.34340190887451,0.23776817321777344,,2852.35595703125,1
FedAdam,CIFAR100,,0.9,0.999,358,1.4841334136962891,0.5769790501887513,58.28,27,100,2800804,35.10721158981323,34.805392265319824,0.3018193244934082,,2852.35595703125,1
FedAdam,CIFAR100,,0.9,0.999,359,1.494594407081604,0.5711484298104422,57.81,30,100,2800804,41.94408130645752,41.581602573394775,0.36247873306274414,,2852.35595703125,1
FedAdam,CIFAR100,,0.9,0.999,360,1.4863159425735473,0.5702626153039269,57.75,25,100,2800804,33.73209023475647,33.43283462524414,0.2992556095123291,,2852.35595703125,1
FedAdam,CIFAR100,,0.9,0.999,361,1.4726929752349853,0.5762014193861763,58.08,28,100,2800804,38.015042781829834,37.681328773498535,0.33371400833129883,,2852.35595703125,1
FedAdam,CIFAR100,,0.9,0.999,362,1.466073338317871,0.5798920167755696,58.42,22,100,2800804,29.848631381988525,29.575998783111572,0.2726325988769531,,2852.35595703125,1
FedAdam,CIFAR100,,0.9,0.999,363,1.4688201648712158,0.580811300284188,58.56,23,100,2800804,30.894654035568237,30.608726501464844,0.28592753410339355,,2852.35595703125,1
FedAdam,CIFAR100,,0.9,0.999,364,1.464465605545044,0.580359041914059,58.6,22,100,2800804,30.362329721450806,30.094398498535156,0.2679312229156494,,2852.35595703125,1
FedAdam,CIFAR100,,0.9,0.999,365,1.4665567932128907,0.5766810729949416,58.31,30,100,2800804,40.75122380256653,40.40553259849548,0.3456912040710449,,2852.35595703125,1
FedAdam,CIFAR100,,0.9,0.999,366,1.4609886348724366,0.5749506261063333,58.21,27,100,2800804,35.32522892951965,34.994165897369385,0.33106303215026855,,2852.35595703125,1
FedAdam,CIFAR100,,0.9,0.999,367,1.456842444229126,0.5795993222091045,58.61,21,100,2800804,27.997032642364502,27.732828617095947,0.2642040252685547,,2852.35595703125,1
FedAdam,CIFAR100,,0.9,0.999,368,1.4527320856094361,0.5837313112884861,58.91,25,100,2800804,33.4964439868927,33.215399503707886,0.28104448318481445,,2852.35595703125,1
FedAdam,CIFAR100,,0.9,0.999,369,1.4612331455230714,0.5812431543758414,58.65,22,100,2800804,30.17036485671997,29.919896125793457,0.25046873092651367,,2852.35595703125,1
FedAdam,CIFAR100,,0.9,0.999,370,1.4548241313934327,0.5851833673736636,59.05,27,100,2800804,35.613741397857666,35.2838613986969,0.3298799991607666,,2852.35595703125,1
FedAdam,CIFAR100,,0.9,0.999,371,1.4443872295379638,0.5830322613094482,58.81,23,100,2800804,29.495694160461426,29.193058967590332,0.30263519287109375,,2852.35595703125,1
FedAdam,CIFAR100,,0.9,0.999,372,1.4474067893981934,0.584790698664993,59.07,23,100,2800804,30.637308359146118,30.3515625,0.28574585914611816,,2852.35595703125,1
FedAdam,CIFAR100,,0.9,0.999,373,1.438923424720764,0.5863295376623179,59.24,21,100,2800804,27.45407009124756,27.18859601020813,0.2654740810394287,,2852.35595703125,1
FedAdam,CIFAR100,,0.9,0.999,374,1.4372838291168213,0.5825768086162221,58.87,23,100,2800804,29.74846887588501,29.45897626876831,0.2894926071166992,,2852.35595703125,1
FedAdam,CIFAR100,,0.9,0.999,375,1.4442340660095214,0.5828167835869688,58.81,28,100,2800804,37.07956051826477,36.760282039642334,0.3192784786224365,,2852.35595703125,1
FedAdam,CIFAR100,,0.9,0.999,376,1.4320043504714965,0.5896465834218512,59.44,21,100,2800804,26.99553918838501,26.727564573287964,0.2679746150970459,,2852.35595703125,1
FedAdam,CIFAR100,,0.9,0.999,377,1.4256196245193482,0.5926126061236598,59.68,20,100,2800804,26.311397552490234,26.078364372253418,0.2330331802368164,,2852.35595703125,1
FedAdam,CIFAR100,,0.9,0.999,378,1.4304460676193238,0.5890968220008537,59.38,28,100,2800804,36.32979226112366,36.02849054336548,0.3013017177581787,,2852.35595703125,1
FedAdam,CIFAR100,,0.9,0.999,379,1.416737643623352,0.5885728038431726,59.37,26,100,2800804,35.16463756561279,34.86681389808655,0.2978236675262451,,2852.35595703125,1
FedAdam,CIFAR100,,0.9,0.999,380,1.4303767711639404,0.5864590414338448,59.22,25,100,2800804,34.38637685775757,34.06695508956909,0.31942176818847656,,2852.35595703125,1
FedAdam,CIFAR100,,0.9,0.999,381,1.4307540925979614,0.5898475224167317,59.44,30,100,2800804,39.542696952819824,39.19160056114197,0.35109639167785645,,2852.35595703125,1
FedAdam,CIFAR100,,0.9,0.999,382,1.3941836576461792,0.6006694736385615,60.56,27,100,2800804,36.18348026275635,35.87013912200928,0.3133411407470703,,2852.35595703125,1
FedAdam,CIFAR100,,0.9,0.999,383,1.3916328247070313,0.6013965529387909,60.68,27,100,2800804,36.32235813140869,35.99006986618042,0.3322882652282715,,2852.35595703125,1
FedAdam,CIFAR100,,0.9,0.999,384,1.3989770612716674,0.5955322272015073,60.23,28,100,2800804,37.845969915390015,37.501065731048584,0.34490418434143066,,2852.35595703125,1
FedAdam,CIFAR100,,0.9,0.999,385,1.392425525665283,0.6019350608472458,60.79,27,100,2800804,34.959471702575684,34.612842321395874,0.34662938117980957,,2852.35595703125,1
FedAdam,CIFAR100,,0.9,0.999,386,1.3843459043502808,0.5996631798593992,60.49,20,100,2800804,26.249592542648315,26.020350456237793,0.22924208641052246,,2852.35595703125,1
FedAdam,CIFAR100,,0.9,0.999,387,1.3955427696228027,0.6002868071745447,60.49,28,100,2800804,37.25076746940613,36.9096257686615,0.3411417007446289,,2852.35595703125,1
FedAdam,CIFAR100,,0.9,0.999,388,1.3870494918823242,0.6038415695568071,60.65,20,100,2800804,26.72730803489685,26.48083209991455,0.2464759349822998,,2852.35595703125,1
FedAdam,CIFAR100,,0.9,0.999,389,1.3726341123580932,0.6080099183541945,61.06,27,100,2800804,35.553492307662964,35.239176750183105,0.3143155574798584,,2852.35595703125,1
FedAdam,CIFAR100,,0.9,0.999,390,1.384465426826477,0.6016995811820921,60.49,25,100,2800804,32.88345551490784,32.59376382827759,0.289691686630249,,2852.35595703125,1
FedAdam,CIFAR100,,0.9,0.999,391,1.395043325805664,0.5935511776857385,59.92,20,100,2800804,25.814761877059937,25.57136082649231,0.24340105056762695,,2852.35595703125,1
FedAdam,CIFAR100,,0.9,0.999,392,1.4003713167190552,0.5942382606023575,60.06,20,100,2800804,26.32638907432556,26.093847036361694,0.2325420379638672,,2852.35595703125,1
FedAdam,CIFAR100,,0.9,0.999,393,1.4060358097076415,0.5943674178278981,60.11,20,100,2800804,25.45557951927185,25.20853567123413,0.24704384803771973,,2852.35595703125,1
FedAdam,CIFAR100,,0.9,0.999,394,1.3984969301223755,0.5989719316312937,60.47,23,100,2800804,30.23712706565857,29.9539053440094,0.2832217216491699,,2852.35595703125,1
FedAdam,CIFAR100,,0.9,0.999,395,1.3805306112289428,0.6014840625094094,60.53,20,100,2800804,27.148797273635864,26.88917374610901,0.25962352752685547,,2852.35595703125,1
FedAdam,CIFAR100,,0.9,0.999,396,1.3703442754745483,0.6040721038422735,60.87,22,100,2800804,29.293837547302246,29.032004594802856,0.26183295249938965,,2852.35595703125,1
FedAdam,CIFAR100,,0.9,0.999,397,1.3694522542953491,0.6068671052377568,61.12,23,100,2800804,31.517430067062378,31.227762699127197,0.28966736793518066,,2852.35595703125,1
FedAdam,CIFAR100,,0.9,0.999,398,1.3763761505126952,0.6016690763274049,60.55,27,100,2800804,34.343217849731445,33.99689602851868,0.34632182121276855,,2852.35595703125,1
FedAdam,CIFAR100,,0.9,0.999,399,1.3900210578918457,0.6023421183602453,60.57,27,100,2800804,36.47168564796448,36.15778374671936,0.3139019012451172,,2852.35595703125,1
FedAdam,CIFAR100,,0.9,0.999,400,1.4015537225723267,0.6007571599315886,60.34,21,100,2800804,28.654287099838257,28.406944036483765,0.2473430633544922,,2852.35595703125,1
FedAdam,CIFAR100,,0.9,0.999,401,1.3899460193634032,0.6009864950179551,60.6,21,100,2800804,28.557793855667114,28.288170337677002,0.2696235179901123,,2852.35595703125,1
FedAdam,CIFAR100,,0.9,0.999,402,1.3724128360748291,0.6060442137494411,61.27,27,100,2800804,35.79549169540405,35.469651222229004,0.32584047317504883,,2852.35595703125,1
FedAdam,CIFAR100,,0.9,0.999,403,1.3653189182281493,0.6091618004527457,61.45,29,100,2800804,38.98762798309326,38.63651943206787,0.3511085510253906,,2852.35595703125,1
FedAdam,CIFAR100,,0.9,0.999,404,1.3591330953598022,0.6133395235347017,61.89,22,100,2800804,28.52747416496277,28.279257774353027,0.2482163906097412,,2852.35595703125,1
FedAdam,CIFAR100,,0.9,0.999,405,1.3547515954971314,0.6075809608959039,61.27,22,100,2800804,30.345070123672485,30.05506944656372,0.29000067710876465,,2852.35595703125,1
FedAdam,CIFAR100,,0.9,0.999,406,1.3466286800384522,0.6096048151884799,61.32,30,100,2800804,39.68577527999878,39.314422369003296,0.3713529109954834,,2852.35595703125,1
FedAdam,CIFAR100,,0.9,0.999,407,1.34930007648468,0.6095161287408287,61.34,27,100,2800804,36.73677611351013,36.41583299636841,0.32094311714172363,,2852.35595703125,1
FedAdam,CIFAR100,,0.9,0.999,408,1.3337333124160766,0.6141204409213191,61.93,20,100,2800804,26.311578035354614,26.054733276367188,0.25684475898742676,,2852.35595703125,1
FedAdam,CIFAR100,,0.9,0.999,409,1.3169175437927245,0.6181118240315299,62.52,29,100,2800804,39.51987814903259,39.17455768585205,0.345320463180542,,2852.35595703125,1
FedAdam,CIFAR100,,0.9,0.999,410,1.3160784296035766,0.6185939133459756,62.48,27,100,2800804,35.51931095123291,35.2092125415802,0.31009840965270996,,2852.35595703125,1
FedAdam,CIFAR100,,0.9,0.999,411,1.3157403593063355,0.6177228961303421,62.31,27,100,2800804,36.70144844055176,36.382134199142456,0.31931424140930176,,2852.35595703125,1
FedAdam,CIFAR100,,0.9,0.999,412,1.302232851600647,0.6226507746659654,62.6,23,100,2800804,30.298218727111816,30.017065286636353,0.28115344047546387,,2852.35595703125,1
FedAdam,CIFAR100,,0.9,0.999,413,1.3033035022735595,0.619206558364069,62.31,23,100,2800804,31.124608039855957,30.84908390045166,0.2755241394042969,,2852.35595703125,1
FedAdam,CIFAR100,,0.9,0.999,414,1.3100094961166382,0.6156148468230757,62.25,22,100,2800804,28.998460054397583,28.73196768760681,0.2664923667907715,,2852.35595703125,1
FedAdam,CIFAR100,,0.9,0.999,415,1.320703003692627,0.6124355887882926,61.92,27,100,2800804,34.71533942222595,34.396629333496094,0.3187100887298584,,2852.35595703125,1
FedAdam,CIFAR100,,0.9,0.999,416,1.3204921543121337,0.616005969404927,62.34,24,100,2800804,32.92840003967285,32.646668434143066,0.28173160552978516,,2852.35595703125,1
FedAdam,CIFAR100,,0.9,0.999,417,1.3167304889678955,0.6206692819007512,62.53,28,100,2800804,37.51991295814514,37.19790577888489,0.3220071792602539,,2852.35595703125,1
FedAdam,CIFAR100,,0.9,0.999,418,1.3035240715026855,0.6278780469919473,63.13,29,100,2800804,38.80594444274902,38.47814655303955,0.32779788970947266,,2852.35595703125,1
FedAdam,CIFAR100,,0.9,0.999,419,1.2954508920669556,0.6264944756300251,62.97,26,100,2800804,33.85147571563721,33.53636431694031,0.3151113986968994,,2852.35595703125,1
FedAdam,CIFAR100,,0.9,0.999,420,1.30301938457489,0.6246133380816677,62.83,22,100,2800804,28.427992582321167,28.16229486465454,0.265697717666626,,2852.35595703125,1
FedAdam,CIFAR100,,0.9,0.999,421,1.3019734073638916,0.6214993689416964,62.58,25,100,2800804,33.09276628494263,32.77273154258728,0.3200347423553467,,2852.35595703125,1
FedAdam,CIFAR100,,0.9,0.999,422,1.289789699935913,0.6225975044401784,62.8,23,100,2800804,30.719837427139282,30.425328016281128,0.2945094108581543,,2852.35595703125,1
FedAdam,CIFAR100,,0.9,0.999,423,1.272688471031189,0.6305011004577652,63.59,24,100,2800804,32.025105476379395,31.716083526611328,0.3090219497680664,,2852.35595703125,1
FedAdam,CIFAR100,,0.9,0.999,424,1.281870624923706,0.6299802006654431,63.44,25,100,2800804,33.635721921920776,33.340572357177734,0.295149564743042,,2852.35595703125,1
FedAdam,CIFAR100,,0.9,0.999,425,1.302127299118042,0.6277934755310298,63.02,29,100,2800804,40.008357524871826,39.670936822891235,0.3374207019805908,,2852.35595703125,1
FedAdam,CIFAR100,,0.9,0.999,426,1.2926156644821167,0.6250965214132349,62.74,28,100,2800804,38.28906774520874,37.952157497406006,0.3369102478027344,,2852.35595703125,1
FedAdam,CIFAR100,,0.9,0.999,427,1.2867274869918823,0.6279716801515458,63.1,23,100,2800804,29.52399468421936,29.24644446372986,0.27755022048950195,,2852.35595703125,1
FedAdam,CIFAR100,,0.9,0.999,428,1.2934109565734864,0.6275648305320223,63.12,21,100,2800804,27.144882440567017,26.893420696258545,0.2514617443084717,,2852.35595703125,1
FedAdam,CIFAR100,,0.9,0.999,429,1.2926435775756835,0.6300011768934246,63.34,27,100,2800804,36.46980428695679,36.12588143348694,0.34392285346984863,,2852.35595703125,1
FedAdam,CIFAR100,,0.9,0.999,430,1.2690156375885009,0.6322753117001865,63.63,30,100,2800804,41.6287145614624,41.25950384140015,0.36921072006225586,,2852.35595703125,1
FedAdam,CIFAR100,,0.9,0.999,431,1.2781141370773315,0.6324664231798693,63.63,22,100,2800804,29.342200756072998,29.086517333984375,0.25568342208862305,,2852.35595703125,1
FedAdam,CIFAR100,,0.9,0.999,432,1.302828291130066,0.6210421004169843,62.69,20,100,2800804,25.85913634300232,25.60448169708252,0.2546546459197998,,2852.35595703125,1
FedAdam,CIFAR100,,0.9,0.999,433,1.3095467113494874,0.6176818625346413,62.43,30,100,2800804,39.21501588821411,38.88367509841919,0.3313407897949219,,2852.35595703125,1
FedAdam,CIFAR100,,0.9,0.999,434,1.279869273376465,0.6298606326827074,63.37,23,100,2800804,30.146562814712524,29.860491514205933,0.2860713005065918,,2852.35595703125,1
FedAdam,CIFAR100,,0.9,0.999,435,1.2666626550674438,0.6337263620597688,63.6,30,100,2800804,39.805447816848755,39.471561431884766,0.33388638496398926,,2852.35595703125,1
FedAdam,CIFAR100,,0.9,0.999,436,1.2652258586883545,0.6334805261564485,63.86,21,100,2800804,27.656903743743896,27.397801876068115,0.25910186767578125,,2852.35595703125,1
FedAdam,CIFAR100,,0.9,0.999,437,1.2608470443725586,0.6307641413050916,63.74,27,100,2800804,35.40243315696716,35.08005475997925,0.32237839698791504,,2852.35595703125,1
FedAdam,CIFAR100,,0.9,0.999,438,1.2674795707702637,0.6289104906079873,63.54,21,100,2800804,27.715177536010742,27.449360370635986,0.26581716537475586,,2852.35595703125,1
FedAdam,CIFAR100,,0.9,0.999,439,1.274574100112915,0.6273254200291334,63.31,22,100,2800804,29.27499532699585,28.99908137321472,0.27591395378112793,,2852.35595703125,1
FedAdam,CIFAR100,,0.9,0.999,440,1.2648342483520507,0.6275519101628324,63.27,28,100,2800804,36.67646622657776,36.34616255760193,0.3303036689758301,,2852.35595703125,1
FedAdam,CIFAR100,,0.9,0.999,441,1.2558468536376952,0.6357411744436948,63.87,22,100,2800804,29.541452169418335,29.265726327896118,0.2757258415222168,,2852.35595703125,1
FedAdam,CIFAR100,,0.9,0.999,442,1.2543353420257568,0.6349531370711047,63.9,28,100,2800804,38.4010591506958,38.065279483795166,0.33577966690063477,,2852.35595703125,1
FedAdam,CIFAR100,,0.9,0.999,443,1.23605323638916,0.6407306030432328,64.57,28,100,2800804,37.11321496963501,36.79160022735596,0.32161474227905273,,2852.35595703125,1
FedAdam,CIFAR100,,0.9,0.999,444,1.2315963989257812,0.6410212272812905,64.47,29,100,2800804,38.76042699813843,38.404812812805176,0.35561418533325195,,2852.35595703125,1
FedAdam,CIFAR100,,0.9,0.999,445,1.250860300064087,0.6378990998109368,63.99,28,100,2800804,37.10348844528198,36.75651788711548,0.3469705581665039,,2852.35595703125,1
FedAdam,CIFAR100,,0.9,0.999,446,1.2578176177978515,0.6398126338068524,64.05,27,100,2800804,36.57967662811279,36.25184488296509,0.3278317451477051,,2852.35595703125,1
FedAdam,CIFAR100,,0.9,0.999,447,1.2593106199264525,0.6387109989515597,63.91,28,100,2800804,39.02778482437134,38.66700005531311,0.36078476905822754,,2852.35595703125,1
FedAdam,CIFAR100,,0.9,0.999,448,1.2540948921203614,0.63615392281253,63.83,27,100,2800804,39.22242212295532,38.889315605163574,0.33310651779174805,,2852.35595703125,1
FedAdam,CIFAR100,,0.9,0.999,449,1.2509905212402344,0.6341075841364827,63.91,28,100,2800804,39.01921510696411,38.657700300216675,0.3615148067474365,,2852.35595703125,1
FedAdam,CIFAR100,,0.9,0.999,450,1.2543273223876954,0.6344624595431979,64.0,27,100,2800804,37.337565183639526,37.00539493560791,0.3321702480316162,,2852.35595703125,1
FedAdam,CIFAR100,,0.9,0.999,451,1.2557056888580322,0.6410034698722379,64.62,20,100,2800804,28.12348484992981,27.868901014328003,0.25458383560180664,,2852.35595703125,1
FedAdam,CIFAR100,,0.9,0.999,452,1.248520531654358,0.6403592381520522,64.42,26,100,2800804,36.94424867630005,36.629517555236816,0.3147311210632324,,2852.35595703125,1
FedAdam,CIFAR100,,0.9,0.999,453,1.2438157878875733,0.6431412133722405,64.61,27,100,2800804,36.06309628486633,35.751980781555176,0.3111155033111572,,2852.35595703125,1
FedAdam,CIFAR100,,0.9,0.999,454,1.2446664836883545,0.64534076838322,64.75,26,100,2800804,34.672107458114624,34.36763000488281,0.3044774532318115,,2852.35595703125,1
FedAdam,CIFAR100,,0.9,0.999,455,1.2502014415740967,0.6402753521148647,64.27,25,100,2800804,33.47984194755554,33.172199010849,0.30764293670654297,,2852.35595703125,1
FedAdam,CIFAR100,,0.9,0.999,456,1.253907808303833,0.6363083415401273,64.0,20,100,2800804,26.811773777008057,26.551722764968872,0.26005101203918457,,2852.35595703125,1
FedAdam,CIFAR100,,0.9,0.999,457,1.244859257698059,0.6383414378655626,64.19,27,100,2800804,37.860405921936035,37.5147430896759,0.34566283226013184,,2852.35595703125,1
FedAdam,CIFAR100,,0.9,0.999,458,1.2413613977432252,0.6403755347895399,64.41,23,100,2800804,32.31473636627197,32.033711433410645,0.2810249328613281,,2852.35595703125,1
FedAdam,CIFAR100,,0.9,0.999,459,1.2503491752624512,0.6368181830095839,64.13,28,100,2800804,37.86451506614685,37.49197196960449,0.3725430965423584,,2852.35595703125,1
FedAdam,CIFAR100,,0.9,0.999,460,1.2514634216308593,0.6343573216945105,63.94,22,100,2800804,30.497503757476807,30.21835970878601,0.2791440486907959,,2852.35595703125,1
FedAdam,CIFAR100,,0.9,0.999,461,1.240789778137207,0.6366321803863176,64.11,29,100,2800804,40.55263543128967,40.189818143844604,0.36281728744506836,,2852.35595703125,1
FedAdam,CIFAR100,,0.9,0.999,462,1.2353531970977782,0.639706211332031,64.43,24,100,2800804,32.78955054283142,32.48667550086975,0.3028750419616699,,2852.35595703125,1
FedAdam,CIFAR100,,0.9,0.999,463,1.2272944248199462,0.6419883319333121,64.59,21,100,2800804,29.805404901504517,29.531675338745117,0.2737295627593994,,2852.35595703125,1
FedAdam,CIFAR100,,0.9,0.999,464,1.22079781665802,0.6466537232119676,64.91,26,100,2800804,36.34433722496033,36.001829862594604,0.34250736236572266,,2852.35595703125,1
FedAdam,CIFAR100,,0.9,0.999,465,1.2286828536987304,0.6481035080588089,65.04,23,100,2800804,31.852297067642212,31.549936294555664,0.30236077308654785,,2852.35595703125,1
FedAdam,CIFAR100,,0.9,0.999,466,1.241700401687622,0.6442832989906784,64.77,23,100,2800804,31.792548894882202,31.49008536338806,0.3024635314941406,,2852.35595703125,1
FedAdam,CIFAR100,,0.9,0.999,467,1.2351702318191529,0.6440308585446946,64.79,27,100,2800804,36.96591234207153,36.61287784576416,0.35303449630737305,,2852.35595703125,1
FedAdam,CIFAR100,,0.9,0.999,468,1.2233068782806396,0.6462797282749917,65.01,22,100,2800804,30.82287883758545,30.532613277435303,0.2902655601501465,,2852.35595703125,1
FedAdam,CIFAR100,,0.9,0.999,469,1.2279766790390014,0.6419625240613904,64.58,21,100,2800804,28.096617698669434,27.823686122894287,0.2729315757751465,,2852.35595703125,1
FedAdam,CIFAR100,,0.9,0.999,470,1.2257818737030028,0.6446755316020415,64.84,27,100,2800804,36.989235639572144,36.6521852016449,0.3370504379272461,,2852.35595703125,1
FedAdam,CIFAR100,,0.9,0.999,471,1.2248522424697876,0.645116787926006,64.92,25,100,2800804,34.45228338241577,34.141396284103394,0.31088709831237793,,2852.35595703125,1
FedAdam,CIFAR100,,0.9,0.999,472,1.2192107355117798,0.6455329270305554,65.01,25,100,2800804,35.05253505706787,34.73264789581299,0.3198871612548828,,2852.35595703125,1
FedAdam,CIFAR100,,0.9,0.999,473,1.225861785697937,0.6497147698042006,65.35,25,100,2800804,34.966115951538086,34.65047335624695,0.3156425952911377,,2852.35595703125,1
FedAdam,CIFAR100,,0.9,0.999,474,1.2136402094841003,0.6499326033543464,65.37,26,100,2800804,36.70656895637512,36.404947996139526,0.3016209602355957,,2852.35595703125,1
FedAdam,CIFAR100,,0.9,0.999,475,1.2106365940093995,0.6521571750413244,65.48,23,100,2800804,30.803924798965454,30.526634454727173,0.27729034423828125,,2852.35595703125,1
FedAdam,CIFAR100,,0.9,0.999,476,1.2042488351821898,0.6550653149177212,65.61,26,100,2800804,34.93620157241821,34.588966369628906,0.34723520278930664,,2852.35595703125,1
FedAdam,CIFAR100,,0.9,0.999,477,1.2010678818702698,0.655688144213645,65.69,25,100,2800804,34.63262486457825,34.324257612228394,0.3083672523498535,,2852.35595703125,1
FedAdam,CIFAR100,,0.9,0.999,478,1.2210774831771851,0.648060051241068,65.14,20,100,2800804,28.665924549102783,28.408737182617188,0.2571873664855957,,2852.35595703125,1
FedAdam,CIFAR100,,0.9,0.999,479,1.2264261754989625,0.6420456460534945,64.68,26,100,2800804,37.18360209465027,36.846195459365845,0.33740663528442383,,2852.35595703125,1
FedAdam,CIFAR100,,0.9,0.999,480,1.199849882221222,0.6525676974150996,65.59,24,100,2800804,33.15401005744934,32.84678030014038,0.30722975730895996,,2852.35595703125,1
FedAdam,CIFAR100,,0.9,0.999,481,1.202111146259308,0.6542276393198666,65.61,25,100,2800804,35.338958740234375,35.01518988609314,0.32376885414123535,,2852.35595703125,1
FedAdam,CIFAR100,,0.9,0.999,482,1.194985717868805,0.6575669354084728,65.9,26,100,2800804,34.29688739776611,34.00179982185364,0.2950875759124756,,2852.35595703125,1
FedAdam,CIFAR100,,0.9,0.999,483,1.1861364124298095,0.6577987815269547,65.91,27,100,2800804,37.180340051651,36.84607267379761,0.33426737785339355,,2852.35595703125,1
FedAdam,CIFAR100,,0.9,0.999,484,1.1873233570098878,0.6563305680068062,65.84,28,100,2800804,39.100772857666016,38.7545428276062,0.34623003005981445,,2852.35595703125,1
FedAdam,CIFAR100,,0.9,0.999,485,1.2018902950286865,0.6498351328678241,65.25,23,100,2800804,30.861894845962524,30.56799840927124,0.2938964366912842,,2852.35595703125,1
FedAdam,CIFAR100,,0.9,0.999,486,1.1912722261428832,0.6545924370674127,65.89,26,100,2800804,34.63459300994873,34.33954882621765,0.2950441837310791,,2852.35595703125,1
FedAdam,CIFAR100,,0.9,0.999,487,1.178931939125061,0.6571914548275397,66.1,28,100,2800804,37.624858379364014,37.29165530204773,0.3332030773162842,,2852.35595703125,1
FedAdam,CIFAR100,,0.9,0.999,488,1.1845001529693604,0.6582589998188495,66.12,22,100,2800804,29.89973473548889,29.642334938049316,0.2573997974395752,,2852.35595703125,1
FedAdam,CIFAR100,,0.9,0.999,489,1.178299431705475,0.6621410712918273,66.31,24,100,2800804,31.4252872467041,31.149693489074707,0.27559375762939453,,2852.35595703125,1
FedAdam,CIFAR100,,0.9,0.999,490,1.1696757507324218,0.6608766016645014,66.23,29,100,2800804,39.30874562263489,38.97712993621826,0.331615686416626,,2852.35595703125,1
FedAdam,CIFAR100,,0.9,0.999,491,1.1683458675384522,0.660172701484997,66.34,21,100,2800804,29.110230684280396,28.8591787815094,0.2510519027709961,,2852.35595703125,1
FedAdam,CIFAR100,,0.9,0.999,492,1.1889627317428588,0.6553742130294592,65.89,25,100,2800804,32.57977056503296,32.29190754890442,0.28786301612854004,,2852.35595703125,1
FedAdam,CIFAR100,,0.9,0.999,493,1.200406611251831,0.6517926113623314,65.64,25,100,2800804,32.20992875099182,31.905091524124146,0.3048372268676758,,2852.35595703125,1
FedAdam,CIFAR100,,0.9,0.999,494,1.177553447532654,0.655470783411087,65.98,21,100,2800804,28.327970504760742,28.060115814208984,0.2678546905517578,,2852.35595703125,1
FedAdam,CIFAR100,,0.9,0.999,495,1.173108115196228,0.6549666443841088,65.86,23,100,2800804,29.54903292655945,29.25979995727539,0.2892329692840576,,2852.35595703125,1
FedAdam,CIFAR100,,0.9,0.999,496,1.1686649633407593,0.6608011191001378,66.41,30,100,2800804,38.99006509780884,38.64926338195801,0.3408017158508301,,2852.35595703125,1
FedAdam,CIFAR100,,0.9,0.999,497,1.1645945329666139,0.6592123693822133,66.21,21,100,2800804,28.027259588241577,27.770478010177612,0.25678157806396484,,2852.35595703125,1
FedAdam,CIFAR100,,0.9,0.999,498,1.1834950115203857,0.6557062094087258,66.0,22,100,2800804,28.570088624954224,28.314850568771362,0.25523805618286133,,2852.35595703125,1
FedAdam,CIFAR100,,0.9,0.999,499,1.1983843418121338,0.6500236867170037,65.53,28,100,2800804,36.96235799789429,36.62493920326233,0.337418794631958,,2852.35595703125,1
FedAdam,CIFAR100,,0.9,0.999,500,1.1942741949081421,0.6521697354733965,65.84,23,100,2800804,30.122677326202393,29.853257656097412,0.26941967010498047,,2852.35595703125,1
FedAdam,CIFAR100,,0.9,0.999,1,4.670844755554199,0.00019801980198019803,1.0,20,100,2800804,26.603042364120483,26.356202840805054,0.2468395233154297,,2722.30029296875,2
FedAdam,CIFAR100,,0.9,0.999,2,4.64178802947998,0.00019801980198019803,1.0,28,100,2800804,36.67891716957092,36.34185218811035,0.3370649814605713,,2823.98388671875,2
FedAdam,CIFAR100,,0.9,0.999,3,4.646836028289795,0.00019807863721897593,1.0,26,100,2800804,34.44189119338989,34.13107228279114,0.3108189105987549,,2823.98388671875,2
FedAdam,CIFAR100,,0.9,0.999,4,4.649770253753662,0.00019803940984255866,1.0,27,100,2800804,35.74000835418701,35.41290736198425,0.3271009922027588,,2823.98388671875,2
FedAdam,CIFAR100,,0.9,0.999,5,4.646183799743652,0.00019801980198019803,1.0,21,100,2800804,27.58974289894104,27.353687286376953,0.23605561256408691,,2823.98388671875,2
FedAdam,CIFAR100,,0.9,0.999,6,4.639635597229004,0.00019817677368212446,1.0,20,100,2800804,25.749159336090088,25.523990869522095,0.22516846656799316,,2823.98388671875,2
FedAdam,CIFAR100,,0.9,0.999,7,4.647805656433105,0.00019801980198019803,1.0,20,100,2800804,26.40144395828247,26.152188539505005,0.24925541877746582,,2823.98388671875,2
FedAdam,CIFAR100,,0.9,0.999,8,4.649716325378418,0.002002696789576588,1.43,29,100,2800804,37.76926398277283,37.442429065704346,0.32683491706848145,,2833.78955078125,2
FedAdam,CIFAR100,,0.9,0.999,9,4.651290455627441,0.00019801980198019803,1.0,20,100,2800804,25.81043791770935,25.576284408569336,0.23415350914001465,,2833.78955078125,2
FedAdam,CIFAR100,,0.9,0.999,10,4.661140480041504,0.0004949990028378544,1.21,26,100,2800804,34.388405561447144,34.049946308135986,0.3384592533111572,,2833.78955078125,2
FedAdam,CIFAR100,,0.9,0.999,11,4.6565302467346195,0.00048140698080450893,1.23,30,100,2800804,39.48612093925476,39.13656044006348,0.3495604991912842,,2842.60302734375,2
FedAdam,CIFAR100,,0.9,0.999,12,4.65419167175293,0.00019801980198019803,1.0,24,100,2800804,31.524271488189697,31.2347731590271,0.28949832916259766,,2842.60302734375,2
FedAdam,CIFAR100,,0.9,0.999,13,4.64861760635376,0.0004368697072117103,1.01,25,100,2800804,32.65991973876953,32.36814880371094,0.29177093505859375,,2842.60302734375,2
FedAdam,CIFAR100,,0.9,0.999,14,4.649812408447266,0.0005345274703473295,1.02,22,100,2800804,29.032880783081055,28.776170015335083,0.2567107677459717,,2842.60302734375,2
FedAdam,CIFAR100,,0.9,0.999,15,4.651320683288574,0.00019801980198019803,1.0,21,100,2800804,28.173314094543457,27.906903505325317,0.26641058921813965,,2842.60302734375,2
FedAdam,CIFAR100,,0.9,0.999,16,4.652254849243164,0.00019801980198019803,1.0,21,100,2800804,27.32744526863098,27.069427251815796,0.25801801681518555,,2842.60302734375,2
FedAdam,CIFAR100,,0.9,0.999,17,4.650234569549561,0.0009382885540528274,1.11,22,100,2800804,29.114100217819214,28.86122155189514,0.25287866592407227,,2842.60302734375,2
FedAdam,CIFAR100,,0.9,0.999,18,4.656375125122071,0.00019801980198019803,1.0,28,100,2800804,37.12583374977112,36.79927372932434,0.32656002044677734,,2842.60302734375,2
FedAdam,CIFAR100,,0.9,0.999,19,4.661690031433105,0.00019801980198019803,1.0,29,100,2800804,37.91087007522583,37.566317558288574,0.34455251693725586,,2842.60302734375,2
FedAdam,CIFAR100,,0.9,0.999,20,4.668227045440674,0.0005610163735895367,1.22,26,100,2800804,33.42728519439697,33.1163444519043,0.3109407424926758,,2842.60302734375,2
FedAdam,CIFAR100,,0.9,0.999,21,4.657717327880859,0.00027671961039236543,1.01,27,100,2800804,35.51023721694946,35.19060468673706,0.31963253021240234,,2842.60302734375,2
FedAdam,CIFAR100,,0.9,0.999,22,4.662251458740235,0.0014051331197739384,1.7,24,100,2800804,31.788053035736084,31.512703895568848,0.27534914016723633,,2842.60302734375,2
FedAdam,CIFAR100,,0.9,0.999,23,4.654670458221435,0.0008578912530319502,1.45,27,100,2800804,35.621482849121094,35.292837142944336,0.3286457061767578,,2842.60302734375,2
FedAdam,CIFAR100,,0.9,0.999,24,4.641629489135743,0.0007313604389035977,1.33,26,100,2800804,34.49552536010742,34.195284843444824,0.30024051666259766,,2842.60302734375,2
FedAdam,CIFAR100,,0.9,0.999,25,4.630312411499023,0.001232389122351973,1.51,21,100,2800804,27.67219567298889,27.409477472305298,0.26271820068359375,,2842.60302734375,2
FedAdam,CIFAR100,,0.9,0.999,26,4.63494232635498,0.001322270057699215,1.4,27,100,2800804,35.59541893005371,35.25906777381897,0.3363511562347412,,2842.60302734375,2
FedAdam,CIFAR100,,0.9,0.999,27,4.617873194885254,0.0010465973489250547,1.28,25,100,2800804,34.27279853820801,33.976402282714844,0.29639625549316406,,2842.60302734375,2
FedAdam,CIFAR100,,0.9,0.999,28,4.612758184814453,0.0013873345427876868,1.3,22,100,2800804,29.393820762634277,29.132478713989258,0.26134204864501953,,2842.60302734375,2
FedAdam,CIFAR100,,0.9,0.999,29,4.616337869262695,0.0022471565358962325,1.63,22,100,2800804,28.57789969444275,28.333225965499878,0.2446737289428711,,2842.60302734375,2
FedAdam,CIFAR100,,0.9,0.999,30,4.621091088104248,0.0011752751753078905,1.39,28,100,2800804,37.05592107772827,36.700098276138306,0.3558228015899658,,2842.60302734375,2
FedAdam,CIFAR100,,0.9,0.999,31,4.619369194793701,0.0016369777950071167,1.6,22,100,2800804,28.71989345550537,28.45741844177246,0.26247501373291016,,2842.60302734375,2
FedAdam,CIFAR100,,0.9,0.999,32,4.6256930397033695,0.0015075727673308054,1.77,24,100,2800804,31.52557063102722,31.259687900543213,0.2658827304840088,,2842.60302734375,2
FedAdam,CIFAR100,,0.9,0.999,33,4.623163505554199,0.002640572993670212,1.78,20,100,2800804,25.876688718795776,25.646212816238403,0.23047590255737305,,2842.60302734375,2
FedAdam,CIFAR100,,0.9,0.999,34,4.609739575958252,0.0019171575946666031,2.24,23,100,2800804,28.9416184425354,28.680702209472656,0.26091623306274414,,2842.60302734375,2
FedAdam,CIFAR100,,0.9,0.999,35,4.589043051147461,0.0027340115977693086,2.31,26,100,2800804,34.584552526474,34.29502010345459,0.2895324230194092,,2842.60302734375,2
FedAdam,CIFAR100,,0.9,0.999,36,4.5744696044921875,0.003875343102795978,2.11,22,100,2800804,27.828479766845703,27.584744215011597,0.24373555183410645,,2842.60302734375,2
FedAdam,CIFAR100,,0.9,0.999,37,4.555470153808594,0.004180329887754236,1.98,28,100,2800804,36.662741899490356,36.35142159461975,0.31132030487060547,,2842.60302734375,2
FedAdam,CIFAR100,,0.9,0.999,38,4.537311391448974,0.005828346666860709,2.5,29,100,2800804,37.671194314956665,37.314552545547485,0.3566417694091797,,2842.60302734375,2
FedAdam,CIFAR100,,0.9,0.999,39,4.52617569732666,0.004858212629445662,2.57,24,100,2800804,31.259113788604736,30.9712131023407,0.2879006862640381,,2842.60302734375,2
FedAdam,CIFAR100,,0.9,0.999,40,4.512596127319336,0.006402590189260326,2.61,29,100,2800804,37.940900564193726,37.57605004310608,0.3648505210876465,,2842.60302734375,2
FedAdam,CIFAR100,,0.9,0.999,41,4.507871245574951,0.006138968801560893,2.73,20,100,2800804,26.56510639190674,26.329925537109375,0.23518085479736328,,2842.60302734375,2
FedAdam,CIFAR100,,0.9,0.999,42,4.498284445953369,0.004002849879890167,2.43,28,100,2800804,37.526365518569946,37.20485782623291,0.32150769233703613,,2842.60302734375,2
FedAdam,CIFAR100,,0.9,0.999,43,4.486787023925781,0.0035593392003211784,2.57,20,100,2800804,26.33548140525818,26.098896265029907,0.23658514022827148,,2842.60302734375,2
FedAdam,CIFAR100,,0.9,0.999,44,4.491374423217773,0.004048528676703843,2.54,23,100,2800804,30.609416007995605,30.31622552871704,0.29319047927856445,,2842.60302734375,2
FedAdam,CIFAR100,,0.9,0.999,45,4.500765314483642,0.005958563704187453,2.84,22,100,2800804,30.03196358680725,29.74423885345459,0.28772473335266113,,2842.60302734375,2
FedAdam,CIFAR100,,0.9,0.999,46,4.490819946289062,0.005709572809690263,2.84,26,100,2800804,35.59160304069519,35.26964569091797,0.3219573497772217,,2842.60302734375,2
FedAdam,CIFAR100,,0.9,0.999,47,4.474869972229004,0.009364912688713608,3.13,21,100,2800804,27.7237446308136,27.452476978302002,0.2712676525115967,,2842.60302734375,2
FedAdam,CIFAR100,,0.9,0.999,48,4.454871330261231,0.007467607240064793,2.96,25,100,2800804,33.105321407318115,32.79315805435181,0.3121633529663086,,2842.60302734375,2
FedAdam,CIFAR100,,0.9,0.999,49,4.4171396789550785,0.007618201829318727,3.15,27,100,2800804,36.91715741157532,36.58989858627319,0.327258825302124,,2842.60302734375,2
FedAdam,CIFAR100,,0.9,0.999,50,4.388698160552979,0.010760822171981868,3.48,20,100,2800804,26.1512508392334,25.91637349128723,0.234877347946167,,2842.60302734375,2
FedAdam,CIFAR100,,0.9,0.999,51,4.363184394073486,0.01389346718895961,3.74,27,100,2800804,36.30078935623169,35.99210023880005,0.3086891174316406,,2842.60302734375,2
FedAdam,CIFAR100,,0.9,0.999,52,4.326399546051025,0.01956581370460119,4.64,26,100,2800804,34.91156196594238,34.5822434425354,0.3293185234069824,,2842.60302734375,2
FedAdam,CIFAR100,,0.9,0.999,53,4.301426609802246,0.015807014047153806,4.71,20,100,2800804,26.681397914886475,26.426316738128662,0.2550811767578125,,2842.60302734375,2
FedAdam,CIFAR100,,0.9,0.999,54,4.303620724487304,0.010691867930341931,4.03,24,100,2800804,32.46298909187317,32.177037477493286,0.2859516143798828,,2842.60302734375,2
FedAdam,CIFAR100,,0.9,0.999,55,4.304052038574219,0.014238655444980486,4.51,22,100,2800804,28.884666442871094,28.60616135597229,0.2785050868988037,,2842.60302734375,2
FedAdam,CIFAR100,,0.9,0.999,56,4.290089621734619,0.019126268531365776,5.17,28,100,2800804,36.07117319107056,35.755375385284424,0.3157978057861328,,2842.60302734375,2
FedAdam,CIFAR100,,0.9,0.999,57,4.263699140167236,0.020440175017245807,5.45,25,100,2800804,32.51821494102478,32.21539354324341,0.30282139778137207,,2842.60302734375,2
FedAdam,CIFAR100,,0.9,0.999,58,4.223365013122558,0.023470668950266723,5.79,29,100,2800804,38.389319896698,38.039140701293945,0.35017919540405273,,2842.60302734375,2
FedAdam,CIFAR100,,0.9,0.999,59,4.187512132263183,0.02132564199102004,5.87,26,100,2800804,33.562596559524536,33.26265263557434,0.2999439239501953,,2842.60302734375,2
FedAdam,CIFAR100,,0.9,0.999,60,4.167660089111328,0.027108513707124828,6.24,21,100,2800804,26.87309241294861,26.638848304748535,0.23424410820007324,,2842.60302734375,2
FedAdam,CIFAR100,,0.9,0.999,61,4.1619706634521485,0.02825884382674533,6.05,22,100,2800804,28.429012298583984,28.152851581573486,0.27616071701049805,,2842.60302734375,2
FedAdam,CIFAR100,,0.9,0.999,62,4.162848513031006,0.023989796909499636,5.81,28,100,2800804,37.95183563232422,37.61789083480835,0.33394479751586914,,2842.60302734375,2
FedAdam,CIFAR100,,0.9,0.999,63,4.154745599365234,0.027570396568694797,6.94,20,100,2800804,25.85806894302368,25.623206853866577,0.2348620891571045,,2842.60302734375,2
FedAdam,CIFAR100,,0.9,0.999,64,4.1447685501098634,0.030735066239850024,6.59,26,100,2800804,32.989771127700806,32.68588137626648,0.30388975143432617,,2842.60302734375,2
FedAdam,CIFAR100,,0.9,0.999,65,4.126956481933593,0.02737033936518285,6.81,26,100,2800804,35.35952305793762,35.02382802963257,0.3356950283050537,,2842.60302734375,2
FedAdam,CIFAR100,,0.9,0.999,66,4.109471458435059,0.02787741593303629,6.57,27,100,2800804,35.67946267127991,35.33835792541504,0.34110474586486816,,2842.60302734375,2
FedAdam,CIFAR100,,0.9,0.999,67,4.1038870594024655,0.03301630643193363,7.15,26,100,2800804,33.96066403388977,33.64630937576294,0.31435465812683105,,2842.60302734375,2
FedAdam,CIFAR100,,0.9,0.999,68,4.09291520614624,0.04052447907853843,7.97,24,100,2800804,30.93036961555481,30.66527819633484,0.2650914192199707,,2842.60302734375,2
FedAdam,CIFAR100,,0.9,0.999,69,4.06395393371582,0.0389573898099042,7.91,28,100,2800804,37.11383366584778,36.80380964279175,0.3100240230560303,,2842.60302734375,2
FedAdam,CIFAR100,,0.9,0.999,70,4.048282188796997,0.032737384945055945,6.9,27,100,2800804,34.47502064704895,34.16085934638977,0.3141613006591797,,2842.60302734375,2
FedAdam,CIFAR100,,0.9,0.999,71,4.026922608184814,0.0368596159096103,7.35,24,100,2800804,31.74663281440735,31.46468687057495,0.28194594383239746,,2842.60302734375,2
FedAdam,CIFAR100,,0.9,0.999,72,4.025448667907715,0.03981812265173859,7.64,21,100,2800804,27.531739234924316,27.2585232257843,0.27321600914001465,,2842.60302734375,2
FedAdam,CIFAR100,,0.9,0.999,73,4.016754554367066,0.03970124030830622,7.82,27,100,2800804,36.54950928688049,36.22126841545105,0.32824087142944336,,2842.60302734375,2
FedAdam,CIFAR100,,0.9,0.999,74,4.0059852684021,0.03927982283684684,8.15,29,100,2800804,37.23153257369995,36.874417304992676,0.3571152687072754,,2842.60302734375,2
FedAdam,CIFAR100,,0.9,0.999,75,4.000046172714233,0.04072817285091234,8.45,30,100,2800804,39.629313945770264,39.27733850479126,0.3519754409790039,,2845.4794921875,2
FedAdam,CIFAR100,,0.9,0.999,76,3.9862059497833253,0.04406416311708998,8.96,21,100,2800804,26.87156319618225,26.63351798057556,0.23804521560668945,,2845.4794921875,2
FedAdam,CIFAR100,,0.9,0.999,77,3.9585838218688965,0.04589185351281049,9.27,26,100,2800804,33.364699840545654,33.068400382995605,0.29629945755004883,,2845.4794921875,2
FedAdam,CIFAR100,,0.9,0.999,78,3.9534653068542482,0.04489716220201032,8.78,25,100,2800804,32.123116970062256,31.815898180007935,0.3072187900543213,,2845.4794921875,2
FedAdam,CIFAR100,,0.9,0.999,79,3.9500823081970213,0.04405444343148093,8.11,29,100,2800804,38.77079439163208,38.44866609573364,0.3221282958984375,,2845.4794921875,2
FedAdam,CIFAR100,,0.9,0.999,80,3.925043938446045,0.05456866447892399,8.72,29,100,2800804,37.89260149002075,37.56059527397156,0.33200621604919434,,2845.4794921875,2
FedAdam,CIFAR100,,0.9,0.999,81,3.907049910354614,0.06268201744676903,9.79,28,100,2800804,37.40512776374817,37.06136679649353,0.34376096725463867,,2845.4794921875,2
FedAdam,CIFAR100,,0.9,0.999,82,3.909679705810547,0.06038655772383581,9.65,27,100,2800804,34.97362422943115,34.65225529670715,0.321368932723999,,2845.4794921875,2
FedAdam,CIFAR100,,0.9,0.999,83,3.888349544906616,0.05917242261925918,10.15,24,100,2800804,31.27103900909424,30.97373652458191,0.2973024845123291,,2845.4794921875,2
FedAdam,CIFAR100,,0.9,0.999,84,3.883832395172119,0.06042451582343848,10.99,22,100,2800804,29.021049976348877,28.75480890274048,0.26624107360839844,,2845.4794921875,2
FedAdam,CIFAR100,,0.9,0.999,85,3.873107598876953,0.06028249915087012,10.89,23,100,2800804,30.14639139175415,29.86285710334778,0.28353428840637207,,2845.4794921875,2
FedAdam,CIFAR100,,0.9,0.999,86,3.866247607421875,0.06865291878834623,11.15,25,100,2800804,32.540417432785034,32.22485327720642,0.3155641555786133,,2845.4794921875,2
FedAdam,CIFAR100,,0.9,0.999,87,3.8655926975250243,0.0664606422175637,10.53,24,100,2800804,34.40843868255615,34.115413665771484,0.29302501678466797,,2845.4794921875,2
FedAdam,CIFAR100,,0.9,0.999,88,3.848905616760254,0.0667859734209961,10.42,23,100,2800804,31.85157346725464,31.56444263458252,0.28713083267211914,,2845.4794921875,2
FedAdam,CIFAR100,,0.9,0.999,89,3.8236928161621093,0.07297394050334582,10.88,20,100,2800804,27.54269766807556,27.299198865890503,0.2434988021850586,,2845.4794921875,2
FedAdam,CIFAR100,,0.9,0.999,90,3.809449934387207,0.07617387976636261,11.07,27,100,2800804,37.45521330833435,37.12025737762451,0.33495593070983887,,2845.4794921875,2
FedAdam,CIFAR100,,0.9,0.999,91,3.7909397914886473,0.07543352935147271,11.2,30,100,2800804,42.620036363601685,42.25997185707092,0.3600645065307617,,2845.4794921875,2
FedAdam,CIFAR100,,0.9,0.999,92,3.76932626953125,0.07706151160859641,11.86,23,100,2800804,32.44176125526428,32.14004349708557,0.30171775817871094,,2845.4794921875,2
FedAdam,CIFAR100,,0.9,0.999,93,3.7576637607574463,0.07748089870107584,12.2,22,100,2800804,31.157121419906616,30.860678672790527,0.29644274711608887,,2845.4794921875,2
FedAdam,CIFAR100,,0.9,0.999,94,3.7634620239257814,0.07480226252666221,11.45,30,100,2800804,42.162222385406494,41.78369903564453,0.3785233497619629,,2851.048828125,2
FedAdam,CIFAR100,,0.9,0.999,95,3.740966851043701,0.07687203595307066,11.42,26,100,2800804,35.171884536743164,34.8391649723053,0.3327195644378662,,2851.048828125,2
FedAdam,CIFAR100,,0.9,0.999,96,3.7267711212158203,0.09328612452647203,13.1,22,100,2800804,30.278103351593018,29.997570991516113,0.2805323600769043,,2851.048828125,2
FedAdam,CIFAR100,,0.9,0.999,97,3.7433974433898927,0.08637887770003161,12.62,23,100,2800804,31.88433027267456,31.589666604995728,0.294663667678833,,2851.048828125,2
FedAdam,CIFAR100,,0.9,0.999,98,3.7537755237579344,0.08053831259217663,11.94,27,100,2800804,36.62071132659912,36.29079294204712,0.32991838455200195,,2851.048828125,2
FedAdam,CIFAR100,,0.9,0.999,99,3.71365571975708,0.08905001104628074,13.18,30,100,2800804,39.8779616355896,39.50779414176941,0.37016749382019043,,2851.048828125,2
FedAdam,CIFAR100,,0.9,0.999,100,3.681938021850586,0.10066570744514851,13.97,22,100,2800804,30.50399351119995,30.220898151397705,0.2830953598022461,,2851.048828125,2
FedAdam,CIFAR100,,0.9,0.999,101,3.672823108291626,0.09970830095749243,13.45,20,100,2800804,26.899269580841064,26.643980503082275,0.25528907775878906,,2851.048828125,2
FedAdam,CIFAR100,,0.9,0.999,102,3.654978549194336,0.10225566010620916,14.15,28,100,2800804,38.244516372680664,37.88365983963013,0.3608565330505371,,2851.048828125,2
FedAdam,CIFAR100,,0.9,0.999,103,3.64725170211792,0.10032962981161334,14.02,20,100,2800804,27.54672408103943,27.28005576133728,0.26666831970214844,,2851.048828125,2
FedAdam,CIFAR100,,0.9,0.999,104,3.6587728843688967,0.10181738157194754,13.98,23,100,2800804,31.636134147644043,31.34676766395569,0.2893664836883545,,2851.048828125,2
FedAdam,CIFAR100,,0.9,0.999,105,3.623388307952881,0.10434735929269504,14.38,30,100,2800804,40.657546281814575,40.27741098403931,0.38013529777526855,,2851.048828125,2
FedAdam,CIFAR100,,0.9,0.999,106,3.6060672443389894,0.10336371660479417,14.72,28,100,2800804,38.103593826293945,37.75902843475342,0.34456539154052734,,2851.048828125,2
FedAdam,CIFAR100,,0.9,0.999,107,3.6079181385040284,0.10065861984020649,14.57,30,100,2800804,41.349809408187866,40.97664737701416,0.37316203117370605,,2853.73486328125,2
FedAdam,CIFAR100,,0.9,0.999,108,3.5800889640808107,0.11159465754190032,15.49,20,100,2800804,27.450767993927002,27.21972131729126,0.2310466766357422,,2853.73486328125,2
FedAdam,CIFAR100,,0.9,0.999,109,3.600094342803955,0.10307091133252687,14.44,22,100,2800804,29.479280948638916,29.2127366065979,0.2665443420410156,,2853.73486328125,2
FedAdam,CIFAR100,,0.9,0.999,110,3.597097794342041,0.09737901582426708,14.15,25,100,2800804,33.76352620124817,33.46699786186218,0.29652833938598633,,2853.73486328125,2
FedAdam,CIFAR100,,0.9,0.999,111,3.5657994049072266,0.11213115508695994,14.88,21,100,2800804,28.13124442100525,27.87611413002014,0.2551302909851074,,2853.73486328125,2
FedAdam,CIFAR100,,0.9,0.999,112,3.5384608581542967,0.12677986785969778,15.83,30,100,2800804,41.01583433151245,40.65367865562439,0.3621556758880615,,2853.73486328125,2
FedAdam,CIFAR100,,0.9,0.999,113,3.5116985527038573,0.13471238750916092,16.79,26,100,2800804,36.69335865974426,36.36588668823242,0.3274719715118408,,2853.73486328125,2
FedAdam,CIFAR100,,0.9,0.999,114,3.492066487121582,0.1310428695382821,17.08,21,100,2800804,28.532363176345825,28.268502712249756,0.26386046409606934,,2853.73486328125,2
FedAdam,CIFAR100,,0.9,0.999,115,3.500301735687256,0.12123710223948084,16.74,29,100,2800804,39.5495502948761,39.19076943397522,0.3587808609008789,,2853.73486328125,2
FedAdam,CIFAR100,,0.9,0.999,116,3.4856929405212402,0.11869501114224486,16.49,20,100,2800804,27.566709280014038,27.3128981590271,0.2538111209869385,,2853.73486328125,2
FedAdam,CIFAR100,,0.9,0.999,117,3.4722853366851805,0.12672431479583615,16.67,21,100,2800804,29.18131971359253,28.89612603187561,0.28519368171691895,,2853.73486328125,2
FedAdam,CIFAR100,,0.9,0.999,118,3.4819441696166993,0.13136826238910781,16.77,27,100,2800804,37.71095371246338,37.38093161582947,0.33002209663391113,,2853.73486328125,2
FedAdam,CIFAR100,,0.9,0.999,119,3.4656165664672853,0.13574040320082353,17.19,24,100,2800804,33.8267776966095,33.556052684783936,0.2707250118255615,,2853.73486328125,2
FedAdam,CIFAR100,,0.9,0.999,120,3.441450159454346,0.13780403627622903,17.68,26,100,2800804,36.439839363098145,36.09012007713318,0.3497192859649658,,2853.73486328125,2
FedAdam,CIFAR100,,0.9,0.999,121,3.4337882904052734,0.14106606858957332,17.98,23,100,2800804,31.082264184951782,30.78916072845459,0.2931034564971924,,2853.73486328125,2
FedAdam,CIFAR100,,0.9,0.999,122,3.431442219543457,0.13888398878434477,17.64,29,100,2800804,41.80070376396179,41.423593044281006,0.37711071968078613,,2853.73486328125,2
FedAdam,CIFAR100,,0.9,0.999,123,3.4146257919311522,0.14854076059818003,18.38,29,100,2800804,43.53612780570984,43.19345450401306,0.34267330169677734,,2853.73486328125,2
FedAdam,CIFAR100,,0.9,0.999,124,3.3966168460845947,0.14996692148914068,18.6,29,100,2800804,38.46719574928284,38.1313374042511,0.3358583450317383,,2853.73486328125,2
FedAdam,CIFAR100,,0.9,0.999,125,3.3759334545135498,0.1470477413483856,18.68,25,100,2800804,32.62382936477661,32.332780838012695,0.291048526763916,,2853.73486328125,2
FedAdam,CIFAR100,,0.9,0.999,126,3.3844277038574218,0.1406205253436143,18.08,27,100,2800804,35.1929395198822,34.89011788368225,0.30282163619995117,,2853.73486328125,2
FedAdam,CIFAR100,,0.9,0.999,127,3.3834270286560058,0.13984806331292782,17.86,29,100,2800804,39.05505442619324,38.727187395095825,0.3278670310974121,,2853.73486328125,2
FedAdam,CIFAR100,,0.9,0.999,128,3.351098159790039,0.1482696297545449,18.83,30,100,2800804,39.63196539878845,39.3008496761322,0.33111572265625,,2853.73486328125,2
FedAdam,CIFAR100,,0.9,0.999,129,3.336241512298584,0.15666204003178463,19.34,22,100,2800804,28.86035418510437,28.598515033721924,0.2618391513824463,,2853.73486328125,2
FedAdam,CIFAR100,,0.9,0.999,130,3.339763681411743,0.1621700802012181,19.9,27,100,2800804,36.74897360801697,36.433112144470215,0.31586146354675293,,2853.73486328125,2
FedAdam,CIFAR100,,0.9,0.999,131,3.3376961837768553,0.16237682015123767,20.05,23,100,2800804,29.781985759735107,29.522062063217163,0.25992369651794434,,2853.73486328125,2
FedAdam,CIFAR100,,0.9,0.999,132,3.3333286994934084,0.16263059211307185,20.0,25,100,2800804,32.6430230140686,32.33989596366882,0.3031270503997803,,2853.73486328125,2
FedAdam,CIFAR100,,0.9,0.999,133,3.298375325012207,0.1718919288455057,20.87,21,100,2800804,27.890907526016235,27.637624740600586,0.2532827854156494,,2853.73486328125,2
FedAdam,CIFAR100,,0.9,0.999,134,3.2838414451599123,0.17066818905169348,20.9,25,100,2800804,32.838287591934204,32.54962754249573,0.28866004943847656,,2853.73486328125,2
FedAdam,CIFAR100,,0.9,0.999,135,3.2713235721588134,0.17380412802088194,21.19,29,100,2800804,39.241148710250854,38.874733209609985,0.36641550064086914,,2853.73486328125,2
FedAdam,CIFAR100,,0.9,0.999,136,3.260407615661621,0.1750497796930863,21.1,30,100,2800804,38.62739038467407,38.257402658462524,0.36998772621154785,,2853.73486328125,2
FedAdam,CIFAR100,,0.9,0.999,137,3.2666999717712404,0.1781952992949297,20.92,24,100,2800804,31.420318126678467,31.140178203582764,0.2801399230957031,,2853.73486328125,2
FedAdam,CIFAR100,,0.9,0.999,138,3.259064148712158,0.17925928000322164,20.95,28,100,2800804,35.372572898864746,35.045355558395386,0.32721734046936035,,2853.73486328125,2
FedAdam,CIFAR100,,0.9,0.999,139,3.2449527603149413,0.18124285346363256,21.48,22,100,2800804,28.83151912689209,28.58501696586609,0.24650216102600098,,2853.73486328125,2
FedAdam,CIFAR100,,0.9,0.999,140,3.232206832122803,0.1842760807029088,21.81,22,100,2800804,28.970144510269165,28.71342444419861,0.25672006607055664,,2853.73486328125,2
FedAdam,CIFAR100,,0.9,0.999,141,3.2121280570983886,0.18785041281700526,22.33,28,100,2800804,35.9790096282959,35.64636278152466,0.33264684677124023,,2853.73486328125,2
FedAdam,CIFAR100,,0.9,0.999,142,3.2130272903442383,0.1862597104848907,22.38,27,100,2800804,35.795247077941895,35.498218297958374,0.2970287799835205,,2853.73486328125,2
FedAdam,CIFAR100,,0.9,0.999,143,3.2341476524353028,0.1754716838946395,21.18,26,100,2800804,34.486862897872925,34.163733959198,0.32312893867492676,,2853.73486328125,2
FedAdam,CIFAR100,,0.9,0.999,144,3.2299615978240968,0.1839668781953869,21.66,21,100,2800804,26.704885482788086,26.440136432647705,0.26474905014038086,,2853.73486328125,2
FedAdam,CIFAR100,,0.9,0.999,145,3.1897508407592774,0.19402857087864142,22.91,29,100,2800804,37.561753034591675,37.22879362106323,0.3329594135284424,,2853.73486328125,2
FedAdam,CIFAR100,,0.9,0.999,146,3.1613028911590577,0.19405663156544062,23.23,27,100,2800804,35.72157692909241,35.38922905921936,0.3323478698730469,,2853.73486328125,2
FedAdam,CIFAR100,,0.9,0.999,147,3.1511922012329103,0.1946156360478163,23.12,22,100,2800804,29.08182978630066,28.821287631988525,0.2605421543121338,,2853.73486328125,2
FedAdam,CIFAR100,,0.9,0.999,148,3.146009517288208,0.19034704385661055,22.8,21,100,2800804,28.00186514854431,27.765141487121582,0.2367236614227295,,2853.73486328125,2
FedAdam,CIFAR100,,0.9,0.999,149,3.1506054744720458,0.18731907996394453,22.36,24,100,2800804,30.78324055671692,30.491756200790405,0.29148435592651367,,2853.73486328125,2
FedAdam,CIFAR100,,0.9,0.999,150,3.1587333152770998,0.17572606607545968,21.5,24,100,2800804,31.626273155212402,31.338038206100464,0.2882349491119385,,2853.73486328125,2
FedAdam,CIFAR100,,0.9,0.999,151,3.1322818519592284,0.19095122600370984,22.9,27,100,2800804,35.073700189590454,34.75848197937012,0.3152182102203369,,2853.73486328125,2
FedAdam,CIFAR100,,0.9,0.999,152,3.1025301753997803,0.20280209019174633,23.77,27,100,2800804,34.04914045333862,33.729270935058594,0.3198695182800293,,2853.73486328125,2
FedAdam,CIFAR100,,0.9,0.999,153,3.0959233047485353,0.2146425728638835,24.71,24,100,2800804,32.59478712081909,32.296191453933716,0.298595666885376,,2853.73486328125,2
FedAdam,CIFAR100,,0.9,0.999,154,3.083899241256714,0.21275899975188817,25.03,26,100,2800804,33.377415895462036,33.057772636413574,0.3196432590484619,,2853.73486328125,2
FedAdam,CIFAR100,,0.9,0.999,155,3.081519069671631,0.20779880591336158,24.59,20,100,2800804,26.42173981666565,26.171193838119507,0.2505459785461426,,2853.73486328125,2
FedAdam,CIFAR100,,0.9,0.999,156,3.079845852661133,0.20727246985287018,24.49,26,100,2800804,34.81573534011841,34.493372201919556,0.32236313819885254,,2853.73486328125,2
FedAdam,CIFAR100,,0.9,0.999,157,3.05764384765625,0.22243179199447982,25.37,28,100,2800804,36.102752685546875,35.77966785430908,0.32308483123779297,,2853.73486328125,2
FedAdam,CIFAR100,,0.9,0.999,158,3.0503224998474123,0.22400637760676165,25.16,24,100,2800804,30.202977418899536,29.907394647598267,0.29558277130126953,,2853.73486328125,2
FedAdam,CIFAR100,,0.9,0.999,159,3.0246940887451172,0.22320026723886613,25.08,29,100,2800804,37.3608021736145,37.0358624458313,0.3249397277832031,,2853.73486328125,2
FedAdam,CIFAR100,,0.9,0.999,160,3.016017670440674,0.22349187539237703,25.31,28,100,2800804,35.92879605293274,35.58062434196472,0.3481717109680176,,2853.73486328125,2
FedAdam,CIFAR100,,0.9,0.999,161,3.0304052085876463,0.2182929159073693,24.94,28,100,2800804,36.26359248161316,35.94899010658264,0.3146023750305176,,2853.73486328125,2
FedAdam,CIFAR100,,0.9,0.999,162,3.018813261413574,0.22460268724801183,25.65,27,100,2800804,34.90199542045593,34.60176682472229,0.3002285957336426,,2853.73486328125,2
FedAdam,CIFAR100,,0.9,0.999,163,2.9990330917358397,0.23157046055704142,26.2,23,100,2800804,31.621044874191284,31.349031686782837,0.27201318740844727,,2853.73486328125,2
FedAdam,CIFAR100,,0.9,0.999,164,2.9869009815216065,0.22874684501393655,26.33,20,100,2800804,24.52875852584839,24.2940673828125,0.23469114303588867,,2853.73486328125,2
FedAdam,CIFAR100,,0.9,0.999,165,2.9830566341400147,0.2281850849608265,26.4,27,100,2800804,35.30780625343323,34.987024784088135,0.3207814693450928,,2853.73486328125,2
FedAdam,CIFAR100,,0.9,0.999,166,2.9791033840179444,0.2312831821287496,26.65,30,100,2800804,40.78957509994507,40.40621089935303,0.383364200592041,,2853.73486328125,2
FedAdam,CIFAR100,,0.9,0.999,167,2.978476239013672,0.238143198904199,26.95,29,100,2800804,37.87741541862488,37.53924107551575,0.33817434310913086,,2853.73486328125,2
FedAdam,CIFAR100,,0.9,0.999,168,2.965101503753662,0.24016965566804907,26.69,28,100,2800804,35.78437304496765,35.45155143737793,0.3328216075897217,,2853.73486328125,2
FedAdam,CIFAR100,,0.9,0.999,169,2.935037929534912,0.24338875011221628,26.96,24,100,2800804,32.66476655006409,32.381855726242065,0.2829108238220215,,2853.73486328125,2
FedAdam,CIFAR100,,0.9,0.999,170,2.892166261291504,0.254331433121212,28.11,20,100,2800804,27.08059573173523,26.842137098312378,0.23845863342285156,,2853.73486328125,2
FedAdam,CIFAR100,,0.9,0.999,171,2.883923543167114,0.2531757172071222,28.3,23,100,2800804,30.7188982963562,30.434492349624634,0.2844059467315674,,2853.73486328125,2
FedAdam,CIFAR100,,0.9,0.999,172,2.8920341804504393,0.24779629074362672,28.02,30,100,2800804,40.31695032119751,39.95446562767029,0.3624846935272217,,2853.73486328125,2
FedAdam,CIFAR100,,0.9,0.999,173,2.9203479858398436,0.24648580297573386,27.89,20,100,2800804,26.948479413986206,26.70726752281189,0.2412118911743164,,2853.73486328125,2
FedAdam,CIFAR100,,0.9,0.999,174,2.9277176139831544,0.24492739446508555,27.67,26,100,2800804,34.8930869102478,34.57240700721741,0.3206799030303955,,2853.73486328125,2
FedAdam,CIFAR100,,0.9,0.999,175,2.9015526294708254,0.24948851246826328,28.22,20,100,2800804,26.320552587509155,26.08525061607361,0.23530197143554688,,2853.73486328125,2
FedAdam,CIFAR100,,0.9,0.999,176,2.8748161888122556,0.25479174194483434,28.61,22,100,2800804,30.469204425811768,30.207667350769043,0.2615370750427246,,2853.73486328125,2
FedAdam,CIFAR100,,0.9,0.999,177,2.8674267486572265,0.2558464316793627,28.34,22,100,2800804,29.27503228187561,29.00627088546753,0.26876139640808105,,2853.73486328125,2
FedAdam,CIFAR100,,0.9,0.999,178,2.8403001319885255,0.2690743409903693,29.46,30,100,2800804,38.426427602767944,38.09500741958618,0.3314201831817627,,2853.73486328125,2
FedAdam,CIFAR100,,0.9,0.999,179,2.8177105182647706,0.2751339633881422,29.94,21,100,2800804,27.16671109199524,26.91063165664673,0.25607943534851074,,2853.73486328125,2
FedAdam,CIFAR100,,0.9,0.999,180,2.809738767623901,0.27551788691565116,30.26,30,100,2800804,37.41009521484375,37.0611891746521,0.3489060401916504,,2853.73486328125,2
FedAdam,CIFAR100,,0.9,0.999,181,2.798691618347168,0.27946166051000004,30.87,20,100,2800804,26.392063856124878,26.164090156555176,0.22797369956970215,,2853.73486328125,2
FedAdam,CIFAR100,,0.9,0.999,182,2.8032769821166994,0.27250516746404946,30.43,20,100,2800804,26.81988549232483,26.57647180557251,0.24341368675231934,,2853.73486328125,2
FedAdam,CIFAR100,,0.9,0.999,183,2.796614427947998,0.2657759699629296,29.61,22,100,2800804,28.41573190689087,28.151108741760254,0.26462316513061523,,2853.73486328125,2
FedAdam,CIFAR100,,0.9,0.999,184,2.76411005859375,0.27388239637958406,30.25,24,100,2800804,31.31015110015869,31.013152837753296,0.2969982624053955,,2853.73486328125,2
FedAdam,CIFAR100,,0.9,0.999,185,2.7649989597320555,0.27841598864503014,30.34,30,100,2800804,39.45442056655884,39.07857036590576,0.37585020065307617,,2853.73486328125,2
FedAdam,CIFAR100,,0.9,0.999,186,2.7613240840911866,0.2834077733671046,30.7,27,100,2800804,36.492026567459106,36.15774178504944,0.33428478240966797,,2853.73486328125,2
FedAdam,CIFAR100,,0.9,0.999,187,2.735009928894043,0.2848895155002416,31.45,25,100,2800804,31.825178861618042,31.53767967224121,0.28749918937683105,,2853.73486328125,2
FedAdam,CIFAR100,,0.9,0.999,188,2.737807621765137,0.2802705478860757,31.14,28,100,2800804,35.63904809951782,35.296701431274414,0.3423466682434082,,2853.73486328125,2
FedAdam,CIFAR100,,0.9,0.999,189,2.7398796318054197,0.28307598964792235,31.42,23,100,2800804,30.187400341033936,29.903239965438843,0.2841603755950928,,2853.73486328125,2
FedAdam,CIFAR100,,0.9,0.999,190,2.710777749633789,0.28589503138664074,31.82,29,100,2800804,39.79126739501953,39.4416127204895,0.3496546745300293,,2853.73486328125,2
FedAdam,CIFAR100,,0.9,0.999,191,2.6748886192321777,0.2943203510320259,32.32,20,100,2800804,26.213993549346924,25.96873641014099,0.24525713920593262,,2853.73486328125,2
FedAdam,CIFAR100,,0.9,0.999,192,2.658466041946411,0.30247159728219514,32.78,26,100,2800804,35.5052330493927,35.19423747062683,0.31099557876586914,,2853.73486328125,2
FedAdam,CIFAR100,,0.9,0.999,193,2.6339361904144285,0.31243975438133975,33.47,27,100,2800804,36.42278695106506,36.071369647979736,0.35141730308532715,,2853.73486328125,2
FedAdam,CIFAR100,,0.9,0.999,194,2.641706093597412,0.3019280380673533,32.49,26,100,2800804,35.27773380279541,34.96771287918091,0.31002092361450195,,2853.73486328125,2
FedAdam,CIFAR100,,0.9,0.999,195,2.6392995750427244,0.30291255901052133,32.78,30,100,2800804,39.61296725273132,39.25828790664673,0.3546793460845947,,2853.73486328125,2
FedAdam,CIFAR100,,0.9,0.999,196,2.6207430160522462,0.30587606104223025,33.01,29,100,2800804,38.55755114555359,38.229982137680054,0.32756900787353516,,2853.73486328125,2
FedAdam,CIFAR100,,0.9,0.999,197,2.616828400039673,0.3040661868145495,32.97,24,100,2800804,31.60570740699768,31.296093225479126,0.3096141815185547,,2853.73486328125,2
FedAdam,CIFAR100,,0.9,0.999,198,2.603283053970337,0.31204597734713047,33.84,29,100,2800804,36.81019377708435,36.46156620979309,0.34862756729125977,,2853.73486328125,2
FedAdam,CIFAR100,,0.9,0.999,199,2.590108163833618,0.3130246798316723,33.86,24,100,2800804,31.57060718536377,31.276179313659668,0.29442787170410156,,2853.73486328125,2
FedAdam,CIFAR100,,0.9,0.999,200,2.6002072856903076,0.3086174217932277,33.53,29,100,2800804,37.80350065231323,37.46901082992554,0.3344898223876953,,2853.73486328125,2
FedAdam,CIFAR100,,0.9,0.999,201,2.5841279491424562,0.31032572792977153,34.05,28,100,2800804,35.6113121509552,35.275893688201904,0.3354184627532959,,2853.73486328125,2
FedAdam,CIFAR100,,0.9,0.999,202,2.566272448348999,0.311873282663113,34.35,30,100,2800804,40.52117872238159,40.18262577056885,0.33855295181274414,,2853.73486328125,2
FedAdam,CIFAR100,,0.9,0.999,203,2.5602654201507566,0.32056748223906584,34.79,26,100,2800804,34.97457432746887,34.67653465270996,0.29803967475891113,,2853.73486328125,2
FedAdam,CIFAR100,,0.9,0.999,204,2.5467412178039552,0.3263344064764626,35.14,21,100,2800804,27.82770299911499,27.570224285125732,0.2574787139892578,,2853.73486328125,2
FedAdam,CIFAR100,,0.9,0.999,205,2.544213126373291,0.33179943967713305,35.17,22,100,2800804,30.072354316711426,29.816554069519043,0.2558002471923828,,2853.73486328125,2
FedAdam,CIFAR100,,0.9,0.999,206,2.5469169887542726,0.33152712219816294,35.08,23,100,2800804,30.69784641265869,30.420552015304565,0.277294397354126,,2853.73486328125,2
FedAdam,CIFAR100,,0.9,0.999,207,2.521958260345459,0.3334657520667752,35.15,29,100,2800804,37.90129542350769,37.54688549041748,0.35440993309020996,,2853.73486328125,2
FedAdam,CIFAR100,,0.9,0.999,208,2.500504790496826,0.33690276612665215,35.64,23,100,2800804,31.266011476516724,30.996289491653442,0.26972198486328125,,2853.73486328125,2
FedAdam,CIFAR100,,0.9,0.999,209,2.5014252521514893,0.3331008165698794,35.75,28,100,2800804,38.115272998809814,37.77453064918518,0.3407423496246338,,2853.73486328125,2
FedAdam,CIFAR100,,0.9,0.999,210,2.4865780117034912,0.3334678647364522,35.75,24,100,2800804,31.550029039382935,31.257177114486694,0.29285192489624023,,2853.73486328125,2
FedAdam,CIFAR100,,0.9,0.999,211,2.46836012134552,0.3446119778145614,36.72,20,100,2800804,26.361497402191162,26.119115114212036,0.24238228797912598,,2853.73486328125,2
FedAdam,CIFAR100,,0.9,0.999,212,2.448020794296265,0.34718030301871716,36.78,25,100,2800804,32.600276947021484,32.276273012161255,0.3240039348602295,,2853.73486328125,2
FedAdam,CIFAR100,,0.9,0.999,213,2.4395229566574095,0.34919682178632067,37.25,20,100,2800804,27.789430379867554,27.530816793441772,0.25861358642578125,,2853.73486328125,2
FedAdam,CIFAR100,,0.9,0.999,214,2.4572004791259765,0.34732356595990477,37.04,29,100,2800804,38.34865427017212,38.012032985687256,0.3366212844848633,,2853.73486328125,2
FedAdam,CIFAR100,,0.9,0.999,215,2.46499299621582,0.3393489783772047,36.33,25,100,2800804,32.66324520111084,32.36294913291931,0.3002960681915283,,2853.73486328125,2
FedAdam,CIFAR100,,0.9,0.999,216,2.4328231197357177,0.34427641006451415,36.94,22,100,2800804,28.622138261795044,28.368297338485718,0.25384092330932617,,2853.73486328125,2
FedAdam,CIFAR100,,0.9,0.999,217,2.4114377670288087,0.3470503382512412,37.64,30,100,2800804,38.77347445487976,38.42311477661133,0.3503596782684326,,2853.73486328125,2
FedAdam,CIFAR100,,0.9,0.999,218,2.3959338275909423,0.34787817381689967,37.58,29,100,2800804,37.84366321563721,37.469624519348145,0.3740386962890625,,2853.73486328125,2
FedAdam,CIFAR100,,0.9,0.999,219,2.375557542037964,0.3581407113141178,37.95,26,100,2800804,34.331610679626465,34.009530782699585,0.3220798969268799,,2853.73486328125,2
FedAdam,CIFAR100,,0.9,0.999,220,2.3673404792785644,0.3693244500994902,38.55,28,100,2800804,37.183796644210815,36.859272718429565,0.32452392578125,,2853.73486328125,2
FedAdam,CIFAR100,,0.9,0.999,221,2.371019750213623,0.37655476284165523,39.37,20,100,2800804,26.11483335494995,25.866103649139404,0.24872970581054688,,2853.73486328125,2
FedAdam,CIFAR100,,0.9,0.999,222,2.366351644897461,0.3675109637164556,38.7,28,100,2800804,39.08253788948059,38.73705339431763,0.34548449516296387,,2853.73486328125,2
FedAdam,CIFAR100,,0.9,0.999,223,2.3575194766998293,0.35770792558568515,37.95,20,100,2800804,26.332236766815186,26.07159662246704,0.26064014434814453,,2853.73486328125,2
FedAdam,CIFAR100,,0.9,0.999,224,2.3393282005310057,0.36721776411117746,38.75,26,100,2800804,35.37070608139038,35.03411293029785,0.3365931510925293,,2853.73486328125,2
FedAdam,CIFAR100,,0.9,0.999,225,2.3209822090148924,0.36652177636249705,38.89,30,100,2800804,41.53103184700012,41.13909316062927,0.3919386863708496,,2853.73486328125,2
FedAdam,CIFAR100,,0.9,0.999,226,2.3203235013961794,0.37164763358648023,39.19,20,100,2800804,27.737159967422485,27.47571635246277,0.2614436149597168,,2853.73486328125,2
FedAdam,CIFAR100,,0.9,0.999,227,2.3155128482818603,0.3763615531083319,39.51,26,100,2800804,36.850102186203,36.52034068107605,0.3297615051269531,,2853.73486328125,2
FedAdam,CIFAR100,,0.9,0.999,228,2.3013124645233156,0.3826957195513019,40.11,22,100,2800804,29.929191827774048,29.63938021659851,0.2898116111755371,,2853.73486328125,2
FedAdam,CIFAR100,,0.9,0.999,229,2.291910548019409,0.38764802302805035,40.79,28,100,2800804,39.93203902244568,39.58753538131714,0.34450364112854004,,2853.73486328125,2
FedAdam,CIFAR100,,0.9,0.999,230,2.2736938579559327,0.38137223368342904,40.37,21,100,2800804,29.603633642196655,29.32857060432434,0.27506303787231445,,2853.73486328125,2
FedAdam,CIFAR100,,0.9,0.999,231,2.2679330181121826,0.381853857822425,40.54,28,100,2800804,39.23392057418823,38.856892108917236,0.3770284652709961,,2853.73486328125,2
FedAdam,CIFAR100,,0.9,0.999,232,2.2430264739990236,0.38975395014776515,41.01,25,100,2800804,35.197110652923584,34.87866997718811,0.31844067573547363,,2853.73486328125,2
FedAdam,CIFAR100,,0.9,0.999,233,2.234266849327087,0.3939682152039758,40.92,30,100,2800804,42.313467264175415,41.936306953430176,0.37716031074523926,,2853.73486328125,2
FedAdam,CIFAR100,,0.9,0.999,234,2.2383211513519288,0.39655544548508354,41.06,28,100,2800804,37.880353927612305,37.54618859291077,0.3341653347015381,,2853.73486328125,2
FedAdam,CIFAR100,,0.9,0.999,235,2.2295192218780517,0.3975894996098108,41.25,29,100,2800804,38.52664566040039,38.190420150756836,0.3362255096435547,,2853.73486328125,2
FedAdam,CIFAR100,,0.9,0.999,236,2.2236935316085815,0.39248914995122935,40.99,27,100,2800804,36.34614062309265,36.00908160209656,0.33705902099609375,,2853.73486328125,2
FedAdam,CIFAR100,,0.9,0.999,237,2.2213836154937745,0.3952415176666954,41.33,20,100,2800804,26.93694829940796,26.677624225616455,0.2593240737915039,,2853.73486328125,2
FedAdam,CIFAR100,,0.9,0.999,238,2.191560404396057,0.40642975816794313,42.47,26,100,2800804,35.59514546394348,35.29404544830322,0.3011000156402588,,2853.73486328125,2
FedAdam,CIFAR100,,0.9,0.999,239,2.1853806465148926,0.40627693829704675,42.41,30,100,2800804,40.209505796432495,39.84682011604309,0.3626856803894043,,2853.73486328125,2
FedAdam,CIFAR100,,0.9,0.999,240,2.1882942455291747,0.4024295206172184,41.99,25,100,2800804,33.75588059425354,33.44722557067871,0.3086550235748291,,2853.73486328125,2
FedAdam,CIFAR100,,0.9,0.999,241,2.1893728275299074,0.40165476516474546,41.77,30,100,2800804,40.85634803771973,40.493279695510864,0.3630683422088623,,2853.73486328125,2
FedAdam,CIFAR100,,0.9,0.999,242,2.167183416938782,0.4030945502442257,42.02,28,100,2800804,37.83330321311951,37.504722118377686,0.3285810947418213,,2853.73486328125,2
FedAdam,CIFAR100,,0.9,0.999,243,2.1577180704116823,0.40126980787395516,42.27,20,100,2800804,27.461177110671997,27.218050241470337,0.24312686920166016,,2853.73486328125,2
FedAdam,CIFAR100,,0.9,0.999,244,2.152434530830383,0.40470181875129513,42.76,30,100,2800804,39.71285128593445,39.34271788597107,0.3701333999633789,,2853.73486328125,2
FedAdam,CIFAR100,,0.9,0.999,245,2.1244865211486816,0.41198803076285545,43.34,29,100,2800804,37.77130579948425,37.420963287353516,0.3503425121307373,,2853.73486328125,2
FedAdam,CIFAR100,,0.9,0.999,246,2.1172201330184937,0.4156806813507751,43.53,23,100,2800804,32.72915720939636,32.43077349662781,0.2983837127685547,,2853.73486328125,2
FedAdam,CIFAR100,,0.9,0.999,247,2.135356312942505,0.41168467939979614,43.12,28,100,2800804,38.32537221908569,37.96039366722107,0.364978551864624,,2853.73486328125,2
FedAdam,CIFAR100,,0.9,0.999,248,2.1455069129943847,0.41452757679286606,42.93,24,100,2800804,33.47290754318237,33.1743483543396,0.29855918884277344,,2853.73486328125,2
FedAdam,CIFAR100,,0.9,0.999,249,2.1130234457015993,0.42235150853399345,43.53,20,100,2800804,28.119885683059692,27.86450505256653,0.25538063049316406,,2853.73486328125,2
FedAdam,CIFAR100,,0.9,0.999,250,2.076085844230652,0.43165848403713203,44.59,30,100,2800804,41.65666937828064,41.27888798713684,0.37778139114379883,,2853.73486328125,2
FedAdam,CIFAR100,,0.9,0.999,251,2.072531782913208,0.4339118286308718,44.78,22,100,2800804,30.51066303253174,30.20035171508789,0.31031131744384766,,2853.73486328125,2
FedAdam,CIFAR100,,0.9,0.999,252,2.081243889427185,0.42592736824771615,44.0,21,100,2800804,29.715349912643433,29.432953357696533,0.2823965549468994,,2853.73486328125,2
FedAdam,CIFAR100,,0.9,0.999,253,2.0698614418029786,0.43245867379329367,44.74,26,100,2800804,36.13974690437317,35.819735527038574,0.3200113773345947,,2853.73486328125,2
FedAdam,CIFAR100,,0.9,0.999,254,2.0789297830581663,0.4277871043287233,44.08,22,100,2800804,30.32403063774109,30.06103491783142,0.26299571990966797,,2853.73486328125,2
FedAdam,CIFAR100,,0.9,0.999,255,2.075217090034485,0.4311005416701466,44.4,30,100,2800804,40.05797004699707,39.68378663063049,0.37418341636657715,,2853.73486328125,2
FedAdam,CIFAR100,,0.9,0.999,256,2.0298110975265504,0.43977846311314595,45.49,29,100,2800804,40.2562255859375,39.88408923149109,0.37213635444641113,,2853.73486328125,2
FedAdam,CIFAR100,,0.9,0.999,257,2.0166532684326173,0.4443961926517671,46.16,23,100,2800804,31.264464378356934,30.956706523895264,0.3077578544616699,,2853.73486328125,2
FedAdam,CIFAR100,,0.9,0.999,258,2.0100419746398925,0.43943430717613347,45.72,30,100,2800804,41.63115072250366,41.266846656799316,0.3643040657043457,,2853.73486328125,2
FedAdam,CIFAR100,,0.9,0.999,259,1.9970866035461425,0.4452827269023905,46.0,22,100,2800804,30.700909852981567,30.413548946380615,0.28736090660095215,,2853.73486328125,2
FedAdam,CIFAR100,,0.9,0.999,260,2.0119102226257324,0.4458274863547828,45.81,30,100,2800804,40.82421851158142,40.44728922843933,0.37692928314208984,,2853.73486328125,2
FedAdam,CIFAR100,,0.9,0.999,261,2.0079644222259523,0.4450275009307052,45.7,29,100,2800804,39.000975608825684,38.638413190841675,0.3625624179840088,,2853.73486328125,2
FedAdam,CIFAR100,,0.9,0.999,262,1.983097872543335,0.4550719767213522,46.74,25,100,2800804,33.92552161216736,33.612534284591675,0.3129873275756836,,2853.73486328125,2
FedAdam,CIFAR100,,0.9,0.999,263,1.9768139423370361,0.45504106260132526,46.97,24,100,2800804,33.03706121444702,32.7121524810791,0.3249087333679199,,2853.73486328125,2
FedAdam,CIFAR100,,0.9,0.999,264,1.970467816925049,0.44611301446528356,46.25,25,100,2800804,33.70502233505249,33.381343364715576,0.32367897033691406,,2853.73486328125,2
FedAdam,CIFAR100,,0.9,0.999,265,1.958409419822693,0.44939836687473994,46.51,20,100,2800804,26.678025245666504,26.41604232788086,0.26198291778564453,,2853.73486328125,2
FedAdam,CIFAR100,,0.9,0.999,266,1.9591471797943116,0.4504647916080674,46.52,30,100,2800804,39.76509928703308,39.39023733139038,0.3748619556427002,,2853.73486328125,2
FedAdam,CIFAR100,,0.9,0.999,267,1.9646981153488159,0.45121657396000464,46.51,30,100,2800804,39.27658820152283,38.93408513069153,0.34250307083129883,,2853.73486328125,2
FedAdam,CIFAR100,,0.9,0.999,268,1.9660795948028564,0.453633346949336,46.8,27,100,2800804,36.238253355026245,35.918633699417114,0.31961965560913086,,2853.73486328125,2
FedAdam,CIFAR100,,0.9,0.999,269,1.951062488746643,0.45827870764254514,47.19,26,100,2800804,34.343098163604736,34.00913643836975,0.33396172523498535,,2853.73486328125,2
FedAdam,CIFAR100,,0.9,0.999,270,1.9285495235443115,0.4603845588047241,47.51,20,100,2800804,26.161802053451538,25.92585039138794,0.23595166206359863,,2853.73486328125,2
FedAdam,CIFAR100,,0.9,0.999,271,1.9020685829162598,0.4610472765804294,47.58,29,100,2800804,38.56840538978577,38.22480249404907,0.34360289573669434,,2853.73486328125,2
FedAdam,CIFAR100,,0.9,0.999,272,1.8908434703826904,0.47066017169487856,48.12,28,100,2800804,36.86372518539429,36.52426075935364,0.3394644260406494,,2853.73486328125,2
FedAdam,CIFAR100,,0.9,0.999,273,1.8964192470550536,0.4697514604306786,48.0,22,100,2800804,29.137314558029175,28.858302354812622,0.27901220321655273,,2853.73486328125,2
FedAdam,CIFAR100,,0.9,0.999,274,1.8992483848571777,0.4687662996169476,48.05,30,100,2800804,39.936837911605835,39.55841898918152,0.3784189224243164,,2853.73486328125,2
FedAdam,CIFAR100,,0.9,0.999,275,1.901296632003784,0.4660078127267655,47.86,29,100,2800804,38.9592809677124,38.60830497741699,0.35097599029541016,,2853.73486328125,2
FedAdam,CIFAR100,,0.9,0.999,276,1.890929714202881,0.47244786399869654,48.55,24,100,2800804,31.903305530548096,31.628266096115112,0.2750394344329834,,2853.73486328125,2
FedAdam,CIFAR100,,0.9,0.999,277,1.868866865158081,0.47480121681070564,48.86,30,100,2800804,39.655935525894165,39.30686831474304,0.34906721115112305,,2853.73486328125,2
FedAdam,CIFAR100,,0.9,0.999,278,1.8508814296722411,0.4781811990758513,49.08,20,100,2800804,26.124922513961792,25.867947101593018,0.2569754123687744,,2853.73486328125,2
FedAdam,CIFAR100,,0.9,0.999,279,1.8596922092437744,0.47530758713464183,48.66,24,100,2800804,32.161224603652954,31.86690878868103,0.29431581497192383,,2853.73486328125,2
FedAdam,CIFAR100,,0.9,0.999,280,1.863051218032837,0.47959855330902607,48.86,27,100,2800804,36.41662931442261,36.101072549819946,0.31555676460266113,,2853.73486328125,2
FedAdam,CIFAR100,,0.9,0.999,281,1.8654241401672362,0.4788193947567111,48.78,23,100,2800804,31.0548312664032,30.80505895614624,0.249772310256958,,2853.73486328125,2
FedAdam,CIFAR100,,0.9,0.999,282,1.8689585746765136,0.47468359820150346,48.72,28,100,2800804,37.72805857658386,37.38371419906616,0.3443443775177002,,2853.73486328125,2
FedAdam,CIFAR100,,0.9,0.999,283,1.8445289810180665,0.4749303719180466,49.06,25,100,2800804,32.86573076248169,32.56529402732849,0.30043673515319824,,2853.73486328125,2
FedAdam,CIFAR100,,0.9,0.999,284,1.8122029125213623,0.4852718203938482,50.12,28,100,2800804,37.34213304519653,37.01387596130371,0.32825708389282227,,2853.73486328125,2
FedAdam,CIFAR100,,0.9,0.999,285,1.8119422019958495,0.4842976682752546,49.8,30,100,2800804,39.683239221572876,39.34542512893677,0.3378140926361084,,2853.73486328125,2
FedAdam,CIFAR100,,0.9,0.999,286,1.807278373146057,0.4917743345879548,50.18,20,100,2800804,26.458187341690063,26.2182457447052,0.23994159698486328,,2853.73486328125,2
FedAdam,CIFAR100,,0.9,0.999,287,1.8016045413970947,0.49174549116200006,50.12,22,100,2800804,27.928983449935913,27.674858570098877,0.25412487983703613,,2853.73486328125,2
FedAdam,CIFAR100,,0.9,0.999,288,1.8301559480667113,0.48378613904730744,49.33,23,100,2800804,29.27049994468689,28.990437984466553,0.2800619602203369,,2853.73486328125,2
FedAdam,CIFAR100,,0.9,0.999,289,1.8162170738220216,0.48481354035069657,49.65,26,100,2800804,32.8239688873291,32.51743698120117,0.3065319061279297,,2853.73486328125,2
FedAdam,CIFAR100,,0.9,0.999,290,1.799574739265442,0.48962900910922763,50.25,27,100,2800804,35.19806170463562,34.8851592540741,0.31290245056152344,,2853.73486328125,2
FedAdam,CIFAR100,,0.9,0.999,291,1.8059633136749267,0.4959668903680653,50.79,22,100,2800804,28.758565664291382,28.500715255737305,0.25785040855407715,,2853.73486328125,2
FedAdam,CIFAR100,,0.9,0.999,292,1.7778796371459962,0.4999212393299991,50.98,30,100,2800804,38.959314584732056,38.613460540771484,0.3458540439605713,,2853.73486328125,2
FedAdam,CIFAR100,,0.9,0.999,293,1.7495700035095214,0.5074969289745037,51.6,22,100,2800804,29.84486222267151,29.544368982315063,0.3004932403564453,,2853.73486328125,2
FedAdam,CIFAR100,,0.9,0.999,294,1.7748515439987183,0.5028546828096672,51.06,22,100,2800804,28.748701810836792,28.490612268447876,0.258089542388916,,2853.73486328125,2
FedAdam,CIFAR100,,0.9,0.999,295,1.7677203521728515,0.5001376663178944,50.97,20,100,2800804,26.44768238067627,26.199768543243408,0.24791383743286133,,2853.73486328125,2
FedAdam,CIFAR100,,0.9,0.999,296,1.757662738418579,0.49563526391237483,50.78,30,100,2800804,39.97250008583069,39.61038041114807,0.3621196746826172,,2853.73486328125,2
FedAdam,CIFAR100,,0.9,0.999,297,1.7445085319519043,0.49927137264453875,51.38,25,100,2800804,32.87486004829407,32.568421602249146,0.3064384460449219,,2853.73486328125,2
FedAdam,CIFAR100,,0.9,0.999,298,1.7270091323852539,0.49874578212459214,51.47,30,100,2800804,40.493916273117065,40.15294599533081,0.3409702777862549,,2853.73486328125,2
FedAdam,CIFAR100,,0.9,0.999,299,1.710575298309326,0.5046292965973934,52.02,25,100,2800804,33.565958738327026,33.23270082473755,0.33325791358947754,,2853.73486328125,2
FedAdam,CIFAR100,,0.9,0.999,300,1.7101901435852052,0.5065736811046732,52.01,21,100,2800804,28.126235008239746,27.864624977111816,0.2616100311279297,,2853.73486328125,2
FedAdam,CIFAR100,,0.9,0.999,301,1.7078584945678712,0.5129414395488063,52.43,24,100,2800804,32.461946964263916,32.16892719268799,0.29301977157592773,,2853.73486328125,2
FedAdam,CIFAR100,,0.9,0.999,302,1.6900003530502319,0.525030987773119,53.32,29,100,2800804,39.190016984939575,38.85577058792114,0.3342463970184326,,2853.73486328125,2
FedAdam,CIFAR100,,0.9,0.999,303,1.6874574918746947,0.5239292067430235,53.09,29,100,2800804,37.57728123664856,37.242080211639404,0.3352010250091553,,2853.73486328125,2
FedAdam,CIFAR100,,0.9,0.999,304,1.690282500076294,0.5207575994165585,52.93,30,100,2800804,39.11618494987488,38.78249526023865,0.33368968963623047,,2853.73486328125,2
FedAdam,CIFAR100,,0.9,0.999,305,1.6774858667373658,0.5216188586079256,53.18,23,100,2800804,30.641025066375732,30.345827341079712,0.2951977252960205,,2853.73486328125,2
FedAdam,CIFAR100,,0.9,0.999,306,1.6540514633178711,0.5344167306586239,54.36,28,100,2800804,37.190032720565796,36.86076354980469,0.3292691707611084,,2853.73486328125,2
FedAdam,CIFAR100,,0.9,0.999,307,1.6487270376205445,0.5310962042492605,54.08,29,100,2800804,37.682820320129395,37.34571027755737,0.3371100425720215,,2853.73486328125,2
FedAdam,CIFAR100,,0.9,0.999,308,1.6545647789001465,0.5257777121883384,53.6,24,100,2800804,31.301201581954956,31.010204076766968,0.2909975051879883,,2853.73486328125,2
FedAdam,CIFAR100,,0.9,0.999,309,1.6489843647003173,0.5239617056249576,53.3,20,100,2800804,25.684568405151367,25.444997787475586,0.23957061767578125,,2853.73486328125,2
FedAdam,CIFAR100,,0.9,0.999,310,1.667203049659729,0.5203158376143054,53.03,20,100,2800804,27.513856172561646,27.269307374954224,0.24454879760742188,,2853.73486328125,2
FedAdam,CIFAR100,,0.9,0.999,311,1.6728545265197754,0.5158369832128537,52.65,24,100,2800804,31.143705368041992,30.869072437286377,0.27463293075561523,,2853.73486328125,2
FedAdam,CIFAR100,,0.9,0.999,312,1.6525014930725097,0.5210739394058357,53.23,29,100,2800804,37.80586385726929,37.440890073776245,0.364973783493042,,2853.73486328125,2
FedAdam,CIFAR100,,0.9,0.999,313,1.627910954284668,0.5276529542639543,53.83,24,100,2800804,31.784209728240967,31.497009992599487,0.2871997356414795,,2853.73486328125,2
FedAdam,CIFAR100,,0.9,0.999,314,1.6277743154525757,0.5310037398351314,54.08,26,100,2800804,33.81045627593994,33.50268054008484,0.30777573585510254,,2853.73486328125,2
FedAdam,CIFAR100,,0.9,0.999,315,1.6245331058502197,0.5346881565347856,54.33,27,100,2800804,35.61228561401367,35.285141706466675,0.32714390754699707,,2853.73486328125,2
FedAdam,CIFAR100,,0.9,0.999,316,1.6179481142044068,0.5329270015531381,54.27,23,100,2800804,30.51064896583557,30.228764295578003,0.28188467025756836,,2853.73486328125,2
FedAdam,CIFAR100,,0.9,0.999,317,1.6182901979446411,0.5305139366457333,54.14,22,100,2800804,29.911794424057007,29.63571000099182,0.27608442306518555,,2853.73486328125,2
FedAdam,CIFAR100,,0.9,0.999,318,1.6252062767028808,0.5317918515017267,54.15,28,100,2800804,37.27266573905945,36.93927216529846,0.33339357376098633,,2853.73486328125,2
FedAdam,CIFAR100,,0.9,0.999,319,1.6070519985198974,0.5378027871906366,54.66,29,100,2800804,38.3296000957489,37.99773836135864,0.3318617343902588,,2853.73486328125,2
FedAdam,CIFAR100,,0.9,0.999,320,1.6111878656387328,0.5373404784258559,54.39,26,100,2800804,34.48355460166931,34.16218304634094,0.32137155532836914,,2853.73486328125,2
FedAdam,CIFAR100,,0.9,0.999,321,1.6061217794418334,0.5386483636100361,54.44,21,100,2800804,27.851072311401367,27.58787989616394,0.26319241523742676,,2853.73486328125,2
FedAdam,CIFAR100,,0.9,0.999,322,1.591910772705078,0.5409397397118919,54.97,23,100,2800804,30.231619358062744,29.954296112060547,0.27732324600219727,,2853.73486328125,2
FedAdam,CIFAR100,,0.9,0.999,323,1.5838868736267089,0.5429825365568864,55.38,29,100,2800804,38.22903537750244,37.89393591880798,0.335099458694458,,2853.73486328125,2
FedAdam,CIFAR100,,0.9,0.999,324,1.6028085987091065,0.5378169899831056,54.95,26,100,2800804,34.829859018325806,34.52320647239685,0.3066525459289551,,2853.73486328125,2
FedAdam,CIFAR100,,0.9,0.999,325,1.5799038402557373,0.5498474326703707,55.8,27,100,2800804,35.95454430580139,35.64589524269104,0.30864906311035156,,2853.73486328125,2
FedAdam,CIFAR100,,0.9,0.999,326,1.5711990377426148,0.55556549164596,56.01,23,100,2800804,29.921154260635376,29.639339923858643,0.2818143367767334,,2853.73486328125,2
FedAdam,CIFAR100,,0.9,0.999,327,1.5739992113113404,0.5569788625841091,56.0,29,100,2800804,38.11267566680908,37.76845383644104,0.344221830368042,,2853.73486328125,2
FedAdam,CIFAR100,,0.9,0.999,328,1.5436902738571168,0.5613649273274243,56.57,24,100,2800804,32.3631477355957,32.07751679420471,0.2856309413909912,,2853.73486328125,2
FedAdam,CIFAR100,,0.9,0.999,329,1.5433279865264893,0.5550740176642441,56.39,25,100,2800804,33.394253969192505,33.095229387283325,0.2990245819091797,,2853.73486328125,2
FedAdam,CIFAR100,,0.9,0.999,330,1.5442109230041503,0.5520366429124538,56.26,26,100,2800804,33.62394666671753,33.31391358375549,0.31003308296203613,,2853.73486328125,2
FedAdam,CIFAR100,,0.9,0.999,331,1.5502732971191406,0.550714049187052,55.98,25,100,2800804,31.818958282470703,31.53258442878723,0.2863738536834717,,2853.73486328125,2
FedAdam,CIFAR100,,0.9,0.999,332,1.5439871410369872,0.5570247485055505,56.33,20,100,2800804,27.419975757598877,27.183617115020752,0.236358642578125,,2853.73486328125,2
FedAdam,CIFAR100,,0.9,0.999,333,1.5273855373382568,0.5664432467869058,57.1,24,100,2800804,30.590257167816162,30.300442457199097,0.28981471061706543,,2853.73486328125,2
FedAdam,CIFAR100,,0.9,0.999,334,1.5292395803451537,0.5599080502696883,56.6,22,100,2800804,27.220362663269043,26.943617582321167,0.276745080947876,,2853.73486328125,2
FedAdam,CIFAR100,,0.9,0.999,335,1.529130280303955,0.5583685503138034,56.59,22,100,2800804,29.684852123260498,29.425155878067017,0.25969624519348145,,2853.73486328125,2
FedAdam,CIFAR100,,0.9,0.999,336,1.519543059539795,0.5602162947883381,56.71,24,100,2800804,30.805386304855347,30.50234580039978,0.3030405044555664,,2853.73486328125,2
FedAdam,CIFAR100,,0.9,0.999,337,1.5104576400756835,0.5612102452563943,56.69,21,100,2800804,28.012638568878174,27.75887131690979,0.2537672519683838,,2853.73486328125,2
FedAdam,CIFAR100,,0.9,0.999,338,1.5237280141830445,0.558935841803804,56.43,23,100,2800804,29.975199937820435,29.68627142906189,0.2889285087585449,,2853.73486328125,2
FedAdam,CIFAR100,,0.9,0.999,339,1.5278200437545777,0.560718417843945,56.72,25,100,2800804,31.930994033813477,31.643116235733032,0.28787779808044434,,2853.73486328125,2
FedAdam,CIFAR100,,0.9,0.999,340,1.5012718988418579,0.5689171049389777,57.58,24,100,2800804,32.62571310997009,32.308494567871094,0.317218542098999,,2853.73486328125,2
FedAdam,CIFAR100,,0.9,0.999,341,1.4946911239624023,0.5679043690779292,57.56,25,100,2800804,33.34517478942871,33.037806272506714,0.30736851692199707,,2853.73486328125,2
FedAdam,CIFAR100,,0.9,0.999,342,1.4987851894378663,0.5694355179312769,57.64,27,100,2800804,35.67452526092529,35.370861768722534,0.3036634922027588,,2853.73486328125,2
FedAdam,CIFAR100,,0.9,0.999,343,1.4941403835296632,0.5690701134386611,57.57,20,100,2800804,26.700183629989624,26.46126437187195,0.23891925811767578,,2853.73486328125,2
FedAdam,CIFAR100,,0.9,0.999,344,1.4895021278381348,0.5715965079599351,57.75,20,100,2800804,26.82718276977539,26.574686527252197,0.25249624252319336,,2853.73486328125,2
FedAdam,CIFAR100,,0.9,0.999,345,1.511301459121704,0.5686388773952925,57.38,23,100,2800804,29.74265432357788,29.460643529891968,0.2820107936859131,,2853.73486328125,2
FedAdam,CIFAR100,,0.9,0.999,346,1.5392095125198364,0.5524609498623819,56.23,20,100,2800804,27.117066383361816,26.876498460769653,0.24056792259216309,,2853.73486328125,2
FedAdam,CIFAR100,,0.9,0.999,347,1.5221254642486572,0.554663178632242,56.62,21,100,2800804,28.24084997177124,27.972309827804565,0.2685401439666748,,2853.73486328125,2
FedAdam,CIFAR100,,0.9,0.999,348,1.490073044013977,0.572153491195635,57.84,20,100,2800804,27.063316822052002,26.81242847442627,0.2508883476257324,,2853.73486328125,2
FedAdam,CIFAR100,,0.9,0.999,349,1.474698829460144,0.5794191004133905,58.16,27,100,2800804,35.72895622253418,35.402753829956055,0.326202392578125,,2853.73486328125,2
FedAdam,CIFAR100,,0.9,0.999,350,1.4782451416015625,0.5838772344450398,58.46,21,100,2800804,28.553341388702393,28.29489278793335,0.25844860076904297,,2853.73486328125,2
FedAdam,CIFAR100,,0.9,0.999,351,1.4587222728729248,0.5839984599570882,58.69,30,100,2800804,40.27558445930481,39.92084741592407,0.3547370433807373,,2853.73486328125,2
FedAdam,CIFAR100,,0.9,0.999,352,1.4462786535263061,0.5774032825537794,58.56,30,100,2800804,38.99174475669861,38.65165686607361,0.340087890625,,2853.73486328125,2
FedAdam,CIFAR100,,0.9,0.999,353,1.452784718132019,0.5769845353917811,58.55,23,100,2800804,30.691633462905884,30.41610836982727,0.2755250930786133,,2853.73486328125,2
FedAdam,CIFAR100,,0.9,0.999,354,1.4522652704238892,0.5769791883817794,58.6,29,100,2800804,39.470348596572876,39.11203598976135,0.35831260681152344,,2853.73486328125,2
FedAdam,CIFAR100,,0.9,0.999,355,1.4453815139770507,0.5758851474822566,58.68,25,100,2800804,33.619107246398926,33.33638548851013,0.28272175788879395,,2853.73486328125,2
FedAdam,CIFAR100,,0.9,0.999,356,1.4613538934707642,0.5690537237103743,57.85,23,100,2800804,30.513112783432007,30.238492012023926,0.27462077140808105,,2853.73486328125,2
FedAdam,CIFAR100,,0.9,0.999,357,1.4567182132720948,0.5756436938907831,58.31,27,100,2800804,35.02671813964844,34.71850061416626,0.30821752548217773,,2853.73486328125,2
FedAdam,CIFAR100,,0.9,0.999,358,1.4272201856613158,0.5878088976527827,59.54,30,100,2800804,39.40993547439575,39.05970478057861,0.35023069381713867,,2853.73486328125,2
FedAdam,CIFAR100,,0.9,0.999,359,1.4177170942306518,0.5915345714427298,59.76,24,100,2800804,30.97368359565735,30.683985233306885,0.28969836235046387,,2853.73486328125,2
FedAdam,CIFAR100,,0.9,0.999,360,1.4178834611892701,0.5951043906312552,59.92,27,100,2800804,35.726319551467896,35.426199197769165,0.30012035369873047,,2853.73486328125,2
FedAdam,CIFAR100,,0.9,0.999,361,1.415163953590393,0.5903232029188051,59.49,21,100,2800804,27.000685214996338,26.729748487472534,0.2709367275238037,,2853.73486328125,2
FedAdam,CIFAR100,,0.9,0.999,362,1.4078805849075318,0.5920479033007596,59.72,26,100,2800804,34.9746298789978,34.646867752075195,0.3277621269226074,,2853.73486328125,2
FedAdam,CIFAR100,,0.9,0.999,363,1.4014434827804565,0.5933841731900832,59.93,21,100,2800804,29.138033390045166,28.874799728393555,0.26323366165161133,,2853.73486328125,2
FedAdam,CIFAR100,,0.9,0.999,364,1.4017464780807496,0.5947963375765326,60.05,29,100,2800804,38.9241840839386,38.55915069580078,0.3650333881378174,,2853.73486328125,2
FedAdam,CIFAR100,,0.9,0.999,365,1.415157823562622,0.590939325892336,59.75,20,100,2800804,28.786330699920654,28.514495611190796,0.2718350887298584,,2853.73486328125,2
FedAdam,CIFAR100,,0.9,0.999,366,1.4222818283081056,0.5856425396335109,59.28,29,100,2800804,40.77214980125427,40.41932559013367,0.35282421112060547,,2853.73486328125,2
FedAdam,CIFAR100,,0.9,0.999,367,1.4190602399826049,0.588638070666791,59.51,22,100,2800804,30.139172315597534,29.85208797454834,0.28708434104919434,,2853.73486328125,2
FedAdam,CIFAR100,,0.9,0.999,368,1.4415915052413941,0.5772610356060164,58.58,26,100,2800804,35.09970474243164,34.75654053688049,0.34316420555114746,,2853.73486328125,2
FedAdam,CIFAR100,,0.9,0.999,369,1.442933717918396,0.5777672735405968,58.6,27,100,2800804,37.43176817893982,37.09147834777832,0.340289831161499,,2853.73486328125,2
FedAdam,CIFAR100,,0.9,0.999,370,1.4217998460769654,0.5802432785511441,58.86,24,100,2800804,33.80414438247681,33.50560808181763,0.2985363006591797,,2853.73486328125,2
FedAdam,CIFAR100,,0.9,0.999,371,1.3917517404556274,0.5934367493468768,60.01,20,100,2800804,27.068279266357422,26.81592631340027,0.2523529529571533,,2853.73486328125,2
FedAdam,CIFAR100,,0.9,0.999,372,1.3645855653762817,0.602023372505482,60.73,29,100,2800804,38.98689246177673,38.61475872993469,0.372133731842041,,2853.73486328125,2
FedAdam,CIFAR100,,0.9,0.999,373,1.3558194042205811,0.6088331213197413,61.42,24,100,2800804,32.44412636756897,32.14565634727478,0.29847002029418945,,2853.73486328125,2
FedAdam,CIFAR100,,0.9,0.999,374,1.3776939289093018,0.6041179036788936,60.89,28,100,2800804,36.570517778396606,36.232383012771606,0.338134765625,,2853.73486328125,2
FedAdam,CIFAR100,,0.9,0.999,375,1.3883646821975708,0.5996307973938929,60.44,24,100,2800804,33.255051374435425,32.94273352622986,0.3123178482055664,,2853.73486328125,2
FedAdam,CIFAR100,,0.9,0.999,376,1.3898982152938844,0.5994864720133445,60.43,25,100,2800804,34.70893049240112,34.37497425079346,0.333956241607666,,2853.73486328125,2
FedAdam,CIFAR100,,0.9,0.999,377,1.3861516386032104,0.6021330623233347,60.73,21,100,2800804,28.893471240997314,28.617891788482666,0.27557945251464844,,2853.73486328125,2
FedAdam,CIFAR100,,0.9,0.999,378,1.3717925022125244,0.6007616567337017,60.83,23,100,2800804,31.634880781173706,31.340131521224976,0.29474925994873047,,2853.73486328125,2
FedAdam,CIFAR100,,0.9,0.999,379,1.3519604650497437,0.6029780055864685,61.12,25,100,2800804,34.04649782180786,33.72676348686218,0.3197343349456787,,2853.73486328125,2
FedAdam,CIFAR100,,0.9,0.999,380,1.3413062967300415,0.6061657616975231,61.3,28,100,2800804,37.89056587219238,37.5305278301239,0.36003804206848145,,2853.73486328125,2
FedAdam,CIFAR100,,0.9,0.999,381,1.3705234273910523,0.5997975422706542,60.44,23,100,2800804,31.0375657081604,30.740832567214966,0.29673314094543457,,2853.73486328125,2
FedAdam,CIFAR100,,0.9,0.999,382,1.398898649406433,0.5926976879840793,59.54,28,100,2800804,38.57013130187988,38.223947525024414,0.34618377685546875,,2853.73486328125,2
FedAdam,CIFAR100,,0.9,0.999,383,1.375037483215332,0.5972423128100288,60.19,20,100,2800804,26.992674112319946,26.7342586517334,0.25841546058654785,,2853.73486328125,2
FedAdam,CIFAR100,,0.9,0.999,384,1.3730160007476806,0.6003542788994788,60.68,30,100,2800804,40.882285594940186,40.51885795593262,0.36342763900756836,,2853.73486328125,2
FedAdam,CIFAR100,,0.9,0.999,385,1.3739322832107543,0.5989700978602853,60.57,22,100,2800804,29.72365975379944,29.444908142089844,0.2787516117095947,,2853.73486328125,2
FedAdam,CIFAR100,,0.9,0.999,386,1.3368735227584838,0.610270622009152,61.7,24,100,2800804,32.450223445892334,32.15055704116821,0.2996664047241211,,2853.73486328125,2
FedAdam,CIFAR100,,0.9,0.999,387,1.3321572261810302,0.6142581346742314,61.9,23,100,2800804,30.878068208694458,30.578745126724243,0.29932308197021484,,2853.73486328125,2
FedAdam,CIFAR100,,0.9,0.999,388,1.343344002342224,0.6132445908229296,61.49,28,100,2800804,37.46380686759949,37.109657287597656,0.35414958000183105,,2853.73486328125,2
FedAdam,CIFAR100,,0.9,0.999,389,1.3273560203552246,0.6139352834698095,61.65,21,100,2800804,28.093462228775024,27.81033158302307,0.2831306457519531,,2853.73486328125,2
FedAdam,CIFAR100,,0.9,0.999,390,1.3205383850097656,0.6149165562967246,61.82,25,100,2800804,33.89744257926941,33.582990407943726,0.3144521713256836,,2853.73486328125,2
FedAdam,CIFAR100,,0.9,0.999,391,1.3381930936813355,0.6091675247393061,61.47,24,100,2800804,32.608118772506714,32.29618525505066,0.3119335174560547,,2853.73486328125,2
FedAdam,CIFAR100,,0.9,0.999,392,1.345954330253601,0.6082060482479374,61.56,22,100,2800804,29.813080549240112,29.51849365234375,0.2945868968963623,,2853.73486328125,2
FedAdam,CIFAR100,,0.9,0.999,393,1.3494125051498413,0.6083482162775007,61.58,20,100,2800804,27.325950622558594,27.05534338951111,0.27060723304748535,,2853.73486328125,2
FedAdam,CIFAR100,,0.9,0.999,394,1.356813826751709,0.6068472178150389,61.3,29,100,2800804,38.100421667099,37.731152296066284,0.36926937103271484,,2853.73486328125,2
FedAdam,CIFAR100,,0.9,0.999,395,1.338135857772827,0.608988618810127,61.33,29,100,2800804,37.92908191680908,37.570621967315674,0.3584599494934082,,2853.73486328125,2
FedAdam,CIFAR100,,0.9,0.999,396,1.3258180465698242,0.6133328598420767,61.75,25,100,2800804,32.74917531013489,32.4474241733551,0.30175113677978516,,2853.73486328125,2
FedAdam,CIFAR100,,0.9,0.999,397,1.3258353252410888,0.6150863292747295,61.93,30,100,2800804,39.42236042022705,39.06082344055176,0.36153697967529297,,2853.73486328125,2
FedAdam,CIFAR100,,0.9,0.999,398,1.3084511709213258,0.6146753824667347,61.91,20,100,2800804,26.864664793014526,26.624682664871216,0.23998212814331055,,2853.73486328125,2
FedAdam,CIFAR100,,0.9,0.999,399,1.2975405588150024,0.6252855502520339,62.95,25,100,2800804,32.732534408569336,32.45430541038513,0.2782289981842041,,2853.73486328125,2
FedAdam,CIFAR100,,0.9,0.999,400,1.30548823223114,0.620989561437689,62.42,28,100,2800804,35.65452599525452,35.320486068725586,0.33403992652893066,,2853.73486328125,2
FedAdam,CIFAR100,,0.9,0.999,401,1.3029740720748901,0.6234245775919548,62.62,22,100,2800804,30.318016529083252,30.049625158309937,0.26839137077331543,,2853.73486328125,2
FedAdam,CIFAR100,,0.9,0.999,402,1.3146247680664063,0.6171884053609116,62.13,21,100,2800804,27.651578664779663,27.37410616874695,0.27747249603271484,,2853.73486328125,2
FedAdam,CIFAR100,,0.9,0.999,403,1.317435702896118,0.6169073276212056,62.28,26,100,2800804,33.0156991481781,32.71616077423096,0.29953837394714355,,2853.73486328125,2
FedAdam,CIFAR100,,0.9,0.999,404,1.3089070581436157,0.6181521810373264,62.4,21,100,2800804,28.231433391571045,27.965813398361206,0.26561999320983887,,2853.73486328125,2
FedAdam,CIFAR100,,0.9,0.999,405,1.2863727024078369,0.6254714833085964,62.98,22,100,2800804,28.651891469955444,28.388548374176025,0.26334309577941895,,2853.73486328125,2
FedAdam,CIFAR100,,0.9,0.999,406,1.2871599466323853,0.6256943847206453,62.96,23,100,2800804,30.763883352279663,30.473541975021362,0.2903413772583008,,2853.73486328125,2
FedAdam,CIFAR100,,0.9,0.999,407,1.2942815702438355,0.6218092260098471,62.5,25,100,2800804,32.69048070907593,32.41615533828735,0.2743253707885742,,2853.73486328125,2
FedAdam,CIFAR100,,0.9,0.999,408,1.304179465675354,0.6248583791146128,62.79,25,100,2800804,31.927401304244995,31.64280652999878,0.2845947742462158,,2853.73486328125,2
FedAdam,CIFAR100,,0.9,0.999,409,1.291504683113098,0.6284593086791589,63.16,21,100,2800804,27.35935115814209,27.09581184387207,0.26353931427001953,,2853.73486328125,2
FedAdam,CIFAR100,,0.9,0.999,410,1.2792247417449951,0.6281187858914745,63.27,29,100,2800804,37.44566226005554,37.09177541732788,0.35388684272766113,,2853.73486328125,2
FedAdam,CIFAR100,,0.9,0.999,411,1.2800603691101073,0.6313562323724803,63.64,29,100,2800804,36.81573128700256,36.46951985359192,0.34621143341064453,,2853.73486328125,2
FedAdam,CIFAR100,,0.9,0.999,412,1.2674414602279662,0.6288876805952076,63.4,21,100,2800804,27.393909215927124,27.150132656097412,0.24377655982971191,,2853.73486328125,2
FedAdam,CIFAR100,,0.9,0.999,413,1.268357612991333,0.6288528446836572,63.38,21,100,2800804,27.199514389038086,26.945515394210815,0.2539989948272705,,2853.73486328125,2
FedAdam,CIFAR100,,0.9,0.999,414,1.272734016227722,0.6313140105754809,63.46,24,100,2800804,30.26281714439392,29.96791410446167,0.294903039932251,,2853.73486328125,2
FedAdam,CIFAR100,,0.9,0.999,415,1.2580689697265626,0.6377666098300171,64.05,29,100,2800804,38.42069625854492,38.087568283081055,0.3331279754638672,,2853.73486328125,2
FedAdam,CIFAR100,,0.9,0.999,416,1.2461105410575866,0.6407305147086553,64.29,28,100,2800804,37.36774516105652,37.05783200263977,0.30991315841674805,,2853.73486328125,2
FedAdam,CIFAR100,,0.9,0.999,417,1.2599807107925416,0.6343018810275101,63.81,25,100,2800804,33.036213874816895,32.74164962768555,0.29456424713134766,,2853.73486328125,2
FedAdam,CIFAR100,,0.9,0.999,418,1.2781740020751953,0.6293620643571289,63.43,22,100,2800804,28.88481593132019,28.626346588134766,0.2584693431854248,,2853.73486328125,2
FedAdam,CIFAR100,,0.9,0.999,419,1.2721735229492188,0.629204346034782,63.43,28,100,2800804,37.099074602127075,36.77470636367798,0.3243682384490967,,2853.73486328125,2
FedAdam,CIFAR100,,0.9,0.999,420,1.2706758810043335,0.6308871651712349,63.39,26,100,2800804,33.72404503822327,33.424392223358154,0.2996528148651123,,2853.73486328125,2
FedAdam,CIFAR100,,0.9,0.999,421,1.2778072240829468,0.6307767211908216,63.33,20,100,2800804,26.538877964019775,26.299696445465088,0.2391815185546875,,2853.73486328125,2
FedAdam,CIFAR100,,0.9,0.999,422,1.2528732095718385,0.634933399728361,63.77,25,100,2800804,33.35887360572815,33.07076549530029,0.28810811042785645,,2853.73486328125,2
FedAdam,CIFAR100,,0.9,0.999,423,1.2395573509216309,0.6379236119285036,64.23,28,100,2800804,37.949493408203125,37.62799286842346,0.3215005397796631,,2853.73486328125,2
FedAdam,CIFAR100,,0.9,0.999,424,1.2575990348815917,0.63576023223195,64.06,25,100,2800804,32.759844064712524,32.476059436798096,0.2837846279144287,,2853.73486328125,2
FedAdam,CIFAR100,,0.9,0.999,425,1.2528854303359986,0.6373653082014292,64.15,30,100,2800804,39.657516956329346,39.31342029571533,0.34409666061401367,,2853.73486328125,2
FedAdam,CIFAR100,,0.9,0.999,426,1.2487920932769776,0.6377576461803964,64.14,26,100,2800804,33.054757833480835,32.76524567604065,0.28951215744018555,,2853.73486328125,2
FedAdam,CIFAR100,,0.9,0.999,427,1.2528032258987427,0.6347368577051195,63.84,29,100,2800804,37.61970829963684,37.29096841812134,0.32873988151550293,,2853.73486328125,2
FedAdam,CIFAR100,,0.9,0.999,428,1.2569584087371826,0.6362258586470803,63.86,20,100,2800804,25.95172381401062,25.72215509414673,0.2295687198638916,,2853.73486328125,2
FedAdam,CIFAR100,,0.9,0.999,429,1.253964959526062,0.6374482262560703,63.9,20,100,2800804,26.17316508293152,25.928582906723022,0.2445821762084961,,2853.73486328125,2
FedAdam,CIFAR100,,0.9,0.999,430,1.2368224033355713,0.6410771884870374,64.5,21,100,2800804,28.05379843711853,27.808011293411255,0.2457871437072754,,2853.73486328125,2
FedAdam,CIFAR100,,0.9,0.999,431,1.239334013557434,0.6401755262661518,64.52,21,100,2800804,27.134023666381836,26.88128399848938,0.25273966789245605,,2853.73486328125,2
FedAdam,CIFAR100,,0.9,0.999,432,1.26242724609375,0.6335780158983588,63.73,26,100,2800804,33.97402286529541,33.654085636138916,0.31993722915649414,,2853.73486328125,2
FedAdam,CIFAR100,,0.9,0.999,433,1.2596379175186156,0.6352781744292887,63.98,28,100,2800804,36.80235004425049,36.478370666503906,0.32397937774658203,,2853.73486328125,2
FedAdam,CIFAR100,,0.9,0.999,434,1.2659751998901367,0.6332307904594461,63.74,23,100,2800804,29.478606939315796,29.21793007850647,0.26067686080932617,,2853.73486328125,2
FedAdam,CIFAR100,,0.9,0.999,435,1.2633788427352906,0.63579334813005,63.95,25,100,2800804,32.52075934410095,32.22635865211487,0.294400691986084,,2853.73486328125,2
FedAdam,CIFAR100,,0.9,0.999,436,1.2474243600845336,0.6394530645354989,64.25,26,100,2800804,33.66903114318848,33.36984372138977,0.29918742179870605,,2853.73486328125,2
FedAdam,CIFAR100,,0.9,0.999,437,1.229221057510376,0.6456215084850051,64.81,22,100,2800804,29.4410982131958,29.168272256851196,0.2728259563446045,,2853.73486328125,2
FedAdam,CIFAR100,,0.9,0.999,438,1.2266243099212646,0.644568171780962,64.76,28,100,2800804,36.79475474357605,36.44966650009155,0.34508824348449707,,2853.73486328125,2
FedAdam,CIFAR100,,0.9,0.999,439,1.2325786319732666,0.643922122432153,64.7,28,100,2800804,35.91634964942932,35.58716440200806,0.32918524742126465,,2853.73486328125,2
FedAdam,CIFAR100,,0.9,0.999,440,1.2333401056289672,0.6425082872688448,64.52,21,100,2800804,27.566051959991455,27.30634617805481,0.2597057819366455,,2853.73486328125,2
FedAdam,CIFAR100,,0.9,0.999,441,1.2176920957565307,0.6438164176664918,64.87,28,100,2800804,36.31785178184509,35.97134566307068,0.34650611877441406,,2853.73486328125,2
FedAdam,CIFAR100,,0.9,0.999,442,1.2299493381500244,0.6392828737508305,64.43,23,100,2800804,30.418418169021606,30.14907479286194,0.26934337615966797,,2853.73486328125,2
FedAdam,CIFAR100,,0.9,0.999,443,1.2400358400344849,0.6379490749549239,64.24,20,100,2800804,25.95725989341736,25.7223961353302,0.2348637580871582,,2853.73486328125,2
FedAdam,CIFAR100,,0.9,0.999,444,1.2395439462661744,0.6382620600881248,64.33,24,100,2800804,30.614643573760986,30.305203437805176,0.30944013595581055,,2853.73486328125,2
FedAdam,CIFAR100,,0.9,0.999,445,1.2352220811843873,0.6401416508546122,64.41,21,100,2800804,26.576670169830322,26.325817108154297,0.2508530616760254,,2853.73486328125,2
FedAdam,CIFAR100,,0.9,0.999,446,1.2285919597625732,0.6409464839514883,64.47,24,100,2800804,31.192370414733887,30.896466493606567,0.29590392112731934,,2853.73486328125,2
FedAdam,CIFAR100,,0.9,0.999,447,1.2194033336639405,0.6417350535562792,64.66,23,100,2800804,30.82514762878418,30.551971197128296,0.2731764316558838,,2853.73486328125,2
FedAdam,CIFAR100,,0.9,0.999,448,1.2076078590393067,0.6483879846287474,65.34,30,100,2800804,39.918229818344116,39.580774784088135,0.33745503425598145,,2853.73486328125,2
FedAdam,CIFAR100,,0.9,0.999,449,1.2034236331939698,0.6487657826539038,65.17,24,100,2800804,31.237765789031982,30.92580795288086,0.31195783615112305,,2853.73486328125,2
FedAdam,CIFAR100,,0.9,0.999,450,1.2181935878753662,0.6500627522863064,65.17,26,100,2800804,35.15151834487915,34.84698939323425,0.30452895164489746,,2853.73486328125,2
FedAdam,CIFAR100,,0.9,0.999,451,1.2064038316726684,0.6526533604178095,65.46,22,100,2800804,27.91364860534668,27.646939754486084,0.2667088508605957,,2853.73486328125,2
FedAdam,CIFAR100,,0.9,0.999,452,1.1998609428405762,0.6542281747288976,65.65,29,100,2800804,37.99600672721863,37.67738747596741,0.3186192512512207,,2853.73486328125,2
FedAdam,CIFAR100,,0.9,0.999,453,1.2161718828201293,0.648790789432679,65.25,26,100,2800804,32.7218017578125,32.42076516151428,0.3010365962982178,,2853.73486328125,2
FedAdam,CIFAR100,,0.9,0.999,454,1.2350153593063355,0.6418832271619864,64.68,23,100,2800804,29.663503885269165,29.38763999938965,0.2758638858795166,,2853.73486328125,2
FedAdam,CIFAR100,,0.9,0.999,455,1.2254026388168335,0.6449757411025039,64.92,20,100,2800804,26.460815906524658,26.21321415901184,0.24760174751281738,,2853.73486328125,2
FedAdam,CIFAR100,,0.9,0.999,456,1.2115901170730592,0.6531441926221744,65.63,30,100,2800804,39.821956396102905,39.46209454536438,0.3598618507385254,,2853.73486328125,2
FedAdam,CIFAR100,,0.9,0.999,457,1.2070385766983032,0.6511298018583439,65.41,27,100,2800804,36.259984493255615,35.927923917770386,0.3320605754852295,,2853.73486328125,2
FedAdam,CIFAR100,,0.9,0.999,458,1.1932530506134034,0.657273460045689,65.98,26,100,2800804,33.964009523391724,33.65794038772583,0.30606913566589355,,2853.73486328125,2
FedAdam,CIFAR100,,0.9,0.999,459,1.1898198085784912,0.6484071154375249,65.13,26,100,2800804,34.63144135475159,34.31582427024841,0.31561708450317383,,2853.73486328125,2
FedAdam,CIFAR100,,0.9,0.999,460,1.2049980869293213,0.6415757213683562,64.65,30,100,2800804,39.147117137908936,38.801750898361206,0.3453662395477295,,2853.73486328125,2
FedAdam,CIFAR100,,0.9,0.999,461,1.210391061401367,0.6436491156029244,64.82,23,100,2800804,30.3325252532959,30.06054377555847,0.27198147773742676,,2853.73486328125,2
FedAdam,CIFAR100,,0.9,0.999,462,1.1913229581832885,0.6546067146346719,65.78,27,100,2800804,35.149213790893555,34.81914234161377,0.33007144927978516,,2853.73486328125,2
FedAdam,CIFAR100,,0.9,0.999,463,1.191926764678955,0.6552529890737447,65.81,29,100,2800804,38.96975564956665,38.63451862335205,0.3352370262145996,,2853.73486328125,2
FedAdam,CIFAR100,,0.9,0.999,464,1.1997169874191285,0.654384492827533,65.73,21,100,2800804,27.903599977493286,27.66552710533142,0.23807287216186523,,2853.73486328125,2
FedAdam,CIFAR100,,0.9,0.999,465,1.196404860496521,0.6517622548575344,65.44,20,100,2800804,26.901742935180664,26.64833641052246,0.2534065246582031,,2853.73486328125,2
FedAdam,CIFAR100,,0.9,0.999,466,1.1962612951278686,0.6528187522498756,65.55,21,100,2800804,27.727935552597046,27.472312927246094,0.25562262535095215,,2853.73486328125,2
FedAdam,CIFAR100,,0.9,0.999,467,1.1846477306365968,0.6542561532330563,65.83,26,100,2800804,34.257047176361084,33.94459629058838,0.3124508857727051,,2853.73486328125,2
FedAdam,CIFAR100,,0.9,0.999,468,1.1935121043205261,0.6511539508320677,65.67,22,100,2800804,29.358032941818237,29.098496198654175,0.2595367431640625,,2853.73486328125,2
FedAdam,CIFAR100,,0.9,0.999,469,1.2107417190551757,0.6490159644664114,65.36,28,100,2800804,36.32135367393494,35.95201802253723,0.3693356513977051,,2853.73486328125,2
FedAdam,CIFAR100,,0.9,0.999,470,1.1879763000488281,0.658572043831744,66.1,24,100,2800804,31.481968879699707,31.209484338760376,0.27248454093933105,,2853.73486328125,2
FedAdam,CIFAR100,,0.9,0.999,471,1.1589738379478454,0.6662413208324057,66.65,28,100,2800804,36.96385455131531,36.62356495857239,0.3402895927429199,,2853.73486328125,2
FedAdam,CIFAR100,,0.9,0.999,472,1.172254822731018,0.6589894501976413,66.03,29,100,2800804,37.67120814323425,37.333481311798096,0.3377268314361572,,2853.73486328125,2
FedAdam,CIFAR100,,0.9,0.999,473,1.1842750911712647,0.6542120872124519,65.63,22,100,2800804,29.538904905319214,29.27363157272339,0.2652733325958252,,2853.73486328125,2
FedAdam,CIFAR100,,0.9,0.999,474,1.1583191013336183,0.6631425830092641,66.53,28,100,2800804,36.01721811294556,35.694064140319824,0.3231539726257324,,2853.73486328125,2
FedAdam,CIFAR100,,0.9,0.999,475,1.1487418600082397,0.6638056959738821,66.58,22,100,2800804,28.782341480255127,28.50928521156311,0.2730562686920166,,2853.73486328125,2
FedAdam,CIFAR100,,0.9,0.999,476,1.167468036556244,0.6622334513553502,66.49,23,100,2800804,30.191730737686157,29.897640228271484,0.29409050941467285,,2853.73486328125,2
FedAdam,CIFAR100,,0.9,0.999,477,1.1717992708206177,0.661200022808105,66.43,22,100,2800804,29.3167405128479,29.033629894256592,0.2831106185913086,,2853.73486328125,2
FedAdam,CIFAR100,,0.9,0.999,478,1.1767333705902099,0.6612079877981217,66.47,27,100,2800804,34.17042374610901,33.85102868080139,0.3193950653076172,,2853.73486328125,2
FedAdam,CIFAR100,,0.9,0.999,479,1.1713706508636474,0.6588429604812513,66.24,23,100,2800804,31.221395254135132,30.951563835144043,0.26983141899108887,,2853.73486328125,2
FedAdam,CIFAR100,,0.9,0.999,480,1.1561978302001954,0.661553623162257,66.52,30,100,2800804,39.25728154182434,38.8981237411499,0.3591578006744385,,2853.73486328125,2
FedAdam,CIFAR100,,0.9,0.999,481,1.160608068370819,0.6615734757888438,66.5,24,100,2800804,31.378448724746704,31.085638999938965,0.29280972480773926,,2853.73486328125,2
FedAdam,CIFAR100,,0.9,0.999,482,1.167902004814148,0.6598183574550375,66.27,21,100,2800804,28.788429498672485,28.52775812149048,0.26067137718200684,,2853.73486328125,2
FedAdam,CIFAR100,,0.9,0.999,483,1.164529930305481,0.6581627556061579,66.09,21,100,2800804,28.2732834815979,28.006964921951294,0.26631855964660645,,2853.73486328125,2
FedAdam,CIFAR100,,0.9,0.999,484,1.184160747909546,0.6574967734443237,65.97,22,100,2800804,29.479378700256348,29.22557234764099,0.25380635261535645,,2853.73486328125,2
FedAdam,CIFAR100,,0.9,0.999,485,1.177131067276001,0.6567330118759862,65.95,27,100,2800804,35.12446570396423,34.817875146865845,0.30659055709838867,,2853.73486328125,2
FedAdam,CIFAR100,,0.9,0.999,486,1.1501208504676819,0.6648111453057929,66.68,27,100,2800804,35.462151527404785,35.135427474975586,0.3267240524291992,,2853.73486328125,2
FedAdam,CIFAR100,,0.9,0.999,487,1.1412171516418457,0.6683883087514926,67.05,21,100,2800804,27.840845823287964,27.586460828781128,0.25438499450683594,,2853.73486328125,2
FedAdam,CIFAR100,,0.9,0.999,488,1.1474267520904542,0.6679230806933231,67.07,23,100,2800804,29.041900634765625,28.77578115463257,0.26611948013305664,,2853.73486328125,2
FedAdam,CIFAR100,,0.9,0.999,489,1.1507294157028198,0.6668337157181117,66.95,20,100,2800804,26.196044445037842,25.966808557510376,0.22923588752746582,,2853.73486328125,2
FedAdam,CIFAR100,,0.9,0.999,490,1.1625782691955566,0.6644194164554993,66.59,24,100,2800804,31.71135711669922,31.423739671707153,0.28761744499206543,,2853.73486328125,2
FedAdam,CIFAR100,,0.9,0.999,491,1.1605207859039306,0.6626239817791665,66.48,24,100,2800804,32.01097369194031,31.73951482772827,0.27145886421203613,,2853.73486328125,2
FedAdam,CIFAR100,,0.9,0.999,492,1.159912625694275,0.6567251300868215,66.05,27,100,2800804,36.292452812194824,35.96395802497864,0.3284947872161865,,2853.73486328125,2
FedAdam,CIFAR100,,0.9,0.999,493,1.1586918867111207,0.659695715324272,66.53,23,100,2800804,28.78416156768799,28.502458572387695,0.28170299530029297,,2853.73486328125,2
FedAdam,CIFAR100,,0.9,0.999,494,1.1582569549560546,0.6637943998045336,66.88,22,100,2800804,28.74352264404297,28.485780000686646,0.25774264335632324,,2853.73486328125,2
FedAdam,CIFAR100,,0.9,0.999,495,1.1462541875839234,0.6696267226824159,67.39,23,100,2800804,29.060349702835083,28.778242588043213,0.2821071147918701,,2853.73486328125,2
FedAdam,CIFAR100,,0.9,0.999,496,1.1455028966903686,0.669633971462948,67.33,27,100,2800804,35.90617656707764,35.59361958503723,0.3125569820404053,,2853.73486328125,2
FedAdam,CIFAR100,,0.9,0.999,497,1.1392286268234253,0.6689946548813401,67.18,28,100,2800804,37.12893295288086,36.795823097229004,0.33310985565185547,,2853.73486328125,2
FedAdam,CIFAR100,,0.9,0.999,498,1.1429573301315308,0.6711559669959819,67.32,26,100,2800804,33.734636306762695,33.42712116241455,0.30751514434814453,,2853.73486328125,2
FedAdam,CIFAR100,,0.9,0.999,499,1.1524343830108643,0.6671651632326342,66.9,30,100,2800804,38.9519157409668,38.58289408683777,0.3690216541290283,,2853.73486328125,2
FedAdam,CIFAR100,,0.9,0.999,500,1.1490172843933106,0.6671690007729676,66.98,25,100,2800804,34.29652404785156,33.98487687110901,0.3116471767425537,,2853.73486328125,2
FedDyn,CIFAR100,,0.9,0.999,1,4.693686953735352,0.0001994614540740002,1.0,26,100,2800804,49.32611131668091,49.2547767162323,0.0713346004486084,,2519.12890625,0
FedDyn,CIFAR100,,0.9,0.999,2,4.6850436378479,0.00041315131383680767,1.07,27,100,2800804,51.26012325286865,51.186925649642944,0.07319760322570801,,2519.12890625,0
FedDyn,CIFAR100,,0.9,0.999,3,4.682565406036377,0.00019801980198019803,1.0,29,100,2800804,60.009445905685425,59.92841100692749,0.08103489875793457,,2519.12890625,0
FedDyn,CIFAR100,,0.9,0.999,4,4.657736868286133,0.0008864567189639253,1.07,22,100,2800804,46.580296993255615,46.51761746406555,0.06267952919006348,,2519.12890625,0
FedDyn,CIFAR100,,0.9,0.999,5,4.6583229995727535,0.00019805902158843335,1.0,26,100,2800804,55.41002011299133,55.33752799034119,0.07249212265014648,,2519.12890625,0
FedDyn,CIFAR100,,0.9,0.999,6,4.656202317810059,0.00048692737562209263,1.09,20,100,2800804,41.81833076477051,41.761396169662476,0.05693459510803223,,2519.12890625,0
FedDyn,CIFAR100,,0.9,0.999,7,4.661797647094726,0.00025183330134386243,1.0,23,100,2800804,48.141151428222656,48.07751202583313,0.06363940238952637,,2519.12890625,0
FedDyn,CIFAR100,,0.9,0.999,8,4.651051225280762,0.00019811788013868252,1.0,28,100,2800804,56.02959609031677,55.95517301559448,0.07442307472229004,,2519.12890625,0
FedDyn,CIFAR100,,0.9,0.999,9,4.658921322631836,0.00019801980198019803,1.0,28,100,2800804,57.310455560684204,57.2384135723114,0.07204198837280273,,2519.12890625,0
FedDyn,CIFAR100,,0.9,0.999,10,4.64603865814209,0.00019801980198019803,1.0,30,100,2800804,63.52380132675171,63.443259954452515,0.08054137229919434,,2519.12890625,0
FedDyn,CIFAR100,,0.9,0.999,11,4.654736808776855,0.00019801980198019803,1.0,20,100,2800804,42.32854628562927,42.27270197868347,0.05584430694580078,,2519.12890625,0
FedDyn,CIFAR100,,0.9,0.999,12,4.669371672058105,0.00019801980198019803,1.0,20,100,2800804,42.01639223098755,41.961419343948364,0.05497288703918457,,2519.12890625,0
FedDyn,CIFAR100,,0.9,0.999,13,4.6788521621704104,0.0001984717673910886,1.0,24,100,2800804,49.74233531951904,49.68012094497681,0.06221437454223633,,2519.12890625,0
FedDyn,CIFAR100,,0.9,0.999,14,4.671079404449463,0.0005384350286584922,1.02,28,100,2800804,62.35623049736023,62.27687859535217,0.07935190200805664,,2519.12890625,0
FedDyn,CIFAR100,,0.9,0.999,15,4.654521313476563,0.00019801980198019803,1.0,27,100,2800804,58.77796912193298,58.706984519958496,0.0709846019744873,,2519.12890625,0
FedDyn,CIFAR100,,0.9,0.999,16,4.642941528320312,0.0007811088806653026,1.04,25,100,2800804,53.941614389419556,53.87259340286255,0.06902098655700684,,2519.12890625,0
FedDyn,CIFAR100,,0.9,0.999,17,4.637542375183106,0.0011025138160817875,1.16,26,100,2800804,55.590834856033325,55.51933240890503,0.0715024471282959,,2519.12890625,0
FedDyn,CIFAR100,,0.9,0.999,18,4.635154790496826,0.0011088347394940024,1.29,26,100,2800804,55.70209360122681,55.63250184059143,0.06959176063537598,,2519.12890625,0
FedDyn,CIFAR100,,0.9,0.999,19,4.652870199584961,0.0007164193068825071,1.22,20,100,2800804,42.6005175113678,42.54465842247009,0.05585908889770508,,2519.12890625,0
FedDyn,CIFAR100,,0.9,0.999,20,4.634146434020996,0.0010891717625452003,1.17,27,100,2800804,57.81357502937317,57.740448236465454,0.07312679290771484,,2519.12890625,0
FedDyn,CIFAR100,,0.9,0.999,21,4.614746943664551,0.0018182848598877943,1.38,30,100,2800804,61.80383491516113,61.73297309875488,0.07086181640625,,2519.12890625,0
FedDyn,CIFAR100,,0.9,0.999,22,4.623761709594727,0.00019801980198019803,1.0,25,100,2800804,53.346885681152344,53.28096103668213,0.06592464447021484,,2519.12890625,0
FedDyn,CIFAR100,,0.9,0.999,23,4.608205281066894,0.0028532979464192844,1.87,29,100,2800804,58.34998559951782,58.27769660949707,0.07228899002075195,,2519.12890625,0
FedDyn,CIFAR100,,0.9,0.999,24,4.619522912597656,0.001019026609642736,1.32,20,100,2800804,42.658430099487305,42.60206985473633,0.05636024475097656,,2519.12890625,0
FedDyn,CIFAR100,,0.9,0.999,25,4.624568608093262,0.001235073784358349,1.63,21,100,2800804,42.71131134033203,42.65657329559326,0.05473804473876953,,2519.12890625,0
FedDyn,CIFAR100,,0.9,0.999,26,4.611747578430176,0.0028258663165567546,1.84,25,100,2800804,50.41778612136841,50.35285210609436,0.06493401527404785,,2519.12890625,0
FedDyn,CIFAR100,,0.9,0.999,27,4.603953524780273,0.0012669643692254592,1.56,25,100,2800804,53.645251750946045,53.57799458503723,0.06725716590881348,,2519.12890625,0
FedDyn,CIFAR100,,0.9,0.999,28,4.616857099914551,0.00042177695745385823,1.02,25,100,2800804,52.88800811767578,52.82037830352783,0.06762981414794922,,2519.12890625,0
FedDyn,CIFAR100,,0.9,0.999,29,4.6104734558105465,0.0030059104707575663,2.09,20,100,2800804,39.12597131729126,39.073763370513916,0.05220794677734375,,2519.12890625,0
FedDyn,CIFAR100,,0.9,0.999,30,4.599332935333252,0.0033923849026191244,2.24,27,100,2800804,55.27337074279785,55.20614147186279,0.0672292709350586,,2519.12890625,0
FedDyn,CIFAR100,,0.9,0.999,31,4.576057726287842,0.004391553270807595,1.88,28,100,2800804,56.7671275138855,56.69830822944641,0.06881928443908691,,2519.12890625,0
FedDyn,CIFAR100,,0.9,0.999,32,4.583368537139893,0.004680016943472711,1.8,30,100,2800804,60.23378300666809,60.15325689315796,0.08052611351013184,,2519.12890625,0
FedDyn,CIFAR100,,0.9,0.999,33,4.601392672729492,0.002105844382201365,2.34,25,100,2800804,51.0390944480896,50.9753623008728,0.06373214721679688,,2519.12890625,0
FedDyn,CIFAR100,,0.9,0.999,34,4.5799927894592285,0.0011496480543989399,1.54,30,100,2800804,61.685062408447266,61.612478256225586,0.07258415222167969,,2519.12890625,0
FedDyn,CIFAR100,,0.9,0.999,35,4.596131796264649,0.00430848147424312,2.52,26,100,2800804,54.79457187652588,54.73209357261658,0.06247830390930176,,2519.12890625,0
FedDyn,CIFAR100,,0.9,0.999,36,4.565490704345703,0.004831020534581066,2.09,27,100,2800804,57.073893308639526,57.0023193359375,0.07157397270202637,,2519.12890625,0
FedDyn,CIFAR100,,0.9,0.999,37,4.563450860595703,0.0032881542476259407,1.96,30,100,2800804,62.51473379135132,62.43852090835571,0.07621288299560547,,2519.12890625,0
FedDyn,CIFAR100,,0.9,0.999,38,4.567679719543457,0.006674965259838275,2.46,25,100,2800804,48.922367572784424,48.85621118545532,0.06615638732910156,,2519.12890625,0
FedDyn,CIFAR100,,0.9,0.999,39,4.559186605834961,0.00822188143465273,2.81,26,100,2800804,54.11781644821167,54.05659222602844,0.06122422218322754,,2519.12890625,0
FedDyn,CIFAR100,,0.9,0.999,40,4.555111769104004,0.005190387341954574,2.38,27,100,2800804,55.20067501068115,55.13584852218628,0.06482648849487305,,2519.12890625,0
FedDyn,CIFAR100,,0.9,0.999,41,4.566691660308838,0.003993326448844429,1.83,24,100,2800804,48.28558111190796,48.22273015975952,0.0628509521484375,,2519.12890625,0
FedDyn,CIFAR100,,0.9,0.999,42,4.56734415435791,0.00643608405035042,2.79,30,100,2800804,62.267470598220825,62.187490463256836,0.07998013496398926,,2519.12890625,0
FedDyn,CIFAR100,,0.9,0.999,43,4.563739015197754,0.006127780979452016,2.66,22,100,2800804,47.050668716430664,46.991586208343506,0.0590825080871582,,2519.12890625,0
FedDyn,CIFAR100,,0.9,0.999,44,4.529812893676758,0.00885780940622129,2.89,29,100,2800804,60.37248158454895,60.301239013671875,0.0712425708770752,,2519.12890625,0
FedDyn,CIFAR100,,0.9,0.999,45,4.56529920425415,0.007587482743873588,2.88,27,100,2800804,55.431238651275635,55.36157822608948,0.06966042518615723,,2519.12890625,0
FedDyn,CIFAR100,,0.9,0.999,46,4.554839989471436,0.007488058684586549,2.71,21,100,2800804,43.59313249588013,43.53995990753174,0.05317258834838867,,2519.12890625,0
FedDyn,CIFAR100,,0.9,0.999,47,4.523886280822754,0.006257035269778631,1.94,28,100,2800804,57.93050718307495,57.86243224143982,0.06807494163513184,,2519.12890625,0
FedDyn,CIFAR100,,0.9,0.999,48,4.520547784423828,0.007036559722348182,3.05,29,100,2800804,58.26160764694214,58.18782997131348,0.07377767562866211,,2519.12890625,0
FedDyn,CIFAR100,,0.9,0.999,49,4.538255065917968,0.004378665205275324,2.37,26,100,2800804,53.85754370689392,53.79244089126587,0.06510281562805176,,2519.12890625,0
FedDyn,CIFAR100,,0.9,0.999,50,4.51612123413086,0.008870286316188884,2.95,30,100,2800804,59.89015817642212,59.80820417404175,0.0819540023803711,,2519.12890625,0
FedDyn,CIFAR100,,0.9,0.999,51,4.511962301635742,0.0038865662224658298,1.97,26,100,2800804,49.72109341621399,49.656858921051025,0.06423449516296387,,2519.12890625,0
FedDyn,CIFAR100,,0.9,0.999,52,4.508851872253418,0.006898291358574285,2.7,29,100,2800804,60.481788635253906,60.40242385864258,0.07936477661132812,,2519.12890625,0
FedDyn,CIFAR100,,0.9,0.999,53,4.52285004272461,0.006736888906324917,2.67,20,100,2800804,41.344292402267456,41.291714906692505,0.05257749557495117,,2519.12890625,0
FedDyn,CIFAR100,,0.9,0.999,54,4.514397982025146,0.005078283666848669,2.45,23,100,2800804,48.504706621170044,48.44598436355591,0.05872225761413574,,2519.12890625,0
FedDyn,CIFAR100,,0.9,0.999,55,4.5038838264465335,0.008043849662965013,2.16,29,100,2800804,60.02948355674744,59.95675849914551,0.07272505760192871,,2519.12890625,0
FedDyn,CIFAR100,,0.9,0.999,56,4.5326989517211915,0.004813307665630765,2.11,20,100,2800804,38.45379042625427,38.40317463874817,0.050615787506103516,,2519.12890625,0
FedDyn,CIFAR100,,0.9,0.999,57,4.490587508392334,0.009850985331733559,3.02,26,100,2800804,54.17133164405823,54.10136675834656,0.06996488571166992,,2519.12890625,0
FedDyn,CIFAR100,,0.9,0.999,58,4.490937409973145,0.007324886163762987,2.65,24,100,2800804,49.28866982460022,49.223190784454346,0.06547904014587402,,2519.12890625,0
FedDyn,CIFAR100,,0.9,0.999,59,4.479809574890137,0.009222799590445162,3.39,29,100,2800804,58.063642501831055,57.988280296325684,0.0753622055053711,,2519.12890625,0
FedDyn,CIFAR100,,0.9,0.999,60,4.47966242980957,0.008082642367595465,3.18,25,100,2800804,51.77032661437988,51.70953583717346,0.0607907772064209,,2519.12890625,0
FedDyn,CIFAR100,,0.9,0.999,61,4.4716164474487305,0.01089521916909007,3.14,29,100,2800804,61.14273810386658,61.06470489501953,0.0780332088470459,,2519.12890625,0
FedDyn,CIFAR100,,0.9,0.999,62,4.493583512878418,0.015051938830991839,3.82,20,100,2800804,41.05341291427612,40.99888563156128,0.05452728271484375,,2519.12890625,0
FedDyn,CIFAR100,,0.9,0.999,63,4.477445483398437,0.00992463967856874,2.79,22,100,2800804,46.17274761199951,46.11355233192444,0.05919528007507324,,2519.12890625,0
FedDyn,CIFAR100,,0.9,0.999,64,4.48387741394043,0.00740089241680754,2.53,27,100,2800804,56.88322305679321,56.81035614013672,0.07286691665649414,,2519.12890625,0
FedDyn,CIFAR100,,0.9,0.999,65,4.468171742248535,0.006299920082335966,2.74,26,100,2800804,55.302746534347534,55.229329347610474,0.07341718673706055,,2519.12890625,0
FedDyn,CIFAR100,,0.9,0.999,66,4.430019413757324,0.011925621302137495,3.18,30,100,2800804,61.16682052612305,61.093215465545654,0.07360506057739258,,2519.12890625,0
FedDyn,CIFAR100,,0.9,0.999,67,4.440084907531738,0.00960235739161716,3.07,27,100,2800804,55.642574071884155,55.57204818725586,0.0705258846282959,,2519.12890625,0
FedDyn,CIFAR100,,0.9,0.999,68,4.4380398468017574,0.011065644397518866,3.83,26,100,2800804,55.932854413986206,55.86370778083801,0.06914663314819336,,2519.12890625,0
FedDyn,CIFAR100,,0.9,0.999,69,4.403600296020508,0.013266699151576205,4.44,28,100,2800804,59.943784952163696,59.8725802898407,0.07120466232299805,,2519.12890625,0
FedDyn,CIFAR100,,0.9,0.999,70,4.394425081634521,0.016740313056788657,3.92,23,100,2800804,48.00160193443298,47.94212627410889,0.05947566032409668,,2519.12890625,0
FedDyn,CIFAR100,,0.9,0.999,71,4.38322326965332,0.01214347369798739,3.59,24,100,2800804,50.76497483253479,50.700228452682495,0.06474637985229492,,2519.12890625,0
FedDyn,CIFAR100,,0.9,0.999,72,4.368997110748291,0.016592557840421365,4.3,28,100,2800804,57.737215995788574,57.66452765464783,0.07268834114074707,,2519.12890625,0
FedDyn,CIFAR100,,0.9,0.999,73,4.347188274383545,0.010285464000027887,3.57,27,100,2800804,54.433997631073,54.35953330993652,0.07446432113647461,,2519.12890625,0
FedDyn,CIFAR100,,0.9,0.999,74,4.3407835739135745,0.015971459188400747,4.87,28,100,2800804,56.296096324920654,56.22956681251526,0.06652951240539551,,2519.12890625,0
FedDyn,CIFAR100,,0.9,0.999,75,4.37171494216919,0.014034990549349891,4.42,21,100,2800804,44.04620051383972,43.98880624771118,0.05739426612854004,,2519.12890625,0
FedDyn,CIFAR100,,0.9,0.999,76,4.337917710876465,0.013505144429644358,4.23,23,100,2800804,48.03293800354004,47.96996212005615,0.06297588348388672,,2519.12890625,0
FedDyn,CIFAR100,,0.9,0.999,77,4.336722546386719,0.01181575937550721,3.67,26,100,2800804,54.89789843559265,54.832032442092896,0.06586599349975586,,2519.12890625,0
FedDyn,CIFAR100,,0.9,0.999,78,4.372673580932617,0.012005546112000038,3.86,24,100,2800804,49.62916970252991,49.56410527229309,0.0650644302368164,,2519.12890625,0
FedDyn,CIFAR100,,0.9,0.999,79,4.344946607208252,0.013957251189624785,3.99,20,100,2800804,41.853920459747314,41.79524493217468,0.058675527572631836,,2519.12890625,0
FedDyn,CIFAR100,,0.9,0.999,80,4.322767349243164,0.011937853675522905,4.03,23,100,2800804,49.18743109703064,49.1237952709198,0.06363582611083984,,2519.12890625,0
FedDyn,CIFAR100,,0.9,0.999,81,4.333061735534668,0.018265686519166924,4.59,22,100,2800804,44.87276291847229,44.81302499771118,0.0597379207611084,,2519.12890625,0
FedDyn,CIFAR100,,0.9,0.999,82,4.31428270111084,0.011342004062157867,3.64,27,100,2800804,56.06005001068115,55.98975896835327,0.07029104232788086,,2519.12890625,0
FedDyn,CIFAR100,,0.9,0.999,83,4.328166805267334,0.01375840128403091,4.4,27,100,2800804,55.283828258514404,55.2149338722229,0.0688943862915039,,2519.12890625,0
FedDyn,CIFAR100,,0.9,0.999,84,4.300654041290283,0.024361219011261044,5.1,27,100,2800804,58.065547943115234,57.98969054222107,0.07585740089416504,,2519.12890625,0
FedDyn,CIFAR100,,0.9,0.999,85,4.277541918182373,0.01811128751347694,4.63,28,100,2800804,58.316040992736816,58.24077320098877,0.07526779174804688,,2519.12890625,0
FedDyn,CIFAR100,,0.9,0.999,86,4.288960876464844,0.012767868724892573,4.19,27,100,2800804,57.217055559158325,57.1439688205719,0.07308673858642578,,2519.12890625,0
FedDyn,CIFAR100,,0.9,0.999,87,4.28560966796875,0.01833734670999738,4.71,30,100,2800804,66.15004968643188,66.0646767616272,0.0853729248046875,,2519.12890625,0
FedDyn,CIFAR100,,0.9,0.999,88,4.272730207061768,0.019884771189666688,4.96,26,100,2800804,57.071781873703,57.0008659362793,0.07091593742370605,,2519.12890625,0
FedDyn,CIFAR100,,0.9,0.999,89,4.259459993743897,0.013414550261155692,4.38,20,100,2800804,43.543458700180054,43.48656511306763,0.05689358711242676,,2519.12890625,0
FedDyn,CIFAR100,,0.9,0.999,90,4.273363668060303,0.02023816173962857,5.38,28,100,2800804,56.74637794494629,56.674793004989624,0.07158493995666504,,2519.12890625,0
FedDyn,CIFAR100,,0.9,0.999,91,4.278437088012695,0.015432391159845665,4.53,28,100,2800804,61.149784326553345,61.07855701446533,0.0712273120880127,,2519.12890625,0
FedDyn,CIFAR100,,0.9,0.999,92,4.25471806716919,0.018691332772950757,5.17,20,100,2800804,43.45678210258484,43.402313470840454,0.054468631744384766,,2519.12890625,0
FedDyn,CIFAR100,,0.9,0.999,93,4.227345161437988,0.020730976505699703,5.07,27,100,2800804,59.10732913017273,59.03370904922485,0.07362008094787598,,2519.12890625,0
FedDyn,CIFAR100,,0.9,0.999,94,4.237938784790039,0.022337692085211844,4.72,26,100,2800804,57.33422541618347,57.26250195503235,0.07172346115112305,,2519.12890625,0
FedDyn,CIFAR100,,0.9,0.999,95,4.2555664405822755,0.01455553768950172,5.07,20,100,2800804,43.45652747154236,43.39978909492493,0.05673837661743164,,2519.12890625,0
FedDyn,CIFAR100,,0.9,0.999,96,4.225116645812988,0.024604465391076382,5.33,24,100,2800804,52.20584559440613,52.142391204833984,0.06345438957214355,,2519.12890625,0
FedDyn,CIFAR100,,0.9,0.999,97,4.21521220703125,0.025367344217708192,5.52,22,100,2800804,48.80169486999512,48.74463248252869,0.057062387466430664,,2519.12890625,0
FedDyn,CIFAR100,,0.9,0.999,98,4.204712551116943,0.02086592907817746,5.81,24,100,2800804,51.550434827804565,51.485132455825806,0.06530237197875977,,2519.12890625,0
FedDyn,CIFAR100,,0.9,0.999,99,4.238029719543457,0.02227163254352985,5.14,25,100,2800804,53.94694709777832,53.86718487739563,0.07976222038269043,,2519.12890625,0
FedDyn,CIFAR100,,0.9,0.999,100,4.175602877807617,0.024914063971296183,5.58,29,100,2800804,62.89083671569824,62.81333804130554,0.0774986743927002,,2519.12890625,0
FedDyn,CIFAR100,,0.9,0.999,101,4.189701376342773,0.02778822014899958,5.91,27,100,2800804,56.89346361160278,56.82094144821167,0.07252216339111328,,2519.12890625,0
FedDyn,CIFAR100,,0.9,0.999,102,4.192870017242432,0.019878076609158045,5.72,21,100,2800804,45.82306241989136,45.766531229019165,0.05653119087219238,,2519.12890625,0
FedDyn,CIFAR100,,0.9,0.999,103,4.156715428924561,0.03609357094918468,6.61,29,100,2800804,58.78346848487854,58.70609998703003,0.07736849784851074,,2519.12890625,0
FedDyn,CIFAR100,,0.9,0.999,104,4.160237149047852,0.023939842553253578,6.02,29,100,2800804,63.26197123527527,63.18055725097656,0.08141398429870605,,2519.12890625,0
FedDyn,CIFAR100,,0.9,0.999,105,4.1707422706604005,0.024318272759189314,5.32,21,100,2800804,44.00783824920654,43.95088171958923,0.05695652961730957,,2519.12890625,0
FedDyn,CIFAR100,,0.9,0.999,106,4.157873796844482,0.03176189342767102,7.11,29,100,2800804,62.826218366622925,62.752745151519775,0.07347321510314941,,2519.12890625,0
FedDyn,CIFAR100,,0.9,0.999,107,4.158811720275879,0.02340663791805337,6.21,24,100,2800804,51.33208632469177,51.26535224914551,0.06673407554626465,,2519.12890625,0
FedDyn,CIFAR100,,0.9,0.999,108,4.1424347770690915,0.031152712206760132,6.26,25,100,2800804,52.69346737861633,52.62091398239136,0.07255339622497559,,2519.12890625,0
FedDyn,CIFAR100,,0.9,0.999,109,4.1143810131073,0.03295679463090924,6.83,25,100,2800804,53.214338302612305,53.14462184906006,0.0697164535522461,,2519.12890625,0
FedDyn,CIFAR100,,0.9,0.999,110,4.1291428016662595,0.036922148011972536,7.09,28,100,2800804,61.275625228881836,61.19914746284485,0.0764777660369873,,2519.12890625,0
FedDyn,CIFAR100,,0.9,0.999,111,4.118738283920288,0.030290296943552023,6.18,24,100,2800804,50.340588092803955,50.27322769165039,0.06736040115356445,,2519.12890625,0
FedDyn,CIFAR100,,0.9,0.999,112,4.109263746643067,0.03538069055856784,6.58,29,100,2800804,62.02694654464722,61.951480865478516,0.07546567916870117,,2519.12890625,0
FedDyn,CIFAR100,,0.9,0.999,113,4.097259247589111,0.0323875350599806,6.5,29,100,2800804,57.998181104660034,57.91786813735962,0.08031296730041504,,2519.12890625,0
FedDyn,CIFAR100,,0.9,0.999,114,4.09539912109375,0.038626384098955545,6.97,25,100,2800804,51.23186182975769,51.17186951637268,0.059992313385009766,,2519.12890625,0
FedDyn,CIFAR100,,0.9,0.999,115,4.082828587341308,0.03943911525689343,7.58,29,100,2800804,62.387243032455444,62.31187462806702,0.07536840438842773,,2519.12890625,0
FedDyn,CIFAR100,,0.9,0.999,116,4.10415694732666,0.030432204492540835,6.61,22,100,2800804,45.69154977798462,45.637303829193115,0.054245948791503906,,2519.12890625,0
FedDyn,CIFAR100,,0.9,0.999,117,4.07714206237793,0.045178498690200124,7.75,22,100,2800804,45.97540211677551,45.9185733795166,0.05682873725891113,,2519.12890625,0
FedDyn,CIFAR100,,0.9,0.999,118,4.068193500518799,0.031645281803509645,7.04,30,100,2800804,62.62944507598877,62.55603098869324,0.07341408729553223,,2519.12890625,0
FedDyn,CIFAR100,,0.9,0.999,119,4.045160220718384,0.04633313072466651,7.91,26,100,2800804,54.03287982940674,53.96299195289612,0.06988787651062012,,2519.12890625,0
FedDyn,CIFAR100,,0.9,0.999,120,4.043422448730468,0.0451987782686828,8.23,28,100,2800804,58.6219003200531,58.555710315704346,0.06619000434875488,,2519.12890625,0
FedDyn,CIFAR100,,0.9,0.999,121,4.041253983306885,0.045204635564939595,8.03,23,100,2800804,49.191707372665405,49.133471965789795,0.05823540687561035,,2519.12890625,0
FedDyn,CIFAR100,,0.9,0.999,122,4.033679600906372,0.04241164134925797,8.08,30,100,2800804,60.88875484466553,60.81388783454895,0.07486701011657715,,2519.12890625,0
FedDyn,CIFAR100,,0.9,0.999,123,4.018155153274536,0.04699918372766609,8.39,26,100,2800804,54.62603425979614,54.55072236061096,0.07531189918518066,,2519.12890625,0
FedDyn,CIFAR100,,0.9,0.999,124,4.018011742401123,0.04792956643342184,8.53,30,100,2800804,60.773298025131226,60.69930148124695,0.07399654388427734,,2519.12890625,0
FedDyn,CIFAR100,,0.9,0.999,125,4.02541000366211,0.05024540199990879,7.93,24,100,2800804,49.06429982185364,49.00264072418213,0.06165909767150879,,2519.12890625,0
FedDyn,CIFAR100,,0.9,0.999,126,4.003273069381714,0.051556282852668535,8.97,21,100,2800804,42.6210503578186,42.564921617507935,0.056128740310668945,,2519.12890625,0
FedDyn,CIFAR100,,0.9,0.999,127,3.9955987190246582,0.04218114238761774,8.34,22,100,2800804,45.17342710494995,45.118447065353394,0.05498003959655762,,2519.12890625,0
FedDyn,CIFAR100,,0.9,0.999,128,3.989813028717041,0.05473219606183455,9.18,22,100,2800804,45.1827757358551,45.12411403656006,0.058661699295043945,,2519.12890625,0
FedDyn,CIFAR100,,0.9,0.999,129,3.968318436431885,0.05935502024104805,9.21,24,100,2800804,50.14395236968994,50.07767939567566,0.06627297401428223,,2519.12890625,0
FedDyn,CIFAR100,,0.9,0.999,130,3.960974753189087,0.05868830852433822,9.62,22,100,2800804,45.07053279876709,45.01244521141052,0.05808758735656738,,2519.12890625,0
FedDyn,CIFAR100,,0.9,0.999,131,3.966197584152222,0.053177034112803015,9.43,23,100,2800804,46.550331354141235,46.490362882614136,0.05996847152709961,,2519.12890625,0
FedDyn,CIFAR100,,0.9,0.999,132,3.975235852050781,0.05618460900203669,9.86,26,100,2800804,52.78452229499817,52.72282385826111,0.06169843673706055,,2519.12890625,0
FedDyn,CIFAR100,,0.9,0.999,133,3.905425623321533,0.06422743678383183,10.3,30,100,2800804,60.71584486961365,60.64244723320007,0.07339763641357422,,2519.12890625,0
FedDyn,CIFAR100,,0.9,0.999,134,3.911510326766968,0.06037636780135726,9.71,28,100,2800804,56.62661838531494,56.55585813522339,0.07076025009155273,,2519.12890625,0
FedDyn,CIFAR100,,0.9,0.999,135,3.915445513153076,0.06444320519951956,10.51,22,100,2800804,43.89587950706482,43.83542728424072,0.06045222282409668,,2519.12890625,0
FedDyn,CIFAR100,,0.9,0.999,136,3.9443379199981687,0.060474822106975766,9.4,22,100,2800804,44.481669664382935,44.420015811920166,0.061653852462768555,,2519.12890625,0
FedDyn,CIFAR100,,0.9,0.999,137,3.913894497680664,0.06204522067286688,10.28,30,100,2800804,63.08436608314514,63.00616431236267,0.0782017707824707,,2519.12890625,0
FedDyn,CIFAR100,,0.9,0.999,138,3.8986204494476318,0.06755996461883859,10.79,27,100,2800804,56.840699672698975,56.76402688026428,0.07667279243469238,,2519.12890625,0
FedDyn,CIFAR100,,0.9,0.999,139,3.9201953186035157,0.05281168164985334,9.8,20,100,2800804,41.81057667732239,41.75526452064514,0.055312156677246094,,2519.12890625,0
FedDyn,CIFAR100,,0.9,0.999,140,3.8863093524932864,0.067495262427372,10.69,29,100,2800804,60.27635598182678,60.208404541015625,0.06795144081115723,,2519.12890625,0
FedDyn,CIFAR100,,0.9,0.999,141,3.9059948947906493,0.07242318834007339,10.32,22,100,2800804,45.77214980125427,45.71551275253296,0.05663704872131348,,2519.12890625,0
FedDyn,CIFAR100,,0.9,0.999,142,3.881211730194092,0.06951799542792406,10.84,21,100,2800804,42.55468821525574,42.49656105041504,0.05812716484069824,,2519.12890625,0
FedDyn,CIFAR100,,0.9,0.999,143,3.8497366790771483,0.06801527357702539,10.82,30,100,2800804,62.35951614379883,62.27880358695984,0.08071255683898926,,2519.12890625,0
FedDyn,CIFAR100,,0.9,0.999,144,3.8824257270812987,0.06552411932518547,10.31,21,100,2800804,42.92180585861206,42.870423793792725,0.05138206481933594,,2519.12890625,0
FedDyn,CIFAR100,,0.9,0.999,145,3.8292175369262695,0.08250782450995961,12.26,22,100,2800804,43.273860692977905,43.21954083442688,0.05431985855102539,,2519.12890625,0
FedDyn,CIFAR100,,0.9,0.999,146,3.845551139831543,0.07358808216992475,11.22,26,100,2800804,51.58322072029114,51.50857210159302,0.07464861869812012,,2519.12890625,0
FedDyn,CIFAR100,,0.9,0.999,147,3.812417279052734,0.08074286958133009,11.91,30,100,2800804,60.9239981174469,60.85082745552063,0.07317066192626953,,2519.12890625,0
FedDyn,CIFAR100,,0.9,0.999,148,3.8034339179992678,0.07755184443661664,11.57,28,100,2800804,56.13455677032471,56.06378936767578,0.07076740264892578,,2519.12890625,0
FedDyn,CIFAR100,,0.9,0.999,149,3.8148724143981934,0.08519864666960016,12.31,30,100,2800804,61.09921360015869,61.02882409095764,0.0703895092010498,,2519.12890625,0
FedDyn,CIFAR100,,0.9,0.999,150,3.798360934829712,0.07833113336895227,11.34,23,100,2800804,46.9294536113739,46.872865200042725,0.05658841133117676,,2519.12890625,0
FedDyn,CIFAR100,,0.9,0.999,151,3.803245851135254,0.07903993511084241,11.71,21,100,2800804,39.884583950042725,39.82839512825012,0.05618882179260254,,2519.12890625,0
FedDyn,CIFAR100,,0.9,0.999,152,3.797652199935913,0.07610408198048434,12.09,21,100,2800804,41.925002574920654,41.87367534637451,0.05132722854614258,,2519.12890625,0
FedDyn,CIFAR100,,0.9,0.999,153,3.805059489440918,0.08349843969110662,11.88,21,100,2800804,42.2278687953949,42.176427125930786,0.05144166946411133,,2519.12890625,0
FedDyn,CIFAR100,,0.9,0.999,154,3.757843796539307,0.09099325196353142,12.73,25,100,2800804,48.69113612174988,48.62890625,0.06222987174987793,,2519.12890625,0
FedDyn,CIFAR100,,0.9,0.999,155,3.7454118423461913,0.08959634009350363,12.87,26,100,2800804,54.31507349014282,54.24763536453247,0.06743812561035156,,2519.12890625,0
FedDyn,CIFAR100,,0.9,0.999,156,3.7927730712890626,0.08881252366325905,12.6,21,100,2800804,42.687193393707275,42.62928009033203,0.05791330337524414,,2519.12890625,0
FedDyn,CIFAR100,,0.9,0.999,157,3.7642918479919434,0.08361103093856893,12.08,26,100,2800804,53.666300535202026,53.59714126586914,0.06915926933288574,,2519.12890625,0
FedDyn,CIFAR100,,0.9,0.999,158,3.7413657051086426,0.09318302271106128,12.7,23,100,2800804,48.80081653594971,48.73876190185547,0.06205463409423828,,2519.12890625,0
FedDyn,CIFAR100,,0.9,0.999,159,3.712725390625,0.09733352830739284,13.15,25,100,2800804,49.89661693572998,49.83297395706177,0.06364297866821289,,2519.12890625,0
FedDyn,CIFAR100,,0.9,0.999,160,3.72914870262146,0.07821541331434156,12.12,27,100,2800804,55.349026918411255,55.2781195640564,0.0709073543548584,,2519.12890625,0
FedDyn,CIFAR100,,0.9,0.999,161,3.6976360931396486,0.10579849176984746,13.57,24,100,2800804,49.72345757484436,49.66613698005676,0.057320594787597656,,2519.12890625,0
FedDyn,CIFAR100,,0.9,0.999,162,3.716170911407471,0.09822831948240213,13.65,21,100,2800804,43.62857246398926,43.57612609863281,0.05244636535644531,,2519.12890625,0
FedDyn,CIFAR100,,0.9,0.999,163,3.690948568725586,0.09869676371432944,13.72,27,100,2800804,56.81233239173889,56.738651275634766,0.07368111610412598,,2519.12890625,0
FedDyn,CIFAR100,,0.9,0.999,164,3.6771774387359617,0.10042550607142457,13.83,25,100,2800804,52.16247582435608,52.09765267372131,0.06482315063476562,,2519.12890625,0
FedDyn,CIFAR100,,0.9,0.999,165,3.6782813316345213,0.10492454261406238,13.94,25,100,2800804,52.27257513999939,52.21286916732788,0.05970597267150879,,2519.12890625,0
FedDyn,CIFAR100,,0.9,0.999,166,3.668582371902466,0.10993382143195833,14.67,27,100,2800804,54.701212644577026,54.63729381561279,0.0639188289642334,,2519.12890625,0
FedDyn,CIFAR100,,0.9,0.999,167,3.638633229446411,0.10810619484411736,15.09,29,100,2800804,59.75184226036072,59.67855095863342,0.07329130172729492,,2519.12890625,0
FedDyn,CIFAR100,,0.9,0.999,168,3.651310736846924,0.10445212906051399,14.37,21,100,2800804,42.441545248031616,42.386818408966064,0.05472683906555176,,2519.12890625,0
FedDyn,CIFAR100,,0.9,0.999,169,3.6554306533813476,0.1141854469021465,14.65,24,100,2800804,48.768001079559326,48.70414066314697,0.06386041641235352,,2519.12890625,0
FedDyn,CIFAR100,,0.9,0.999,170,3.6431410808563234,0.11029168521860472,15.06,29,100,2800804,59.92674899101257,59.850982904434204,0.07576608657836914,,2519.12890625,0
FedDyn,CIFAR100,,0.9,0.999,171,3.6368137268066407,0.11401697281921373,14.86,20,100,2800804,41.70821237564087,41.64914679527283,0.05906558036804199,,2519.12890625,0
FedDyn,CIFAR100,,0.9,0.999,172,3.5957798736572264,0.12335295298794784,15.77,28,100,2800804,59.10307860374451,59.02360200881958,0.07947659492492676,,2519.12890625,0
FedDyn,CIFAR100,,0.9,0.999,173,3.6039258018493654,0.11498731471995631,15.2,24,100,2800804,49.487425804138184,49.4231960773468,0.06422972679138184,,2519.12890625,0
FedDyn,CIFAR100,,0.9,0.999,174,3.6073875385284424,0.11986241045577894,15.1,24,100,2800804,50.986491680145264,50.919997692108154,0.06649398803710938,,2519.12890625,0
FedDyn,CIFAR100,,0.9,0.999,175,3.609403483200073,0.12253855221539962,15.37,22,100,2800804,46.08029651641846,46.02291464805603,0.05738186836242676,,2519.12890625,0
FedDyn,CIFAR100,,0.9,0.999,176,3.6007601066589356,0.11789466390189092,15.14,29,100,2800804,59.54461717605591,59.47458577156067,0.07003140449523926,,2519.12890625,0
FedDyn,CIFAR100,,0.9,0.999,177,3.608904793548584,0.1212617608881139,15.37,20,100,2800804,40.87783455848694,40.81876015663147,0.05907440185546875,,2519.12890625,0
FedDyn,CIFAR100,,0.9,0.999,178,3.561026058959961,0.12869711223472025,16.72,22,100,2800804,45.978705406188965,45.91661620140076,0.06208920478820801,,2519.12890625,0
FedDyn,CIFAR100,,0.9,0.999,179,3.5595772884368895,0.12579332660321535,16.4,28,100,2800804,62.04678916931152,61.98088216781616,0.06590700149536133,,2519.12890625,0
FedDyn,CIFAR100,,0.9,0.999,180,3.5631631519317626,0.1332137788561503,16.47,24,100,2800804,52.808863162994385,52.743183612823486,0.06567955017089844,,2519.12890625,0
FedDyn,CIFAR100,,0.9,0.999,181,3.5418094242095948,0.13463606379776186,16.68,27,100,2800804,58.685091495513916,58.61276721954346,0.07232427597045898,,2519.12890625,0
FedDyn,CIFAR100,,0.9,0.999,182,3.5354933547973633,0.13161659766520079,16.48,27,100,2800804,57.39190053939819,57.32007145881653,0.07182908058166504,,2519.12890625,0
FedDyn,CIFAR100,,0.9,0.999,183,3.517680641555786,0.1427700514556388,17.68,30,100,2800804,62.40343880653381,62.32289505004883,0.08054375648498535,,2519.12890625,0
FedDyn,CIFAR100,,0.9,0.999,184,3.5269236167907714,0.12757480509686359,16.9,22,100,2800804,47.119452714920044,47.05787682533264,0.061575889587402344,,2519.12890625,0
FedDyn,CIFAR100,,0.9,0.999,185,3.5131185989379885,0.13273513119944416,16.71,27,100,2800804,58.382041454315186,58.30233120918274,0.07971024513244629,,2519.12890625,0
FedDyn,CIFAR100,,0.9,0.999,186,3.496999458694458,0.14456336408859655,17.77,29,100,2800804,63.1174590587616,63.037187576293945,0.08027148246765137,,2519.12890625,0
FedDyn,CIFAR100,,0.9,0.999,187,3.4990115951538088,0.1411374474121071,17.52,22,100,2800804,46.33410692214966,46.2757031917572,0.058403730392456055,,2519.12890625,0
FedDyn,CIFAR100,,0.9,0.999,188,3.5213155838012695,0.12799983634345774,16.69,25,100,2800804,53.48583984375,53.41826629638672,0.06757354736328125,,2519.12890625,0
FedDyn,CIFAR100,,0.9,0.999,189,3.501083357620239,0.13823945016646635,17.15,23,100,2800804,50.26637625694275,50.200626373291016,0.0657498836517334,,2519.12890625,0
FedDyn,CIFAR100,,0.9,0.999,190,3.4668546630859374,0.1506410133293364,18.15,29,100,2800804,63.872607946395874,63.795243978500366,0.07736396789550781,,2519.12890625,0
FedDyn,CIFAR100,,0.9,0.999,191,3.4465649673461916,0.1502406851846042,17.95,30,100,2800804,66.16962027549744,66.08828663825989,0.08133363723754883,,2519.12890625,0
FedDyn,CIFAR100,,0.9,0.999,192,3.4541594093322754,0.14185739898918612,17.61,20,100,2800804,43.76457905769348,43.70579123497009,0.05878782272338867,,2519.12890625,0
FedDyn,CIFAR100,,0.9,0.999,193,3.4508007781982424,0.14789694477907717,18.41,29,100,2800804,61.72036528587341,61.64481449127197,0.07555079460144043,,2519.12890625,0
FedDyn,CIFAR100,,0.9,0.999,194,3.4647941650390623,0.14069312344083562,17.79,20,100,2800804,42.539669036865234,42.482234954833984,0.05743408203125,,2519.12890625,0
FedDyn,CIFAR100,,0.9,0.999,195,3.465206216430664,0.13416478129312762,17.19,20,100,2800804,43.17933917045593,43.12523293495178,0.05410623550415039,,2519.12890625,0
FedDyn,CIFAR100,,0.9,0.999,196,3.450558519744873,0.14698099573286025,18.56,23,100,2800804,50.27798128128052,50.21394205093384,0.06403923034667969,,2519.12890625,0
FedDyn,CIFAR100,,0.9,0.999,197,3.4407069831848145,0.13762859559601665,17.92,20,100,2800804,40.37464427947998,40.32182312011719,0.05282115936279297,,2519.12890625,0
FedDyn,CIFAR100,,0.9,0.999,198,3.4328449768066407,0.15148523197389724,17.97,27,100,2800804,56.80552840232849,56.73235869407654,0.07316970825195312,,2519.12890625,0
FedDyn,CIFAR100,,0.9,0.999,199,3.4721032012939452,0.1410408164107378,17.1,22,100,2800804,45.99275994300842,45.93195104598999,0.06080889701843262,,2519.12890625,0
FedDyn,CIFAR100,,0.9,0.999,200,3.4493756984710693,0.1418583570115693,17.75,30,100,2800804,64.10719919204712,64.02574872970581,0.0814504623413086,,2519.12890625,0
FedDyn,CIFAR100,,0.9,0.999,201,3.4753458236694335,0.13459156231699862,17.4,20,100,2800804,47.1386022567749,47.078227519989014,0.06037473678588867,,2519.12890625,0
FedDyn,CIFAR100,,0.9,0.999,202,3.433003929901123,0.14692136940683637,18.08,20,100,2800804,44.46564865112305,44.40699219703674,0.05865645408630371,,2519.12890625,0
FedDyn,CIFAR100,,0.9,0.999,203,3.4300848388671876,0.14292498103954096,17.86,25,100,2800804,53.060248374938965,52.9917426109314,0.06850576400756836,,2519.12890625,0
FedDyn,CIFAR100,,0.9,0.999,204,3.395669107055664,0.14778328969325213,18.2,26,100,2800804,57.12267446517944,57.05291819572449,0.06975626945495605,,2519.12890625,0
FedDyn,CIFAR100,,0.9,0.999,205,3.43758430519104,0.1401194119019412,17.44,20,100,2800804,42.54508066177368,42.487719774246216,0.05736088752746582,,2519.12890625,0
FedDyn,CIFAR100,,0.9,0.999,206,3.3943275802612303,0.15543662250225268,19.2,27,100,2800804,58.06226444244385,57.99629020690918,0.06597423553466797,,2519.12890625,0
FedDyn,CIFAR100,,0.9,0.999,207,3.380950175476074,0.1603146236137651,19.48,29,100,2800804,59.294419050216675,59.21663737297058,0.07778167724609375,,2519.12890625,0
FedDyn,CIFAR100,,0.9,0.999,208,3.4147367225646974,0.1459978473063508,17.73,20,100,2800804,43.11416053771973,43.05632138252258,0.057839155197143555,,2519.12890625,0
FedDyn,CIFAR100,,0.9,0.999,209,3.4070635665893554,0.14426466124654316,17.7,26,100,2800804,55.273645639419556,55.20554709434509,0.06809854507446289,,2519.12890625,0
FedDyn,CIFAR100,,0.9,0.999,210,3.360975771331787,0.16606541322459364,20.06,22,100,2800804,45.16629886627197,45.109570264816284,0.05672860145568848,,2519.12890625,0
FedDyn,CIFAR100,,0.9,0.999,211,3.3716514278411864,0.16020419379051729,19.47,27,100,2800804,56.95124292373657,56.878151655197144,0.07309126853942871,,2519.12890625,0
FedDyn,CIFAR100,,0.9,0.999,212,3.371247370529175,0.15241163530329693,18.33,21,100,2800804,45.29149127006531,45.23764109611511,0.05385017395019531,,2519.12890625,0
FedDyn,CIFAR100,,0.9,0.999,213,3.364669228363037,0.16461197535070543,19.65,21,100,2800804,43.99751591682434,43.94103455543518,0.056481361389160156,,2519.12890625,0
FedDyn,CIFAR100,,0.9,0.999,214,3.3708996017456054,0.15652956661667472,18.76,25,100,2800804,50.79674768447876,50.72624230384827,0.07050538063049316,,2519.12890625,0
FedDyn,CIFAR100,,0.9,0.999,215,3.3549821922302248,0.16896173243112195,19.79,24,100,2800804,50.76096510887146,50.70094704627991,0.060018062591552734,,2519.12890625,0
FedDyn,CIFAR100,,0.9,0.999,216,3.332226831817627,0.17235929220340812,20.47,22,100,2800804,46.75986123085022,46.704054832458496,0.05580639839172363,,2519.12890625,0
FedDyn,CIFAR100,,0.9,0.999,217,3.327732534790039,0.16426418072590984,19.74,22,100,2800804,44.827834367752075,44.77133584022522,0.05649852752685547,,2519.12890625,0
FedDyn,CIFAR100,,0.9,0.999,218,3.3063684745788575,0.17083302967529337,20.29,25,100,2800804,51.556147813797,51.49192929267883,0.06421852111816406,,2519.12890625,0
FedDyn,CIFAR100,,0.9,0.999,219,3.280368027877808,0.17976622887942828,21.16,20,100,2800804,37.067671060562134,37.015817165374756,0.05185389518737793,,2519.12890625,0
FedDyn,CIFAR100,,0.9,0.999,220,3.2860455207824706,0.17667425501468054,21.04,29,100,2800804,58.701717376708984,58.6220645904541,0.07965278625488281,,2519.12890625,0
FedDyn,CIFAR100,,0.9,0.999,221,3.342315068817139,0.1624159597992471,19.36,26,100,2800804,53.61954164505005,53.552953243255615,0.0665884017944336,,2519.12890625,0
FedDyn,CIFAR100,,0.9,0.999,222,3.3082147232055665,0.17109646903508316,20.55,23,100,2800804,46.43664860725403,46.37003993988037,0.06660866737365723,,2519.12890625,0
FedDyn,CIFAR100,,0.9,0.999,223,3.2981966751098635,0.18517116198285447,21.67,26,100,2800804,53.66731238365173,53.60242795944214,0.06488442420959473,,2519.12890625,0
FedDyn,CIFAR100,,0.9,0.999,224,3.284118690872192,0.17439309928606048,20.4,20,100,2800804,41.326252698898315,41.27798008918762,0.04827260971069336,,2519.12890625,0
FedDyn,CIFAR100,,0.9,0.999,225,3.2908114196777345,0.1723380080845045,20.68,23,100,2800804,46.504756450653076,46.44829225540161,0.056464195251464844,,2519.12890625,0
FedDyn,CIFAR100,,0.9,0.999,226,3.284422833251953,0.17437883942547322,20.45,20,100,2800804,40.5059380531311,40.45340967178345,0.05252838134765625,,2519.12890625,0
FedDyn,CIFAR100,,0.9,0.999,227,3.2631758625030516,0.18161291909154237,21.23,26,100,2800804,52.19286513328552,52.122859716415405,0.07000541687011719,,2519.12890625,0
FedDyn,CIFAR100,,0.9,0.999,228,3.270618772125244,0.1771619072139735,21.33,27,100,2800804,55.24704337120056,55.18180227279663,0.06524109840393066,,2519.12890625,0
FedDyn,CIFAR100,,0.9,0.999,229,3.271598751449585,0.18549282157947528,21.46,24,100,2800804,47.693944215774536,47.6329665184021,0.06097769737243652,,2519.12890625,0
FedDyn,CIFAR100,,0.9,0.999,230,3.2254881759643554,0.19236199811416652,22.32,21,100,2800804,43.86849021911621,43.81365394592285,0.054836273193359375,,2519.12890625,0
FedDyn,CIFAR100,,0.9,0.999,231,3.270620969390869,0.18087392784656178,21.0,24,100,2800804,50.30864214897156,50.24214029312134,0.06650185585021973,,2519.12890625,0
FedDyn,CIFAR100,,0.9,0.999,232,3.258371841049194,0.1747939030296001,19.98,24,100,2800804,48.13115358352661,48.06965398788452,0.061499595642089844,,2519.12890625,0
FedDyn,CIFAR100,,0.9,0.999,233,3.231758213043213,0.18395233838332545,21.96,30,100,2800804,60.385921239852905,60.31316566467285,0.07275557518005371,,2519.12890625,0
FedDyn,CIFAR100,,0.9,0.999,234,3.2323006549835207,0.183146537533899,21.4,22,100,2800804,45.54099750518799,45.48119306564331,0.059804439544677734,,2519.12890625,0
FedDyn,CIFAR100,,0.9,0.999,235,3.2581116157531738,0.18140549202700304,21.48,21,100,2800804,44.46014094352722,44.3963565826416,0.06378436088562012,,2519.12890625,0
FedDyn,CIFAR100,,0.9,0.999,236,3.218746277618408,0.18472247876530154,21.43,20,100,2800804,39.54102373123169,39.48220682144165,0.05881690979003906,,2519.12890625,0
FedDyn,CIFAR100,,0.9,0.999,237,3.1960213737487795,0.20066533515712898,23.37,26,100,2800804,50.757349252700806,50.689228773117065,0.06812047958374023,,2519.12890625,0
FedDyn,CIFAR100,,0.9,0.999,238,3.1885234901428223,0.1926151043100917,22.3,27,100,2800804,54.15248680114746,54.078967571258545,0.07351922988891602,,2519.12890625,0
FedDyn,CIFAR100,,0.9,0.999,239,3.1699157558441162,0.20896326350789043,23.76,24,100,2800804,49.63167953491211,49.56908583641052,0.06259369850158691,,2519.12890625,0
FedDyn,CIFAR100,,0.9,0.999,240,3.217767734527588,0.19424302916365946,21.7,23,100,2800804,45.97486448287964,45.90480875968933,0.07005572319030762,,2519.12890625,0
FedDyn,CIFAR100,,0.9,0.999,241,3.1703827728271485,0.1913747501174963,22.24,23,100,2800804,46.30601668357849,46.24528408050537,0.06073260307312012,,2519.12890625,0
FedDyn,CIFAR100,,0.9,0.999,242,3.166325653076172,0.19587742340322808,23.22,24,100,2800804,49.79394745826721,49.72781538963318,0.0661320686340332,,2519.12890625,0
FedDyn,CIFAR100,,0.9,0.999,243,3.165266819381714,0.19143129067376716,22.53,21,100,2800804,41.146092653274536,41.0886492729187,0.05744338035583496,,2519.12890625,0
FedDyn,CIFAR100,,0.9,0.999,244,3.164853533935547,0.19428542288914574,22.9,29,100,2800804,58.18055248260498,58.11230754852295,0.06824493408203125,,2519.12890625,0
FedDyn,CIFAR100,,0.9,0.999,245,3.175358152770996,0.19701238698583518,22.76,25,100,2800804,50.3710253238678,50.31153869628906,0.05948662757873535,,2519.12890625,0
FedDyn,CIFAR100,,0.9,0.999,246,3.1301883213043213,0.19881284473925986,23.44,28,100,2800804,57.210981369018555,57.14477610588074,0.06620526313781738,,2519.12890625,0
FedDyn,CIFAR100,,0.9,0.999,247,3.1520438610076904,0.19706919090932892,23.09,23,100,2800804,48.21720266342163,48.15643811225891,0.06076455116271973,,2519.12890625,0
FedDyn,CIFAR100,,0.9,0.999,248,3.1305292266845703,0.21382218187877997,23.96,28,100,2800804,54.599382638931274,54.52886128425598,0.07052135467529297,,2519.12890625,0
FedDyn,CIFAR100,,0.9,0.999,249,3.1578447551727296,0.1955603825875747,22.6,21,100,2800804,43.21896314620972,43.16108179092407,0.05788135528564453,,2519.12890625,0
FedDyn,CIFAR100,,0.9,0.999,250,3.119320267486572,0.21133344690769296,23.81,25,100,2800804,51.25897741317749,51.19709277153015,0.06188464164733887,,2519.12890625,0
FedDyn,CIFAR100,,0.9,0.999,251,3.12262041015625,0.21560200383894926,24.4,21,100,2800804,43.93918251991272,43.882896900177,0.05628561973571777,,2519.12890625,0
FedDyn,CIFAR100,,0.9,0.999,252,3.1174211242675782,0.21369616901616034,24.18,22,100,2800804,44.90711498260498,44.846885442733765,0.06022953987121582,,2519.12890625,0
FedDyn,CIFAR100,,0.9,0.999,253,3.099936961746216,0.21102672959130886,24.23,29,100,2800804,61.365883588790894,61.287840127944946,0.07804346084594727,,2519.12890625,0
FedDyn,CIFAR100,,0.9,0.999,254,3.0930158393859863,0.2165112216000676,23.93,22,100,2800804,44.49021911621094,44.436920166015625,0.0532989501953125,,2519.12890625,0
FedDyn,CIFAR100,,0.9,0.999,255,3.118301811981201,0.20733427110469102,24.0,25,100,2800804,50.19910979270935,50.13230490684509,0.06680488586425781,,2519.12890625,0
FedDyn,CIFAR100,,0.9,0.999,256,3.1079990825653074,0.20310408855849457,23.24,21,100,2800804,43.47294044494629,43.41333627700806,0.05960416793823242,,2519.12890625,0
FedDyn,CIFAR100,,0.9,0.999,257,3.121302871322632,0.19961469398748558,23.49,29,100,2800804,58.31408429145813,58.24128985404968,0.07279443740844727,,2519.12890625,0
FedDyn,CIFAR100,,0.9,0.999,258,3.0880202072143557,0.2136447577320966,24.08,27,100,2800804,57.268935441970825,57.200602769851685,0.06833267211914062,,2519.12890625,0
FedDyn,CIFAR100,,0.9,0.999,259,3.1188549995422363,0.20942668960906172,23.48,20,100,2800804,41.7686448097229,41.714268922805786,0.05437588691711426,,2519.12890625,0
FedDyn,CIFAR100,,0.9,0.999,260,3.063514806365967,0.2187040177590707,24.66,23,100,2800804,47.58766555786133,47.530948877334595,0.0567166805267334,,2519.12890625,0
FedDyn,CIFAR100,,0.9,0.999,261,3.0703124656677248,0.21772726380672505,24.91,24,100,2800804,50.81508946418762,50.75017237663269,0.06491708755493164,,2519.12890625,0
FedDyn,CIFAR100,,0.9,0.999,262,3.0426907123565674,0.21964024462496617,24.8,29,100,2800804,60.678487062454224,60.60696983337402,0.0715172290802002,,2519.12890625,0
FedDyn,CIFAR100,,0.9,0.999,263,3.0760674091339113,0.21221799796280078,24.36,25,100,2800804,51.43939423561096,51.36989235877991,0.06950187683105469,,2519.12890625,0
FedDyn,CIFAR100,,0.9,0.999,264,3.0559719741821287,0.22452506150574233,25.37,21,100,2800804,43.56967854499817,43.51563811302185,0.05404043197631836,,2519.12890625,0
FedDyn,CIFAR100,,0.9,0.999,265,3.0576437854766847,0.2202031018085688,25.21,25,100,2800804,49.56039261817932,49.49657344818115,0.06381916999816895,,2519.12890625,0
FedDyn,CIFAR100,,0.9,0.999,266,3.046278643798828,0.22261963153451172,25.21,24,100,2800804,46.72304701805115,46.65830874443054,0.06473827362060547,,2519.12890625,0
FedDyn,CIFAR100,,0.9,0.999,267,3.0261229499816893,0.23285048508624384,26.3,25,100,2800804,49.516541957855225,49.44790315628052,0.06863880157470703,,2519.12890625,0
FedDyn,CIFAR100,,0.9,0.999,268,3.018431002044678,0.22550795875846533,25.5,29,100,2800804,60.44507050514221,60.36637568473816,0.07869482040405273,,2519.12890625,0
FedDyn,CIFAR100,,0.9,0.999,269,3.045077123260498,0.21741073333751743,25.03,20,100,2800804,40.58999037742615,40.537920236587524,0.05207014083862305,,2519.12890625,0
FedDyn,CIFAR100,,0.9,0.999,270,3.021698143386841,0.23326407601279694,25.91,23,100,2800804,48.182295083999634,48.122074127197266,0.060220956802368164,,2519.12890625,0
FedDyn,CIFAR100,,0.9,0.999,271,3.006644854736328,0.23375107149699212,26.13,29,100,2800804,59.1044545173645,59.0258903503418,0.07856416702270508,,2519.12890625,0
FedDyn,CIFAR100,,0.9,0.999,272,3.005574493408203,0.22835306207695297,26.31,23,100,2800804,47.8386766910553,47.77968621253967,0.058990478515625,,2519.12890625,0
FedDyn,CIFAR100,,0.9,0.999,273,2.996970414352417,0.23205213207723133,25.95,29,100,2800804,58.295740842819214,58.22079396247864,0.07494688034057617,,2519.12890625,0
FedDyn,CIFAR100,,0.9,0.999,274,2.992520885848999,0.23333751439855457,26.17,28,100,2800804,54.287508726119995,54.21796178817749,0.06954693794250488,,2519.12890625,0
FedDyn,CIFAR100,,0.9,0.999,275,2.9797955154418947,0.23993834593677124,26.78,24,100,2800804,50.28235459327698,50.22418141365051,0.058173179626464844,,2519.12890625,0
FedDyn,CIFAR100,,0.9,0.999,276,2.9813577560424807,0.24062368334295656,26.97,28,100,2800804,59.95638990402222,59.87905931472778,0.0773305892944336,,2519.12890625,0
FedDyn,CIFAR100,,0.9,0.999,277,2.973718860626221,0.23673879855010452,27.04,25,100,2800804,53.73971390724182,53.67529106140137,0.0644228458404541,,2519.12890625,0
FedDyn,CIFAR100,,0.9,0.999,278,2.965219870376587,0.23999428114782975,26.84,24,100,2800804,52.11595058441162,52.04974627494812,0.06620430946350098,,2519.12890625,0
FedDyn,CIFAR100,,0.9,0.999,279,2.9639909706115724,0.2447365190390411,27.17,20,100,2800804,43.43942046165466,43.38768553733826,0.05173492431640625,,2519.12890625,0
FedDyn,CIFAR100,,0.9,0.999,280,2.9766381587982176,0.23624243546904236,26.35,29,100,2800804,59.01969289779663,58.95087385177612,0.06881904602050781,,2519.12890625,0
FedDyn,CIFAR100,,0.9,0.999,281,3.0028717662811277,0.2228086600559612,26.05,20,100,2800804,40.8086519241333,40.757972717285156,0.05067920684814453,,2519.12890625,0
FedDyn,CIFAR100,,0.9,0.999,282,2.9700218326568604,0.2361137140819015,26.41,30,100,2800804,63.18553829193115,63.10398745536804,0.08155083656311035,,2519.12890625,0
FedDyn,CIFAR100,,0.9,0.999,283,2.931391291809082,0.24956753403994855,27.98,28,100,2800804,58.274658203125,58.20117688179016,0.07348132133483887,,2519.12890625,0
FedDyn,CIFAR100,,0.9,0.999,284,2.9432662105560303,0.23686900868977617,26.86,21,100,2800804,44.64588761329651,44.59023952484131,0.055648088455200195,,2519.12890625,0
FedDyn,CIFAR100,,0.9,0.999,285,2.941191471862793,0.25561883679644415,28.35,24,100,2800804,48.949060678482056,48.88420033454895,0.06486034393310547,,2519.12890625,0
FedDyn,CIFAR100,,0.9,0.999,286,2.912366188812256,0.252302563767511,27.81,23,100,2800804,48.101327896118164,48.034991979599,0.06633591651916504,,2519.12890625,0
FedDyn,CIFAR100,,0.9,0.999,287,2.9216819049835205,0.25342661493516827,28.41,29,100,2800804,59.99026966094971,59.9153470993042,0.07492256164550781,,2519.12890625,0
FedDyn,CIFAR100,,0.9,0.999,288,2.952188390350342,0.23943630769769927,26.67,22,100,2800804,46.97896361351013,46.91705942153931,0.061904191970825195,,2519.12890625,0
FedDyn,CIFAR100,,0.9,0.999,289,2.9367713912963866,0.250085416751768,27.62,24,100,2800804,51.43312931060791,51.36940026283264,0.06372904777526855,,2519.12890625,0
FedDyn,CIFAR100,,0.9,0.999,290,2.942633339691162,0.23836013108834966,26.53,21,100,2800804,45.080986976623535,45.02424240112305,0.05674457550048828,,2519.12890625,0
FedDyn,CIFAR100,,0.9,0.999,291,2.936272463989258,0.24636136831188046,27.74,21,100,2800804,42.6538450717926,42.59959030151367,0.054254770278930664,,2519.12890625,0
FedDyn,CIFAR100,,0.9,0.999,292,2.9264901077270506,0.23902178019347478,27.31,22,100,2800804,47.297030210494995,47.236024618148804,0.061005592346191406,,2519.12890625,0
FedDyn,CIFAR100,,0.9,0.999,293,2.894911848449707,0.25013443011365455,28.08,28,100,2800804,57.31066679954529,57.23784017562866,0.07282662391662598,,2519.12890625,0
FedDyn,CIFAR100,,0.9,0.999,294,2.8764809577941897,0.26143935244947464,28.45,22,100,2800804,46.25449872016907,46.19708061218262,0.057418107986450195,,2519.12890625,0
FedDyn,CIFAR100,,0.9,0.999,295,2.864958561706543,0.26568927294569883,29.09,26,100,2800804,55.564127922058105,55.495988845825195,0.06813907623291016,,2519.12890625,0
FedDyn,CIFAR100,,0.9,0.999,296,2.856834091949463,0.2636169913615346,28.75,25,100,2800804,52.95612025260925,52.889240741729736,0.0668795108795166,,2519.12890625,0
FedDyn,CIFAR100,,0.9,0.999,297,2.879240979003906,0.2533467819109838,28.45,24,100,2800804,50.96389722824097,50.902159452438354,0.061737775802612305,,2519.12890625,0
FedDyn,CIFAR100,,0.9,0.999,298,2.840881813812256,0.26986632936424115,29.47,27,100,2800804,58.600781202316284,58.528655767440796,0.07212543487548828,,2519.12890625,0
FedDyn,CIFAR100,,0.9,0.999,299,2.8747136116027834,0.264658859377427,28.69,23,100,2800804,47.75580668449402,47.690470933914185,0.06533575057983398,,2519.12890625,0
FedDyn,CIFAR100,,0.9,0.999,300,2.8484600048065185,0.26542230838675795,29.45,25,100,2800804,53.623881340026855,53.55487608909607,0.06900525093078613,,2519.12890625,0
FedDyn,CIFAR100,,0.9,0.999,301,2.8793874546051024,0.2546453182728468,28.32,27,100,2800804,58.19349813461304,58.11864137649536,0.07485675811767578,,2519.12890625,0
FedDyn,CIFAR100,,0.9,0.999,302,2.8425683307647707,0.27688226278892236,29.66,21,100,2800804,43.520302057266235,43.46529221534729,0.05500984191894531,,2519.12890625,0
FedDyn,CIFAR100,,0.9,0.999,303,2.8424437313079833,0.2643112637498486,29.37,24,100,2800804,51.553285121917725,51.48881006240845,0.06447505950927734,,2519.12890625,0
FedDyn,CIFAR100,,0.9,0.999,304,2.848230254364014,0.26805569367886306,28.81,23,100,2800804,45.60502624511719,45.54154062271118,0.06348562240600586,,2519.12890625,0
FedDyn,CIFAR100,,0.9,0.999,305,2.8520491752624513,0.25967194199221644,29.11,22,100,2800804,45.60469651222229,45.5434353351593,0.06126117706298828,,2519.12890625,0
FedDyn,CIFAR100,,0.9,0.999,306,2.830760037231445,0.2778417972839406,30.07,22,100,2800804,46.428508281707764,46.37215518951416,0.056353092193603516,,2519.12890625,0
FedDyn,CIFAR100,,0.9,0.999,307,2.8168099643707274,0.27226656361002394,29.48,24,100,2800804,49.01290154457092,48.9429452419281,0.06995630264282227,,2519.12890625,0
FedDyn,CIFAR100,,0.9,0.999,308,2.7987912227630614,0.2690018440834424,29.95,25,100,2800804,52.129122495651245,52.06269812583923,0.06642436981201172,,2519.12890625,0
FedDyn,CIFAR100,,0.9,0.999,309,2.810915615081787,0.2816315120242126,30.27,26,100,2800804,55.122506618499756,55.05221080780029,0.07029581069946289,,2519.12890625,0
FedDyn,CIFAR100,,0.9,0.999,310,2.7840122440338133,0.2812419261677329,30.7,29,100,2800804,60.04894995689392,59.972901582717896,0.07604837417602539,,2519.12890625,0
FedDyn,CIFAR100,,0.9,0.999,311,2.785854577636719,0.28393897259824213,30.66,24,100,2800804,50.99846291542053,50.933443546295166,0.06501936912536621,,2519.12890625,0
FedDyn,CIFAR100,,0.9,0.999,312,2.76907833442688,0.2886543785117431,31.07,25,100,2800804,52.766470432281494,52.69861555099487,0.0678548812866211,,2519.12890625,0
FedDyn,CIFAR100,,0.9,0.999,313,2.780872109603882,0.28140205889122255,30.45,22,100,2800804,44.46751523017883,44.40666365623474,0.0608515739440918,,2519.12890625,0
FedDyn,CIFAR100,,0.9,0.999,314,2.7618800991058348,0.284308820511673,31.14,27,100,2800804,56.84976577758789,56.777241706848145,0.0725240707397461,,2519.12890625,0
FedDyn,CIFAR100,,0.9,0.999,315,2.775073648071289,0.2829612763723124,30.64,24,100,2800804,50.995752573013306,50.92939805984497,0.06635451316833496,,2519.12890625,0
FedDyn,CIFAR100,,0.9,0.999,316,2.757373682785034,0.28471644828269793,31.1,30,100,2800804,64.64466977119446,64.56490778923035,0.07976198196411133,,2519.12890625,0
FedDyn,CIFAR100,,0.9,0.999,317,2.7379897350311277,0.29654858411311685,31.94,26,100,2800804,55.19302487373352,55.120511293411255,0.07251358032226562,,2519.12890625,0
FedDyn,CIFAR100,,0.9,0.999,318,2.7470879302978517,0.2928106967384395,31.48,25,100,2800804,53.47403526306152,53.403331995010376,0.07070326805114746,,2519.12890625,0
FedDyn,CIFAR100,,0.9,0.999,319,2.7158088134765626,0.298512781496006,31.94,30,100,2800804,63.77503776550293,63.700589418411255,0.0744483470916748,,2519.12890625,0
FedDyn,CIFAR100,,0.9,0.999,320,2.7498166957855226,0.29014393087930934,31.34,24,100,2800804,50.80379676818848,50.741290807724,0.06250596046447754,,2519.12890625,0
FedDyn,CIFAR100,,0.9,0.999,321,2.731353207397461,0.29163425191713904,31.62,24,100,2800804,47.77887177467346,47.71515488624573,0.06371688842773438,,2519.12890625,0
FedDyn,CIFAR100,,0.9,0.999,322,2.7201817962646486,0.2998958715284769,32.05,29,100,2800804,62.5707643032074,62.49861788749695,0.07214641571044922,,2519.12890625,0
FedDyn,CIFAR100,,0.9,0.999,323,2.678012110900879,0.30175378002434583,32.62,29,100,2800804,62.610780239105225,62.537768840789795,0.07301139831542969,,2519.12890625,0
FedDyn,CIFAR100,,0.9,0.999,324,2.7055541023254395,0.29968484009115004,31.89,28,100,2800804,61.69203186035156,61.616936683654785,0.07509517669677734,,2519.12890625,0
FedDyn,CIFAR100,,0.9,0.999,325,2.6865252304077147,0.30415642820734107,32.52,30,100,2800804,61.771493911743164,61.69315266609192,0.07834124565124512,,2519.12890625,0
FedDyn,CIFAR100,,0.9,0.999,326,2.699229916000366,0.29876262806952225,32.29,28,100,2800804,59.577959299087524,59.50271558761597,0.07524371147155762,,2519.12890625,0
FedDyn,CIFAR100,,0.9,0.999,327,2.7002770694732665,0.29173218725948435,31.34,22,100,2800804,44.41469478607178,44.3586950302124,0.055999755859375,,2519.12890625,0
FedDyn,CIFAR100,,0.9,0.999,328,2.715121382904053,0.29394146493915474,31.61,24,100,2800804,49.572513580322266,49.50703573226929,0.06547784805297852,,2519.12890625,0
FedDyn,CIFAR100,,0.9,0.999,329,2.6518972373962404,0.31744848736628917,33.22,30,100,2800804,64.07174801826477,63.99386954307556,0.07787847518920898,,2519.12890625,0
FedDyn,CIFAR100,,0.9,0.999,330,2.630891201400757,0.31418145884404236,33.46,28,100,2800804,57.667561054229736,57.59924125671387,0.06831979751586914,,2519.12890625,0
FedDyn,CIFAR100,,0.9,0.999,331,2.66872509765625,0.295980745054881,32.48,25,100,2800804,50.610658168792725,50.543723583221436,0.06693458557128906,,2519.12890625,0
FedDyn,CIFAR100,,0.9,0.999,332,2.6420403774261474,0.3055010002590766,32.6,22,100,2800804,45.68965148925781,45.63054537773132,0.05910611152648926,,2519.12890625,0
FedDyn,CIFAR100,,0.9,0.999,333,2.6382657009124757,0.3173228750121375,33.53,30,100,2800804,61.37067127227783,61.289499044418335,0.08117222785949707,,2519.12890625,0
FedDyn,CIFAR100,,0.9,0.999,334,2.648794117355347,0.3230058874084004,34.08,22,100,2800804,45.43850564956665,45.378854274749756,0.05965137481689453,,2519.12890625,0
FedDyn,CIFAR100,,0.9,0.999,335,2.6514865818023683,0.29574975895401445,32.29,21,100,2800804,43.300519704818726,43.24367880821228,0.05684089660644531,,2519.12890625,0
FedDyn,CIFAR100,,0.9,0.999,336,2.6325792762756346,0.3145357487738491,33.68,29,100,2800804,59.68761968612671,59.619311571121216,0.06830811500549316,,2519.12890625,0
FedDyn,CIFAR100,,0.9,0.999,337,2.6210622592926027,0.31378353758822514,33.49,28,100,2800804,59.03429698944092,58.96042728424072,0.07386970520019531,,2519.12890625,0
FedDyn,CIFAR100,,0.9,0.999,338,2.60236819190979,0.3189129636137387,34.13,27,100,2800804,56.03303623199463,55.96681308746338,0.06622314453125,,2519.12890625,0
FedDyn,CIFAR100,,0.9,0.999,339,2.6113374755859375,0.3059893545556292,33.43,30,100,2800804,63.17244839668274,63.10222506523132,0.07022333145141602,,2519.12890625,0
FedDyn,CIFAR100,,0.9,0.999,340,2.6135175453186035,0.3187519117546655,33.62,21,100,2800804,43.88856554031372,43.83625149726868,0.052314043045043945,,2519.12890625,0
FedDyn,CIFAR100,,0.9,0.999,341,2.5999614330291747,0.31707798322866554,33.9,25,100,2800804,48.725090742111206,48.66154623031616,0.06354451179504395,,2519.12890625,0
FedDyn,CIFAR100,,0.9,0.999,342,2.5834437854766845,0.31926013377310286,34.15,27,100,2800804,51.28602170944214,51.2201292514801,0.06589245796203613,,2519.12890625,0
FedDyn,CIFAR100,,0.9,0.999,343,2.588810241699219,0.3146646476218111,34.03,25,100,2800804,50.15193772315979,50.0851674079895,0.06677031517028809,,2519.12890625,0
FedDyn,CIFAR100,,0.9,0.999,344,2.5928187000274656,0.32399144955286735,34.28,29,100,2800804,56.48335003852844,56.407413721084595,0.07593631744384766,,2519.12890625,0
FedDyn,CIFAR100,,0.9,0.999,345,2.5650111171722414,0.32503782573846757,34.54,25,100,2800804,51.12187170982361,51.06151080131531,0.06036090850830078,,2519.12890625,0
FedDyn,CIFAR100,,0.9,0.999,346,2.581577653884888,0.32116179174598797,34.16,22,100,2800804,45.27622675895691,45.22152900695801,0.05469775199890137,,2519.12890625,0
FedDyn,CIFAR100,,0.9,0.999,347,2.5740013023376465,0.3172557862304008,34.14,22,100,2800804,45.25029373168945,45.18722128868103,0.06307244300842285,,2519.12890625,0
FedDyn,CIFAR100,,0.9,0.999,348,2.544968006515503,0.32614909874357395,34.62,27,100,2800804,55.81685948371887,55.74798274040222,0.06887674331665039,,2519.12890625,0
FedDyn,CIFAR100,,0.9,0.999,349,2.5322109020233152,0.3294561817837557,35.33,29,100,2800804,58.08652687072754,58.00447702407837,0.08204984664916992,,2519.12890625,0
FedDyn,CIFAR100,,0.9,0.999,350,2.5306439765930175,0.32956859113815684,35.52,29,100,2800804,56.40007781982422,56.33129119873047,0.06878662109375,,2519.12890625,0
FedDyn,CIFAR100,,0.9,0.999,351,2.5463979179382323,0.33007607993376437,34.97,26,100,2800804,53.69504714012146,53.62345623970032,0.07159090042114258,,2519.12890625,0
FedDyn,CIFAR100,,0.9,0.999,352,2.5451325538635254,0.31238331727161567,34.06,20,100,2800804,41.26554870605469,41.21175694465637,0.05379176139831543,,2519.12890625,0
FedDyn,CIFAR100,,0.9,0.999,353,2.5333535120010375,0.3292022706438224,34.65,26,100,2800804,53.039780378341675,52.975818395614624,0.06396198272705078,,2519.12890625,0
FedDyn,CIFAR100,,0.9,0.999,354,2.557714903640747,0.3220988914993745,34.19,20,100,2800804,40.64269185066223,40.589810848236084,0.05288100242614746,,2519.12890625,0
FedDyn,CIFAR100,,0.9,0.999,355,2.523686484527588,0.3293098444192987,35.34,24,100,2800804,49.4413423538208,49.38296937942505,0.05837297439575195,,2519.12890625,0
FedDyn,CIFAR100,,0.9,0.999,356,2.4821980728149415,0.344437711847028,36.58,30,100,2800804,62.528149127960205,62.455984115600586,0.07216501235961914,,2519.12890625,0
FedDyn,CIFAR100,,0.9,0.999,357,2.489671063232422,0.34091173848802286,35.92,22,100,2800804,44.0688202381134,44.01462459564209,0.05419564247131348,,2519.12890625,0
FedDyn,CIFAR100,,0.9,0.999,358,2.493592558288574,0.340689838509774,35.96,26,100,2800804,54.25348234176636,54.18090224266052,0.07258009910583496,,2519.12890625,0
FedDyn,CIFAR100,,0.9,0.999,359,2.5143083766937258,0.3356924219593175,35.54,27,100,2800804,53.98066234588623,53.91256546974182,0.06809687614440918,,2519.12890625,0
FedDyn,CIFAR100,,0.9,0.999,360,2.4819761657714845,0.33621435589683135,35.49,21,100,2800804,42.66435718536377,42.61427044868469,0.05008673667907715,,2519.12890625,0
FedDyn,CIFAR100,,0.9,0.999,361,2.5020099842071533,0.3333948409030701,35.29,22,100,2800804,44.643653869628906,44.584139347076416,0.059514522552490234,,2519.12890625,0
FedDyn,CIFAR100,,0.9,0.999,362,2.4952242317199707,0.33518625976990407,35.58,23,100,2800804,46.99548602104187,46.93760371208191,0.05788230895996094,,2519.12890625,0
FedDyn,CIFAR100,,0.9,0.999,363,2.4551855197906494,0.338089493119423,35.93,29,100,2800804,59.48889183998108,59.408562660217285,0.08032917976379395,,2519.12890625,0
FedDyn,CIFAR100,,0.9,0.999,364,2.490946577835083,0.3513661035680709,36.47,23,100,2800804,47.08987641334534,47.03232002258301,0.0575563907623291,,2519.12890625,0
FedDyn,CIFAR100,,0.9,0.999,365,2.4479418422698975,0.34241445187573577,36.63,22,100,2800804,45.68849444389343,45.63169503211975,0.05679941177368164,,2519.12890625,0
FedDyn,CIFAR100,,0.9,0.999,366,2.4568117404937744,0.35708219580070777,36.95,22,100,2800804,43.748056173324585,43.68689584732056,0.06116032600402832,,2519.12890625,0
FedDyn,CIFAR100,,0.9,0.999,367,2.440694760513306,0.34023010679141036,36.22,30,100,2800804,61.26871395111084,61.19951319694519,0.06920075416564941,,2519.12890625,0
FedDyn,CIFAR100,,0.9,0.999,368,2.410046951675415,0.3552531332020212,37.74,27,100,2800804,55.23034358024597,55.16660714149475,0.0637364387512207,,2519.12890625,0
FedDyn,CIFAR100,,0.9,0.999,369,2.4325086135864256,0.34716843031225,36.82,29,100,2800804,55.334096908569336,55.266443729400635,0.06765317916870117,,2519.12890625,0
FedDyn,CIFAR100,,0.9,0.999,370,2.4239156566619875,0.3591772938385963,37.23,29,100,2800804,56.95925760269165,56.881810426712036,0.07744717597961426,,2519.12890625,0
FedDyn,CIFAR100,,0.9,0.999,371,2.4263807586669923,0.34989234940624897,37.12,28,100,2800804,55.951019048690796,55.87692999839783,0.07408905029296875,,2519.12890625,0
FedDyn,CIFAR100,,0.9,0.999,372,2.4001273502349854,0.35586005728540576,37.68,25,100,2800804,50.78135848045349,50.71480846405029,0.06655001640319824,,2519.12890625,0
FedDyn,CIFAR100,,0.9,0.999,373,2.4014452682495118,0.351667282173291,36.64,26,100,2800804,51.910544633865356,51.84109115600586,0.06945347785949707,,2519.12890625,0
FedDyn,CIFAR100,,0.9,0.999,374,2.4364645347595215,0.35196400026895036,37.03,26,100,2800804,53.241589307785034,53.16995644569397,0.07163286209106445,,2519.12890625,0
FedDyn,CIFAR100,,0.9,0.999,375,2.4095123908996583,0.3501360770448585,37.06,28,100,2800804,55.86219787597656,55.78793811798096,0.07425975799560547,,2519.12890625,0
FedDyn,CIFAR100,,0.9,0.999,376,2.3956469604492185,0.3567994722510212,37.44,20,100,2800804,40.76023817062378,40.71137976646423,0.0488584041595459,,2519.12890625,0
FedDyn,CIFAR100,,0.9,0.999,377,2.390182163238525,0.35171776878642336,37.28,30,100,2800804,61.7609224319458,61.68725633621216,0.07366609573364258,,2519.12890625,0
FedDyn,CIFAR100,,0.9,0.999,378,2.3688711839675904,0.36918366717059603,38.76,25,100,2800804,51.024380922317505,50.96568703651428,0.058693885803222656,,2519.12890625,0
FedDyn,CIFAR100,,0.9,0.999,379,2.3790493900299072,0.3552461419085291,37.33,21,100,2800804,42.895323514938354,42.836708784103394,0.05861473083496094,,2519.12890625,0
FedDyn,CIFAR100,,0.9,0.999,380,2.3942047374725344,0.34563238009516595,36.5,22,100,2800804,43.070908069610596,43.013458251953125,0.0574498176574707,,2519.12890625,0
FedDyn,CIFAR100,,0.9,0.999,381,2.356327749633789,0.36938536038963266,38.8,22,100,2800804,44.78411102294922,44.70831608772278,0.07579493522644043,,2519.12890625,0
FedDyn,CIFAR100,,0.9,0.999,382,2.3553875173568724,0.3662760408579968,38.31,28,100,2800804,57.096553325653076,57.02733063697815,0.06922268867492676,,2519.12890625,0
FedDyn,CIFAR100,,0.9,0.999,383,2.3344063402175905,0.3729827938800302,39.14,26,100,2800804,53.81256675720215,53.7443413734436,0.06822538375854492,,2519.12890625,0
FedDyn,CIFAR100,,0.9,0.999,384,2.343337087249756,0.36744816720258894,38.83,27,100,2800804,53.18671798706055,53.12439250946045,0.062325477600097656,,2519.12890625,0
FedDyn,CIFAR100,,0.9,0.999,385,2.3329955299377443,0.3735754490351719,39.4,22,100,2800804,41.61943435668945,41.56126856803894,0.058165788650512695,,2519.12890625,0
FedDyn,CIFAR100,,0.9,0.999,386,2.3427297012329102,0.37207421708601773,39.09,21,100,2800804,40.29362463951111,40.239694595336914,0.053930044174194336,,2519.12890625,0
FedDyn,CIFAR100,,0.9,0.999,387,2.3388570070266725,0.37060159370408946,39.03,30,100,2800804,61.70754671096802,61.62987303733826,0.07767367362976074,,2519.12890625,0
FedDyn,CIFAR100,,0.9,0.999,388,2.293095464324951,0.37933357497876874,39.82,29,100,2800804,57.84730887413025,57.77748155593872,0.06982731819152832,,2519.12890625,0
FedDyn,CIFAR100,,0.9,0.999,389,2.3213985008239746,0.37551710617545936,39.12,20,100,2800804,40.1751492023468,40.117695331573486,0.05745387077331543,,2519.12890625,0
FedDyn,CIFAR100,,0.9,0.999,390,2.305238949584961,0.3736120480308413,39.18,21,100,2800804,42.6145601272583,42.559929847717285,0.054630279541015625,,2519.12890625,0
FedDyn,CIFAR100,,0.9,0.999,391,2.2933013483047486,0.3828426877487683,39.89,24,100,2800804,50.65901756286621,50.587974071502686,0.07104349136352539,,2519.12890625,0
FedDyn,CIFAR100,,0.9,0.999,392,2.320994488143921,0.3720555511983794,38.77,21,100,2800804,43.857356548309326,43.800153732299805,0.057202816009521484,,2519.12890625,0
FedDyn,CIFAR100,,0.9,0.999,393,2.2798062881469727,0.3866910990060376,40.21,30,100,2800804,65.37457752227783,65.29571080207825,0.07886672019958496,,2519.12890625,0
FedDyn,CIFAR100,,0.9,0.999,394,2.2858340824127197,0.3893704187443573,40.57,30,100,2800804,61.120495080947876,61.03892421722412,0.08157086372375488,,2519.12890625,0
FedDyn,CIFAR100,,0.9,0.999,395,2.2546811527252197,0.38804648505053946,40.47,22,100,2800804,45.148866415023804,45.08780264854431,0.06106376647949219,,2519.12890625,0
FedDyn,CIFAR100,,0.9,0.999,396,2.2674122467041014,0.38581236668975116,40.49,24,100,2800804,51.25490045547485,51.19226026535034,0.06264019012451172,,2519.12890625,0
FedDyn,CIFAR100,,0.9,0.999,397,2.261183631515503,0.38946494454303865,40.32,28,100,2800804,57.062331199645996,56.98786807060242,0.0744631290435791,,2519.12890625,0
FedDyn,CIFAR100,,0.9,0.999,398,2.2524546855926513,0.392094511880501,40.78,21,100,2800804,43.74391841888428,43.68657088279724,0.05734753608703613,,2519.12890625,0
FedDyn,CIFAR100,,0.9,0.999,399,2.2255339208602907,0.4084090375682314,41.82,30,100,2800804,62.27155923843384,62.197245836257935,0.07431340217590332,,2519.12890625,0
FedDyn,CIFAR100,,0.9,0.999,400,2.239032691001892,0.39765581458593663,41.38,28,100,2800804,59.11687660217285,59.042356729507446,0.07451987266540527,,2519.12890625,0
FedDyn,CIFAR100,,0.9,0.999,401,2.2324963655471803,0.3935880498912617,41.0,20,100,2800804,41.72436285018921,41.670915603637695,0.05344724655151367,,2519.12890625,0
FedDyn,CIFAR100,,0.9,0.999,402,2.2268028493881227,0.39266186427445826,40.91,23,100,2800804,48.47272229194641,48.409892320632935,0.06282997131347656,,2519.12890625,0
FedDyn,CIFAR100,,0.9,0.999,403,2.2215212802886963,0.40262893751163886,41.54,26,100,2800804,54.794933795928955,54.725786447525024,0.06914734840393066,,2519.12890625,0
FedDyn,CIFAR100,,0.9,0.999,404,2.231690497779846,0.3896395298764267,41.1,21,100,2800804,43.66406846046448,43.60731315612793,0.05675530433654785,,2519.12890625,0
FedDyn,CIFAR100,,0.9,0.999,405,2.296983660697937,0.37949066868814674,38.83,20,100,2800804,41.85046172142029,41.79757642745972,0.05288529396057129,,2519.12890625,0
FedDyn,CIFAR100,,0.9,0.999,406,2.2011166103363036,0.40004722496930234,41.45,27,100,2800804,57.990023136138916,57.916895627975464,0.07312750816345215,,2519.12890625,0
FedDyn,CIFAR100,,0.9,0.999,407,2.211499884414673,0.4029524867751801,41.52,25,100,2800804,51.135887145996094,51.067402601242065,0.06848454475402832,,2519.12890625,0
FedDyn,CIFAR100,,0.9,0.999,408,2.178062319564819,0.4120337319786306,42.41,24,100,2800804,48.299983978271484,48.23161506652832,0.06836891174316406,,2519.12890625,0
FedDyn,CIFAR100,,0.9,0.999,409,2.192472320175171,0.3982920559538631,41.53,22,100,2800804,47.81246757507324,47.74961018562317,0.06285738945007324,,2519.12890625,0
FedDyn,CIFAR100,,0.9,0.999,410,2.202818153381348,0.4005468481089041,41.19,24,100,2800804,51.48792219161987,51.42393636703491,0.06398582458496094,,2519.12890625,0
FedDyn,CIFAR100,,0.9,0.999,411,2.148162169456482,0.4150037700473829,43.05,29,100,2800804,61.12323069572449,61.046064138412476,0.07716655731201172,,2519.12890625,0
FedDyn,CIFAR100,,0.9,0.999,412,2.166083999824524,0.41510003613353624,42.76,22,100,2800804,47.0506796836853,46.99482178688049,0.05585789680480957,,2519.12890625,0
FedDyn,CIFAR100,,0.9,0.999,413,2.173017550468445,0.39561376593811787,41.49,20,100,2800804,43.298311948776245,43.24616456031799,0.05214738845825195,,2519.12890625,0
FedDyn,CIFAR100,,0.9,0.999,414,2.172135355567932,0.40511408121024295,41.87,27,100,2800804,56.470688343048096,56.399943828582764,0.07074451446533203,,2519.12890625,0
FedDyn,CIFAR100,,0.9,0.999,415,2.1415348169326784,0.41244836655456224,42.7,21,100,2800804,44.69377303123474,44.62908983230591,0.06468319892883301,,2519.12890625,0
FedDyn,CIFAR100,,0.9,0.999,416,2.1543613986968992,0.4135471014352649,42.38,25,100,2800804,53.04056978225708,52.97544765472412,0.06512212753295898,,2519.12890625,0
FedDyn,CIFAR100,,0.9,0.999,417,2.1624336002349853,0.41014519889835155,42.67,20,100,2800804,42.86536455154419,42.81067442893982,0.05469012260437012,,2519.12890625,0
FedDyn,CIFAR100,,0.9,0.999,418,2.1333279735565185,0.4177443500382874,43.1,28,100,2800804,57.22028064727783,57.14854431152344,0.07173633575439453,,2519.12890625,0
FedDyn,CIFAR100,,0.9,0.999,419,2.133734525680542,0.41932256976872395,43.05,26,100,2800804,53.287532806396484,53.21819734573364,0.0693354606628418,,2519.12890625,0
FedDyn,CIFAR100,,0.9,0.999,420,2.112627142715454,0.420951346124048,43.3,26,100,2800804,55.388668060302734,55.31915760040283,0.06951045989990234,,2519.12890625,0
FedDyn,CIFAR100,,0.9,0.999,421,2.1145889350891114,0.42680439927911323,43.94,27,100,2800804,57.33421564102173,57.25986576080322,0.07434988021850586,,2519.12890625,0
FedDyn,CIFAR100,,0.9,0.999,422,2.1129902353286742,0.4216185575918082,43.43,21,100,2800804,45.81522607803345,45.75667381286621,0.05855226516723633,,2519.12890625,0
FedDyn,CIFAR100,,0.9,0.999,423,2.0946683933258057,0.43230457134646405,44.38,29,100,2800804,63.392054319381714,63.31547546386719,0.07657885551452637,,2519.12890625,0
FedDyn,CIFAR100,,0.9,0.999,424,2.085858832168579,0.4289304735669352,44.13,30,100,2800804,64.66026425361633,64.58342504501343,0.07683920860290527,,2519.12890625,0
FedDyn,CIFAR100,,0.9,0.999,425,2.096791139984131,0.4276886346866792,43.64,26,100,2800804,55.346548318862915,55.27257561683655,0.07397270202636719,,2519.12890625,0
FedDyn,CIFAR100,,0.9,0.999,426,2.0902659315109253,0.4268141370374178,44.05,22,100,2800804,48.204898834228516,48.1453742980957,0.0595245361328125,,2519.12890625,0
FedDyn,CIFAR100,,0.9,0.999,427,2.060781436920166,0.42990243016783536,44.6,29,100,2800804,59.64534139633179,59.57052826881409,0.0748131275177002,,2519.12890625,0
FedDyn,CIFAR100,,0.9,0.999,428,2.0763989294052125,0.4311373386754668,44.19,22,100,2800804,48.52896451950073,48.472007036209106,0.05695748329162598,,2519.12890625,0
FedDyn,CIFAR100,,0.9,0.999,429,2.0666094135284423,0.4314604777944574,44.55,20,100,2800804,41.59357953071594,41.53743624687195,0.05614328384399414,,2519.12890625,0
FedDyn,CIFAR100,,0.9,0.999,430,2.0460322883605957,0.44566622596009864,45.51,30,100,2800804,65.1735270023346,65.09627938270569,0.07724761962890625,,2519.12890625,0
FedDyn,CIFAR100,,0.9,0.999,431,2.0444057563781737,0.43443569042557373,44.95,29,100,2800804,61.067126989364624,60.99304389953613,0.07408308982849121,,2519.12890625,0
FedDyn,CIFAR100,,0.9,0.999,432,2.045891340446472,0.4364186595932157,45.01,23,100,2800804,45.76337432861328,45.699583768844604,0.06379055976867676,,2519.12890625,0
FedDyn,CIFAR100,,0.9,0.999,433,2.0315413721084594,0.44734469468150856,45.92,28,100,2800804,59.324145793914795,59.25173854827881,0.07240724563598633,,2519.12890625,0
FedDyn,CIFAR100,,0.9,0.999,434,2.024773048400879,0.4443484446783652,45.39,25,100,2800804,51.537209272384644,51.47090291976929,0.06630635261535645,,2519.12890625,0
FedDyn,CIFAR100,,0.9,0.999,435,2.0492319067001343,0.4374138066190387,45.07,28,100,2800804,59.303078413009644,59.22960376739502,0.07347464561462402,,2519.12890625,0
FedDyn,CIFAR100,,0.9,0.999,436,2.049309408187866,0.43313264573451987,44.66,23,100,2800804,48.87356233596802,48.81323027610779,0.06033205986022949,,2519.12890625,0
FedDyn,CIFAR100,,0.9,0.999,437,2.0233131954193113,0.44014993509502337,45.51,29,100,2800804,59.96991014480591,59.89543271064758,0.0744774341583252,,2519.12890625,0
FedDyn,CIFAR100,,0.9,0.999,438,2.013073314666748,0.4464003322908718,45.7,23,100,2800804,47.49210238456726,47.43023705482483,0.06186532974243164,,2519.12890625,0
FedDyn,CIFAR100,,0.9,0.999,439,2.0100844175338746,0.4449976275232874,45.58,25,100,2800804,48.10405611991882,48.03322243690491,0.07083368301391602,,2519.12890625,0
FedDyn,CIFAR100,,0.9,0.999,440,2.0017236610412596,0.4439841410249224,46.02,28,100,2800804,59.297980308532715,59.22409701347351,0.0738832950592041,,2519.12890625,0
FedDyn,CIFAR100,,0.9,0.999,441,1.9951628959655763,0.4537696281613223,46.3,27,100,2800804,56.78609538078308,56.71760702133179,0.06848835945129395,,2519.12890625,0
FedDyn,CIFAR100,,0.9,0.999,442,2.021579302597046,0.4389260733539684,45.25,23,100,2800804,47.0024254322052,46.94545531272888,0.05697011947631836,,2519.12890625,0
FedDyn,CIFAR100,,0.9,0.999,443,1.9732981800079346,0.45756468573353665,46.79,27,100,2800804,56.8592574596405,56.793431997299194,0.0658254623413086,,2519.12890625,0
FedDyn,CIFAR100,,0.9,0.999,444,2.033791921043396,0.4442169330451464,45.31,23,100,2800804,44.995156049728394,44.93226742744446,0.06288862228393555,,2519.12890625,0
FedDyn,CIFAR100,,0.9,0.999,445,1.996370671081543,0.44572776056712404,45.76,26,100,2800804,54.42489171028137,54.36008334159851,0.06480836868286133,,2519.12890625,0
FedDyn,CIFAR100,,0.9,0.999,446,1.9684838443756103,0.45535896147058075,46.8,21,100,2800804,42.5353364944458,42.482825756073,0.052510738372802734,,2519.12890625,0
FedDyn,CIFAR100,,0.9,0.999,447,1.9517553232192992,0.45965003771869656,46.77,25,100,2800804,50.93242359161377,50.86725568771362,0.06516790390014648,,2519.12890625,0
FedDyn,CIFAR100,,0.9,0.999,448,1.9877929759979247,0.44533782007694905,45.81,20,100,2800804,40.196879386901855,40.1431782245636,0.053701162338256836,,2519.12890625,0
FedDyn,CIFAR100,,0.9,0.999,449,1.9688652219772338,0.4556697097371304,46.89,30,100,2800804,61.529130697250366,61.45664620399475,0.07248449325561523,,2519.12890625,0
FedDyn,CIFAR100,,0.9,0.999,450,1.9483889112472534,0.4607783191027826,47.04,29,100,2800804,59.273420095443726,59.201597452163696,0.0718226432800293,,2519.12890625,0
FedDyn,CIFAR100,,0.9,0.999,451,1.94139735622406,0.4648002092404802,47.27,27,100,2800804,54.38179135322571,54.31165337562561,0.07013797760009766,,2519.12890625,0
FedDyn,CIFAR100,,0.9,0.999,452,1.938792445755005,0.4643296636724712,47.36,30,100,2800804,60.54031991958618,60.469457387924194,0.0708625316619873,,2519.12890625,0
FedDyn,CIFAR100,,0.9,0.999,453,1.9431072408676147,0.4646808643242581,47.49,23,100,2800804,46.008307218551636,45.95107626914978,0.05723094940185547,,2519.12890625,0
FedDyn,CIFAR100,,0.9,0.999,454,1.9329359493255616,0.4677649212061506,47.9,28,100,2800804,56.49390506744385,56.428826332092285,0.0650787353515625,,2519.12890625,0
FedDyn,CIFAR100,,0.9,0.999,455,1.9061321710586547,0.46581355520732237,47.6,30,100,2800804,61.0269558429718,60.956695556640625,0.07026028633117676,,2519.12890625,0
FedDyn,CIFAR100,,0.9,0.999,456,1.9110903018951415,0.4676703352997038,47.96,26,100,2800804,53.45943593978882,53.39613938331604,0.06329655647277832,,2519.12890625,0
FedDyn,CIFAR100,,0.9,0.999,457,1.914199769973755,0.4683758999712319,47.83,22,100,2800804,45.46497559547424,45.410632848739624,0.05434274673461914,,2519.12890625,0
FedDyn,CIFAR100,,0.9,0.999,458,1.9054094703674316,0.4736591945346585,48.36,26,100,2800804,52.69088935852051,52.61990427970886,0.07098507881164551,,2519.12890625,0
FedDyn,CIFAR100,,0.9,0.999,459,1.9066128847122192,0.46896056803813435,47.8,21,100,2800804,39.487767696380615,39.43230390548706,0.05546379089355469,,2519.12890625,0
FedDyn,CIFAR100,,0.9,0.999,460,1.895961640548706,0.48060023652334993,48.6,21,100,2800804,41.43972897529602,41.38758397102356,0.05214500427246094,,2519.12890625,0
FedDyn,CIFAR100,,0.9,0.999,461,1.8916309944152832,0.47048210213652497,48.16,25,100,2800804,51.12165641784668,51.060776233673096,0.060880184173583984,,2519.12890625,0
FedDyn,CIFAR100,,0.9,0.999,462,1.8802981550216675,0.4791166929470955,48.76,29,100,2800804,57.045114517211914,56.97720146179199,0.06791305541992188,,2519.12890625,0
FedDyn,CIFAR100,,0.9,0.999,463,1.862039672088623,0.48416239846808184,49.43,29,100,2800804,59.43561291694641,59.35929584503174,0.07631707191467285,,2519.12890625,0
FedDyn,CIFAR100,,0.9,0.999,464,1.8741149688720704,0.4818727447482128,48.96,25,100,2800804,50.843156576156616,50.77771806716919,0.06543850898742676,,2519.12890625,0
FedDyn,CIFAR100,,0.9,0.999,465,1.8698941802978515,0.4768853396399074,48.91,30,100,2800804,59.540000677108765,59.46864676475525,0.07135391235351562,,2519.12890625,0
FedDyn,CIFAR100,,0.9,0.999,466,1.858445503807068,0.4828561795249992,49.08,25,100,2800804,49.77078151702881,49.70993757247925,0.06084394454956055,,2519.12890625,0
FedDyn,CIFAR100,,0.9,0.999,467,1.8794589075088501,0.4825250396589385,49.22,24,100,2800804,49.660558223724365,49.59401249885559,0.06654572486877441,,2519.12890625,0
FedDyn,CIFAR100,,0.9,0.999,468,1.8780588634490967,0.4689831171961201,48.2,20,100,2800804,40.129594564437866,40.07286834716797,0.05672621726989746,,2519.12890625,0
FedDyn,CIFAR100,,0.9,0.999,469,1.869891848564148,0.47041492743500485,48.26,20,100,2800804,39.18462300300598,39.12604784965515,0.05857515335083008,,2519.12890625,0
FedDyn,CIFAR100,,0.9,0.999,470,1.8457328210830688,0.48402349732573113,49.53,27,100,2800804,57.146292209625244,57.07616972923279,0.07012248039245605,,2519.12890625,0
FedDyn,CIFAR100,,0.9,0.999,471,1.8193983148574828,0.4935293604556597,50.38,28,100,2800804,56.895135164260864,56.822996377944946,0.07213878631591797,,2519.12890625,0
FedDyn,CIFAR100,,0.9,0.999,472,1.8263533840179442,0.49027888606125614,49.86,21,100,2800804,43.207523584365845,43.15468692779541,0.05283665657043457,,2519.12890625,0
FedDyn,CIFAR100,,0.9,0.999,473,1.8334484720230102,0.49142121847989956,49.97,28,100,2800804,54.2870728969574,54.21552109718323,0.07155179977416992,,2519.12890625,0
FedDyn,CIFAR100,,0.9,0.999,474,1.8334584255218507,0.4848631344294343,49.66,30,100,2800804,59.13364863395691,59.050941944122314,0.08270668983459473,,2519.12890625,0
FedDyn,CIFAR100,,0.9,0.999,475,1.803951865005493,0.4939008205356903,50.32,25,100,2800804,50.771337032318115,50.709386110305786,0.0619509220123291,,2519.12890625,0
FedDyn,CIFAR100,,0.9,0.999,476,1.8078364517211913,0.48571792484776843,49.91,23,100,2800804,49.34627151489258,49.28990912437439,0.05636239051818848,,2519.12890625,0
FedDyn,CIFAR100,,0.9,0.999,477,1.8280401418685912,0.4862482579033617,49.8,22,100,2800804,43.599101543426514,43.54689264297485,0.052208900451660156,,2519.12890625,0
FedDyn,CIFAR100,,0.9,0.999,478,1.8220853509902954,0.4888886562436971,49.94,26,100,2800804,54.830429553985596,54.760254859924316,0.0701746940612793,,2519.12890625,0
FedDyn,CIFAR100,,0.9,0.999,479,1.8234084005355835,0.4960631841446119,50.03,21,100,2800804,40.020113468170166,39.96859931945801,0.0515141487121582,,2519.12890625,0
FedDyn,CIFAR100,,0.9,0.999,480,1.8015784883499146,0.49048987044575654,50.14,20,100,2800804,40.40783715248108,40.35832405090332,0.04951310157775879,,2519.12890625,0
FedDyn,CIFAR100,,0.9,0.999,481,1.7898820220947265,0.49519192360970676,50.58,29,100,2800804,60.491942405700684,60.419710874557495,0.07223153114318848,,2519.12890625,0
FedDyn,CIFAR100,,0.9,0.999,482,1.773061395072937,0.5054542786524426,51.09,29,100,2800804,57.78318953514099,57.70669746398926,0.0764920711517334,,2519.12890625,0
FedDyn,CIFAR100,,0.9,0.999,483,1.783038938331604,0.4940018370820997,50.4,25,100,2800804,50.96669626235962,50.898821115493774,0.06787514686584473,,2519.12890625,0
FedDyn,CIFAR100,,0.9,0.999,484,1.7597931936264037,0.5114698763691018,52.04,28,100,2800804,57.19789958000183,57.12552833557129,0.07237124443054199,,2519.12890625,0
FedDyn,CIFAR100,,0.9,0.999,485,1.7712926797866821,0.5044611276352754,51.07,21,100,2800804,42.315601110458374,42.25967836380005,0.055922746658325195,,2519.12890625,0
FedDyn,CIFAR100,,0.9,0.999,486,1.7652449779510497,0.5032229591651333,51.15,22,100,2800804,44.43386697769165,44.37580919265747,0.05805778503417969,,2519.12890625,0
FedDyn,CIFAR100,,0.9,0.999,487,1.7604173862457275,0.5013777101402901,51.19,22,100,2800804,45.16218042373657,45.10434126853943,0.057839155197143555,,2519.12890625,0
FedDyn,CIFAR100,,0.9,0.999,488,1.7625962430953979,0.5096692799647836,51.7,24,100,2800804,48.68776297569275,48.624226331710815,0.0635366439819336,,2519.12890625,0
FedDyn,CIFAR100,,0.9,0.999,489,1.7569981685638427,0.5007771415955422,50.94,22,100,2800804,45.5809326171875,45.52563405036926,0.055298566818237305,,2519.12890625,0
FedDyn,CIFAR100,,0.9,0.999,490,1.7905009267807006,0.5051904678571479,51.0,21,100,2800804,43.620341539382935,43.56889081001282,0.05145072937011719,,2519.12890625,0
FedDyn,CIFAR100,,0.9,0.999,491,1.7307480735778809,0.5181855125884319,52.59,21,100,2800804,43.20243048667908,43.14638614654541,0.05604434013366699,,2519.12890625,0
FedDyn,CIFAR100,,0.9,0.999,492,1.7508414417266847,0.5125468488292545,52.12,21,100,2800804,41.328418493270874,41.27280139923096,0.05561709403991699,,2519.12890625,0
FedDyn,CIFAR100,,0.9,0.999,493,1.7465144626617433,0.5059388808845475,51.67,26,100,2800804,51.045058727264404,50.97973036766052,0.06532835960388184,,2519.12890625,0
FedDyn,CIFAR100,,0.9,0.999,494,1.7345113527297973,0.5167857500868631,52.65,28,100,2800804,56.36448812484741,56.29016971588135,0.07431840896606445,,2519.12890625,0
FedDyn,CIFAR100,,0.9,0.999,495,1.741697699356079,0.5098480119079609,51.92,29,100,2800804,58.49913835525513,58.42762589454651,0.07151246070861816,,2519.12890625,0
FedDyn,CIFAR100,,0.9,0.999,496,1.740824701690674,0.5138172597526699,52.12,22,100,2800804,44.82620191574097,44.76593017578125,0.0602717399597168,,2519.12890625,0
FedDyn,CIFAR100,,0.9,0.999,497,1.7169507266998292,0.5162940653614609,52.76,28,100,2800804,60.13597750663757,60.062986850738525,0.07299065589904785,,2519.12890625,0
FedDyn,CIFAR100,,0.9,0.999,498,1.7222745458602906,0.5163984650049397,52.35,26,100,2800804,55.11154103279114,55.03987455368042,0.07166647911071777,,2519.12890625,0
FedDyn,CIFAR100,,0.9,0.999,499,1.7160301563262939,0.51408855334096,52.68,24,100,2800804,53.13706612586975,53.07142496109009,0.06564116477966309,,2519.12890625,0
FedDyn,CIFAR100,,0.9,0.999,500,1.7153527500152588,0.5135274987006545,52.31,24,100,2800804,52.20676350593567,52.14339208602905,0.06337141990661621,,2519.12890625,0
FedDyn,CIFAR100,,0.9,0.999,1,4.722909666442871,0.00019801980198019803,1.0,22,100,2800804,40.01177525520325,39.94944739341736,0.06232786178588867,,2520.19140625,1
FedDyn,CIFAR100,,0.9,0.999,2,4.679140216064453,0.0001982750074353128,1.0,21,100,2800804,42.62717843055725,42.568753719329834,0.05842471122741699,,2520.19140625,1
FedDyn,CIFAR100,,0.9,0.999,3,4.664954281616211,0.00019801980198019803,1.0,24,100,2800804,45.38464331626892,45.31873822212219,0.06590509414672852,,2520.19140625,1
FedDyn,CIFAR100,,0.9,0.999,4,4.666737293243409,0.00019801980198019803,1.0,27,100,2800804,53.078150033950806,53.007251262664795,0.07089877128601074,,2520.19140625,1
FedDyn,CIFAR100,,0.9,0.999,5,4.643997972106933,0.0014338201224331822,1.23,30,100,2800804,62.10473442077637,62.02493453025818,0.07979989051818848,,2520.19140625,1
FedDyn,CIFAR100,,0.9,0.999,6,4.657090061187744,0.00019805902158843335,1.0,23,100,2800804,48.45839285850525,48.39347171783447,0.06492114067077637,,2520.19140625,1
FedDyn,CIFAR100,,0.9,0.999,7,4.6601046859741215,0.00019801980198019803,1.0,24,100,2800804,50.63270926475525,50.566082239151,0.06662702560424805,,2520.19140625,1
FedDyn,CIFAR100,,0.9,0.999,8,4.671150387573242,0.0005025724731341342,1.1,25,100,2800804,51.56306028366089,51.495121479034424,0.06793880462646484,,2520.19140625,1
FedDyn,CIFAR100,,0.9,0.999,9,4.63472395324707,0.0005860518863500422,1.18,30,100,2800804,62.10900044441223,62.026084423065186,0.0829160213470459,,2520.19140625,1
FedDyn,CIFAR100,,0.9,0.999,10,4.642290007019043,0.0004316492049116432,1.1,29,100,2800804,62.855517625808716,62.78108811378479,0.07442951202392578,,2520.19140625,1
FedDyn,CIFAR100,,0.9,0.999,11,4.662950947570801,0.0005051514996508566,1.09,25,100,2800804,52.7135488986969,52.645161151885986,0.06838774681091309,,2520.19140625,1
FedDyn,CIFAR100,,0.9,0.999,12,4.672234675598144,0.00019843238416509577,1.0,22,100,2800804,46.77119493484497,46.71267366409302,0.058521270751953125,,2520.19140625,1
FedDyn,CIFAR100,,0.9,0.999,13,4.671503790283203,0.00019801980198019803,1.0,20,100,2800804,44.56886124610901,44.51314640045166,0.05571484565734863,,2520.19140625,1
FedDyn,CIFAR100,,0.9,0.999,14,4.661851832580567,0.0005149007707115359,1.17,21,100,2800804,45.028940200805664,44.97465419769287,0.05428600311279297,,2520.19140625,1
FedDyn,CIFAR100,,0.9,0.999,15,4.656737772369385,0.00019803940984255866,1.0,24,100,2800804,49.516417503356934,49.4492290019989,0.06718850135803223,,2520.19140625,1
FedDyn,CIFAR100,,0.9,0.999,16,4.649764084625244,0.0004949096135086544,1.06,21,100,2800804,43.96268892288208,43.9097785949707,0.05291032791137695,,2520.19140625,1
FedDyn,CIFAR100,,0.9,0.999,17,4.652900451660156,0.002490179993019893,1.72,21,100,2800804,44.462918519973755,44.40397334098816,0.0589451789855957,,2520.19140625,1
FedDyn,CIFAR100,,0.9,0.999,18,4.637631871032715,0.00019807863721897593,1.0,20,100,2800804,41.43573570251465,41.37737703323364,0.05835866928100586,,2520.19140625,1
FedDyn,CIFAR100,,0.9,0.999,19,4.625827964019775,0.0017679260350834164,1.46,30,100,2800804,62.0721480846405,61.99729251861572,0.07485556602478027,,2520.19140625,1
FedDyn,CIFAR100,,0.9,0.999,20,4.662667111206055,0.00019801980198019803,1.0,26,100,2800804,55.215332984924316,55.14515829086304,0.0701746940612793,,2520.19140625,1
FedDyn,CIFAR100,,0.9,0.999,21,4.645403734588623,0.00039698518200407385,1.01,26,100,2800804,55.888527393341064,55.81889081001282,0.06963658332824707,,2520.19140625,1
FedDyn,CIFAR100,,0.9,0.999,22,4.646194279479981,0.0012117971194387854,1.65,20,100,2800804,42.68647575378418,42.62699818611145,0.05947756767272949,,2520.19140625,1
FedDyn,CIFAR100,,0.9,0.999,23,4.626515745544434,0.0017312061799152662,1.72,28,100,2800804,58.102548599243164,58.030561208724976,0.07198739051818848,,2520.19140625,1
FedDyn,CIFAR100,,0.9,0.999,24,4.631960555267334,0.002365053014543385,1.39,23,100,2800804,46.5833637714386,46.52489519119263,0.05846858024597168,,2520.19140625,1
FedDyn,CIFAR100,,0.9,0.999,25,4.6058703140258785,0.003654765437419424,1.74,28,100,2800804,58.75021004676819,58.6728835105896,0.07732653617858887,,2520.19140625,1
FedDyn,CIFAR100,,0.9,0.999,26,4.593705528259277,0.0016549263562967544,1.65,23,100,2800804,48.49457263946533,48.437466859817505,0.05710577964782715,,2520.19140625,1
FedDyn,CIFAR100,,0.9,0.999,27,4.585633052062988,0.0029757364261658505,1.76,27,100,2800804,56.21011781692505,56.135979652404785,0.07413816452026367,,2520.19140625,1
FedDyn,CIFAR100,,0.9,0.999,28,4.588958160400391,0.002839521307596079,1.89,22,100,2800804,45.14785552024841,45.08930826187134,0.058547258377075195,,2520.19140625,1
FedDyn,CIFAR100,,0.9,0.999,29,4.576909374237061,0.004086537860074967,1.8,30,100,2800804,57.16137647628784,57.08183169364929,0.0795447826385498,,2520.19140625,1
FedDyn,CIFAR100,,0.9,0.999,30,4.597211763763427,0.004632738578296054,2.31,20,100,2800804,41.13069987297058,41.07896852493286,0.05173134803771973,,2520.19140625,1
FedDyn,CIFAR100,,0.9,0.999,31,4.57290097732544,0.0009094838271871919,1.51,30,100,2800804,59.87866401672363,59.798662185668945,0.0800018310546875,,2520.19140625,1
FedDyn,CIFAR100,,0.9,0.999,32,4.565264337921143,0.007515982134697449,2.41,24,100,2800804,46.71495461463928,46.64861845970154,0.06633615493774414,,2520.19140625,1
FedDyn,CIFAR100,,0.9,0.999,33,4.590831535339356,0.002753253723197333,1.83,21,100,2800804,43.64255452156067,43.589176177978516,0.05337834358215332,,2520.19140625,1
FedDyn,CIFAR100,,0.9,0.999,34,4.554703285980224,0.004933579318785072,2.22,30,100,2800804,61.43542528152466,61.36315727233887,0.07226800918579102,,2520.19140625,1
FedDyn,CIFAR100,,0.9,0.999,35,4.604584378814697,0.0025255492320593194,1.24,20,100,2800804,38.65686225891113,38.60304403305054,0.0538182258605957,,2520.19140625,1
FedDyn,CIFAR100,,0.9,0.999,36,4.578085047912598,0.0036017012433779915,1.71,22,100,2800804,41.981842041015625,41.92206692695618,0.05977511405944824,,2520.19140625,1
FedDyn,CIFAR100,,0.9,0.999,37,4.556528603363037,0.004773158209029412,2.03,30,100,2800804,63.25886011123657,63.18432641029358,0.07453370094299316,,2520.19140625,1
FedDyn,CIFAR100,,0.9,0.999,38,4.545987174224853,0.004897183082882622,2.69,29,100,2800804,58.49235534667969,58.41934323310852,0.07301211357116699,,2520.19140625,1
FedDyn,CIFAR100,,0.9,0.999,39,4.526941362762451,0.005083170605531031,2.02,28,100,2800804,57.1081817150116,57.03859186172485,0.06958985328674316,,2520.19140625,1
FedDyn,CIFAR100,,0.9,0.999,40,4.5616523513793945,0.0035159178743211167,2.07,22,100,2800804,46.400795221328735,46.34368848800659,0.057106733322143555,,2520.19140625,1
FedDyn,CIFAR100,,0.9,0.999,41,4.5469399879455565,0.007969061931117396,2.7,21,100,2800804,42.052000522613525,41.99907183647156,0.05292868614196777,,2520.19140625,1
FedDyn,CIFAR100,,0.9,0.999,42,4.547968717956543,0.004960336104071729,2.19,27,100,2800804,54.80720114707947,54.73808145523071,0.06911969184875488,,2520.19140625,1
FedDyn,CIFAR100,,0.9,0.999,43,4.557506173706055,0.0030273052483460504,2.45,20,100,2800804,39.9736385345459,39.92255115509033,0.051087379455566406,,2520.19140625,1
FedDyn,CIFAR100,,0.9,0.999,44,4.5400809440612795,0.006003749314114095,2.37,21,100,2800804,44.309290647506714,44.25750994682312,0.05178070068359375,,2520.19140625,1
FedDyn,CIFAR100,,0.9,0.999,45,4.501654397583008,0.008704406664161323,3.49,26,100,2800804,52.13349986076355,52.06379771232605,0.0697021484375,,2520.19140625,1
FedDyn,CIFAR100,,0.9,0.999,46,4.516864321899414,0.006679531373209642,2.56,20,100,2800804,38.54968738555908,38.49331092834473,0.05637645721435547,,2520.19140625,1
FedDyn,CIFAR100,,0.9,0.999,47,4.5037377838134764,0.0019412505685004993,1.75,29,100,2800804,57.65429949760437,57.5850887298584,0.06921076774597168,,2520.19140625,1
FedDyn,CIFAR100,,0.9,0.999,48,4.479931004333496,0.005667938481386628,2.69,25,100,2800804,50.78307557106018,50.71980357170105,0.06327199935913086,,2520.19140625,1
FedDyn,CIFAR100,,0.9,0.999,49,4.519707954406738,0.005746010980528155,2.76,26,100,2800804,53.19381666183472,53.12577819824219,0.0680384635925293,,2520.19140625,1
FedDyn,CIFAR100,,0.9,0.999,50,4.471068929290771,0.009340817867115936,2.89,28,100,2800804,53.74760127067566,53.67612290382385,0.07147836685180664,,2520.19140625,1
FedDyn,CIFAR100,,0.9,0.999,51,4.4945861434936525,0.004420437311766976,2.7,21,100,2800804,43.06858849525452,43.01294231414795,0.05564618110656738,,2520.19140625,1
FedDyn,CIFAR100,,0.9,0.999,52,4.514950071716308,0.006222562959553599,2.94,20,100,2800804,39.68607521057129,39.63485312461853,0.05122208595275879,,2520.19140625,1
FedDyn,CIFAR100,,0.9,0.999,53,4.468380652618408,0.005917068085152114,2.66,24,100,2800804,45.94576048851013,45.88499426841736,0.06076622009277344,,2520.19140625,1
FedDyn,CIFAR100,,0.9,0.999,54,4.459779034423828,0.0060277727585224365,2.46,22,100,2800804,44.657084465026855,44.60141158103943,0.05567288398742676,,2520.19140625,1
FedDyn,CIFAR100,,0.9,0.999,55,4.4492822235107425,0.0063668713384313225,3.11,22,100,2800804,44.12825345993042,44.06803321838379,0.06022024154663086,,2520.19140625,1
FedDyn,CIFAR100,,0.9,0.999,56,4.433646102142334,0.010698560260416237,3.39,20,100,2800804,41.62129807472229,41.56874060630798,0.05255746841430664,,2520.19140625,1
FedDyn,CIFAR100,,0.9,0.999,57,4.417644213867187,0.006691822587934869,2.52,24,100,2800804,48.794673919677734,48.73742055892944,0.057253360748291016,,2520.19140625,1
FedDyn,CIFAR100,,0.9,0.999,58,4.409121789550781,0.0073238960070288565,3.12,24,100,2800804,47.848522663116455,47.78985095024109,0.05867171287536621,,2520.19140625,1
FedDyn,CIFAR100,,0.9,0.999,59,4.396312851715088,0.009499263476718195,3.18,28,100,2800804,57.409523725509644,57.34255385398865,0.0669698715209961,,2520.19140625,1
FedDyn,CIFAR100,,0.9,0.999,60,4.387871612548828,0.01025371657542094,3.54,30,100,2800804,62.47246074676514,62.402790546417236,0.06967020034790039,,2520.19140625,1
FedDyn,CIFAR100,,0.9,0.999,61,4.3773122436523435,0.00781955795104139,3.29,30,100,2800804,62.01028275489807,61.94137740135193,0.06890535354614258,,2520.19140625,1
FedDyn,CIFAR100,,0.9,0.999,62,4.381553871154785,0.007676239997454711,2.98,24,100,2800804,49.31121611595154,49.25208902359009,0.059127092361450195,,2520.19140625,1
FedDyn,CIFAR100,,0.9,0.999,63,4.381532361602783,0.00980025464652961,3.36,25,100,2800804,51.030540466308594,50.96343755722046,0.06710290908813477,,2520.19140625,1
FedDyn,CIFAR100,,0.9,0.999,64,4.3784801910400395,0.00877436288559573,3.4,23,100,2800804,47.4935405254364,47.43071889877319,0.06282162666320801,,2520.19140625,1
FedDyn,CIFAR100,,0.9,0.999,65,4.360738780212403,0.015868593918225326,4.46,29,100,2800804,57.95787072181702,57.88027024269104,0.07760047912597656,,2520.19140625,1
FedDyn,CIFAR100,,0.9,0.999,66,4.348577146911621,0.01282528807653374,3.78,28,100,2800804,59.04078197479248,58.96802639961243,0.07275557518005371,,2520.19140625,1
FedDyn,CIFAR100,,0.9,0.999,67,4.332599372863769,0.009186051556032294,3.4,27,100,2800804,57.254573583602905,57.18404960632324,0.07052397727966309,,2520.19140625,1
FedDyn,CIFAR100,,0.9,0.999,68,4.349428860473632,0.013469176661944018,4.04,26,100,2800804,53.560145139694214,53.49404692649841,0.06609821319580078,,2520.19140625,1
FedDyn,CIFAR100,,0.9,0.999,69,4.33122653503418,0.013464264060066516,4.11,29,100,2800804,58.300931215286255,58.232985973358154,0.06794524192810059,,2520.19140625,1
FedDyn,CIFAR100,,0.9,0.999,70,4.326838890838623,0.015824495708599895,4.09,30,100,2800804,60.798993825912476,60.72072887420654,0.07826495170593262,,2520.19140625,1
FedDyn,CIFAR100,,0.9,0.999,71,4.299379048919678,0.013533135133199837,4.11,24,100,2800804,48.715848445892334,48.654635190963745,0.06121325492858887,,2520.19140625,1
FedDyn,CIFAR100,,0.9,0.999,72,4.316670442199707,0.012579991083737183,4.4,21,100,2800804,40.340068101882935,40.286799907684326,0.0532681941986084,,2520.19140625,1
FedDyn,CIFAR100,,0.9,0.999,73,4.30980361251831,0.015939651812797963,4.66,20,100,2800804,42.15666580200195,42.10663318634033,0.050032615661621094,,2520.19140625,1
FedDyn,CIFAR100,,0.9,0.999,74,4.322453980255127,0.0149407468926148,4.1,20,100,2800804,41.50648474693298,41.45541596412659,0.051068782806396484,,2520.19140625,1
FedDyn,CIFAR100,,0.9,0.999,75,4.292712717437744,0.016815187115341225,4.73,28,100,2800804,57.43669128417969,57.36293387413025,0.07375741004943848,,2520.19140625,1
FedDyn,CIFAR100,,0.9,0.999,76,4.270453144836425,0.01640289624769471,4.59,24,100,2800804,46.66032314300537,46.60212445259094,0.05819869041442871,,2520.19140625,1
FedDyn,CIFAR100,,0.9,0.999,77,4.2781827377319335,0.016706392109834215,3.97,21,100,2800804,43.22988796234131,43.175891637802124,0.05399632453918457,,2520.19140625,1
FedDyn,CIFAR100,,0.9,0.999,78,4.25504155960083,0.020751599063094116,5.07,25,100,2800804,51.4831223487854,51.411319971084595,0.07180237770080566,,2520.19140625,1
FedDyn,CIFAR100,,0.9,0.999,79,4.259770356750488,0.01939776822986697,5.13,21,100,2800804,42.817225217819214,42.762673139572144,0.05455207824707031,,2520.19140625,1
FedDyn,CIFAR100,,0.9,0.999,80,4.286164256286621,0.020246334275305804,4.13,21,100,2800804,44.174509048461914,44.12429928779602,0.050209760665893555,,2520.19140625,1
FedDyn,CIFAR100,,0.9,0.999,81,4.257476918792725,0.019824311632503023,4.99,26,100,2800804,53.49965763092041,53.43010425567627,0.06955337524414062,,2520.19140625,1
FedDyn,CIFAR100,,0.9,0.999,82,4.253541003417968,0.02240250621875518,4.95,20,100,2800804,41.08902335166931,41.034709453582764,0.05431389808654785,,2520.19140625,1
FedDyn,CIFAR100,,0.9,0.999,83,4.233759274291992,0.021809514957491834,5.53,29,100,2800804,56.895233154296875,56.8211715221405,0.07406163215637207,,2520.19140625,1
FedDyn,CIFAR100,,0.9,0.999,84,4.22461428604126,0.017271533292106463,4.67,28,100,2800804,56.054495096206665,55.979187965393066,0.07530713081359863,,2520.19140625,1
FedDyn,CIFAR100,,0.9,0.999,85,4.208932962036132,0.021340815361918394,5.09,27,100,2800804,53.39991307258606,53.33279085159302,0.06712222099304199,,2520.19140625,1
FedDyn,CIFAR100,,0.9,0.999,86,4.217744223022461,0.02027784896432217,5.68,25,100,2800804,50.76873421669006,50.70262956619263,0.06610465049743652,,2520.19140625,1
FedDyn,CIFAR100,,0.9,0.999,87,4.205310297393799,0.024585280190824274,5.57,23,100,2800804,45.237624168395996,45.184677600860596,0.05294656753540039,,2520.19140625,1
FedDyn,CIFAR100,,0.9,0.999,88,4.193606439208985,0.02445183465797361,6.07,25,100,2800804,50.81451058387756,50.75492978096008,0.05958080291748047,,2520.19140625,1
FedDyn,CIFAR100,,0.9,0.999,89,4.191933921813964,0.02947912853134803,5.67,25,100,2800804,49.34884810447693,49.282907485961914,0.06594061851501465,,2520.19140625,1
FedDyn,CIFAR100,,0.9,0.999,90,4.183163622283936,0.029021851821018334,6.36,29,100,2800804,59.32474899291992,59.25355768203735,0.07119131088256836,,2520.19140625,1
FedDyn,CIFAR100,,0.9,0.999,91,4.227022154998779,0.016701044073123547,5.39,22,100,2800804,45.34698414802551,45.289345502853394,0.05763864517211914,,2520.19140625,1
FedDyn,CIFAR100,,0.9,0.999,92,4.1698266105651856,0.027445114724186676,5.83,30,100,2800804,60.91368579864502,60.840367794036865,0.0733180046081543,,2520.19140625,1
FedDyn,CIFAR100,,0.9,0.999,93,4.1704628288269046,0.03053786151738274,5.93,29,100,2800804,59.79355311393738,59.72350549697876,0.07004761695861816,,2520.19140625,1
FedDyn,CIFAR100,,0.9,0.999,94,4.147840699005127,0.028032900222802325,6.34,27,100,2800804,57.4377121925354,57.36401653289795,0.07369565963745117,,2520.19140625,1
FedDyn,CIFAR100,,0.9,0.999,95,4.160979457855225,0.025654612928750868,5.89,27,100,2800804,58.30674338340759,58.23404836654663,0.07269501686096191,,2520.19140625,1
FedDyn,CIFAR100,,0.9,0.999,96,4.150535984039307,0.027396568374456854,6.46,29,100,2800804,61.86156249046326,61.78548765182495,0.07607483863830566,,2520.19140625,1
FedDyn,CIFAR100,,0.9,0.999,97,4.139513954162598,0.029538510137483015,6.26,27,100,2800804,59.58494734764099,59.5120632648468,0.07288408279418945,,2520.19140625,1
FedDyn,CIFAR100,,0.9,0.999,98,4.142089210510254,0.032757581992964344,6.1,22,100,2800804,48.20401167869568,48.14310026168823,0.06091141700744629,,2520.19140625,1
FedDyn,CIFAR100,,0.9,0.999,99,4.130977098083496,0.02867761625409797,6.64,29,100,2800804,61.875778913497925,61.79671573638916,0.07906317710876465,,2520.19140625,1
FedDyn,CIFAR100,,0.9,0.999,100,4.130434056854248,0.03105625903946956,6.83,26,100,2800804,54.42241621017456,54.351240396499634,0.07117581367492676,,2520.19140625,1
FedDyn,CIFAR100,,0.9,0.999,101,4.112984239959717,0.03490622570579066,6.53,27,100,2800804,57.23839831352234,57.166348457336426,0.07204985618591309,,2520.19140625,1
FedDyn,CIFAR100,,0.9,0.999,102,4.151097268676758,0.028758162258185234,5.96,20,100,2800804,41.7010612487793,41.63980555534363,0.061255693435668945,,2520.19140625,1
FedDyn,CIFAR100,,0.9,0.999,103,4.099578203582763,0.03946784624533163,7.26,29,100,2800804,63.4871928691864,63.410595655441284,0.07659721374511719,,2520.19140625,1
FedDyn,CIFAR100,,0.9,0.999,104,4.12031766281128,0.026399712410395865,6.9,28,100,2800804,60.6622838973999,60.58561944961548,0.07666444778442383,,2520.19140625,1
FedDyn,CIFAR100,,0.9,0.999,105,4.1234923866271975,0.031947089445531734,6.54,21,100,2800804,45.058857440948486,45.00086522102356,0.05799221992492676,,2520.19140625,1
FedDyn,CIFAR100,,0.9,0.999,106,4.078898704528808,0.045066983149281266,7.45,29,100,2800804,60.692432165145874,60.61311864852905,0.07931351661682129,,2520.19140625,1
FedDyn,CIFAR100,,0.9,0.999,107,4.100397566986084,0.031133725955061742,6.48,22,100,2800804,48.722769021987915,48.660643339157104,0.06212568283081055,,2520.19140625,1
FedDyn,CIFAR100,,0.9,0.999,108,4.116684370422363,0.031048533391088543,6.38,20,100,2800804,44.09671330451965,44.04278349876404,0.053929805755615234,,2520.19140625,1
FedDyn,CIFAR100,,0.9,0.999,109,4.088635458374023,0.03773592533993352,7.18,30,100,2800804,65.63643002510071,65.55403447151184,0.08239555358886719,,2520.19140625,1
FedDyn,CIFAR100,,0.9,0.999,110,4.0787486030578615,0.030212550848874132,6.41,29,100,2800804,61.98017597198486,61.90242052078247,0.07775545120239258,,2520.19140625,1
FedDyn,CIFAR100,,0.9,0.999,111,4.0676197395324705,0.03819260660716667,7.25,25,100,2800804,50.247114181518555,50.18282175064087,0.06429243087768555,,2520.19140625,1
FedDyn,CIFAR100,,0.9,0.999,112,4.053257164001465,0.043743264006981725,7.47,29,100,2800804,63.33385133743286,63.260071992874146,0.07377934455871582,,2520.19140625,1
FedDyn,CIFAR100,,0.9,0.999,113,4.0676005187988284,0.03399159259131298,7.08,22,100,2800804,47.055766344070435,46.99197244644165,0.06379389762878418,,2520.19140625,1
FedDyn,CIFAR100,,0.9,0.999,114,4.04732321472168,0.03861725368700817,7.14,25,100,2800804,54.51329326629639,54.44236373901367,0.07092952728271484,,2520.19140625,1
FedDyn,CIFAR100,,0.9,0.999,115,4.046723697662354,0.04002623530993539,7.62,23,100,2800804,49.347960233688354,49.283623933792114,0.06433629989624023,,2520.19140625,1
FedDyn,CIFAR100,,0.9,0.999,116,4.066063603210449,0.039219290602413893,7.65,20,100,2800804,43.49510383605957,43.43824124336243,0.056862592697143555,,2520.19140625,1
FedDyn,CIFAR100,,0.9,0.999,117,4.009615648651123,0.04505717609069189,8.26,29,100,2800804,63.46922540664673,63.394867181777954,0.07435822486877441,,2520.19140625,1
FedDyn,CIFAR100,,0.9,0.999,118,4.0443581199646,0.03878052875881056,7.03,21,100,2800804,44.726126194000244,44.66784644126892,0.05827975273132324,,2520.19140625,1
FedDyn,CIFAR100,,0.9,0.999,119,4.004976489257812,0.04876720444481555,9.06,30,100,2800804,65.35459208488464,65.27632188796997,0.07827019691467285,,2520.19140625,1
FedDyn,CIFAR100,,0.9,0.999,120,4.0227528656005855,0.04272886548274114,7.46,24,100,2800804,48.9560809135437,48.893900871276855,0.0621800422668457,,2520.19140625,1
FedDyn,CIFAR100,,0.9,0.999,121,4.014445481872559,0.049100710424400715,8.23,28,100,2800804,59.15384650230408,59.08364772796631,0.07019877433776855,,2520.19140625,1
FedDyn,CIFAR100,,0.9,0.999,122,3.9980112449645997,0.050447840645550704,8.95,22,100,2800804,43.70207500457764,43.646305084228516,0.055769920349121094,,2520.19140625,1
FedDyn,CIFAR100,,0.9,0.999,123,3.993349278259277,0.05368061408925251,8.59,24,100,2800804,49.20168995857239,49.13818860054016,0.06350135803222656,,2520.19140625,1
FedDyn,CIFAR100,,0.9,0.999,124,4.002984845733643,0.047904992109863036,8.16,22,100,2800804,44.60507893562317,44.55092763900757,0.054151296615600586,,2520.19140625,1
FedDyn,CIFAR100,,0.9,0.999,125,4.013414548492432,0.04706583924129708,7.63,23,100,2800804,49.375004291534424,49.31408715248108,0.06091713905334473,,2520.19140625,1
FedDyn,CIFAR100,,0.9,0.999,126,3.9613348571777345,0.05792932215492538,9.26,23,100,2800804,47.85017013549805,47.79172611236572,0.05844402313232422,,2520.19140625,1
FedDyn,CIFAR100,,0.9,0.999,127,3.959774478149414,0.05532546650804521,9.12,26,100,2800804,53.81139588356018,53.73909878730774,0.0722970962524414,,2520.19140625,1
FedDyn,CIFAR100,,0.9,0.999,128,3.957437452697754,0.06357166923180099,9.5,22,100,2800804,45.74110126495361,45.684266328811646,0.05683493614196777,,2520.19140625,1
FedDyn,CIFAR100,,0.9,0.999,129,3.9744507385253907,0.054411635690349576,8.76,27,100,2800804,56.72896981239319,56.662065505981445,0.06690430641174316,,2520.19140625,1
FedDyn,CIFAR100,,0.9,0.999,130,3.96575163269043,0.05404224008193351,9.08,24,100,2800804,48.67983078956604,48.614405393600464,0.06542539596557617,,2520.19140625,1
FedDyn,CIFAR100,,0.9,0.999,131,3.944034645843506,0.05818247826262338,8.85,26,100,2800804,51.52123165130615,51.45530962944031,0.06592202186584473,,2520.19140625,1
FedDyn,CIFAR100,,0.9,0.999,132,3.9598988731384277,0.05871502318957408,9.53,20,100,2800804,40.89804029464722,40.849178314208984,0.04886198043823242,,2520.19140625,1
FedDyn,CIFAR100,,0.9,0.999,133,3.9490688766479494,0.0537523658188082,8.87,20,100,2800804,41.26182150840759,41.200411796569824,0.061409711837768555,,2520.19140625,1
FedDyn,CIFAR100,,0.9,0.999,134,3.9368129920959474,0.06283773930215944,9.4,30,100,2800804,62.869526386260986,62.794429302215576,0.07509708404541016,,2520.19140625,1
FedDyn,CIFAR100,,0.9,0.999,135,3.9190589263916014,0.06065336215509433,9.97,26,100,2800804,53.951502084732056,53.87647557258606,0.0750265121459961,,2520.19140625,1
FedDyn,CIFAR100,,0.9,0.999,136,3.9238362659454347,0.06815175976163843,10.39,28,100,2800804,58.8608775138855,58.791300535202026,0.06957697868347168,,2520.19140625,1
FedDyn,CIFAR100,,0.9,0.999,137,3.9250609409332275,0.05775957006664715,9.15,23,100,2800804,47.49693512916565,47.440152168273926,0.05678296089172363,,2520.19140625,1
FedDyn,CIFAR100,,0.9,0.999,138,3.921386474609375,0.05719571595064992,8.98,28,100,2800804,57.56570243835449,57.498623847961426,0.0670785903930664,,2520.19140625,1
FedDyn,CIFAR100,,0.9,0.999,139,3.917112439727783,0.06809874885575967,10.76,21,100,2800804,43.47317695617676,43.419920682907104,0.05325627326965332,,2520.19140625,1
FedDyn,CIFAR100,,0.9,0.999,140,3.891510395050049,0.06448441629685751,10.45,24,100,2800804,49.277860164642334,49.219300508499146,0.05855965614318848,,2520.19140625,1
FedDyn,CIFAR100,,0.9,0.999,141,3.891029677581787,0.06565321734814741,10.17,25,100,2800804,51.858924865722656,51.79188275337219,0.06704211235046387,,2520.19140625,1
FedDyn,CIFAR100,,0.9,0.999,142,3.8902125423431397,0.07199965707134588,10.61,27,100,2800804,53.19058132171631,53.121479988098145,0.06910133361816406,,2520.19140625,1
FedDyn,CIFAR100,,0.9,0.999,143,3.877715547943115,0.07437957544234461,10.8,23,100,2800804,45.5525848865509,45.49609303474426,0.056491851806640625,,2520.19140625,1
FedDyn,CIFAR100,,0.9,0.999,144,3.884854452896118,0.06746887921552086,10.22,22,100,2800804,44.69638228416443,44.63716411590576,0.05921816825866699,,2520.19140625,1
FedDyn,CIFAR100,,0.9,0.999,145,3.8863206100463867,0.06700759849067356,9.94,23,100,2800804,46.69988203048706,46.6401801109314,0.05970191955566406,,2520.19140625,1
FedDyn,CIFAR100,,0.9,0.999,146,3.8702303409576415,0.08012021996451037,11.38,21,100,2800804,44.40763878822327,44.35186243057251,0.055776357650756836,,2520.19140625,1
FedDyn,CIFAR100,,0.9,0.999,147,3.875564094543457,0.0658310783760668,10.82,24,100,2800804,50.50227952003479,50.43927025794983,0.06300926208496094,,2520.19140625,1
FedDyn,CIFAR100,,0.9,0.999,148,3.842223639678955,0.08379649824426216,11.94,22,100,2800804,44.45128917694092,44.39121174812317,0.06007742881774902,,2520.19140625,1
FedDyn,CIFAR100,,0.9,0.999,149,3.8541856967926025,0.07596713783551641,10.59,20,100,2800804,42.34459137916565,42.29239892959595,0.05219244956970215,,2520.19140625,1
FedDyn,CIFAR100,,0.9,0.999,150,3.8429744117736817,0.07803226390083924,11.38,22,100,2800804,45.63203763961792,45.57617545127869,0.0558621883392334,,2520.19140625,1
FedDyn,CIFAR100,,0.9,0.999,151,3.8793242252349853,0.0717900420614322,10.98,23,100,2800804,46.85511302947998,46.79951477050781,0.05559825897216797,,2520.19140625,1
FedDyn,CIFAR100,,0.9,0.999,152,3.8344106719970705,0.08204632401363555,11.54,25,100,2800804,51.06122899055481,50.998016595840454,0.06321239471435547,,2520.19140625,1
FedDyn,CIFAR100,,0.9,0.999,153,3.840019129562378,0.07474381024899686,10.52,22,100,2800804,44.271878242492676,44.208462715148926,0.06341552734375,,2520.19140625,1
FedDyn,CIFAR100,,0.9,0.999,154,3.8035006168365477,0.08403290068252196,12.15,27,100,2800804,54.805755853652954,54.743046283721924,0.06270956993103027,,2520.19140625,1
FedDyn,CIFAR100,,0.9,0.999,155,3.8017935779571532,0.08632682159612093,12.55,27,100,2800804,54.48546600341797,54.41339707374573,0.07206892967224121,,2520.19140625,1
FedDyn,CIFAR100,,0.9,0.999,156,3.802254608917236,0.07832060214275213,11.73,22,100,2800804,43.63477158546448,43.57227611541748,0.06249547004699707,,2520.19140625,1
FedDyn,CIFAR100,,0.9,0.999,157,3.813814394760132,0.07404809260237574,11.72,24,100,2800804,47.513948917388916,47.44946527481079,0.064483642578125,,2520.19140625,1
FedDyn,CIFAR100,,0.9,0.999,158,3.8005559810638427,0.08888727411465716,11.82,24,100,2800804,48.93699383735657,48.8784921169281,0.0585017204284668,,2520.19140625,1
FedDyn,CIFAR100,,0.9,0.999,159,3.789738697052002,0.0878189109783451,12.19,28,100,2800804,56.890540599823,56.82133507728577,0.06920552253723145,,2520.19140625,1
FedDyn,CIFAR100,,0.9,0.999,160,3.789622471618652,0.08173537888782062,12.02,22,100,2800804,45.25152850151062,45.192838191986084,0.05869030952453613,,2520.19140625,1
FedDyn,CIFAR100,,0.9,0.999,161,3.7777326717376707,0.08783894642845089,12.7,21,100,2800804,42.06337094306946,42.00908541679382,0.054285526275634766,,2520.19140625,1
FedDyn,CIFAR100,,0.9,0.999,162,3.7719554229736327,0.09195599005010337,12.46,26,100,2800804,54.82598090171814,54.75854301452637,0.06743788719177246,,2520.19140625,1
FedDyn,CIFAR100,,0.9,0.999,163,3.755565325164795,0.09582176736980086,13.37,27,100,2800804,55.00273823738098,54.932544469833374,0.07019376754760742,,2520.19140625,1
FedDyn,CIFAR100,,0.9,0.999,164,3.7666553970336913,0.08785431009368505,12.68,23,100,2800804,47.76021099090576,47.69872546195984,0.06148552894592285,,2520.19140625,1
FedDyn,CIFAR100,,0.9,0.999,165,3.7450770683288575,0.08916081162377773,12.43,23,100,2800804,47.82050919532776,47.757960081100464,0.06254911422729492,,2520.19140625,1
FedDyn,CIFAR100,,0.9,0.999,166,3.741501959609985,0.09674691253151321,13.45,20,100,2800804,41.39184594154358,41.34031081199646,0.05153512954711914,,2520.19140625,1
FedDyn,CIFAR100,,0.9,0.999,167,3.7337950092315673,0.0850157579493191,12.16,30,100,2800804,62.91246271133423,62.83317756652832,0.0792851448059082,,2520.19140625,1
FedDyn,CIFAR100,,0.9,0.999,168,3.7101399616241455,0.09605480203519078,13.62,20,100,2800804,41.72844481468201,41.67466711997986,0.05377769470214844,,2520.19140625,1
FedDyn,CIFAR100,,0.9,0.999,169,3.6781123695373537,0.10520648160176496,14.26,30,100,2800804,61.27929353713989,61.202802896499634,0.07649064064025879,,2520.19140625,1
FedDyn,CIFAR100,,0.9,0.999,170,3.696364348602295,0.1044636372345165,14.11,26,100,2800804,53.72549891471863,53.65500855445862,0.07049036026000977,,2520.19140625,1
FedDyn,CIFAR100,,0.9,0.999,171,3.681381909561157,0.10759771004766874,15.01,24,100,2800804,49.53200578689575,49.467716693878174,0.06428909301757812,,2520.19140625,1
FedDyn,CIFAR100,,0.9,0.999,172,3.6906062377929687,0.08941860879858304,12.86,26,100,2800804,52.14235305786133,52.07217216491699,0.07018089294433594,,2520.19140625,1
FedDyn,CIFAR100,,0.9,0.999,173,3.6836107624053955,0.10276811713093265,13.82,21,100,2800804,43.083478689193726,43.02985334396362,0.05362534523010254,,2520.19140625,1
FedDyn,CIFAR100,,0.9,0.999,174,3.6779559257507324,0.10455227538306494,14.22,26,100,2800804,55.022057056427,54.9527153968811,0.06934165954589844,,2520.19140625,1
FedDyn,CIFAR100,,0.9,0.999,175,3.657821739578247,0.10405555926428507,14.48,25,100,2800804,48.76593089103699,48.706109046936035,0.05982184410095215,,2520.19140625,1
FedDyn,CIFAR100,,0.9,0.999,176,3.6663755729675294,0.10637215237847719,13.97,30,100,2800804,62.19682002067566,62.1142942905426,0.08252573013305664,,2520.19140625,1
FedDyn,CIFAR100,,0.9,0.999,177,3.6391304153442383,0.10848548200240908,14.9,28,100,2800804,54.9413206577301,54.874536991119385,0.06678366661071777,,2520.19140625,1
FedDyn,CIFAR100,,0.9,0.999,178,3.6235199306488037,0.10949573316224476,14.75,26,100,2800804,52.68488359451294,52.62214660644531,0.06273698806762695,,2520.19140625,1
FedDyn,CIFAR100,,0.9,0.999,179,3.6441897972106934,0.10621424776718506,13.64,24,100,2800804,48.39645528793335,48.33813238143921,0.058322906494140625,,2520.19140625,1
FedDyn,CIFAR100,,0.9,0.999,180,3.6165463596343996,0.11281280601475908,15.42,26,100,2800804,54.28822445869446,54.21668815612793,0.07153630256652832,,2520.19140625,1
FedDyn,CIFAR100,,0.9,0.999,181,3.597571243286133,0.11419481119397852,15.44,30,100,2800804,61.412036418914795,61.33489799499512,0.07713842391967773,,2520.19140625,1
FedDyn,CIFAR100,,0.9,0.999,182,3.589663917160034,0.1287911930605284,16.21,30,100,2800804,60.468902587890625,60.39504909515381,0.0738534927368164,,2520.19140625,1
FedDyn,CIFAR100,,0.9,0.999,183,3.5838831878662107,0.11706707109824487,15.73,27,100,2800804,54.866384744644165,54.79383039474487,0.07255434989929199,,2520.19140625,1
FedDyn,CIFAR100,,0.9,0.999,184,3.5933506271362305,0.11619133395849263,15.11,20,100,2800804,41.42749857902527,41.37529182434082,0.05220675468444824,,2520.19140625,1
FedDyn,CIFAR100,,0.9,0.999,185,3.5746969375610353,0.1187170488816252,15.45,21,100,2800804,43.441473722457886,43.38678169250488,0.05469202995300293,,2520.19140625,1
FedDyn,CIFAR100,,0.9,0.999,186,3.590177947998047,0.11920908429060312,15.71,23,100,2800804,48.55409097671509,48.496129751205444,0.057961225509643555,,2520.19140625,1
FedDyn,CIFAR100,,0.9,0.999,187,3.62985418548584,0.11033991994710954,14.73,20,100,2800804,42.8938627243042,42.83839797973633,0.055464744567871094,,2520.19140625,1
FedDyn,CIFAR100,,0.9,0.999,188,3.574374772644043,0.11575429918823367,15.45,20,100,2800804,42.866565465927124,42.81011390686035,0.05645155906677246,,2520.19140625,1
FedDyn,CIFAR100,,0.9,0.999,189,3.5847570514678955,0.11933521651280915,15.91,23,100,2800804,50.688279151916504,50.62450575828552,0.06377339363098145,,2520.19140625,1
FedDyn,CIFAR100,,0.9,0.999,190,3.515865040206909,0.12868959330558977,16.28,30,100,2800804,65.5625786781311,65.48158311843872,0.08099555969238281,,2520.19140625,1
FedDyn,CIFAR100,,0.9,0.999,191,3.551414401245117,0.13033007201416827,15.83,20,100,2800804,42.454851388931274,42.399139165878296,0.055712223052978516,,2520.19140625,1
FedDyn,CIFAR100,,0.9,0.999,192,3.518977941131592,0.13295894661041607,17.02,29,100,2800804,64.61972093582153,64.54266309738159,0.0770578384399414,,2520.19140625,1
FedDyn,CIFAR100,,0.9,0.999,193,3.5144075035095215,0.1321451496137567,16.8,22,100,2800804,47.58184766769409,47.52497959136963,0.05686807632446289,,2520.19140625,1
FedDyn,CIFAR100,,0.9,0.999,194,3.511301245880127,0.12210164657745462,16.51,30,100,2800804,63.08475732803345,63.002387285232544,0.08237004280090332,,2520.19140625,1
FedDyn,CIFAR100,,0.9,0.999,195,3.509491967010498,0.1290477673777289,16.28,29,100,2800804,59.52425837516785,59.44128489494324,0.08297348022460938,,2520.19140625,1
FedDyn,CIFAR100,,0.9,0.999,196,3.4922300914764404,0.1328562799596787,17.21,21,100,2800804,45.715887784957886,45.6558473110199,0.06004047393798828,,2520.19140625,1
FedDyn,CIFAR100,,0.9,0.999,197,3.4939573833465576,0.1306511388973955,16.68,27,100,2800804,60.14589476585388,60.06901025772095,0.07688450813293457,,2520.19140625,1
FedDyn,CIFAR100,,0.9,0.999,198,3.503668348693848,0.1324181204650989,16.38,28,100,2800804,59.21913409233093,59.142332792282104,0.07680130004882812,,2520.19140625,1
FedDyn,CIFAR100,,0.9,0.999,199,3.487796407318115,0.14436266570678616,17.49,27,100,2800804,57.371614933013916,57.30057668685913,0.07103824615478516,,2520.19140625,1
FedDyn,CIFAR100,,0.9,0.999,200,3.4613688133239746,0.1432675914852846,17.95,23,100,2800804,47.59814643859863,47.53597831726074,0.062168121337890625,,2520.19140625,1
FedDyn,CIFAR100,,0.9,0.999,201,3.4996560134887695,0.13699642700924333,17.69,20,100,2800804,42.69872522354126,42.64600586891174,0.0527193546295166,,2520.19140625,1
FedDyn,CIFAR100,,0.9,0.999,202,3.4507413963317872,0.1436136222404992,17.44,22,100,2800804,47.04597854614258,46.984742641448975,0.061235904693603516,,2520.19140625,1
FedDyn,CIFAR100,,0.9,0.999,203,3.4679968349456787,0.14024953037802276,17.69,21,100,2800804,44.65647482872009,44.60080933570862,0.05566549301147461,,2520.19140625,1
FedDyn,CIFAR100,,0.9,0.999,204,3.4657607524871827,0.12955099053688424,17.03,21,100,2800804,45.66986083984375,45.61099290847778,0.0588679313659668,,2520.19140625,1
FedDyn,CIFAR100,,0.9,0.999,205,3.4508942756652834,0.14166749852526925,18.18,23,100,2800804,50.7903516292572,50.72541666030884,0.06493496894836426,,2520.19140625,1
FedDyn,CIFAR100,,0.9,0.999,206,3.4425804374694824,0.1351606702936272,16.61,20,100,2800804,42.83228778839111,42.77240347862244,0.05988430976867676,,2520.19140625,1
FedDyn,CIFAR100,,0.9,0.999,207,3.416391331100464,0.14587874581128243,18.29,28,100,2800804,61.00437879562378,60.93433356285095,0.07004523277282715,,2520.19140625,1
FedDyn,CIFAR100,,0.9,0.999,208,3.4367621841430664,0.13941854397340125,17.37,27,100,2800804,56.271791219711304,56.201287031173706,0.07050418853759766,,2520.19140625,1
FedDyn,CIFAR100,,0.9,0.999,209,3.396181747817993,0.166651467073156,19.41,30,100,2800804,62.63262057304382,62.555346965789795,0.07727360725402832,,2520.19140625,1
FedDyn,CIFAR100,,0.9,0.999,210,3.4277212062835694,0.14558673027180208,18.29,24,100,2800804,49.30112862586975,49.236807107925415,0.06432151794433594,,2520.19140625,1
FedDyn,CIFAR100,,0.9,0.999,211,3.4168748237609865,0.1461115077816609,17.56,29,100,2800804,60.88323426246643,60.80989170074463,0.07334256172180176,,2520.19140625,1
FedDyn,CIFAR100,,0.9,0.999,212,3.411066491317749,0.14518114888717668,18.06,26,100,2800804,55.83316922187805,55.76365613937378,0.06951308250427246,,2520.19140625,1
FedDyn,CIFAR100,,0.9,0.999,213,3.4001954120635984,0.15768845298947642,18.35,23,100,2800804,48.21708917617798,48.156466484069824,0.0606226921081543,,2520.19140625,1
FedDyn,CIFAR100,,0.9,0.999,214,3.3814519256591797,0.1476685392802618,19.11,22,100,2800804,45.74949336051941,45.68529438972473,0.06419897079467773,,2520.19140625,1
FedDyn,CIFAR100,,0.9,0.999,215,3.3968264698028565,0.15121124704532213,18.26,24,100,2800804,51.753777503967285,51.68799376487732,0.06578373908996582,,2520.19140625,1
FedDyn,CIFAR100,,0.9,0.999,216,3.3259055812835694,0.1716772536147415,20.67,26,100,2800804,53.30628299713135,53.24664878845215,0.05963420867919922,,2520.19140625,1
FedDyn,CIFAR100,,0.9,0.999,217,3.3407091400146482,0.17309152395182065,20.26,26,100,2800804,54.48940968513489,54.42158579826355,0.06782388687133789,,2520.19140625,1
FedDyn,CIFAR100,,0.9,0.999,218,3.35231303062439,0.15169582975449805,19.2,24,100,2800804,53.007036209106445,52.93699240684509,0.07004380226135254,,2520.19140625,1
FedDyn,CIFAR100,,0.9,0.999,219,3.3230494689941406,0.1655327724329153,19.8,26,100,2800804,56.626139402389526,56.55247497558594,0.07366442680358887,,2520.19140625,1
FedDyn,CIFAR100,,0.9,0.999,220,3.3447585136413576,0.16395705299697344,19.51,26,100,2800804,56.49742603302002,56.42733073234558,0.07009530067443848,,2520.19140625,1
FedDyn,CIFAR100,,0.9,0.999,221,3.3253205520629883,0.1680804082788277,19.71,26,100,2800804,55.772573947906494,55.70634198188782,0.06623196601867676,,2520.19140625,1
FedDyn,CIFAR100,,0.9,0.999,222,3.3157620315551757,0.16999770057188257,19.76,26,100,2800804,54.67734169960022,54.60705542564392,0.07028627395629883,,2520.19140625,1
FedDyn,CIFAR100,,0.9,0.999,223,3.3470777603149413,0.15921010656459822,18.68,24,100,2800804,49.71612858772278,49.653740882873535,0.062387704849243164,,2520.19140625,1
FedDyn,CIFAR100,,0.9,0.999,224,3.3248060371398926,0.16582226821696255,19.99,22,100,2800804,46.81119632720947,46.74938750267029,0.06180882453918457,,2520.19140625,1
FedDyn,CIFAR100,,0.9,0.999,225,3.334703496170044,0.16255157217978217,19.65,25,100,2800804,51.73438811302185,51.66610932350159,0.06827878952026367,,2520.19140625,1
FedDyn,CIFAR100,,0.9,0.999,226,3.313256854248047,0.16256588158818833,19.56,27,100,2800804,56.78473401069641,56.70456528663635,0.0801687240600586,,2520.19140625,1
FedDyn,CIFAR100,,0.9,0.999,227,3.3206438465118406,0.16792525465356667,19.93,24,100,2800804,50.95149064064026,50.88410997390747,0.06738066673278809,,2520.19140625,1
FedDyn,CIFAR100,,0.9,0.999,228,3.265023405456543,0.18308462547823445,21.18,27,100,2800804,56.228631258010864,56.15885877609253,0.06977248191833496,,2520.19140625,1
FedDyn,CIFAR100,,0.9,0.999,229,3.2781785259246825,0.16327237869588793,19.46,30,100,2800804,62.79983615875244,62.718130588531494,0.08170557022094727,,2520.19140625,1
FedDyn,CIFAR100,,0.9,0.999,230,3.2705445671081543,0.17038151044123886,20.39,30,100,2800804,62.77897834777832,62.69949269294739,0.07948565483093262,,2520.19140625,1
FedDyn,CIFAR100,,0.9,0.999,231,3.2667869007110597,0.17806026086661508,20.73,24,100,2800804,51.133416414260864,51.06686973571777,0.06654667854309082,,2520.19140625,1
FedDyn,CIFAR100,,0.9,0.999,232,3.2578333786010742,0.17650549034293941,21.0,26,100,2800804,54.85136890411377,54.78951716423035,0.06185173988342285,,2520.19140625,1
FedDyn,CIFAR100,,0.9,0.999,233,3.2577666465759276,0.18027956308239346,21.16,27,100,2800804,56.261945486068726,56.19321393966675,0.06873154640197754,,2520.19140625,1
FedDyn,CIFAR100,,0.9,0.999,234,3.2424868797302246,0.17793767481712408,20.98,30,100,2800804,62.352445125579834,62.27798581123352,0.07445931434631348,,2520.19140625,1
FedDyn,CIFAR100,,0.9,0.999,235,3.243618814468384,0.18018242227551748,21.42,28,100,2800804,58.596309185028076,58.51962661743164,0.07668256759643555,,2520.19140625,1
FedDyn,CIFAR100,,0.9,0.999,236,3.248260850524902,0.17647180357371917,21.34,22,100,2800804,47.57982039451599,47.51632356643677,0.06349682807922363,,2520.19140625,1
FedDyn,CIFAR100,,0.9,0.999,237,3.241455846786499,0.17599502548877777,21.05,23,100,2800804,47.536635398864746,47.47914171218872,0.05749368667602539,,2520.19140625,1
FedDyn,CIFAR100,,0.9,0.999,238,3.2448054733276366,0.17848977878333816,21.51,23,100,2800804,49.85793972015381,49.79915738105774,0.058782339096069336,,2520.19140625,1
FedDyn,CIFAR100,,0.9,0.999,239,3.2109724395751953,0.1905947774037384,22.72,25,100,2800804,53.772621393203735,53.70036554336548,0.07225584983825684,,2520.19140625,1
FedDyn,CIFAR100,,0.9,0.999,240,3.2283488056182863,0.18405951033264525,21.55,27,100,2800804,55.6150541305542,55.536338567733765,0.07871556282043457,,2520.19140625,1
FedDyn,CIFAR100,,0.9,0.999,241,3.206861682128906,0.1985309997529141,22.41,25,100,2800804,53.056599617004395,52.98775601387024,0.06884360313415527,,2520.19140625,1
FedDyn,CIFAR100,,0.9,0.999,242,3.1786824039459227,0.20020966672729454,22.98,24,100,2800804,49.79126286506653,49.72246718406677,0.06879568099975586,,2520.19140625,1
FedDyn,CIFAR100,,0.9,0.999,243,3.1692132884979247,0.19296581791554743,23.04,29,100,2800804,60.840405225753784,60.770774364471436,0.06963086128234863,,2520.19140625,1
FedDyn,CIFAR100,,0.9,0.999,244,3.1891217098236084,0.20442895004806555,23.04,21,100,2800804,42.28697323799133,42.22569918632507,0.061274051666259766,,2520.19140625,1
FedDyn,CIFAR100,,0.9,0.999,245,3.183645561981201,0.19591046238027635,22.74,26,100,2800804,54.28659725189209,54.223857164382935,0.06274008750915527,,2520.19140625,1
FedDyn,CIFAR100,,0.9,0.999,246,3.1404006950378416,0.20462672461320403,23.4,25,100,2800804,52.0834596157074,52.02434682846069,0.0591127872467041,,2520.19140625,1
FedDyn,CIFAR100,,0.9,0.999,247,3.155919329071045,0.20823810421334601,23.57,25,100,2800804,52.323299169540405,52.26008415222168,0.06321501731872559,,2520.19140625,1
FedDyn,CIFAR100,,0.9,0.999,248,3.152314786529541,0.2093321309884085,23.61,25,100,2800804,52.7230224609375,52.66277623176575,0.06024622917175293,,2520.19140625,1
FedDyn,CIFAR100,,0.9,0.999,249,3.1500438457489013,0.20449512086995336,23.63,24,100,2800804,49.873876333236694,49.81589603424072,0.05798029899597168,,2520.19140625,1
FedDyn,CIFAR100,,0.9,0.999,250,3.1368070030212403,0.21461135990357522,23.75,22,100,2800804,45.07714796066284,45.019949436187744,0.057198524475097656,,2520.19140625,1
FedDyn,CIFAR100,,0.9,0.999,251,3.1510521446228026,0.19564308696472155,22.46,28,100,2800804,56.112085580825806,56.0411012172699,0.0709843635559082,,2520.19140625,1
FedDyn,CIFAR100,,0.9,0.999,252,3.10104037399292,0.21413103775654108,24.47,30,100,2800804,60.203800678253174,60.12867522239685,0.07512545585632324,,2520.19140625,1
FedDyn,CIFAR100,,0.9,0.999,253,3.143437660980225,0.20269628815632137,23.11,21,100,2800804,42.82914400100708,42.774640798568726,0.05450320243835449,,2520.19140625,1
FedDyn,CIFAR100,,0.9,0.999,254,3.118512557220459,0.20832348022054753,24.29,29,100,2800804,57.86516547203064,57.7983660697937,0.06679940223693848,,2520.19140625,1
FedDyn,CIFAR100,,0.9,0.999,255,3.1184964462280274,0.20033714646511014,23.17,25,100,2800804,50.51615118980408,50.455716371536255,0.060434818267822266,,2520.19140625,1
FedDyn,CIFAR100,,0.9,0.999,256,3.11848744430542,0.20550925139861798,23.37,20,100,2800804,41.58234882354736,41.52959394454956,0.052754878997802734,,2520.19140625,1
FedDyn,CIFAR100,,0.9,0.999,257,3.10355143737793,0.2093460907999351,23.93,30,100,2800804,61.75904393196106,61.68902397155762,0.07001996040344238,,2520.19140625,1
FedDyn,CIFAR100,,0.9,0.999,258,3.085659989929199,0.21239185450075115,24.19,28,100,2800804,63.42019248008728,63.342368602752686,0.07782387733459473,,2520.19140625,1
FedDyn,CIFAR100,,0.9,0.999,259,3.0589173263549805,0.21408699579109652,24.73,28,100,2800804,56.77626347541809,56.702881813049316,0.07338166236877441,,2520.19140625,1
FedDyn,CIFAR100,,0.9,0.999,260,3.1100968788146974,0.2051280808909149,23.4,22,100,2800804,46.25878572463989,46.202237367630005,0.056548357009887695,,2520.19140625,1
FedDyn,CIFAR100,,0.9,0.999,261,3.0510046951293943,0.2183428915527478,25.23,29,100,2800804,57.61830735206604,57.54877161979675,0.06953573226928711,,2520.19140625,1
FedDyn,CIFAR100,,0.9,0.999,262,3.110465734100342,0.20413560203162195,23.69,21,100,2800804,45.49071288108826,45.43882775306702,0.051885128021240234,,2520.19140625,1
FedDyn,CIFAR100,,0.9,0.999,263,3.0552660606384276,0.22458890611862947,25.54,22,100,2800804,45.24004340171814,45.17899560928345,0.06104779243469238,,2520.19140625,1
FedDyn,CIFAR100,,0.9,0.999,264,3.1159489429473877,0.20640337386586485,23.54,24,100,2800804,51.599533796310425,51.53924489021301,0.06028890609741211,,2520.19140625,1
FedDyn,CIFAR100,,0.9,0.999,265,3.0473163219451904,0.22570713248809382,25.49,29,100,2800804,59.89478063583374,59.81982088088989,0.07495975494384766,,2520.19140625,1
FedDyn,CIFAR100,,0.9,0.999,266,3.0497048919677736,0.2149555742675123,25.05,23,100,2800804,48.70518684387207,48.644387006759644,0.06079983711242676,,2520.19140625,1
FedDyn,CIFAR100,,0.9,0.999,267,3.0261493236541748,0.23760721556282846,26.34,23,100,2800804,48.38492012023926,48.323288679122925,0.06163144111633301,,2520.19140625,1
FedDyn,CIFAR100,,0.9,0.999,268,3.015701739501953,0.22471411929450247,25.82,27,100,2800804,56.905065298080444,56.828320264816284,0.07674503326416016,,2520.19140625,1
FedDyn,CIFAR100,,0.9,0.999,269,3.056199090576172,0.22172335571979387,24.83,20,100,2800804,40.00383186340332,39.945631980895996,0.05819988250732422,,2520.19140625,1
FedDyn,CIFAR100,,0.9,0.999,270,3.004158573150635,0.23556944070605723,26.13,30,100,2800804,62.62457752227783,62.548927307128906,0.07565021514892578,,2520.19140625,1
FedDyn,CIFAR100,,0.9,0.999,271,3.008489451217651,0.229029675962937,25.68,28,100,2800804,56.947537660598755,56.86954665184021,0.07799100875854492,,2520.19140625,1
FedDyn,CIFAR100,,0.9,0.999,272,2.984529936218262,0.23354214257408085,26.55,30,100,2800804,64.14674496650696,64.07609415054321,0.07065081596374512,,2520.19140625,1
FedDyn,CIFAR100,,0.9,0.999,273,2.9891591178894044,0.22673787261841472,26.5,29,100,2800804,59.979379177093506,59.90383195877075,0.0755472183227539,,2520.19140625,1
FedDyn,CIFAR100,,0.9,0.999,274,2.999219268798828,0.2319675335247317,25.52,20,100,2800804,43.01769280433655,42.96269512176514,0.05499768257141113,,2520.19140625,1
FedDyn,CIFAR100,,0.9,0.999,275,2.9783353382110596,0.23733069325356707,26.7,26,100,2800804,56.0701961517334,56.00209450721741,0.06810164451599121,,2520.19140625,1
FedDyn,CIFAR100,,0.9,0.999,276,2.998167698287964,0.23266348909651782,26.05,20,100,2800804,42.8149471282959,42.757851123809814,0.057096004486083984,,2520.19140625,1
FedDyn,CIFAR100,,0.9,0.999,277,2.9770707901000977,0.2402179043494246,26.93,22,100,2800804,46.616183280944824,46.55739426612854,0.05878901481628418,,2520.19140625,1
FedDyn,CIFAR100,,0.9,0.999,278,2.96883776473999,0.24741630881922627,27.14,29,100,2800804,62.06677579879761,61.98308753967285,0.08368825912475586,,2520.19140625,1
FedDyn,CIFAR100,,0.9,0.999,279,2.942311688232422,0.24060350841157205,27.25,29,100,2800804,62.20589518547058,62.129876136779785,0.0760190486907959,,2520.19140625,1
FedDyn,CIFAR100,,0.9,0.999,280,2.967608563232422,0.24823466583798612,27.28,24,100,2800804,49.971822023391724,49.91070532798767,0.061116695404052734,,2520.19140625,1
FedDyn,CIFAR100,,0.9,0.999,281,2.9697915176391603,0.2395309446732708,26.52,20,100,2800804,43.26571726799011,43.2090003490448,0.0567169189453125,,2520.19140625,1
FedDyn,CIFAR100,,0.9,0.999,282,2.9320729255676268,0.25400949676022083,28.01,23,100,2800804,48.16568684577942,48.10658812522888,0.05909872055053711,,2520.19140625,1
FedDyn,CIFAR100,,0.9,0.999,283,2.9347288974761963,0.24885892141138044,27.56,25,100,2800804,51.50262475013733,51.4374418258667,0.06518292427062988,,2520.19140625,1
FedDyn,CIFAR100,,0.9,0.999,284,2.9162260772705078,0.24948773161794693,27.55,30,100,2800804,61.20554494857788,61.12600088119507,0.0795440673828125,,2520.19140625,1
FedDyn,CIFAR100,,0.9,0.999,285,2.9322188499450683,0.2543040774693485,27.82,25,100,2800804,52.70468473434448,52.63558006286621,0.06910467147827148,,2520.19140625,1
FedDyn,CIFAR100,,0.9,0.999,286,2.926868081665039,0.24283258080458883,27.89,28,100,2800804,61.3985071182251,61.31999397277832,0.07851314544677734,,2520.19140625,1
FedDyn,CIFAR100,,0.9,0.999,287,2.905546875,0.24906563891598477,27.81,23,100,2800804,49.646549701690674,49.58716177940369,0.059387922286987305,,2520.19140625,1
FedDyn,CIFAR100,,0.9,0.999,288,2.8686923961639406,0.2564380174471198,28.44,29,100,2800804,62.55679965019226,62.47940945625305,0.07739019393920898,,2520.19140625,1
FedDyn,CIFAR100,,0.9,0.999,289,2.8946067710876466,0.25525874290500367,28.18,25,100,2800804,54.17495250701904,54.10510301589966,0.06984949111938477,,2520.19140625,1
FedDyn,CIFAR100,,0.9,0.999,290,2.9080648700714113,0.24443964031707582,27.72,21,100,2800804,45.701799154281616,45.643452644348145,0.05834650993347168,,2520.19140625,1
FedDyn,CIFAR100,,0.9,0.999,291,2.8806210620880126,0.25860892730954665,28.77,28,100,2800804,57.75208926200867,57.68285036087036,0.06923890113830566,,2520.19140625,1
FedDyn,CIFAR100,,0.9,0.999,292,2.8756927604675293,0.24717594356978675,27.94,27,100,2800804,57.00744271278381,56.93381881713867,0.0736238956451416,,2520.19140625,1
FedDyn,CIFAR100,,0.9,0.999,293,2.8903354846954348,0.2622741488981002,28.8,23,100,2800804,51.016300678253174,50.954994440078735,0.06130623817443848,,2520.19140625,1
FedDyn,CIFAR100,,0.9,0.999,294,2.8863205863952635,0.2471161126075295,27.97,21,100,2800804,44.016634702682495,43.95744800567627,0.059186697006225586,,2520.19140625,1
FedDyn,CIFAR100,,0.9,0.999,295,2.851169177246094,0.2683986429690081,29.39,23,100,2800804,48.98859167098999,48.92461943626404,0.06397223472595215,,2520.19140625,1
FedDyn,CIFAR100,,0.9,0.999,296,2.8212719512939453,0.26317500624729856,29.59,30,100,2800804,64.09624814987183,64.02078104019165,0.07546710968017578,,2520.19140625,1
FedDyn,CIFAR100,,0.9,0.999,297,2.8718689949035645,0.2650357967777284,28.74,20,100,2800804,42.543328523635864,42.48514270782471,0.05818581581115723,,2520.19140625,1
FedDyn,CIFAR100,,0.9,0.999,298,2.8193731998443603,0.27665306213885416,30.01,21,100,2800804,45.859220027923584,45.79674530029297,0.062474727630615234,,2520.19140625,1
FedDyn,CIFAR100,,0.9,0.999,299,2.827169118881226,0.2683150685998159,30.08,26,100,2800804,55.37677049636841,55.304555892944336,0.07221460342407227,,2520.19140625,1
FedDyn,CIFAR100,,0.9,0.999,300,2.827259222793579,0.26141193492241477,29.27,23,100,2800804,50.02026629447937,49.95668268203735,0.0635836124420166,,2520.19140625,1
FedDyn,CIFAR100,,0.9,0.999,301,2.8104595790863036,0.2734284660975581,29.99,30,100,2800804,64.79882550239563,64.72041034698486,0.0784151554107666,,2520.19140625,1
FedDyn,CIFAR100,,0.9,0.999,302,2.8067289497375487,0.2737433706946509,30.04,27,100,2800804,56.18703365325928,56.113462686538696,0.07357096672058105,,2520.19140625,1
FedDyn,CIFAR100,,0.9,0.999,303,2.7915253303527834,0.2793032635144057,30.33,28,100,2800804,60.981950521469116,60.90646839141846,0.07548213005065918,,2520.19140625,1
FedDyn,CIFAR100,,0.9,0.999,304,2.831202198791504,0.26770323200541535,29.44,21,100,2800804,44.9394474029541,44.882144927978516,0.05730247497558594,,2520.19140625,1
FedDyn,CIFAR100,,0.9,0.999,305,2.77314487991333,0.2813972856033295,30.41,26,100,2800804,55.26168203353882,55.19443988800049,0.06724214553833008,,2520.19140625,1
FedDyn,CIFAR100,,0.9,0.999,306,2.7789844257354734,0.2789401907601547,30.7,23,100,2800804,49.292564153671265,49.22932052612305,0.06324362754821777,,2520.19140625,1
FedDyn,CIFAR100,,0.9,0.999,307,2.785691742324829,0.2733092268080461,30.02,29,100,2800804,61.58980870246887,61.51092839241028,0.07888031005859375,,2520.19140625,1
FedDyn,CIFAR100,,0.9,0.999,308,2.7955633296966553,0.2707134845882256,30.24,24,100,2800804,49.93800497055054,49.869763135910034,0.06824183464050293,,2520.19140625,1
FedDyn,CIFAR100,,0.9,0.999,309,2.768040470123291,0.2887560150443084,30.82,26,100,2800804,56.606640338897705,56.534995317459106,0.07164502143859863,,2520.19140625,1
FedDyn,CIFAR100,,0.9,0.999,310,2.7579753555297852,0.285512963390609,31.19,27,100,2800804,57.52241778373718,57.4495415687561,0.0728762149810791,,2520.19140625,1
FedDyn,CIFAR100,,0.9,0.999,311,2.774434930419922,0.2788855506518326,30.55,28,100,2800804,61.50467658042908,61.42518329620361,0.07949328422546387,,2520.19140625,1
FedDyn,CIFAR100,,0.9,0.999,312,2.742976823806763,0.29304294754019844,31.33,29,100,2800804,65.31398868560791,65.23276615142822,0.0812225341796875,,2520.19140625,1
FedDyn,CIFAR100,,0.9,0.999,313,2.7685895725250242,0.28098014457461484,30.87,23,100,2800804,52.71405625343323,52.648948431015015,0.06510782241821289,,2520.19140625,1
FedDyn,CIFAR100,,0.9,0.999,314,2.7230774242401123,0.2924962950485485,31.6,22,100,2800804,48.675007343292236,48.6112060546875,0.06380128860473633,,2520.19140625,1
FedDyn,CIFAR100,,0.9,0.999,315,2.7294474323272704,0.29196086903691204,31.73,26,100,2800804,55.83588624000549,55.76420831680298,0.07167792320251465,,2520.19140625,1
FedDyn,CIFAR100,,0.9,0.999,316,2.7347657051086425,0.29551175721162143,31.67,20,100,2800804,44.214789152145386,44.1611065864563,0.053682565689086914,,2520.19140625,1
FedDyn,CIFAR100,,0.9,0.999,317,2.7258754379272463,0.2909753704175386,31.79,29,100,2800804,63.508432388305664,63.43092060089111,0.07751178741455078,,2520.19140625,1
FedDyn,CIFAR100,,0.9,0.999,318,2.6974124240875246,0.3000119513287602,32.23,26,100,2800804,55.69170832633972,55.62351870536804,0.06818962097167969,,2520.19140625,1
FedDyn,CIFAR100,,0.9,0.999,319,2.7275180339813234,0.28998713530128023,31.14,20,100,2800804,43.82640480995178,43.7715060710907,0.054898738861083984,,2520.19140625,1
FedDyn,CIFAR100,,0.9,0.999,320,2.6915471408843996,0.29983843683720535,32.52,30,100,2800804,61.01662826538086,60.93747854232788,0.07914972305297852,,2520.19140625,1
FedDyn,CIFAR100,,0.9,0.999,321,2.679671575546265,0.30570944239221076,32.98,23,100,2800804,48.704066038131714,48.639336585998535,0.06472945213317871,,2520.19140625,1
FedDyn,CIFAR100,,0.9,0.999,322,2.700920124053955,0.29893643739973713,32.23,25,100,2800804,51.6094012260437,51.54509711265564,0.06430411338806152,,2520.19140625,1
FedDyn,CIFAR100,,0.9,0.999,323,2.6726085571289064,0.3064600062660549,32.85,23,100,2800804,45.98818016052246,45.924763917922974,0.0634162425994873,,2520.19140625,1
FedDyn,CIFAR100,,0.9,0.999,324,2.7155389392852785,0.29249234133435686,31.6,21,100,2800804,44.047114610672,43.989909648895264,0.0572049617767334,,2520.19140625,1
FedDyn,CIFAR100,,0.9,0.999,325,2.6834317302703856,0.30953058747295126,32.83,26,100,2800804,54.17326378822327,54.1065993309021,0.06666445732116699,,2520.19140625,1
FedDyn,CIFAR100,,0.9,0.999,326,2.6723668632507325,0.3063025321338417,32.73,22,100,2800804,42.8934166431427,42.839377880096436,0.05403876304626465,,2520.19140625,1
FedDyn,CIFAR100,,0.9,0.999,327,2.6388856994628904,0.31094326136351425,33.66,28,100,2800804,58.04210019111633,57.97002410888672,0.07207608222961426,,2520.19140625,1
FedDyn,CIFAR100,,0.9,0.999,328,2.6759955501556396,0.3125588504366351,32.94,21,100,2800804,40.46638321876526,40.40775752067566,0.05862569808959961,,2520.19140625,1
FedDyn,CIFAR100,,0.9,0.999,329,2.6515199756622314,0.3142386638670173,33.8,22,100,2800804,46.734468936920166,46.6725549697876,0.06191396713256836,,2520.19140625,1
FedDyn,CIFAR100,,0.9,0.999,330,2.6477457733154295,0.3127709872070847,33.02,20,100,2800804,42.41270160675049,42.35526895523071,0.05743265151977539,,2520.19140625,1
FedDyn,CIFAR100,,0.9,0.999,331,2.673805945968628,0.3033653906906356,32.53,25,100,2800804,53.7331337928772,53.66646671295166,0.06666707992553711,,2520.19140625,1
FedDyn,CIFAR100,,0.9,0.999,332,2.6031937606811524,0.322147132209477,34.22,27,100,2800804,57.339364767074585,57.27383208274841,0.06553268432617188,,2520.19140625,1
FedDyn,CIFAR100,,0.9,0.999,333,2.629271030044556,0.3087854783804962,33.55,26,100,2800804,55.158584117889404,55.08643651008606,0.07214760780334473,,2520.19140625,1
FedDyn,CIFAR100,,0.9,0.999,334,2.621908924102783,0.32666329119864906,34.35,23,100,2800804,47.15267300605774,47.08886909484863,0.06380391120910645,,2520.19140625,1
FedDyn,CIFAR100,,0.9,0.999,335,2.636220403289795,0.30795727207539497,33.63,23,100,2800804,47.05629348754883,46.99636888504028,0.05992460250854492,,2520.19140625,1
FedDyn,CIFAR100,,0.9,0.999,336,2.61589136390686,0.31903374514811067,33.72,25,100,2800804,50.775285482406616,50.71454954147339,0.06073594093322754,,2520.19140625,1
FedDyn,CIFAR100,,0.9,0.999,337,2.5890161407470704,0.3257858963880531,34.89,29,100,2800804,62.1728618144989,62.10435605049133,0.06850576400756836,,2520.19140625,1
FedDyn,CIFAR100,,0.9,0.999,338,2.593979824066162,0.3332787331824193,34.77,24,100,2800804,49.73672342300415,49.67393612861633,0.06278729438781738,,2520.19140625,1
FedDyn,CIFAR100,,0.9,0.999,339,2.614454844665527,0.31665057003239955,33.94,21,100,2800804,44.607489824295044,44.55180096626282,0.05568885803222656,,2520.19140625,1
FedDyn,CIFAR100,,0.9,0.999,340,2.552415018081665,0.3338463977590881,34.93,24,100,2800804,50.74348020553589,50.67875933647156,0.06472086906433105,,2520.19140625,1
FedDyn,CIFAR100,,0.9,0.999,341,2.6104722663879394,0.31691519728565426,33.73,20,100,2800804,41.76355338096619,41.70717096328735,0.05638241767883301,,2520.19140625,1
FedDyn,CIFAR100,,0.9,0.999,342,2.570406750488281,0.32044934039284606,34.24,25,100,2800804,51.9368531703949,51.86987090110779,0.06698226928710938,,2520.19140625,1
FedDyn,CIFAR100,,0.9,0.999,343,2.5605216430664064,0.3399366928639451,35.5,26,100,2800804,54.256964683532715,54.18936777114868,0.0675969123840332,,2520.19140625,1
FedDyn,CIFAR100,,0.9,0.999,344,2.5692660911560057,0.3356293646145509,35.04,21,100,2800804,41.96863412857056,41.91036820411682,0.05826592445373535,,2520.19140625,1
FedDyn,CIFAR100,,0.9,0.999,345,2.5706720222473143,0.319224429280721,34.52,21,100,2800804,43.13200378417969,43.075310945510864,0.05669283866882324,,2520.19140625,1
FedDyn,CIFAR100,,0.9,0.999,346,2.5486619201660154,0.3345456869826436,35.01,24,100,2800804,49.04737687110901,48.98815369606018,0.059223175048828125,,2520.19140625,1
FedDyn,CIFAR100,,0.9,0.999,347,2.533966522216797,0.336711138364257,35.29,25,100,2800804,52.14341449737549,52.07304549217224,0.07036900520324707,,2520.19140625,1
FedDyn,CIFAR100,,0.9,0.999,348,2.520177035522461,0.33214507725348474,35.7,30,100,2800804,60.113603591918945,60.03116822242737,0.08243536949157715,,2520.19140625,1
FedDyn,CIFAR100,,0.9,0.999,349,2.5346481456756593,0.3392021314959834,35.66,21,100,2800804,43.41438555717468,43.354350566864014,0.060034990310668945,,2520.19140625,1
FedDyn,CIFAR100,,0.9,0.999,350,2.5246352554321287,0.3307710190357334,35.31,26,100,2800804,53.884010314941406,53.81682205200195,0.06718826293945312,,2520.19140625,1
FedDyn,CIFAR100,,0.9,0.999,351,2.543600821304321,0.3354694991131108,35.54,27,100,2800804,56.340800285339355,56.26879405975342,0.0720062255859375,,2520.19140625,1
FedDyn,CIFAR100,,0.9,0.999,352,2.494770824432373,0.3513083651881128,36.77,26,100,2800804,53.173104763031006,53.10508871078491,0.06801605224609375,,2520.19140625,1
FedDyn,CIFAR100,,0.9,0.999,353,2.510271127700806,0.3380332551735627,35.43,20,100,2800804,41.47761797904968,41.42278075218201,0.05483722686767578,,2520.19140625,1
FedDyn,CIFAR100,,0.9,0.999,354,2.5162131244659425,0.34099341693575974,36.01,21,100,2800804,43.03753590583801,42.98460602760315,0.05292987823486328,,2520.19140625,1
FedDyn,CIFAR100,,0.9,0.999,355,2.505343640899658,0.3441256534944118,35.76,22,100,2800804,44.619728088378906,44.560505867004395,0.05922222137451172,,2520.19140625,1
FedDyn,CIFAR100,,0.9,0.999,356,2.4824018432617185,0.34287910870518096,36.32,26,100,2800804,52.26759433746338,52.20331382751465,0.06428050994873047,,2520.19140625,1
FedDyn,CIFAR100,,0.9,0.999,357,2.500032926940918,0.34630449928141055,35.7,20,100,2800804,41.95714473724365,41.906816244125366,0.05032849311828613,,2520.19140625,1
FedDyn,CIFAR100,,0.9,0.999,358,2.48441217918396,0.3407047476829996,36.62,27,100,2800804,54.511844873428345,54.44563293457031,0.06621193885803223,,2520.19140625,1
FedDyn,CIFAR100,,0.9,0.999,359,2.4637000595092773,0.35393439103430013,37.21,30,100,2800804,61.295127153396606,61.22199892997742,0.07312822341918945,,2520.19140625,1
FedDyn,CIFAR100,,0.9,0.999,360,2.4679965156555177,0.35068595558126703,36.92,25,100,2800804,50.33537793159485,50.27029585838318,0.06508207321166992,,2520.19140625,1
FedDyn,CIFAR100,,0.9,0.999,361,2.4754753116607664,0.34846832179361237,36.62,28,100,2800804,55.89634943008423,55.82444524765015,0.07190418243408203,,2520.19140625,1
FedDyn,CIFAR100,,0.9,0.999,362,2.46173461227417,0.3582394616137296,37.22,22,100,2800804,45.44286584854126,45.38486838340759,0.05799746513366699,,2520.19140625,1
FedDyn,CIFAR100,,0.9,0.999,363,2.451723224258423,0.3509353183656525,37.19,23,100,2800804,46.97626233100891,46.9155433177948,0.06071901321411133,,2520.19140625,1
FedDyn,CIFAR100,,0.9,0.999,364,2.4648047380447387,0.35655460676423856,36.86,22,100,2800804,46.601428270339966,46.54205369949341,0.05937457084655762,,2520.19140625,1
FedDyn,CIFAR100,,0.9,0.999,365,2.4201325157165527,0.3605896760964344,38.2,30,100,2800804,63.771127462387085,63.6932578086853,0.07786965370178223,,2520.19140625,1
FedDyn,CIFAR100,,0.9,0.999,366,2.4365721614837645,0.3613375979439827,37.61,27,100,2800804,55.57325077056885,55.506014823913574,0.06723594665527344,,2520.19140625,1
FedDyn,CIFAR100,,0.9,0.999,367,2.426683087158203,0.36873395929274005,38.41,21,100,2800804,44.4068660736084,44.35165095329285,0.05521512031555176,,2520.19140625,1
FedDyn,CIFAR100,,0.9,0.999,368,2.4223151920318604,0.35625950611508217,37.57,25,100,2800804,52.65999674797058,52.59310030937195,0.06689643859863281,,2520.19140625,1
FedDyn,CIFAR100,,0.9,0.999,369,2.4727011463165285,0.33927057621179635,36.25,22,100,2800804,46.04033136367798,45.98204565048218,0.05828571319580078,,2520.19140625,1
FedDyn,CIFAR100,,0.9,0.999,370,2.4090921169281008,0.371088267138713,38.09,27,100,2800804,52.7118775844574,52.643877029418945,0.06800055503845215,,2520.19140625,1
FedDyn,CIFAR100,,0.9,0.999,371,2.405410509109497,0.36665962555978177,38.19,23,100,2800804,46.176480770111084,46.11902952194214,0.05745124816894531,,2520.19140625,1
FedDyn,CIFAR100,,0.9,0.999,372,2.4049284603118894,0.3672681990693357,38.11,23,100,2800804,43.93541240692139,43.873905420303345,0.06150698661804199,,2520.19140625,1
FedDyn,CIFAR100,,0.9,0.999,373,2.411186993408203,0.3606266189342917,37.97,21,100,2800804,42.781527042388916,42.7269401550293,0.05458688735961914,,2520.19140625,1
FedDyn,CIFAR100,,0.9,0.999,374,2.389289336395264,0.37494498570362084,38.71,23,100,2800804,46.63427996635437,46.576005935668945,0.058274030685424805,,2520.19140625,1
FedDyn,CIFAR100,,0.9,0.999,375,2.3834076217651368,0.3631470391899139,38.25,28,100,2800804,59.076597452163696,59.00260877609253,0.07398867607116699,,2520.19140625,1
FedDyn,CIFAR100,,0.9,0.999,376,2.3899324829101563,0.3603459946048768,37.88,21,100,2800804,42.58239388465881,42.526206731796265,0.05618715286254883,,2520.19140625,1
FedDyn,CIFAR100,,0.9,0.999,377,2.38566332321167,0.3719994441088151,38.83,20,100,2800804,41.568352699279785,41.514511585235596,0.05384111404418945,,2520.19140625,1
FedDyn,CIFAR100,,0.9,0.999,378,2.3489067739486695,0.37697670788157384,39.24,28,100,2800804,57.62711000442505,57.555821895599365,0.0712881088256836,,2520.19140625,1
FedDyn,CIFAR100,,0.9,0.999,379,2.3385298984527587,0.38186379087781885,39.56,26,100,2800804,52.660903215408325,52.58893918991089,0.07196402549743652,,2520.19140625,1
FedDyn,CIFAR100,,0.9,0.999,380,2.3410606071472166,0.3740676617949889,39.43,25,100,2800804,52.70999622344971,52.64479851722717,0.06519770622253418,,2520.19140625,1
FedDyn,CIFAR100,,0.9,0.999,381,2.3200025197982788,0.3850641997846165,39.98,30,100,2800804,62.04913592338562,61.96965050697327,0.07948541641235352,,2520.19140625,1
FedDyn,CIFAR100,,0.9,0.999,382,2.326070250701904,0.38181776460503686,39.69,27,100,2800804,54.971081018447876,54.89848518371582,0.07259583473205566,,2520.19140625,1
FedDyn,CIFAR100,,0.9,0.999,383,2.3241277252197268,0.3817757087290973,39.64,27,100,2800804,56.75958847999573,56.687692642211914,0.07189583778381348,,2520.19140625,1
FedDyn,CIFAR100,,0.9,0.999,384,2.302171103668213,0.37936743958694563,39.96,28,100,2800804,59.04240608215332,58.97751259803772,0.06489348411560059,,2520.19140625,1
FedDyn,CIFAR100,,0.9,0.999,385,2.310448828125,0.39008878975907835,40.4,27,100,2800804,56.913841009140015,56.8406035900116,0.07323741912841797,,2520.19140625,1
FedDyn,CIFAR100,,0.9,0.999,386,2.3275409955978392,0.38249024286854855,39.76,20,100,2800804,44.40131855010986,44.343433141708374,0.05788540840148926,,2520.19140625,1
FedDyn,CIFAR100,,0.9,0.999,387,2.307597492218018,0.38825967492775376,40.32,28,100,2800804,59.45968270301819,59.38656497001648,0.07311773300170898,,2520.19140625,1
FedDyn,CIFAR100,,0.9,0.999,388,2.3079511096954346,0.37964042462677533,39.53,20,100,2800804,43.31726956367493,43.2588746547699,0.0583949089050293,,2520.19140625,1
FedDyn,CIFAR100,,0.9,0.999,389,2.2932764713287352,0.3926330821380771,40.35,27,100,2800804,57.23611760139465,57.1677782535553,0.06833934783935547,,2520.19140625,1
FedDyn,CIFAR100,,0.9,0.999,390,2.2788289848327636,0.39569559537539306,40.91,25,100,2800804,52.354082345962524,52.289586544036865,0.06449580192565918,,2520.19140625,1
FedDyn,CIFAR100,,0.9,0.999,391,2.313821876525879,0.3729180064280738,39.54,20,100,2800804,41.97577977180481,41.9206383228302,0.055141448974609375,,2520.19140625,1
FedDyn,CIFAR100,,0.9,0.999,392,2.2941875190734864,0.3874084901408061,40.0,20,100,2800804,42.26643919944763,42.21136808395386,0.055071115493774414,,2520.19140625,1
FedDyn,CIFAR100,,0.9,0.999,393,2.261102587890625,0.3979106402184089,41.19,20,100,2800804,41.03141140937805,40.97369432449341,0.057717084884643555,,2520.19140625,1
FedDyn,CIFAR100,,0.9,0.999,394,2.276547326660156,0.39381395086802334,41.0,23,100,2800804,49.02271270751953,48.95695877075195,0.06575393676757812,,2520.19140625,1
FedDyn,CIFAR100,,0.9,0.999,395,2.2462786783218385,0.39378097731163714,40.9,20,100,2800804,42.93301248550415,42.87413573265076,0.058876752853393555,,2520.19140625,1
FedDyn,CIFAR100,,0.9,0.999,396,2.254096148300171,0.40320419594895157,41.57,22,100,2800804,47.83590483665466,47.774486780166626,0.06141805648803711,,2520.19140625,1
FedDyn,CIFAR100,,0.9,0.999,397,2.246944458389282,0.4008561271022005,41.56,23,100,2800804,50.394113540649414,50.326876401901245,0.06723713874816895,,2520.19140625,1
FedDyn,CIFAR100,,0.9,0.999,398,2.258938567352295,0.39080417302285464,40.74,27,100,2800804,58.54101300239563,58.468371629714966,0.07264137268066406,,2520.19140625,1
FedDyn,CIFAR100,,0.9,0.999,399,2.258851189231873,0.39707834957155824,41.15,27,100,2800804,59.29374551773071,59.219473123550415,0.07427239418029785,,2520.19140625,1
FedDyn,CIFAR100,,0.9,0.999,400,2.251478594970703,0.3986847882685055,41.46,21,100,2800804,44.93125128746033,44.86989378929138,0.06135749816894531,,2520.19140625,1
FedDyn,CIFAR100,,0.9,0.999,401,2.239966245651245,0.3916070955868418,40.99,21,100,2800804,46.47335076332092,46.414246797561646,0.059103965759277344,,2520.19140625,1
FedDyn,CIFAR100,,0.9,0.999,402,2.242399818992615,0.3993272171875067,41.75,27,100,2800804,56.20067119598389,56.12932896614075,0.07134222984313965,,2520.19140625,1
FedDyn,CIFAR100,,0.9,0.999,403,2.22406572303772,0.40248243448295534,41.69,29,100,2800804,62.62003564834595,62.544360399246216,0.07567524909973145,,2520.19140625,1
FedDyn,CIFAR100,,0.9,0.999,404,2.2432053508758547,0.3873782562936159,40.62,22,100,2800804,46.54143500328064,46.47929120063782,0.062143802642822266,,2520.19140625,1
FedDyn,CIFAR100,,0.9,0.999,405,2.22224539642334,0.409324371007751,41.88,22,100,2800804,48.37817049026489,48.31674551963806,0.061424970626831055,,2520.19140625,1
FedDyn,CIFAR100,,0.9,0.999,406,2.1964773164749145,0.40834078487257636,42.42,30,100,2800804,64.05669069290161,63.977519512176514,0.07917118072509766,,2520.19140625,1
FedDyn,CIFAR100,,0.9,0.999,407,2.2027172790527345,0.40243601415711394,41.77,27,100,2800804,58.47122073173523,58.402777910232544,0.06844282150268555,,2520.19140625,1
FedDyn,CIFAR100,,0.9,0.999,408,2.223381850242615,0.3998232182786355,41.65,20,100,2800804,42.99587273597717,42.939612865448,0.056259870529174805,,2520.19140625,1
FedDyn,CIFAR100,,0.9,0.999,409,2.196043349838257,0.40597316992229243,42.11,29,100,2800804,64.13164734840393,64.0545072555542,0.07714009284973145,,2520.19140625,1
FedDyn,CIFAR100,,0.9,0.999,410,2.204701892089844,0.4038510582015951,42.05,27,100,2800804,57.97400403022766,57.90299654006958,0.07100749015808105,,2520.19140625,1
FedDyn,CIFAR100,,0.9,0.999,411,2.1968468259811402,0.4131845341326741,42.56,27,100,2800804,57.619428873062134,57.54696297645569,0.07246589660644531,,2520.19140625,1
FedDyn,CIFAR100,,0.9,0.999,412,2.166497885131836,0.419686568202183,43.35,23,100,2800804,48.9321391582489,48.86753511428833,0.06460404396057129,,2520.19140625,1
FedDyn,CIFAR100,,0.9,0.999,413,2.1834380155563355,0.4131926618812018,42.87,23,100,2800804,49.71070837974548,49.65197777748108,0.0587306022644043,,2520.19140625,1
FedDyn,CIFAR100,,0.9,0.999,414,2.154829023361206,0.4158064719200572,43.21,22,100,2800804,47.38193345069885,47.322564125061035,0.05936932563781738,,2520.19140625,1
FedDyn,CIFAR100,,0.9,0.999,415,2.1477341720581054,0.4256943278728884,44.1,27,100,2800804,56.53805756568909,56.4689416885376,0.06911587715148926,,2520.19140625,1
FedDyn,CIFAR100,,0.9,0.999,416,2.137250719451904,0.4236173679986593,43.65,24,100,2800804,49.88492298126221,49.82227897644043,0.06264400482177734,,2520.19140625,1
FedDyn,CIFAR100,,0.9,0.999,417,2.122587434768677,0.4344280768165767,44.59,28,100,2800804,59.204161643981934,59.12866806983948,0.07549357414245605,,2520.19140625,1
FedDyn,CIFAR100,,0.9,0.999,418,2.1229392900466917,0.4272949921535077,44.41,29,100,2800804,60.7918062210083,60.71548795700073,0.07631826400756836,,2520.19140625,1
FedDyn,CIFAR100,,0.9,0.999,419,2.1141866262435913,0.43064408369268586,44.36,26,100,2800804,52.517524003982544,52.44731545448303,0.07020854949951172,,2520.19140625,1
FedDyn,CIFAR100,,0.9,0.999,420,2.149929083442688,0.4216336356641902,43.48,22,100,2800804,45.49725294113159,45.437644481658936,0.05960845947265625,,2520.19140625,1
FedDyn,CIFAR100,,0.9,0.999,421,2.1074119218826293,0.43007652641974603,44.17,25,100,2800804,54.13062500953674,54.070852518081665,0.059772491455078125,,2520.19140625,1
FedDyn,CIFAR100,,0.9,0.999,422,2.116530318260193,0.41596798041657757,43.18,23,100,2800804,45.67742967605591,45.61859917640686,0.05883049964904785,,2520.19140625,1
FedDyn,CIFAR100,,0.9,0.999,423,2.1037016632080077,0.4342921697901814,44.59,24,100,2800804,51.97373986244202,51.91675400733948,0.05698585510253906,,2520.19140625,1
FedDyn,CIFAR100,,0.9,0.999,424,2.0977231525421143,0.4281468983851556,44.04,25,100,2800804,53.35060739517212,53.289973735809326,0.06063365936279297,,2520.19140625,1
FedDyn,CIFAR100,,0.9,0.999,425,2.0814664848327635,0.4384094768727193,45.01,29,100,2800804,60.66812181472778,60.58828830718994,0.0798335075378418,,2520.19140625,1
FedDyn,CIFAR100,,0.9,0.999,426,2.102217169189453,0.4311956096858176,44.53,28,100,2800804,58.97334909439087,58.89773178100586,0.07561731338500977,,2520.19140625,1
FedDyn,CIFAR100,,0.9,0.999,427,2.107651705169678,0.4274900081018183,44.04,23,100,2800804,47.60868525505066,47.55131387710571,0.05737137794494629,,2520.19140625,1
FedDyn,CIFAR100,,0.9,0.999,428,2.101697959136963,0.42623441168433596,43.99,21,100,2800804,40.43732714653015,40.378783226013184,0.05854392051696777,,2520.19140625,1
FedDyn,CIFAR100,,0.9,0.999,429,2.085163564300537,0.4324225887273868,44.26,27,100,2800804,53.03356385231018,52.96608853340149,0.0674753189086914,,2520.19140625,1
FedDyn,CIFAR100,,0.9,0.999,430,2.057098779296875,0.44340215746121325,45.42,30,100,2800804,64.2273576259613,64.15501999855042,0.07233762741088867,,2520.19140625,1
FedDyn,CIFAR100,,0.9,0.999,431,2.0918078317642212,0.4301027673626189,44.61,22,100,2800804,44.57861256599426,44.51983022689819,0.058782339096069336,,2520.19140625,1
FedDyn,CIFAR100,,0.9,0.999,432,2.1168171949386596,0.4270714754588614,43.72,20,100,2800804,42.81208682060242,42.76032257080078,0.05176424980163574,,2520.19140625,1
FedDyn,CIFAR100,,0.9,0.999,433,2.0645588836669924,0.43981937141244165,45.1,30,100,2800804,61.39634966850281,61.32096815109253,0.07538151741027832,,2520.19140625,1
FedDyn,CIFAR100,,0.9,0.999,434,2.0596047290802,0.440708161176585,45.11,23,100,2800804,48.3109827041626,48.25313448905945,0.057848215103149414,,2520.19140625,1
FedDyn,CIFAR100,,0.9,0.999,435,2.0478755641937254,0.4482736225416055,45.93,30,100,2800804,59.72895121574402,59.65350556373596,0.07544565200805664,,2520.19140625,1
FedDyn,CIFAR100,,0.9,0.999,436,2.056919348526001,0.43945034380008957,45.26,21,100,2800804,42.164642572402954,42.10908055305481,0.05556201934814453,,2520.19140625,1
FedDyn,CIFAR100,,0.9,0.999,437,2.0830021015167235,0.43950507274664774,44.8,27,100,2800804,55.99919009208679,55.93472409248352,0.06446599960327148,,2520.19140625,1
FedDyn,CIFAR100,,0.9,0.999,438,2.060988229370117,0.4359228324520133,44.88,21,100,2800804,42.00286865234375,41.945168256759644,0.057700395584106445,,2520.19140625,1
FedDyn,CIFAR100,,0.9,0.999,439,2.0567213859558104,0.4318148975914838,44.6,22,100,2800804,45.67945313453674,45.62401747703552,0.0554356575012207,,2520.19140625,1
FedDyn,CIFAR100,,0.9,0.999,440,2.0316458345413206,0.44890760115074174,46.01,28,100,2800804,57.05228018760681,56.98623514175415,0.06604504585266113,,2520.19140625,1
FedDyn,CIFAR100,,0.9,0.999,441,2.026398529624939,0.44731704108629666,45.81,22,100,2800804,45.788410663604736,45.73364210128784,0.05476856231689453,,2520.19140625,1
FedDyn,CIFAR100,,0.9,0.999,442,2.0059986177444458,0.45619711388010964,46.68,28,100,2800804,58.19304847717285,58.119001388549805,0.07404708862304688,,2520.19140625,1
FedDyn,CIFAR100,,0.9,0.999,443,2.0078056020736694,0.4458910289361656,45.94,28,100,2800804,55.6253297328949,55.54930067062378,0.07602906227111816,,2520.19140625,1
FedDyn,CIFAR100,,0.9,0.999,444,2.0173319990158083,0.4493998474292384,45.96,29,100,2800804,60.70297694206238,60.62059164047241,0.08238530158996582,,2520.19140625,1
FedDyn,CIFAR100,,0.9,0.999,445,2.0115203800201416,0.4484633270150467,45.9,28,100,2800804,57.60391926765442,57.53113651275635,0.07278275489807129,,2520.19140625,1
FedDyn,CIFAR100,,0.9,0.999,446,2.0119324796676636,0.4510147975834922,46.13,27,100,2800804,56.67129302024841,56.60020899772644,0.07108402252197266,,2520.19140625,1
FedDyn,CIFAR100,,0.9,0.999,447,2.0143263919830323,0.4474007686403707,45.95,28,100,2800804,56.22621154785156,56.15699529647827,0.06921625137329102,,2520.19140625,1
FedDyn,CIFAR100,,0.9,0.999,448,2.0230330112457273,0.4379117254105094,45.2,27,100,2800804,57.45692157745361,57.38397169113159,0.07294988632202148,,2520.19140625,1
FedDyn,CIFAR100,,0.9,0.999,449,2.021776405715942,0.4518020713093758,46.2,28,100,2800804,55.409592390060425,55.335638999938965,0.07395339012145996,,2520.19140625,1
FedDyn,CIFAR100,,0.9,0.999,450,2.0042772930145265,0.45073464841465777,46.0,27,100,2800804,55.36153483390808,55.28620433807373,0.07533049583435059,,2520.19140625,1
FedDyn,CIFAR100,,0.9,0.999,451,1.9690346286773681,0.4592297468349705,46.94,20,100,2800804,41.47254419326782,41.41730284690857,0.05524134635925293,,2520.19140625,1
FedDyn,CIFAR100,,0.9,0.999,452,1.9876184309005738,0.4595087252175304,47.19,26,100,2800804,54.270216941833496,54.20797872543335,0.062238216400146484,,2520.19140625,1
FedDyn,CIFAR100,,0.9,0.999,453,1.9705737251281739,0.46247947354647545,47.3,27,100,2800804,56.00765585899353,55.94382405281067,0.06383180618286133,,2520.19140625,1
FedDyn,CIFAR100,,0.9,0.999,454,1.9345706912994385,0.46866910396815326,47.9,26,100,2800804,53.311779260635376,53.23850750923157,0.0732717514038086,,2520.19140625,1
FedDyn,CIFAR100,,0.9,0.999,455,1.9605510807037354,0.4634188070529596,47.51,25,100,2800804,51.27070426940918,51.20255470275879,0.06814956665039062,,2520.19140625,1
FedDyn,CIFAR100,,0.9,0.999,456,1.9377260143280028,0.46803575448755963,48.14,20,100,2800804,41.492968797683716,41.43899464607239,0.053974151611328125,,2520.19140625,1
FedDyn,CIFAR100,,0.9,0.999,457,1.9540043933868407,0.46596361798472247,47.49,27,100,2800804,53.699673652648926,53.633278369903564,0.06639528274536133,,2520.19140625,1
FedDyn,CIFAR100,,0.9,0.999,458,1.9552996347427367,0.46309514413599506,47.24,23,100,2800804,48.077940940856934,48.012699127197266,0.06524181365966797,,2520.19140625,1
FedDyn,CIFAR100,,0.9,0.999,459,1.9351920450210571,0.4671992881513065,47.74,28,100,2800804,58.40910267829895,58.34195947647095,0.06714320182800293,,2520.19140625,1
FedDyn,CIFAR100,,0.9,0.999,460,1.943204444885254,0.46162045303057764,47.7,22,100,2800804,47.16473579406738,47.10856056213379,0.05617523193359375,,2520.19140625,1
FedDyn,CIFAR100,,0.9,0.999,461,1.9252419664382934,0.47628048320310257,48.49,29,100,2800804,58.38064885139465,58.307610273361206,0.07303857803344727,,2520.19140625,1
FedDyn,CIFAR100,,0.9,0.999,462,1.9679326265335082,0.4541278913437767,46.72,24,100,2800804,48.32733416557312,48.262145042419434,0.06518912315368652,,2520.19140625,1
FedDyn,CIFAR100,,0.9,0.999,463,1.926733738899231,0.48547509036521985,48.82,21,100,2800804,43.35722494125366,43.30159592628479,0.05562901496887207,,2520.19140625,1
FedDyn,CIFAR100,,0.9,0.999,464,1.9437973072052002,0.4679735223463601,48.16,26,100,2800804,54.62306046485901,54.554741859436035,0.06831860542297363,,2520.19140625,1
FedDyn,CIFAR100,,0.9,0.999,465,1.912058695602417,0.47282936090719874,48.52,23,100,2800804,47.436726093292236,47.376431941986084,0.060294151306152344,,2520.19140625,1
FedDyn,CIFAR100,,0.9,0.999,466,1.9294615489959717,0.4764209291566498,48.13,23,100,2800804,47.7653124332428,47.702195167541504,0.06311726570129395,,2520.19140625,1
FedDyn,CIFAR100,,0.9,0.999,467,1.8888250507354736,0.47990571619892125,48.79,27,100,2800804,54.943382024765015,54.873799085617065,0.06958293914794922,,2520.19140625,1
FedDyn,CIFAR100,,0.9,0.999,468,1.9120094953536988,0.47719515848088073,48.66,22,100,2800804,46.09838676452637,46.03949308395386,0.058893680572509766,,2520.19140625,1
FedDyn,CIFAR100,,0.9,0.999,469,1.9084170238494873,0.47272178078050514,48.66,21,100,2800804,39.93958306312561,39.88160681724548,0.05797624588012695,,2520.19140625,1
FedDyn,CIFAR100,,0.9,0.999,470,1.867813026046753,0.4866521731479979,49.42,27,100,2800804,54.33228135108948,54.26245641708374,0.0698249340057373,,2520.19140625,1
FedDyn,CIFAR100,,0.9,0.999,471,1.9010582061767578,0.4702883365828875,48.3,25,100,2800804,51.387271881103516,51.32132887840271,0.06594300270080566,,2520.19140625,1
FedDyn,CIFAR100,,0.9,0.999,472,1.8871224292755127,0.48431010907599353,49.12,25,100,2800804,51.6555118560791,51.59250044822693,0.06301140785217285,,2520.19140625,1
FedDyn,CIFAR100,,0.9,0.999,473,1.9040751192092895,0.47152695516064846,48.38,25,100,2800804,53.32546901702881,53.25956058502197,0.06590843200683594,,2520.19140625,1
FedDyn,CIFAR100,,0.9,0.999,474,1.8578419664382935,0.48820782573639193,49.89,26,100,2800804,54.28150534629822,54.2179799079895,0.06352543830871582,,2520.19140625,1
FedDyn,CIFAR100,,0.9,0.999,475,1.8853195671081544,0.4828958610141589,48.86,23,100,2800804,46.74914813041687,46.68319225311279,0.06595587730407715,,2520.19140625,1
FedDyn,CIFAR100,,0.9,0.999,476,1.8655075889587402,0.49194956926920225,49.69,26,100,2800804,53.385395765304565,53.31337857246399,0.07201719284057617,,2520.19140625,1
FedDyn,CIFAR100,,0.9,0.999,477,1.8758760639190675,0.4778552520079755,49.08,25,100,2800804,51.64221501350403,51.57692503929138,0.06528997421264648,,2520.19140625,1
FedDyn,CIFAR100,,0.9,0.999,478,1.8659116291046143,0.48355544984802307,49.4,20,100,2800804,42.08221101760864,42.02117419242859,0.06103682518005371,,2520.19140625,1
FedDyn,CIFAR100,,0.9,0.999,479,1.862323649406433,0.4803770864054059,49.03,26,100,2800804,55.00146794319153,54.934529304504395,0.06693863868713379,,2520.19140625,1
FedDyn,CIFAR100,,0.9,0.999,480,1.852097727584839,0.48767343858544804,49.42,24,100,2800804,49.511523962020874,49.45035123825073,0.0611727237701416,,2520.19140625,1
FedDyn,CIFAR100,,0.9,0.999,481,1.8394902795791626,0.4942125559037497,50.08,25,100,2800804,53.52026343345642,53.44934058189392,0.0709228515625,,2520.19140625,1
FedDyn,CIFAR100,,0.9,0.999,482,1.8366056833267213,0.488856400276745,49.72,26,100,2800804,56.056965351104736,55.99210786819458,0.06485748291015625,,2520.19140625,1
FedDyn,CIFAR100,,0.9,0.999,483,1.8102027145385742,0.5006762795145796,50.87,27,100,2800804,58.47157645225525,58.39500427246094,0.07657217979431152,,2520.19140625,1
FedDyn,CIFAR100,,0.9,0.999,484,1.8084484111785888,0.5045012993378016,51.2,28,100,2800804,62.586721897125244,62.50938105583191,0.07734084129333496,,2520.19140625,1
FedDyn,CIFAR100,,0.9,0.999,485,1.8444821846008301,0.48395430872131107,49.57,23,100,2800804,50.44304037094116,50.37712502479553,0.06591534614562988,,2520.19140625,1
FedDyn,CIFAR100,,0.9,0.999,486,1.852313426589966,0.48229654747751916,49.2,26,100,2800804,55.819674015045166,55.75298476219177,0.06668925285339355,,2520.19140625,1
FedDyn,CIFAR100,,0.9,0.999,487,1.8544812179565429,0.4851364882033222,49.19,28,100,2800804,58.580522298812866,58.50442028045654,0.07610201835632324,,2520.19140625,1
FedDyn,CIFAR100,,0.9,0.999,488,1.8190694463729857,0.4987125508585912,50.55,22,100,2800804,46.34249186515808,46.28361701965332,0.05887484550476074,,2520.19140625,1
FedDyn,CIFAR100,,0.9,0.999,489,1.797698672103882,0.5008912121777062,50.73,24,100,2800804,49.13285493850708,49.06407427787781,0.06878066062927246,,2520.19140625,1
FedDyn,CIFAR100,,0.9,0.999,490,1.8127951471328736,0.4925013302226291,50.29,29,100,2800804,63.74031186103821,63.662686586380005,0.07762527465820312,,2520.19140625,1
FedDyn,CIFAR100,,0.9,0.999,491,1.8023268859863282,0.5003273523870174,50.97,21,100,2800804,45.88594102859497,45.82565450668335,0.060286521911621094,,2520.19140625,1
FedDyn,CIFAR100,,0.9,0.999,492,1.801232805633545,0.5065859006966437,51.3,25,100,2800804,53.888184785842896,53.81892371177673,0.06926107406616211,,2520.19140625,1
FedDyn,CIFAR100,,0.9,0.999,493,1.786736563873291,0.49929574538193455,50.93,25,100,2800804,53.75483179092407,53.68708825111389,0.06774353981018066,,2520.19140625,1
FedDyn,CIFAR100,,0.9,0.999,494,1.7748493564605712,0.5033675954750856,50.94,21,100,2800804,46.57589864730835,46.51556158065796,0.060337066650390625,,2520.19140625,1
FedDyn,CIFAR100,,0.9,0.999,495,1.8305782524108887,0.4938693776664757,50.43,23,100,2800804,50.38953948020935,50.32561159133911,0.06392788887023926,,2520.19140625,1
FedDyn,CIFAR100,,0.9,0.999,496,1.789118860244751,0.5021977143161884,50.74,30,100,2800804,64.70589065551758,64.62364268302917,0.08224797248840332,,2520.19140625,1
FedDyn,CIFAR100,,0.9,0.999,497,1.7930185914993286,0.499716476310792,51.07,21,100,2800804,45.53161382675171,45.472620725631714,0.05899310111999512,,2520.19140625,1
FedDyn,CIFAR100,,0.9,0.999,498,1.7903819692611693,0.4989283348886101,50.83,22,100,2800804,48.3011040687561,48.244078397750854,0.05702567100524902,,2520.19140625,1
FedDyn,CIFAR100,,0.9,0.999,499,1.7527147342681886,0.5142322455484519,51.87,28,100,2800804,59.848761796951294,59.77414560317993,0.0746161937713623,,2520.19140625,1
FedDyn,CIFAR100,,0.9,0.999,500,1.7813550020217896,0.4998145789631446,50.81,23,100,2800804,50.638123989105225,50.57144641876221,0.06667757034301758,,2520.19140625,1
FedDyn,CIFAR100,,0.9,0.999,1,4.717515193176269,0.00019801980198019803,1.0,20,100,2800804,36.97163987159729,36.912349462509155,0.059290409088134766,,2521.94140625,2
FedDyn,CIFAR100,,0.9,0.999,2,4.677080236816407,0.00019801980198019803,1.0,28,100,2800804,57.33665728569031,57.260114431381226,0.07654285430908203,,2521.94140625,2
FedDyn,CIFAR100,,0.9,0.999,3,4.680257116699218,0.00019817677368212446,1.0,26,100,2800804,54.334996700286865,54.26382064819336,0.07117605209350586,,2521.94140625,2
FedDyn,CIFAR100,,0.9,0.999,4,4.653615216064453,0.00019801980198019803,1.0,27,100,2800804,56.852867603302,56.77521109580994,0.07765650749206543,,2521.94140625,2
FedDyn,CIFAR100,,0.9,0.999,5,4.658718299865723,0.00019801980198019803,1.0,21,100,2800804,45.07379961013794,45.01436948776245,0.05943012237548828,,2521.94140625,2
FedDyn,CIFAR100,,0.9,0.999,6,4.684291330718994,0.00019807863721897593,1.0,20,100,2800804,41.40636444091797,41.3426947593689,0.06366968154907227,,2521.94140625,2
FedDyn,CIFAR100,,0.9,0.999,7,4.667311711120606,0.00019805902158843335,1.0,20,100,2800804,42.35786533355713,42.298988342285156,0.058876991271972656,,2521.94140625,2
FedDyn,CIFAR100,,0.9,0.999,8,4.658145832824707,0.00019823570224997524,1.0,29,100,2800804,61.3863160610199,61.31605648994446,0.07025957107543945,,2521.94140625,2
FedDyn,CIFAR100,,0.9,0.999,9,4.68563060760498,0.00019801980198019803,1.0,20,100,2800804,43.163798570632935,43.107794761657715,0.05600380897521973,,2521.94140625,2
FedDyn,CIFAR100,,0.9,0.999,10,4.665921099853516,0.00019815713861091845,1.0,26,100,2800804,56.00000333786011,55.93227744102478,0.06772589683532715,,2521.94140625,2
FedDyn,CIFAR100,,0.9,0.999,11,4.6343620498657225,0.0006142435337883176,1.14,30,100,2800804,63.32608246803284,63.25245404243469,0.07362842559814453,,2521.94140625,2
FedDyn,CIFAR100,,0.9,0.999,12,4.648971450805664,0.00019866891824774015,1.0,24,100,2800804,49.42311692237854,49.35582971572876,0.06728720664978027,,2521.94140625,2
FedDyn,CIFAR100,,0.9,0.999,13,4.677093433380127,0.0003752661578777906,1.01,25,100,2800804,51.59959530830383,51.53471803665161,0.06487727165222168,,2521.94140625,2
FedDyn,CIFAR100,,0.9,0.999,14,4.656612047576904,0.0005143508326394774,1.13,22,100,2800804,46.97660255432129,46.91488862037659,0.06171393394470215,,2521.94140625,2
FedDyn,CIFAR100,,0.9,0.999,15,4.6877357917785645,0.0003960592118227567,1.01,21,100,2800804,42.385111570358276,42.326573848724365,0.05853772163391113,,2521.94140625,2
FedDyn,CIFAR100,,0.9,0.999,16,4.663263548278809,0.00019801980198019803,1.0,21,100,2800804,44.491013050079346,44.43119263648987,0.05982041358947754,,2521.94140625,2
FedDyn,CIFAR100,,0.9,0.999,17,4.642487803649902,0.0009149530401989416,1.53,22,100,2800804,45.327988624572754,45.26956486701965,0.058423757553100586,,2521.94140625,2
FedDyn,CIFAR100,,0.9,0.999,18,4.638947068023682,0.0024054664883366283,1.41,28,100,2800804,57.72990083694458,57.6569128036499,0.07298803329467773,,2521.94140625,2
FedDyn,CIFAR100,,0.9,0.999,19,4.6134885284423826,0.0006317613990102197,1.13,29,100,2800804,60.45706534385681,60.38115668296814,0.07590866088867188,,2521.94140625,2
FedDyn,CIFAR100,,0.9,0.999,20,4.647453182983399,0.0011869955473108266,1.09,26,100,2800804,54.27868056297302,54.208476543426514,0.07020401954650879,,2521.94140625,2
FedDyn,CIFAR100,,0.9,0.999,21,4.61980153427124,0.001407414479329999,1.37,27,100,2800804,56.62009525299072,56.54754376411438,0.07255148887634277,,2521.94140625,2
FedDyn,CIFAR100,,0.9,0.999,22,4.632493141937256,0.001951931777537384,1.44,24,100,2800804,51.41213607788086,51.34700012207031,0.06513595581054688,,2521.94140625,2
FedDyn,CIFAR100,,0.9,0.999,23,4.632587858581543,0.0016814419428485305,1.61,27,100,2800804,56.948688983917236,56.8727593421936,0.07592964172363281,,2521.94140625,2
FedDyn,CIFAR100,,0.9,0.999,24,4.620381039428711,0.0012421601624576712,1.72,26,100,2800804,53.582120180130005,53.5125515460968,0.06956863403320312,,2521.94140625,2
FedDyn,CIFAR100,,0.9,0.999,25,4.645712594604492,0.00019860973187686197,1.0,21,100,2800804,44.16276979446411,44.10507607460022,0.0576937198638916,,2521.94140625,2
FedDyn,CIFAR100,,0.9,0.999,26,4.6204227996826175,0.0019500149966690918,1.24,27,100,2800804,55.90691089630127,55.843682527542114,0.06322836875915527,,2521.94140625,2
FedDyn,CIFAR100,,0.9,0.999,27,4.605119748687744,0.002284559247606715,1.65,25,100,2800804,53.52458453178406,53.45684027671814,0.06774425506591797,,2521.94140625,2
FedDyn,CIFAR100,,0.9,0.999,28,4.610130773925781,0.0021838505477764615,1.6,22,100,2800804,45.780104637145996,45.7258996963501,0.05420494079589844,,2521.94140625,2
FedDyn,CIFAR100,,0.9,0.999,29,4.605772747802734,0.003099682173670897,1.57,22,100,2800804,47.372565507888794,47.31528067588806,0.05728483200073242,,2521.94140625,2
FedDyn,CIFAR100,,0.9,0.999,30,4.593516709899903,0.0046327486439125595,1.8,28,100,2800804,58.46020793914795,58.38836455345154,0.07184338569641113,,2521.94140625,2
FedDyn,CIFAR100,,0.9,0.999,31,4.600914549255371,0.003177715166639625,1.91,22,100,2800804,45.307899713516235,45.254549980163574,0.05334973335266113,,2521.94140625,2
FedDyn,CIFAR100,,0.9,0.999,32,4.600717419433594,0.003529984325018314,2.42,24,100,2800804,49.9258337020874,49.86761546134949,0.05821824073791504,,2521.94140625,2
FedDyn,CIFAR100,,0.9,0.999,33,4.608424940490723,0.002027932570197412,2.27,20,100,2800804,43.230692863464355,43.17399835586548,0.05669450759887695,,2521.94140625,2
FedDyn,CIFAR100,,0.9,0.999,34,4.5984864433288575,0.0032247464900995054,1.37,23,100,2800804,46.94714426994324,46.88321495056152,0.06392931938171387,,2521.94140625,2
FedDyn,CIFAR100,,0.9,0.999,35,4.596000891113281,0.002318661402284865,1.43,26,100,2800804,53.373347759246826,53.30642914772034,0.06691861152648926,,2521.94140625,2
FedDyn,CIFAR100,,0.9,0.999,36,4.600387492370605,0.002907138645276288,2.22,22,100,2800804,45.83233904838562,45.77610516548157,0.056233882904052734,,2521.94140625,2
FedDyn,CIFAR100,,0.9,0.999,37,4.587519862365722,0.003216551678837565,2.15,28,100,2800804,59.30795502662659,59.238924980163574,0.0690300464630127,,2521.94140625,2
FedDyn,CIFAR100,,0.9,0.999,38,4.572901226043701,0.0026298963369214296,1.98,29,100,2800804,60.47755980491638,60.405030965805054,0.07252883911132812,,2521.94140625,2
FedDyn,CIFAR100,,0.9,0.999,39,4.571960270690918,0.0023945861164978216,1.99,24,100,2800804,50.65696048736572,50.593754529953,0.06320595741271973,,2521.94140625,2
FedDyn,CIFAR100,,0.9,0.999,40,4.563503062438965,0.002744761896829661,1.72,29,100,2800804,62.07234048843384,61.99526286125183,0.07707762718200684,,2521.94140625,2
FedDyn,CIFAR100,,0.9,0.999,41,4.604802287292481,0.005875757870582696,2.0,20,100,2800804,41.65119981765747,41.60268545150757,0.048514366149902344,,2521.94140625,2
FedDyn,CIFAR100,,0.9,0.999,42,4.560902684020996,0.0034374331414123095,1.95,28,100,2800804,58.271254777908325,58.19707655906677,0.07417821884155273,,2521.94140625,2
FedDyn,CIFAR100,,0.9,0.999,43,4.584425793457031,0.004512926366027978,2.53,20,100,2800804,40.891563415527344,40.83860993385315,0.052953481674194336,,2521.94140625,2
FedDyn,CIFAR100,,0.9,0.999,44,4.581138121032715,0.002809273050308984,2.17,23,100,2800804,48.41752529144287,48.360628604888916,0.05689668655395508,,2521.94140625,2
FedDyn,CIFAR100,,0.9,0.999,45,4.597059128570557,0.0017842319153471597,1.91,22,100,2800804,44.835689067840576,44.775418519973755,0.06027054786682129,,2521.94140625,2
FedDyn,CIFAR100,,0.9,0.999,46,4.572607853698731,0.0032913232225520927,2.1,26,100,2800804,53.10122752189636,53.03157377243042,0.06965374946594238,,2521.94140625,2
FedDyn,CIFAR100,,0.9,0.999,47,4.5812060737609865,0.0030149595891086124,1.88,21,100,2800804,44.28763270378113,44.2320294380188,0.0556032657623291,,2521.94140625,2
FedDyn,CIFAR100,,0.9,0.999,48,4.562256518554688,0.002238956859153025,2.01,25,100,2800804,51.475552558898926,51.4102349281311,0.06531763076782227,,2521.94140625,2
FedDyn,CIFAR100,,0.9,0.999,49,4.546704802703857,0.006373147861659326,2.42,27,100,2800804,57.88246273994446,57.81219220161438,0.07027053833007812,,2521.94140625,2
FedDyn,CIFAR100,,0.9,0.999,50,4.569045362854004,0.002542462636486724,1.86,20,100,2800804,41.268314599990845,41.216368436813354,0.051946163177490234,,2521.94140625,2
FedDyn,CIFAR100,,0.9,0.999,51,4.554499047088623,0.006873527724252939,2.88,27,100,2800804,57.374919176101685,57.30377411842346,0.07114505767822266,,2521.94140625,2
FedDyn,CIFAR100,,0.9,0.999,52,4.554068060302734,0.0025367530589633456,2.28,26,100,2800804,56.23805785179138,56.167821645736694,0.0702362060546875,,2521.94140625,2
FedDyn,CIFAR100,,0.9,0.999,53,4.570579678344727,0.0032258189684938776,1.91,20,100,2800804,42.94566464424133,42.88896083831787,0.056703805923461914,,2521.94140625,2
FedDyn,CIFAR100,,0.9,0.999,54,4.543319869995117,0.006022309132493694,2.73,24,100,2800804,50.08805990219116,50.02764678001404,0.06041312217712402,,2521.94140625,2
FedDyn,CIFAR100,,0.9,0.999,55,4.538732353210449,0.007378686012024089,2.96,22,100,2800804,45.76990747451782,45.70843482017517,0.06147265434265137,,2521.94140625,2
FedDyn,CIFAR100,,0.9,0.999,56,4.532807244110107,0.005172062080765574,2.6,28,100,2800804,58.78886914253235,58.71687388420105,0.07199525833129883,,2521.94140625,2
FedDyn,CIFAR100,,0.9,0.999,57,4.5218399703979495,0.00814700472472874,3.25,25,100,2800804,52.47741222381592,52.41010522842407,0.0673069953918457,,2521.94140625,2
FedDyn,CIFAR100,,0.9,0.999,58,4.514681576538086,0.005421164522686314,2.76,29,100,2800804,60.51918959617615,60.44742679595947,0.0717628002166748,,2521.94140625,2
FedDyn,CIFAR100,,0.9,0.999,59,4.523685957336426,0.0061000607961972705,2.46,26,100,2800804,53.79697632789612,53.72706580162048,0.06991052627563477,,2521.94140625,2
FedDyn,CIFAR100,,0.9,0.999,60,4.54113825378418,0.007831673361378999,3.02,21,100,2800804,43.423598289489746,43.364078760147095,0.05951952934265137,,2521.94140625,2
FedDyn,CIFAR100,,0.9,0.999,61,4.532722996520996,0.005937864533735591,2.33,22,100,2800804,45.89245867729187,45.83042764663696,0.06203103065490723,,2521.94140625,2
FedDyn,CIFAR100,,0.9,0.999,62,4.4831002258300785,0.00705462499884466,2.79,28,100,2800804,60.05231165885925,59.97644877433777,0.07586288452148438,,2521.94140625,2
FedDyn,CIFAR100,,0.9,0.999,63,4.524444946289062,0.007188294923093959,2.95,20,100,2800804,40.259204149246216,40.20396423339844,0.05523991584777832,,2521.94140625,2
FedDyn,CIFAR100,,0.9,0.999,64,4.480799624633789,0.010785453089756529,3.5,26,100,2800804,53.04817867279053,52.97515392303467,0.07302474975585938,,2521.94140625,2
FedDyn,CIFAR100,,0.9,0.999,65,4.489978660583496,0.008733200897236471,3.08,26,100,2800804,55.46767711639404,55.40721082687378,0.06046628952026367,,2521.94140625,2
FedDyn,CIFAR100,,0.9,0.999,66,4.4772559288024905,0.009797248933485846,3.57,27,100,2800804,56.74623990058899,56.67655849456787,0.06968140602111816,,2521.94140625,2
FedDyn,CIFAR100,,0.9,0.999,67,4.475251377868652,0.011518441009324648,3.38,26,100,2800804,53.24618363380432,53.17991542816162,0.0662682056427002,,2521.94140625,2
FedDyn,CIFAR100,,0.9,0.999,68,4.474727684020996,0.008502298710456142,3.2,24,100,2800804,47.43976330757141,47.37189269065857,0.0678706169128418,,2521.94140625,2
FedDyn,CIFAR100,,0.9,0.999,69,4.466406188964844,0.006211911432784105,2.82,28,100,2800804,59.39984607696533,59.32577347755432,0.07407259941101074,,2521.94140625,2
FedDyn,CIFAR100,,0.9,0.999,70,4.466586973571777,0.010037114997910913,3.15,27,100,2800804,53.66056847572327,53.59148907661438,0.06907939910888672,,2521.94140625,2
FedDyn,CIFAR100,,0.9,0.999,71,4.442745890808106,0.012124554194842443,3.29,24,100,2800804,49.5826952457428,49.52259874343872,0.06009650230407715,,2521.94140625,2
FedDyn,CIFAR100,,0.9,0.999,72,4.484327127075195,0.006442131446585524,3.06,21,100,2800804,42.888890743255615,42.83457827568054,0.05431246757507324,,2521.94140625,2
FedDyn,CIFAR100,,0.9,0.999,73,4.426785650634765,0.010175334268078318,3.56,27,100,2800804,56.57269215583801,56.50142550468445,0.07126665115356445,,2521.94140625,2
FedDyn,CIFAR100,,0.9,0.999,74,4.407528466796875,0.012000334919688821,3.44,29,100,2800804,61.8966383934021,61.828224182128906,0.06841421127319336,,2521.94140625,2
FedDyn,CIFAR100,,0.9,0.999,75,4.403426669311523,0.010995512143217057,3.22,30,100,2800804,65.55700325965881,65.47570967674255,0.08129358291625977,,2521.94140625,2
FedDyn,CIFAR100,,0.9,0.999,76,4.399482159423828,0.011568323999206497,3.98,21,100,2800804,45.913811445236206,45.85338759422302,0.060423851013183594,,2521.94140625,2
FedDyn,CIFAR100,,0.9,0.999,77,4.3669459358215335,0.011976238355698905,3.6,26,100,2800804,56.386170625686646,56.31576323509216,0.07040739059448242,,2521.94140625,2
FedDyn,CIFAR100,,0.9,0.999,78,4.367838372802734,0.015103387928961699,4.21,25,100,2800804,53.37405562400818,53.30439376831055,0.06966185569763184,,2521.94140625,2
FedDyn,CIFAR100,,0.9,0.999,79,4.323162184143066,0.019751805211452696,4.52,29,100,2800804,60.24356150627136,60.16949796676636,0.07406353950500488,,2521.94140625,2
FedDyn,CIFAR100,,0.9,0.999,80,4.332286095428467,0.019923871487964834,4.6,29,100,2800804,61.59412503242493,61.514265060424805,0.07985997200012207,,2521.94140625,2
FedDyn,CIFAR100,,0.9,0.999,81,4.315048002624512,0.01722730611012806,4.75,28,100,2800804,61.798970222473145,61.72495770454407,0.07401251792907715,,2521.94140625,2
FedDyn,CIFAR100,,0.9,0.999,82,4.3157322898864745,0.013067106333254103,3.85,27,100,2800804,58.55254793167114,58.48028254508972,0.0722653865814209,,2521.94140625,2
FedDyn,CIFAR100,,0.9,0.999,83,4.3187302886962895,0.016185182649257293,4.43,24,100,2800804,52.00896143913269,51.942739486694336,0.06622195243835449,,2521.94140625,2
FedDyn,CIFAR100,,0.9,0.999,84,4.329808773803711,0.013871509345838607,4.39,22,100,2800804,48.82537913322449,48.761401653289795,0.06397747993469238,,2521.94140625,2
FedDyn,CIFAR100,,0.9,0.999,85,4.3338108688354495,0.017541355235295354,4.14,23,100,2800804,49.67175793647766,49.606794357299805,0.06496357917785645,,2521.94140625,2
FedDyn,CIFAR100,,0.9,0.999,86,4.306196207427979,0.01097852846961743,3.79,25,100,2800804,53.990405797958374,53.92320704460144,0.0671987533569336,,2521.94140625,2
FedDyn,CIFAR100,,0.9,0.999,87,4.293877487945557,0.012852482750129126,4.24,24,100,2800804,51.93107295036316,51.8656005859375,0.06547236442565918,,2521.94140625,2
FedDyn,CIFAR100,,0.9,0.999,88,4.3075967811584475,0.013908155927135533,4.54,23,100,2800804,49.943004846572876,49.875072717666626,0.06793212890625,,2521.94140625,2
FedDyn,CIFAR100,,0.9,0.999,89,4.284704637908936,0.016330678010885613,4.67,20,100,2800804,43.66155028343201,43.60866093635559,0.052889347076416016,,2521.94140625,2
FedDyn,CIFAR100,,0.9,0.999,90,4.259341770935059,0.025258435423651394,5.01,27,100,2800804,59.55469298362732,59.481807231903076,0.07288575172424316,,2521.94140625,2
FedDyn,CIFAR100,,0.9,0.999,91,4.241254892730713,0.029204624560443825,5.84,30,100,2800804,64.41840291023254,64.34076690673828,0.0776360034942627,,2521.94140625,2
FedDyn,CIFAR100,,0.9,0.999,92,4.253638282775879,0.01930001176907239,4.61,23,100,2800804,49.200157165527344,49.133047342300415,0.06710982322692871,,2521.94140625,2
FedDyn,CIFAR100,,0.9,0.999,93,4.253241851043701,0.017682821106674865,4.8,22,100,2800804,46.75678277015686,46.68807625770569,0.06870651245117188,,2521.94140625,2
FedDyn,CIFAR100,,0.9,0.999,94,4.217320097351074,0.02015584055971189,5.06,30,100,2800804,64.41088342666626,64.33106517791748,0.0798182487487793,,2521.94140625,2
FedDyn,CIFAR100,,0.9,0.999,95,4.237883650970459,0.022927961796182634,5.33,26,100,2800804,55.22007703781128,55.147132396698,0.07294464111328125,,2521.94140625,2
FedDyn,CIFAR100,,0.9,0.999,96,4.234441088104248,0.0285664268250369,5.9,22,100,2800804,46.624232053756714,46.56447124481201,0.05976080894470215,,2521.94140625,2
FedDyn,CIFAR100,,0.9,0.999,97,4.2243975654602055,0.021949740617656976,5.0,23,100,2800804,49.59819960594177,49.53237056732178,0.06582903861999512,,2521.94140625,2
FedDyn,CIFAR100,,0.9,0.999,98,4.223161722564697,0.02596166546519988,5.28,27,100,2800804,56.93591570854187,56.864593267440796,0.07132244110107422,,2521.94140625,2
FedDyn,CIFAR100,,0.9,0.999,99,4.195789912414551,0.02352774116530191,5.89,30,100,2800804,60.00134062767029,59.92704176902771,0.07429885864257812,,2521.94140625,2
FedDyn,CIFAR100,,0.9,0.999,100,4.2199805572509765,0.03185861535040369,5.79,22,100,2800804,45.77792167663574,45.71471667289734,0.06320500373840332,,2521.94140625,2
FedDyn,CIFAR100,,0.9,0.999,101,4.19888053894043,0.033596277956247096,6.16,20,100,2800804,40.0278046131134,39.97208571434021,0.05571889877319336,,2521.94140625,2
FedDyn,CIFAR100,,0.9,0.999,102,4.183447439575195,0.029720119006079994,5.9,28,100,2800804,57.833232164382935,57.75511598587036,0.07811617851257324,,2521.94140625,2
FedDyn,CIFAR100,,0.9,0.999,103,4.199113278961182,0.027315542692568136,5.45,20,100,2800804,42.10065698623657,42.04813027381897,0.05252671241760254,,2521.94140625,2
FedDyn,CIFAR100,,0.9,0.999,104,4.168852794647217,0.02878069392625374,5.94,23,100,2800804,48.75655436515808,48.69150972366333,0.06504464149475098,,2521.94140625,2
FedDyn,CIFAR100,,0.9,0.999,105,4.1553243591308595,0.03151379213490521,6.26,30,100,2800804,62.35240840911865,62.279459953308105,0.07294845581054688,,2521.94140625,2
FedDyn,CIFAR100,,0.9,0.999,106,4.143849642944336,0.04477228863760023,7.66,28,100,2800804,56.79520344734192,56.71647882461548,0.07872462272644043,,2521.94140625,2
FedDyn,CIFAR100,,0.9,0.999,107,4.156229482269287,0.02792797058555506,6.34,30,100,2800804,63.89711117744446,63.8136465549469,0.0834646224975586,,2521.94140625,2
FedDyn,CIFAR100,,0.9,0.999,108,4.154433484649658,0.02772679120081281,6.69,20,100,2800804,43.35848307609558,43.29602408409119,0.06245899200439453,,2521.94140625,2
FedDyn,CIFAR100,,0.9,0.999,109,4.151581483459473,0.033942037803014934,6.24,22,100,2800804,46.002833127975464,45.94432330131531,0.05850982666015625,,2521.94140625,2
FedDyn,CIFAR100,,0.9,0.999,110,4.138188542938233,0.04023599730687941,7.66,25,100,2800804,55.071571350097656,55.00566244125366,0.06590890884399414,,2521.94140625,2
FedDyn,CIFAR100,,0.9,0.999,111,4.130652869415283,0.0400971003935022,7.32,21,100,2800804,43.4201774597168,43.359792709350586,0.06038475036621094,,2521.94140625,2
FedDyn,CIFAR100,,0.9,0.999,112,4.112217646026611,0.03782155544738273,7.38,30,100,2800804,65.88304924964905,65.80186676979065,0.08118247985839844,,2521.94140625,2
FedDyn,CIFAR100,,0.9,0.999,113,4.102722012329101,0.04197218891137608,7.53,26,100,2800804,57.624690771102905,57.55550694465637,0.0691838264465332,,2521.94140625,2
FedDyn,CIFAR100,,0.9,0.999,114,4.123942913818359,0.036062236144650574,7.22,21,100,2800804,43.29858040809631,43.24255299568176,0.05602741241455078,,2521.94140625,2
FedDyn,CIFAR100,,0.9,0.999,115,4.091271373748779,0.04303126514500911,7.16,29,100,2800804,59.50311207771301,59.42927122116089,0.07384085655212402,,2521.94140625,2
FedDyn,CIFAR100,,0.9,0.999,116,4.113846989440918,0.036311676312724764,7.35,20,100,2800804,41.589542388916016,41.538020610809326,0.05152177810668945,,2521.94140625,2
FedDyn,CIFAR100,,0.9,0.999,117,4.081281459808349,0.04162325600522517,7.31,21,100,2800804,44.73637843132019,44.665690898895264,0.07068753242492676,,2521.94140625,2
FedDyn,CIFAR100,,0.9,0.999,118,4.102200148010254,0.04174640770291222,7.91,27,100,2800804,54.449830293655396,54.38484263420105,0.0649876594543457,,2521.94140625,2
FedDyn,CIFAR100,,0.9,0.999,119,4.061605982971192,0.044155068056248255,7.94,24,100,2800804,50.497875928878784,50.44057512283325,0.05730080604553223,,2521.94140625,2
FedDyn,CIFAR100,,0.9,0.999,120,4.035819799041748,0.05430123672270613,9.24,26,100,2800804,55.45208954811096,55.3876838684082,0.06440567970275879,,2521.94140625,2
FedDyn,CIFAR100,,0.9,0.999,121,4.065049247741699,0.04872767563448825,8.4,23,100,2800804,46.9336633682251,46.87653064727783,0.057132720947265625,,2521.94140625,2
FedDyn,CIFAR100,,0.9,0.999,122,4.0264464904785155,0.04493475099233683,7.83,29,100,2800804,58.482768058776855,58.41249084472656,0.07027721405029297,,2521.94140625,2
FedDyn,CIFAR100,,0.9,0.999,123,4.013818300628662,0.057354656008047226,8.91,29,100,2800804,59.58648133277893,59.5133957862854,0.07308554649353027,,2521.94140625,2
FedDyn,CIFAR100,,0.9,0.999,124,4.008015212249756,0.05162894365911048,8.78,29,100,2800804,61.25456714630127,61.18177890777588,0.07278823852539062,,2521.94140625,2
FedDyn,CIFAR100,,0.9,0.999,125,3.9917663108825683,0.05582680558456666,9.01,25,100,2800804,54.14507722854614,54.07984733581543,0.06522989273071289,,2521.94140625,2
FedDyn,CIFAR100,,0.9,0.999,126,3.999284274291992,0.049483473039786514,8.7,27,100,2800804,58.040637493133545,57.96835422515869,0.07228326797485352,,2521.94140625,2
FedDyn,CIFAR100,,0.9,0.999,127,4.0043353096008305,0.056487157031016276,9.31,29,100,2800804,63.67906141281128,63.60538172721863,0.07367968559265137,,2521.94140625,2
FedDyn,CIFAR100,,0.9,0.999,128,3.974851936340332,0.05936057315882468,9.72,30,100,2800804,61.906317949295044,61.83067440986633,0.07564353942871094,,2521.94140625,2
FedDyn,CIFAR100,,0.9,0.999,129,4.011190871429443,0.05022813130454718,9.0,22,100,2800804,47.634265661239624,47.57197713851929,0.062288522720336914,,2521.94140625,2
FedDyn,CIFAR100,,0.9,0.999,130,3.984003037261963,0.051556033988875566,8.58,27,100,2800804,58.19342565536499,58.11726665496826,0.07615900039672852,,2521.94140625,2
FedDyn,CIFAR100,,0.9,0.999,131,3.9785185943603514,0.0656828480473076,10.09,23,100,2800804,49.08289885520935,49.024609327316284,0.058289527893066406,,2521.94140625,2
FedDyn,CIFAR100,,0.9,0.999,132,3.9809583221435547,0.06021571053010434,9.47,25,100,2800804,52.623167753219604,52.55509901046753,0.0680687427520752,,2521.94140625,2
FedDyn,CIFAR100,,0.9,0.999,133,3.945905904388428,0.06749646463380665,10.65,21,100,2800804,44.09229516983032,44.03577017784119,0.05652499198913574,,2521.94140625,2
FedDyn,CIFAR100,,0.9,0.999,134,3.95112646484375,0.05789443351735344,9.46,25,100,2800804,53.98805379867554,53.918784856796265,0.06926894187927246,,2521.94140625,2
FedDyn,CIFAR100,,0.9,0.999,135,3.928513941192627,0.06447780513068711,10.15,29,100,2800804,61.15479874610901,61.078198194503784,0.07660055160522461,,2521.94140625,2
FedDyn,CIFAR100,,0.9,0.999,136,3.9157601387023924,0.07246701929185106,11.18,30,100,2800804,63.3832528591156,63.301517963409424,0.08173489570617676,,2521.94140625,2
FedDyn,CIFAR100,,0.9,0.999,137,3.928993843841553,0.05732314533459054,8.7,24,100,2800804,51.441471576690674,51.37804889678955,0.06342267990112305,,2521.94140625,2
FedDyn,CIFAR100,,0.9,0.999,138,3.907649250793457,0.07382103504387955,11.24,28,100,2800804,58.59002447128296,58.51873755455017,0.07128691673278809,,2521.94140625,2
FedDyn,CIFAR100,,0.9,0.999,139,3.9064773056030275,0.06620225358854447,10.38,22,100,2800804,46.70370054244995,46.64307236671448,0.06062817573547363,,2521.94140625,2
FedDyn,CIFAR100,,0.9,0.999,140,3.885065040969849,0.07494849944838493,10.64,22,100,2800804,46.623244762420654,46.56231379508972,0.06093096733093262,,2521.94140625,2
FedDyn,CIFAR100,,0.9,0.999,141,3.8662693466186524,0.0724632341096687,11.06,28,100,2800804,58.17942547798157,58.10251522064209,0.07691025733947754,,2521.94140625,2
FedDyn,CIFAR100,,0.9,0.999,142,3.885047772216797,0.06368739986247811,9.91,27,100,2800804,56.904949426651,56.8355610370636,0.06938838958740234,,2521.94140625,2
FedDyn,CIFAR100,,0.9,0.999,143,3.8473246765136717,0.07817673402399387,11.79,26,100,2800804,53.894511461257935,53.82691025733948,0.06760120391845703,,2521.94140625,2
FedDyn,CIFAR100,,0.9,0.999,144,3.82796227645874,0.08865527533255695,12.67,21,100,2800804,43.568695068359375,43.51114058494568,0.05755448341369629,,2521.94140625,2
FedDyn,CIFAR100,,0.9,0.999,145,3.8513676727294923,0.07193223380372771,11.21,29,100,2800804,60.434109687805176,60.36027717590332,0.07383251190185547,,2521.94140625,2
FedDyn,CIFAR100,,0.9,0.999,146,3.821867977142334,0.09300074503719577,12.81,27,100,2800804,58.40878129005432,58.33287501335144,0.07590627670288086,,2521.94140625,2
FedDyn,CIFAR100,,0.9,0.999,147,3.8211107147216796,0.08487986251958043,11.74,22,100,2800804,47.68318009376526,47.62054204940796,0.0626380443572998,,2521.94140625,2
FedDyn,CIFAR100,,0.9,0.999,148,3.8699378036499024,0.07101110336588963,10.88,21,100,2800804,42.37759447097778,42.32418370246887,0.05341076850891113,,2521.94140625,2
FedDyn,CIFAR100,,0.9,0.999,149,3.803227127838135,0.08475477949878023,12.7,24,100,2800804,50.03223776817322,49.97049903869629,0.06173872947692871,,2521.94140625,2
FedDyn,CIFAR100,,0.9,0.999,150,3.8011158279418944,0.07653000860827057,11.75,24,100,2800804,51.321367263793945,51.259907960891724,0.06145930290222168,,2521.94140625,2
FedDyn,CIFAR100,,0.9,0.999,151,3.791694432067871,0.08219338856019126,12.04,27,100,2800804,59.519352436065674,59.43266797065735,0.0866844654083252,,2521.94140625,2
FedDyn,CIFAR100,,0.9,0.999,152,3.7993751846313475,0.08242457527821412,12.75,27,100,2800804,54.284594774246216,54.212697982788086,0.07189679145812988,,2521.94140625,2
FedDyn,CIFAR100,,0.9,0.999,153,3.7935613037109377,0.08815455042735093,12.48,24,100,2800804,51.54582333564758,51.47856330871582,0.0672600269317627,,2521.94140625,2
FedDyn,CIFAR100,,0.9,0.999,154,3.7585813926696776,0.09750177168968874,13.61,26,100,2800804,51.770095348358154,51.70062756538391,0.06946778297424316,,2521.94140625,2
FedDyn,CIFAR100,,0.9,0.999,155,3.7599382900238036,0.09335269674663872,13.02,20,100,2800804,40.31634879112244,40.26260447502136,0.05374431610107422,,2521.94140625,2
FedDyn,CIFAR100,,0.9,0.999,156,3.7460840522766112,0.09328240331027088,12.88,26,100,2800804,53.28673577308655,53.22325563430786,0.06348013877868652,,2521.94140625,2
FedDyn,CIFAR100,,0.9,0.999,157,3.732944415283203,0.0938794955445799,13.4,28,100,2800804,57.89391589164734,57.816808223724365,0.07710766792297363,,2521.94140625,2
FedDyn,CIFAR100,,0.9,0.999,158,3.7408958660125733,0.09421405262067849,13.17,24,100,2800804,49.1695032119751,49.10309195518494,0.06641125679016113,,2521.94140625,2
FedDyn,CIFAR100,,0.9,0.999,159,3.724826276397705,0.08840325178086492,12.75,29,100,2800804,62.03897023200989,61.95885109901428,0.08011913299560547,,2521.94140625,2
FedDyn,CIFAR100,,0.9,0.999,160,3.7355102035522463,0.09065290982486036,13.09,28,100,2800804,55.141217947006226,55.06625723838806,0.07496070861816406,,2521.94140625,2
FedDyn,CIFAR100,,0.9,0.999,161,3.7390153419494627,0.09523696949221115,13.07,28,100,2800804,60.08062791824341,60.00468969345093,0.07593822479248047,,2521.94140625,2
FedDyn,CIFAR100,,0.9,0.999,162,3.711222565078735,0.09907079160581903,13.86,27,100,2800804,55.25876712799072,55.186384201049805,0.07238292694091797,,2521.94140625,2
FedDyn,CIFAR100,,0.9,0.999,163,3.691566822433472,0.10266056693733258,13.97,23,100,2800804,50.02610397338867,49.96153378486633,0.06457018852233887,,2521.94140625,2
FedDyn,CIFAR100,,0.9,0.999,164,3.6904766483306886,0.1020882043737598,14.46,20,100,2800804,42.229843854904175,42.173545837402344,0.056298017501831055,,2521.94140625,2
FedDyn,CIFAR100,,0.9,0.999,165,3.6550276752471924,0.11095236860397867,15.04,27,100,2800804,57.51810336112976,57.442699909210205,0.07540345191955566,,2521.94140625,2
FedDyn,CIFAR100,,0.9,0.999,166,3.691322819519043,0.10724392653145533,14.47,30,100,2800804,65.36294317245483,65.28408622741699,0.0788569450378418,,2521.94140625,2
FedDyn,CIFAR100,,0.9,0.999,167,3.6456224967956543,0.11346781334954968,15.1,29,100,2800804,64.48210954666138,64.40112495422363,0.08098459243774414,,2521.94140625,2
FedDyn,CIFAR100,,0.9,0.999,168,3.64968975982666,0.11986761989824726,15.26,28,100,2800804,59.947999477386475,59.871588706970215,0.07641077041625977,,2521.94140625,2
FedDyn,CIFAR100,,0.9,0.999,169,3.65650316696167,0.10767037934482451,14.61,24,100,2800804,53.48067045211792,53.415244817733765,0.06542563438415527,,2521.94140625,2
FedDyn,CIFAR100,,0.9,0.999,170,3.6473008880615234,0.10913765772559726,14.86,20,100,2800804,44.776193141937256,44.719754695892334,0.056438446044921875,,2521.94140625,2
FedDyn,CIFAR100,,0.9,0.999,171,3.628677534484863,0.12466225764547166,15.75,23,100,2800804,48.982648849487305,48.91999268531799,0.06265616416931152,,2521.94140625,2
FedDyn,CIFAR100,,0.9,0.999,172,3.618435939788818,0.11754965304561533,15.71,30,100,2800804,65.13788676261902,65.05649638175964,0.081390380859375,,2521.94140625,2
FedDyn,CIFAR100,,0.9,0.999,173,3.6507010581970216,0.10536600400071705,14.85,20,100,2800804,41.53404450416565,41.4755117893219,0.05853271484375,,2521.94140625,2
FedDyn,CIFAR100,,0.9,0.999,174,3.6110117431640627,0.118958198026759,15.79,26,100,2800804,56.12455153465271,56.05310583114624,0.07144570350646973,,2521.94140625,2
FedDyn,CIFAR100,,0.9,0.999,175,3.6031061790466308,0.12353100435976629,15.8,20,100,2800804,43.50576090812683,43.45011806488037,0.05564284324645996,,2521.94140625,2
FedDyn,CIFAR100,,0.9,0.999,176,3.603854467010498,0.12029680295470818,15.21,22,100,2800804,49.411986112594604,49.34934878349304,0.0626373291015625,,2521.94140625,2
FedDyn,CIFAR100,,0.9,0.999,177,3.5984616287231446,0.1218951574584971,15.44,22,100,2800804,47.94435977935791,47.883015155792236,0.06134462356567383,,2521.94140625,2
FedDyn,CIFAR100,,0.9,0.999,178,3.6012552433013916,0.11656893384828491,15.49,30,100,2800804,65.17337536811829,65.09234666824341,0.08102869987487793,,2521.94140625,2
FedDyn,CIFAR100,,0.9,0.999,179,3.5876399589538575,0.11780684560265962,16.01,21,100,2800804,45.291812896728516,45.23374319076538,0.058069705963134766,,2521.94140625,2
FedDyn,CIFAR100,,0.9,0.999,180,3.5405607810974122,0.13381017624625896,17.43,30,100,2800804,63.43643236160278,63.35348200798035,0.08295035362243652,,2521.94140625,2
FedDyn,CIFAR100,,0.9,0.999,181,3.533596773147583,0.1421372156677436,17.36,20,100,2800804,45.16175174713135,45.10570287704468,0.05604887008666992,,2521.94140625,2
FedDyn,CIFAR100,,0.9,0.999,182,3.5476150714874266,0.12716613161595033,16.58,20,100,2800804,43.51462650299072,43.45856285095215,0.05606365203857422,,2521.94140625,2
FedDyn,CIFAR100,,0.9,0.999,183,3.5455337909698486,0.12550486651777346,16.26,22,100,2800804,48.318395137786865,48.255606174468994,0.0627889633178711,,2521.94140625,2
FedDyn,CIFAR100,,0.9,0.999,184,3.532147291946411,0.1282436337889819,16.52,24,100,2800804,51.841830015182495,51.77775955200195,0.06407046318054199,,2521.94140625,2
FedDyn,CIFAR100,,0.9,0.999,185,3.492205128479004,0.14413656270109027,17.6,30,100,2800804,65.6786367893219,65.60009026527405,0.07854652404785156,,2521.94140625,2
FedDyn,CIFAR100,,0.9,0.999,186,3.5013785648345945,0.13574457132001652,17.74,27,100,2800804,59.27947640419006,59.203466176986694,0.07601022720336914,,2521.94140625,2
FedDyn,CIFAR100,,0.9,0.999,187,3.486056950378418,0.13116805059555456,17.26,25,100,2800804,52.64811062812805,52.57845997810364,0.06965065002441406,,2521.94140625,2
FedDyn,CIFAR100,,0.9,0.999,188,3.496733981323242,0.13656975581419034,17.37,28,100,2800804,58.48276376724243,58.413087606430054,0.06967616081237793,,2521.94140625,2
FedDyn,CIFAR100,,0.9,0.999,189,3.4842805236816408,0.1343829605212762,17.09,23,100,2800804,49.21242070198059,49.14505052566528,0.06737017631530762,,2521.94140625,2
FedDyn,CIFAR100,,0.9,0.999,190,3.5032635452270506,0.1362527608940073,17.39,29,100,2800804,62.20149874687195,62.12680768966675,0.0746910572052002,,2521.94140625,2
FedDyn,CIFAR100,,0.9,0.999,191,3.4930221290588377,0.1396529619485193,17.0,20,100,2800804,42.32817554473877,42.27029347419739,0.057882070541381836,,2521.94140625,2
FedDyn,CIFAR100,,0.9,0.999,192,3.4836020126342775,0.13342241874674735,17.48,26,100,2800804,52.174328088760376,52.10804486274719,0.0662832260131836,,2521.94140625,2
FedDyn,CIFAR100,,0.9,0.999,193,3.4330600955963133,0.15365519599172603,18.12,27,100,2800804,57.42960572242737,57.36105680465698,0.06854891777038574,,2521.94140625,2
FedDyn,CIFAR100,,0.9,0.999,194,3.438973151779175,0.14302643744792934,18.83,26,100,2800804,54.38310241699219,54.315054178237915,0.06804823875427246,,2521.94140625,2
FedDyn,CIFAR100,,0.9,0.999,195,3.421071601104736,0.14478380070444127,18.05,30,100,2800804,61.35658288002014,61.2849862575531,0.07159662246704102,,2521.94140625,2
FedDyn,CIFAR100,,0.9,0.999,196,3.411887550354004,0.1533379632610942,18.96,29,100,2800804,55.95279836654663,55.87803792953491,0.07476043701171875,,2521.94140625,2
FedDyn,CIFAR100,,0.9,0.999,197,3.4224019775390624,0.1464744838798672,18.14,24,100,2800804,49.85987067222595,49.789121866226196,0.07074880599975586,,2521.94140625,2
FedDyn,CIFAR100,,0.9,0.999,198,3.4001983901977537,0.14789863070491235,18.45,29,100,2800804,58.52278161048889,58.45158815383911,0.07119345664978027,,2521.94140625,2
FedDyn,CIFAR100,,0.9,0.999,199,3.41330643157959,0.14862385358748653,18.69,24,100,2800804,50.67469072341919,50.60579967498779,0.06889104843139648,,2521.94140625,2
FedDyn,CIFAR100,,0.9,0.999,200,3.3933271125793456,0.1498318724158441,18.34,29,100,2800804,61.241978883743286,61.16798996925354,0.0739889144897461,,2521.94140625,2
FedDyn,CIFAR100,,0.9,0.999,201,3.393641335296631,0.15401762914312228,18.81,28,100,2800804,55.726110219955444,55.65055775642395,0.07555246353149414,,2521.94140625,2
FedDyn,CIFAR100,,0.9,0.999,202,3.3804938911437987,0.15693834818937677,18.89,30,100,2800804,61.24191999435425,61.16946601867676,0.07245397567749023,,2521.94140625,2
FedDyn,CIFAR100,,0.9,0.999,203,3.3779983348846434,0.15978725002248495,19.44,26,100,2800804,56.268542766571045,56.20158910751343,0.06695365905761719,,2521.94140625,2
FedDyn,CIFAR100,,0.9,0.999,204,3.387425378417969,0.1523710998480274,18.61,21,100,2800804,44.755579233169556,44.69984292984009,0.05573630332946777,,2521.94140625,2
FedDyn,CIFAR100,,0.9,0.999,205,3.361349287033081,0.16686040884780876,19.68,22,100,2800804,46.231823682785034,46.17012000083923,0.06170368194580078,,2521.94140625,2
FedDyn,CIFAR100,,0.9,0.999,206,3.37275417098999,0.15714762404907925,19.29,23,100,2800804,47.67065095901489,47.611234188079834,0.059416770935058594,,2521.94140625,2
FedDyn,CIFAR100,,0.9,0.999,207,3.356804161071777,0.1600956879232042,19.36,29,100,2800804,59.68123388290405,59.60858678817749,0.0726470947265625,,2521.94140625,2
FedDyn,CIFAR100,,0.9,0.999,208,3.381146798324585,0.1579079795111923,18.91,23,100,2800804,48.556490898132324,48.493950605392456,0.06254029273986816,,2521.94140625,2
FedDyn,CIFAR100,,0.9,0.999,209,3.3240608337402344,0.16025998953202078,19.92,28,100,2800804,58.325178146362305,58.25356101989746,0.07161712646484375,,2521.94140625,2
FedDyn,CIFAR100,,0.9,0.999,210,3.3321298736572267,0.16799187382836622,19.83,24,100,2800804,50.01495361328125,49.95393085479736,0.06102275848388672,,2521.94140625,2
FedDyn,CIFAR100,,0.9,0.999,211,3.3516757747650145,0.15913715281398472,19.24,20,100,2800804,41.6678581237793,41.613041639328,0.054816484451293945,,2521.94140625,2
FedDyn,CIFAR100,,0.9,0.999,212,3.3188275260925293,0.16946853447448024,19.75,25,100,2800804,50.0926296710968,50.029818534851074,0.06281113624572754,,2521.94140625,2
FedDyn,CIFAR100,,0.9,0.999,213,3.3305961471557617,0.1701319905664321,20.59,20,100,2800804,42.48322796821594,42.42928671836853,0.05394124984741211,,2521.94140625,2
FedDyn,CIFAR100,,0.9,0.999,214,3.2801013999938964,0.1771797287669229,20.75,29,100,2800804,57.5978524684906,57.52220869064331,0.07564377784729004,,2521.94140625,2
FedDyn,CIFAR100,,0.9,0.999,215,3.29886773147583,0.17520183319886237,20.97,25,100,2800804,50.37166094779968,50.30641150474548,0.06524944305419922,,2521.94140625,2
FedDyn,CIFAR100,,0.9,0.999,216,3.309609658050537,0.16242633949886215,19.7,22,100,2800804,43.310588359832764,43.25765347480774,0.052934885025024414,,2521.94140625,2
FedDyn,CIFAR100,,0.9,0.999,217,3.2759062797546386,0.18009795713570448,21.21,30,100,2800804,59.503966331481934,59.424813747406006,0.07915258407592773,,2521.94140625,2
FedDyn,CIFAR100,,0.9,0.999,218,3.281962222290039,0.17446961583108528,20.63,29,100,2800804,59.552305459976196,59.478339433670044,0.07396602630615234,,2521.94140625,2
FedDyn,CIFAR100,,0.9,0.999,219,3.2881532501220705,0.1786118380804846,20.88,26,100,2800804,52.17559790611267,52.10692477226257,0.06867313385009766,,2521.94140625,2
FedDyn,CIFAR100,,0.9,0.999,220,3.259309975814819,0.180887897183729,21.3,28,100,2800804,58.04648756980896,57.97464966773987,0.0718379020690918,,2521.94140625,2
FedDyn,CIFAR100,,0.9,0.999,221,3.324864304733276,0.15540266529808308,18.92,20,100,2800804,41.438730001449585,41.386542081832886,0.05218791961669922,,2521.94140625,2
FedDyn,CIFAR100,,0.9,0.999,222,3.2578865936279295,0.17632773668542412,21.02,28,100,2800804,59.61933708190918,59.551881313323975,0.06745576858520508,,2521.94140625,2
FedDyn,CIFAR100,,0.9,0.999,223,3.2762184299468995,0.17261878165033864,20.15,20,100,2800804,40.84587645530701,40.788211822509766,0.05766463279724121,,2521.94140625,2
FedDyn,CIFAR100,,0.9,0.999,224,3.239320468902588,0.17968311589939365,21.1,26,100,2800804,53.55276370048523,53.48924803733826,0.06351566314697266,,2521.94140625,2
FedDyn,CIFAR100,,0.9,0.999,225,3.233838473892212,0.17891883046919138,21.31,30,100,2800804,60.87614965438843,60.80117917060852,0.07497048377990723,,2521.94140625,2
FedDyn,CIFAR100,,0.9,0.999,226,3.268259986114502,0.1741189221377282,21.03,20,100,2800804,40.94710421562195,40.89238667488098,0.0547175407409668,,2521.94140625,2
FedDyn,CIFAR100,,0.9,0.999,227,3.241885540008545,0.18235890452103848,21.63,26,100,2800804,54.890042304992676,54.82484483718872,0.06519746780395508,,2521.94140625,2
FedDyn,CIFAR100,,0.9,0.999,228,3.2275779960632325,0.17826731557113848,21.32,22,100,2800804,45.03751015663147,44.98092079162598,0.056589365005493164,,2521.94140625,2
FedDyn,CIFAR100,,0.9,0.999,229,3.219933169555664,0.19130126514477577,22.24,28,100,2800804,56.53739833831787,56.47047305107117,0.0669252872467041,,2521.94140625,2
FedDyn,CIFAR100,,0.9,0.999,230,3.2104673454284667,0.1800043493423402,21.95,21,100,2800804,43.321112394332886,43.2636034488678,0.05750894546508789,,2521.94140625,2
FedDyn,CIFAR100,,0.9,0.999,231,3.2021759368896485,0.18483951539050567,22.06,28,100,2800804,58.5443012714386,58.47605109214783,0.06825017929077148,,2521.94140625,2
FedDyn,CIFAR100,,0.9,0.999,232,3.180931051635742,0.1999278697560795,22.63,25,100,2800804,52.83960580825806,52.77116560935974,0.06844019889831543,,2521.94140625,2
FedDyn,CIFAR100,,0.9,0.999,233,3.20327338142395,0.1838540807747736,21.92,30,100,2800804,61.73181462287903,61.65583777427673,0.07597684860229492,,2521.94140625,2
FedDyn,CIFAR100,,0.9,0.999,234,3.18367639503479,0.18213797398265041,21.85,28,100,2800804,57.96200609207153,57.89205074310303,0.06995534896850586,,2521.94140625,2
FedDyn,CIFAR100,,0.9,0.999,235,3.1601750129699706,0.20187439988158254,23.03,29,100,2800804,59.979975938797,59.910083055496216,0.06989288330078125,,2521.94140625,2
FedDyn,CIFAR100,,0.9,0.999,236,3.173325280761719,0.20285644674089334,23.12,27,100,2800804,56.27314496040344,56.20148468017578,0.07166028022766113,,2521.94140625,2
FedDyn,CIFAR100,,0.9,0.999,237,3.176407381439209,0.1949768940946859,22.43,20,100,2800804,40.54231095314026,40.48896646499634,0.0533444881439209,,2521.94140625,2
FedDyn,CIFAR100,,0.9,0.999,238,3.17241908493042,0.20224429398474722,23.34,26,100,2800804,52.925477743148804,52.85792779922485,0.0675499439239502,,2521.94140625,2
FedDyn,CIFAR100,,0.9,0.999,239,3.140740910720825,0.19853116010758629,23.36,30,100,2800804,61.07720422744751,60.99780297279358,0.07940125465393066,,2521.94140625,2
FedDyn,CIFAR100,,0.9,0.999,240,3.1294185577392577,0.1994976526813367,23.2,25,100,2800804,50.253395080566406,50.188496351242065,0.06489872932434082,,2521.94140625,2
FedDyn,CIFAR100,,0.9,0.999,241,3.1409831859588624,0.20121940470153912,23.04,30,100,2800804,62.39395356178284,62.313119411468506,0.08083415031433105,,2521.94140625,2
FedDyn,CIFAR100,,0.9,0.999,242,3.1099904403686525,0.2097265833130201,24.2,28,100,2800804,58.62565040588379,58.552011251449585,0.0736391544342041,,2521.94140625,2
FedDyn,CIFAR100,,0.9,0.999,243,3.138350107574463,0.1970020505923159,23.52,20,100,2800804,41.74149203300476,41.68705129623413,0.05444073677062988,,2521.94140625,2
FedDyn,CIFAR100,,0.9,0.999,244,3.126783711242676,0.20856966506308783,23.71,30,100,2800804,62.29614734649658,62.219804525375366,0.07634282112121582,,2521.94140625,2
FedDyn,CIFAR100,,0.9,0.999,245,3.126371710205078,0.20118723051299,23.52,29,100,2800804,59.281569957733154,59.20542550086975,0.07614445686340332,,2521.94140625,2
FedDyn,CIFAR100,,0.9,0.999,246,3.1352237758636474,0.2020496124059104,23.03,23,100,2800804,48.35095810890198,48.28926634788513,0.0616917610168457,,2521.94140625,2
FedDyn,CIFAR100,,0.9,0.999,247,3.1143585758209227,0.20920340488111688,23.88,28,100,2800804,57.93573498725891,57.865983724594116,0.06975126266479492,,2521.94140625,2
FedDyn,CIFAR100,,0.9,0.999,248,3.1345416229248046,0.2074585582597407,23.25,24,100,2800804,50.094712257385254,50.03611397743225,0.05859827995300293,,2521.94140625,2
FedDyn,CIFAR100,,0.9,0.999,249,3.12345050201416,0.19757275595927626,23.38,20,100,2800804,41.18671989440918,41.13446569442749,0.05225419998168945,,2521.94140625,2
FedDyn,CIFAR100,,0.9,0.999,250,3.0843325786590574,0.2222123283060307,24.85,30,100,2800804,63.02595376968384,62.94639587402344,0.07955789566040039,,2521.94140625,2
FedDyn,CIFAR100,,0.9,0.999,251,3.087931238555908,0.2096456169759465,23.74,22,100,2800804,48.30562615394592,48.24566197395325,0.05996417999267578,,2521.94140625,2
FedDyn,CIFAR100,,0.9,0.999,252,3.0914873908996583,0.21005157067189953,23.78,21,100,2800804,46.587703704833984,46.523332357406616,0.06437134742736816,,2521.94140625,2
FedDyn,CIFAR100,,0.9,0.999,253,3.087568040847778,0.21795711308878732,24.08,26,100,2800804,55.712180614471436,55.63857579231262,0.07360482215881348,,2521.94140625,2
FedDyn,CIFAR100,,0.9,0.999,254,3.0674433364868166,0.22485872501368004,24.82,22,100,2800804,46.98813724517822,46.92589497566223,0.06224226951599121,,2521.94140625,2
FedDyn,CIFAR100,,0.9,0.999,255,3.045274836730957,0.21599967234032785,24.8,30,100,2800804,65.82394623756409,65.74102401733398,0.08292222023010254,,2521.94140625,2
FedDyn,CIFAR100,,0.9,0.999,256,3.038100595855713,0.2253701483527792,25.9,29,100,2800804,61.18719244003296,61.10467791557312,0.08251452445983887,,2521.94140625,2
FedDyn,CIFAR100,,0.9,0.999,257,3.0539128074645996,0.2194262275081894,25.0,23,100,2800804,47.98922038078308,47.92221808433533,0.0670022964477539,,2521.94140625,2
FedDyn,CIFAR100,,0.9,0.999,258,3.000580750274658,0.23201977252429853,26.12,30,100,2800804,64.87239575386047,64.79209613800049,0.08029961585998535,,2521.94140625,2
FedDyn,CIFAR100,,0.9,0.999,259,3.023467247009277,0.23193754729127228,25.58,22,100,2800804,48.08367300033569,48.02019715309143,0.0634758472442627,,2521.94140625,2
FedDyn,CIFAR100,,0.9,0.999,260,3.020988373565674,0.221264283129477,25.1,30,100,2800804,64.33730411529541,64.25498533248901,0.08231878280639648,,2521.94140625,2
FedDyn,CIFAR100,,0.9,0.999,261,3.037348003768921,0.2246522284202304,25.3,29,100,2800804,60.57084631919861,60.4955837726593,0.07526254653930664,,2521.94140625,2
FedDyn,CIFAR100,,0.9,0.999,262,3.0326901748657225,0.22250670477392223,25.23,25,100,2800804,53.81622314453125,53.74977397918701,0.06644916534423828,,2521.94140625,2
FedDyn,CIFAR100,,0.9,0.999,263,3.015129991531372,0.23131040989598906,25.7,24,100,2800804,52.7329957485199,52.668649673461914,0.0643460750579834,,2521.94140625,2
FedDyn,CIFAR100,,0.9,0.999,264,2.9954665939331053,0.22782806907166925,25.69,25,100,2800804,53.71540832519531,53.65090250968933,0.06450581550598145,,2521.94140625,2
FedDyn,CIFAR100,,0.9,0.999,265,3.043210258102417,0.21455286828484482,24.41,20,100,2800804,44.08249258995056,44.0280978679657,0.05439472198486328,,2521.94140625,2
FedDyn,CIFAR100,,0.9,0.999,266,2.995552613067627,0.23716360965835154,26.2,30,100,2800804,64.01171278953552,63.919856786727905,0.09185600280761719,,2521.94140625,2
FedDyn,CIFAR100,,0.9,0.999,267,2.974927998352051,0.23425603578094872,26.53,30,100,2800804,62.32810926437378,62.2490234375,0.0790858268737793,,2521.94140625,2
FedDyn,CIFAR100,,0.9,0.999,268,2.974218402099609,0.23916184193308376,26.82,27,100,2800804,58.546979665756226,58.4756863117218,0.07129335403442383,,2521.94140625,2
FedDyn,CIFAR100,,0.9,0.999,269,2.9540367301940917,0.24711359796110968,27.49,26,100,2800804,56.527045011520386,56.4576952457428,0.06934976577758789,,2521.94140625,2
FedDyn,CIFAR100,,0.9,0.999,270,2.999619338607788,0.21673101836327885,25.29,20,100,2800804,42.63762807846069,42.57894706726074,0.05868101119995117,,2521.94140625,2
FedDyn,CIFAR100,,0.9,0.999,271,2.9736501834869387,0.24357569061182482,26.8,29,100,2800804,63.728084325790405,63.65499663352966,0.07308769226074219,,2521.94140625,2
FedDyn,CIFAR100,,0.9,0.999,272,2.961572395324707,0.24140437235052076,26.87,28,100,2800804,60.64024567604065,60.56191635131836,0.07832932472229004,,2521.94140625,2
FedDyn,CIFAR100,,0.9,0.999,273,2.950566356277466,0.24985222321018963,27.43,22,100,2800804,47.40296673774719,47.346171379089355,0.056795358657836914,,2521.94140625,2
FedDyn,CIFAR100,,0.9,0.999,274,2.9422130767822265,0.24015415754903371,26.79,30,100,2800804,64.19916415214539,64.12256217002869,0.07660198211669922,,2521.94140625,2
FedDyn,CIFAR100,,0.9,0.999,275,2.951341773223877,0.24637080738486705,27.03,29,100,2800804,59.81900143623352,59.7464542388916,0.07254719734191895,,2521.94140625,2
FedDyn,CIFAR100,,0.9,0.999,276,2.93982903213501,0.2390178776449446,27.03,24,100,2800804,51.194491147994995,51.12788200378418,0.06660914421081543,,2521.94140625,2
FedDyn,CIFAR100,,0.9,0.999,277,2.913230049133301,0.25698853140437866,28.02,30,100,2800804,64.26675748825073,64.18680381774902,0.07995367050170898,,2521.94140625,2
FedDyn,CIFAR100,,0.9,0.999,278,2.9266522663116454,0.24482400377005142,27.39,20,100,2800804,41.68482279777527,41.63162159919739,0.05320119857788086,,2521.94140625,2
FedDyn,CIFAR100,,0.9,0.999,279,2.931033324432373,0.24946864711479946,27.75,24,100,2800804,50.03287434577942,49.973905086517334,0.05896925926208496,,2521.94140625,2
FedDyn,CIFAR100,,0.9,0.999,280,2.9182676834106447,0.24483322783861997,27.72,27,100,2800804,57.041921615600586,56.97407388687134,0.06784772872924805,,2521.94140625,2
FedDyn,CIFAR100,,0.9,0.999,281,2.914973419189453,0.24227036136264476,27.42,23,100,2800804,46.4793004989624,46.42264437675476,0.0566561222076416,,2521.94140625,2
FedDyn,CIFAR100,,0.9,0.999,282,2.8925580421447754,0.2561373844200028,28.29,28,100,2800804,59.53239917755127,59.46171689033508,0.07068228721618652,,2521.94140625,2
FedDyn,CIFAR100,,0.9,0.999,283,2.890072857284546,0.24695192783331538,28.04,25,100,2800804,49.76530075073242,49.70064616203308,0.06465458869934082,,2521.94140625,2
FedDyn,CIFAR100,,0.9,0.999,284,2.8946735397338865,0.2534524911541084,28.0,28,100,2800804,57.34766411781311,57.27693223953247,0.07073187828063965,,2521.94140625,2
FedDyn,CIFAR100,,0.9,0.999,285,2.886333154296875,0.2483285386722268,27.51,30,100,2800804,60.77917289733887,60.70110297203064,0.07806992530822754,,2521.94140625,2
FedDyn,CIFAR100,,0.9,0.999,286,2.913035570526123,0.25305467860902775,27.31,20,100,2800804,42.68100333213806,42.629106760025024,0.05189657211303711,,2521.94140625,2
FedDyn,CIFAR100,,0.9,0.999,287,2.8753236373901365,0.25374557826942046,28.5,22,100,2800804,45.69781470298767,45.63284778594971,0.06496691703796387,,2521.94140625,2
FedDyn,CIFAR100,,0.9,0.999,288,2.9019143577575686,0.2595172303194488,27.97,23,100,2800804,47.33444571495056,47.276286363601685,0.05815935134887695,,2521.94140625,2
FedDyn,CIFAR100,,0.9,0.999,289,2.8572380519866942,0.26196604977995586,29.24,26,100,2800804,52.791215658187866,52.72689127922058,0.06432437896728516,,2521.94140625,2
FedDyn,CIFAR100,,0.9,0.999,290,2.8577143577575685,0.2653622344639932,29.09,27,100,2800804,55.66852045059204,55.592578411102295,0.0759420394897461,,2521.94140625,2
FedDyn,CIFAR100,,0.9,0.999,291,2.8585681846618654,0.26656729735764806,29.03,22,100,2800804,47.19488310813904,47.13455057144165,0.060332536697387695,,2521.94140625,2
FedDyn,CIFAR100,,0.9,0.999,292,2.8365024600982665,0.2695504816451571,29.36,30,100,2800804,61.80132532119751,61.72897791862488,0.07234740257263184,,2521.94140625,2
FedDyn,CIFAR100,,0.9,0.999,293,2.83905009727478,0.2707458522396761,28.98,22,100,2800804,44.72043204307556,44.6600296497345,0.06040239334106445,,2521.94140625,2
FedDyn,CIFAR100,,0.9,0.999,294,2.8392503341674806,0.2641423361882791,29.13,22,100,2800804,44.64905047416687,44.587684869766235,0.061365604400634766,,2521.94140625,2
FedDyn,CIFAR100,,0.9,0.999,295,2.836486433029175,0.2608070898472538,28.86,20,100,2800804,40.47977662086487,40.430073738098145,0.04970288276672363,,2521.94140625,2
FedDyn,CIFAR100,,0.9,0.999,296,2.8160608539581298,0.2759395819741794,29.82,30,100,2800804,61.40220880508423,61.32263684272766,0.07957196235656738,,2521.94140625,2
FedDyn,CIFAR100,,0.9,0.999,297,2.8035103157043455,0.28092119572674784,30.11,25,100,2800804,51.50968599319458,51.4402437210083,0.0694422721862793,,2521.94140625,2
FedDyn,CIFAR100,,0.9,0.999,298,2.807360450744629,0.27343214336833505,30.04,30,100,2800804,62.259140491485596,62.184507846832275,0.07463264465332031,,2521.94140625,2
FedDyn,CIFAR100,,0.9,0.999,299,2.786717427825928,0.2774628417898062,30.28,25,100,2800804,50.316977977752686,50.25342392921448,0.06355404853820801,,2521.94140625,2
FedDyn,CIFAR100,,0.9,0.999,300,2.7860734981536863,0.2760921527609789,30.0,21,100,2800804,44.78809213638306,44.72809839248657,0.059993743896484375,,2521.94140625,2
FedDyn,CIFAR100,,0.9,0.999,301,2.7836941650390625,0.2850552143575484,30.65,24,100,2800804,50.995744943618774,50.92099452018738,0.07475042343139648,,2521.94140625,2
FedDyn,CIFAR100,,0.9,0.999,302,2.776198991394043,0.2801782177935901,30.52,29,100,2800804,61.372281551361084,61.30056357383728,0.07171797752380371,,2521.94140625,2
FedDyn,CIFAR100,,0.9,0.999,303,2.741081230545044,0.29065894545246973,31.62,29,100,2800804,60.38513898849487,60.31404995918274,0.07108902931213379,,2521.94140625,2
FedDyn,CIFAR100,,0.9,0.999,304,2.77232565536499,0.27386297492964706,29.8,30,100,2800804,62.522886514663696,62.45003390312195,0.07285261154174805,,2521.94140625,2
FedDyn,CIFAR100,,0.9,0.999,305,2.765461775588989,0.28693624662337364,30.54,23,100,2800804,46.69830393791199,46.63580322265625,0.0625007152557373,,2521.94140625,2
FedDyn,CIFAR100,,0.9,0.999,306,2.7413537540435793,0.2881326316844666,30.95,28,100,2800804,58.78501486778259,58.71381974220276,0.07119512557983398,,2521.94140625,2
FedDyn,CIFAR100,,0.9,0.999,307,2.759505013656616,0.2772684815471299,30.52,29,100,2800804,61.08235740661621,61.01334547996521,0.06901192665100098,,2521.94140625,2
FedDyn,CIFAR100,,0.9,0.999,308,2.739390061187744,0.2883024941727265,31.05,24,100,2800804,50.15034627914429,50.09200716018677,0.05833911895751953,,2521.94140625,2
FedDyn,CIFAR100,,0.9,0.999,309,2.759793243408203,0.27718418852669097,30.06,20,100,2800804,40.106449604034424,40.0497145652771,0.05673503875732422,,2521.94140625,2
FedDyn,CIFAR100,,0.9,0.999,310,2.781031712722778,0.27518856318455986,29.54,20,100,2800804,42.30919289588928,42.2576162815094,0.05157661437988281,,2521.94140625,2
FedDyn,CIFAR100,,0.9,0.999,311,2.7510407188415527,0.2739562183377779,30.41,24,100,2800804,48.09935212135315,48.041483640670776,0.05786848068237305,,2521.94140625,2
FedDyn,CIFAR100,,0.9,0.999,312,2.712495602798462,0.2904410349107708,31.47,29,100,2800804,58.656084060668945,58.58402633666992,0.07205772399902344,,2521.94140625,2
FedDyn,CIFAR100,,0.9,0.999,313,2.7397989654541015,0.28286935380478995,30.92,24,100,2800804,48.55600595474243,48.496278285980225,0.05972766876220703,,2521.94140625,2
FedDyn,CIFAR100,,0.9,0.999,314,2.6897394889831543,0.3004141540824513,32.13,26,100,2800804,54.25368356704712,54.183778285980225,0.06990528106689453,,2521.94140625,2
FedDyn,CIFAR100,,0.9,0.999,315,2.7245925151824952,0.2836630639216721,31.03,27,100,2800804,57.886181354522705,57.81392216682434,0.07225918769836426,,2521.94140625,2
FedDyn,CIFAR100,,0.9,0.999,316,2.687064974975586,0.2910794116179015,31.7,23,100,2800804,46.44166707992554,46.379533529281616,0.0621335506439209,,2521.94140625,2
FedDyn,CIFAR100,,0.9,0.999,317,2.7162350494384766,0.28738767661507236,31.09,22,100,2800804,48.418731927871704,48.359458208084106,0.059273719787597656,,2521.94140625,2
FedDyn,CIFAR100,,0.9,0.999,318,2.6743743015289305,0.2947559235019865,31.68,28,100,2800804,59.47581601142883,59.40448451042175,0.07133150100708008,,2521.94140625,2
FedDyn,CIFAR100,,0.9,0.999,319,2.6663817249298094,0.30139852421805446,32.73,29,100,2800804,61.700570583343506,61.627848386764526,0.07272219657897949,,2521.94140625,2
FedDyn,CIFAR100,,0.9,0.999,320,2.680037934875488,0.2984885267953931,32.11,26,100,2800804,54.36467432975769,54.2960638999939,0.06861042976379395,,2521.94140625,2
FedDyn,CIFAR100,,0.9,0.999,321,2.6692169887542723,0.30114352572328307,32.1,21,100,2800804,44.752870321273804,44.697049617767334,0.05582070350646973,,2521.94140625,2
FedDyn,CIFAR100,,0.9,0.999,322,2.65686124458313,0.2971543361150205,31.86,23,100,2800804,48.65397644042969,48.591893672943115,0.062082767486572266,,2521.94140625,2
FedDyn,CIFAR100,,0.9,0.999,323,2.677100671005249,0.29470408821815886,32.37,29,100,2800804,61.51966881752014,61.44514608383179,0.07452273368835449,,2521.94140625,2
FedDyn,CIFAR100,,0.9,0.999,324,2.6511361404418947,0.2998188352224033,32.5,26,100,2800804,54.11004972457886,54.04499959945679,0.06505012512207031,,2521.94140625,2
FedDyn,CIFAR100,,0.9,0.999,325,2.627934228897095,0.3154577088425615,33.52,27,100,2800804,57.09786295890808,57.0304913520813,0.06737160682678223,,2521.94140625,2
FedDyn,CIFAR100,,0.9,0.999,326,2.646909880447388,0.30951200839021914,33.14,23,100,2800804,47.73274540901184,47.669315814971924,0.06342959403991699,,2521.94140625,2
FedDyn,CIFAR100,,0.9,0.999,327,2.611720958328247,0.3145853616810738,33.72,29,100,2800804,59.92668890953064,59.848363637924194,0.07832527160644531,,2521.94140625,2
FedDyn,CIFAR100,,0.9,0.999,328,2.621383138656616,0.3050729558704283,33.12,24,100,2800804,50.47234749794006,50.40787124633789,0.06447625160217285,,2521.94140625,2
FedDyn,CIFAR100,,0.9,0.999,329,2.631871396255493,0.31193617102041954,33.07,25,100,2800804,52.960721492767334,52.896373987197876,0.06434750556945801,,2521.94140625,2
FedDyn,CIFAR100,,0.9,0.999,330,2.6017897979736326,0.3194372083802372,34.12,26,100,2800804,54.41572690010071,54.34126615524292,0.07446074485778809,,2521.94140625,2
FedDyn,CIFAR100,,0.9,0.999,331,2.609878314971924,0.31311211419586005,33.17,25,100,2800804,50.32294845581055,50.25634479522705,0.0666036605834961,,2521.94140625,2
FedDyn,CIFAR100,,0.9,0.999,332,2.5967667625427246,0.31279377826497134,33.47,20,100,2800804,42.59382247924805,42.53741908073425,0.056403398513793945,,2521.94140625,2
FedDyn,CIFAR100,,0.9,0.999,333,2.617384224319458,0.3086692583056438,33.45,24,100,2800804,48.558624029159546,48.49821901321411,0.06040501594543457,,2521.94140625,2
FedDyn,CIFAR100,,0.9,0.999,334,2.578307092666626,0.3189302999436515,34.42,22,100,2800804,44.82789850234985,44.771193981170654,0.05670452117919922,,2521.94140625,2
FedDyn,CIFAR100,,0.9,0.999,335,2.609704106903076,0.3114779426927369,33.28,22,100,2800804,46.451563358306885,46.390490770339966,0.061072587966918945,,2521.94140625,2
FedDyn,CIFAR100,,0.9,0.999,336,2.559774931335449,0.331927624988051,34.77,24,100,2800804,49.66641139984131,49.60334587097168,0.0630655288696289,,2521.94140625,2
FedDyn,CIFAR100,,0.9,0.999,337,2.569875146484375,0.3267651336106734,34.89,21,100,2800804,44.204766273498535,44.14679288864136,0.057973384857177734,,2521.94140625,2
FedDyn,CIFAR100,,0.9,0.999,338,2.5966737422943114,0.3259416767549077,34.41,23,100,2800804,48.61152219772339,48.55445909500122,0.05706310272216797,,2521.94140625,2
FedDyn,CIFAR100,,0.9,0.999,339,2.572912334060669,0.3180403256629755,34.43,25,100,2800804,51.376765966415405,51.311938524246216,0.06482744216918945,,2521.94140625,2
FedDyn,CIFAR100,,0.9,0.999,340,2.542769905471802,0.3305009749464143,34.59,24,100,2800804,52.9198112487793,52.8503692150116,0.0694420337677002,,2521.94140625,2
FedDyn,CIFAR100,,0.9,0.999,341,2.5391163066864015,0.3273046015356581,35.15,25,100,2800804,54.594154834747314,54.52475428581238,0.06940054893493652,,2521.94140625,2
FedDyn,CIFAR100,,0.9,0.999,342,2.5255411975860595,0.3429038876122843,36.04,27,100,2800804,59.40846490859985,59.33624219894409,0.07222270965576172,,2521.94140625,2
FedDyn,CIFAR100,,0.9,0.999,343,2.537071940231323,0.3302902376206706,35.56,20,100,2800804,43.943265438079834,43.88979172706604,0.053473711013793945,,2521.94140625,2
FedDyn,CIFAR100,,0.9,0.999,344,2.527168647003174,0.34178271869191923,35.54,20,100,2800804,44.214091300964355,44.15561771392822,0.05847358703613281,,2521.94140625,2
FedDyn,CIFAR100,,0.9,0.999,345,2.526310721206665,0.322149281669141,34.85,23,100,2800804,49.61315941810608,49.55155658721924,0.06160283088684082,,2521.94140625,2
FedDyn,CIFAR100,,0.9,0.999,346,2.541636484527588,0.32307794648284194,34.49,20,100,2800804,44.10355043411255,44.046793699264526,0.05675673484802246,,2521.94140625,2
FedDyn,CIFAR100,,0.9,0.999,347,2.5244080165863036,0.3297891258023462,34.9,21,100,2800804,45.559359073638916,45.50052237510681,0.05883669853210449,,2521.94140625,2
FedDyn,CIFAR100,,0.9,0.999,348,2.511608073425293,0.3458313966299049,36.02,20,100,2800804,42.76823568344116,42.713205337524414,0.05503034591674805,,2521.94140625,2
FedDyn,CIFAR100,,0.9,0.999,349,2.4883971744537354,0.34593797871710125,36.22,27,100,2800804,58.22946882247925,58.155855655670166,0.07361316680908203,,2521.94140625,2
FedDyn,CIFAR100,,0.9,0.999,350,2.48195906791687,0.3434236435524555,36.62,21,100,2800804,46.60205030441284,46.54385685920715,0.05819344520568848,,2521.94140625,2
FedDyn,CIFAR100,,0.9,0.999,351,2.4784127490997316,0.3385817576484543,36.32,30,100,2800804,64.49606800079346,64.42000961303711,0.07605838775634766,,2521.94140625,2
FedDyn,CIFAR100,,0.9,0.999,352,2.478508740615845,0.3422351566860415,36.12,30,100,2800804,63.26103925704956,63.18116211891174,0.07987713813781738,,2521.94140625,2
FedDyn,CIFAR100,,0.9,0.999,353,2.4664588272094727,0.35012322219486863,36.46,23,100,2800804,48.13121509552002,48.0676007270813,0.0636143684387207,,2521.94140625,2
FedDyn,CIFAR100,,0.9,0.999,354,2.4505330738067626,0.3442316491174296,36.99,29,100,2800804,64.08610391616821,64.00761842727661,0.07848548889160156,,2521.94140625,2
FedDyn,CIFAR100,,0.9,0.999,355,2.452426626586914,0.34945327836112594,37.01,25,100,2800804,56.339118242263794,56.267881631851196,0.07123661041259766,,2521.94140625,2
FedDyn,CIFAR100,,0.9,0.999,356,2.4654799243927004,0.3446935137892521,36.54,23,100,2800804,49.43555688858032,49.372966289520264,0.0625905990600586,,2521.94140625,2
FedDyn,CIFAR100,,0.9,0.999,357,2.440831982421875,0.35803227277686445,37.52,27,100,2800804,58.484389781951904,58.41346049308777,0.07092928886413574,,2521.94140625,2
FedDyn,CIFAR100,,0.9,0.999,358,2.427163177871704,0.35833727451535574,37.61,30,100,2800804,65.19046401977539,65.09978818893433,0.09067583084106445,,2521.94140625,2
FedDyn,CIFAR100,,0.9,0.999,359,2.425502378845215,0.35874409262893,37.71,24,100,2800804,51.630905866622925,51.56325030326843,0.06765556335449219,,2521.94140625,2
FedDyn,CIFAR100,,0.9,0.999,360,2.4552282527923586,0.3471575623310481,36.77,27,100,2800804,59.69814586639404,59.62409830093384,0.07404756546020508,,2521.94140625,2
FedDyn,CIFAR100,,0.9,0.999,361,2.436086643600464,0.3546339169435788,37.13,21,100,2800804,43.41666102409363,43.35637307167053,0.0602879524230957,,2521.94140625,2
FedDyn,CIFAR100,,0.9,0.999,362,2.4298479690551757,0.3505976021805967,37.09,26,100,2800804,53.79368710517883,53.72110986709595,0.07257723808288574,,2521.94140625,2
FedDyn,CIFAR100,,0.9,0.999,363,2.425789926147461,0.3527761417656329,37.12,21,100,2800804,44.87474250793457,44.81715488433838,0.057587623596191406,,2521.94140625,2
FedDyn,CIFAR100,,0.9,0.999,364,2.4059890739440917,0.3564802601860383,37.44,29,100,2800804,61.30144739151001,61.223560094833374,0.07788729667663574,,2521.94140625,2
FedDyn,CIFAR100,,0.9,0.999,365,2.432166520500183,0.3574438467945692,37.1,20,100,2800804,44.25941705703735,44.20678400993347,0.052633047103881836,,2521.94140625,2
FedDyn,CIFAR100,,0.9,0.999,366,2.387510111618042,0.3565248324433584,37.74,29,100,2800804,62.11114740371704,62.03180932998657,0.07933807373046875,,2521.94140625,2
FedDyn,CIFAR100,,0.9,0.999,367,2.376543533706665,0.36692723622618373,38.62,22,100,2800804,43.31655788421631,43.2552752494812,0.06128263473510742,,2521.94140625,2
FedDyn,CIFAR100,,0.9,0.999,368,2.3731508640289305,0.3579609899250354,38.05,26,100,2800804,53.45558524131775,53.385514974594116,0.07007026672363281,,2521.94140625,2
FedDyn,CIFAR100,,0.9,0.999,369,2.3669420673370363,0.37180823653203326,38.4,27,100,2800804,56.974631547927856,56.89778780937195,0.0768437385559082,,2521.94140625,2
FedDyn,CIFAR100,,0.9,0.999,370,2.367545560646057,0.3674861608789753,38.68,24,100,2800804,49.2765531539917,49.20787262916565,0.0686805248260498,,2521.94140625,2
FedDyn,CIFAR100,,0.9,0.999,371,2.363846891403198,0.369564979226166,38.86,20,100,2800804,41.51411962509155,41.45561075210571,0.058508872985839844,,2521.94140625,2
FedDyn,CIFAR100,,0.9,0.999,372,2.3400749647140504,0.3718881841592576,38.96,29,100,2800804,60.43740272521973,60.35657334327698,0.08082938194274902,,2521.94140625,2
FedDyn,CIFAR100,,0.9,0.999,373,2.3167669036865233,0.381360082122087,39.89,24,100,2800804,50.436498403549194,50.376774072647095,0.05972433090209961,,2521.94140625,2
FedDyn,CIFAR100,,0.9,0.999,374,2.3227105323791504,0.38108451485121814,39.54,28,100,2800804,56.03787708282471,55.96447443962097,0.07340264320373535,,2521.94140625,2
FedDyn,CIFAR100,,0.9,0.999,375,2.299551424026489,0.39046310397492,40.42,24,100,2800804,47.70200562477112,47.643489837646484,0.05851578712463379,,2521.94140625,2
FedDyn,CIFAR100,,0.9,0.999,376,2.323399339675903,0.376389887788038,39.22,25,100,2800804,50.64368748664856,50.577924489974976,0.06576299667358398,,2521.94140625,2
FedDyn,CIFAR100,,0.9,0.999,377,2.3476704315185546,0.36368051146416747,38.4,21,100,2800804,44.048810720443726,43.98917102813721,0.059639692306518555,,2521.94140625,2
FedDyn,CIFAR100,,0.9,0.999,378,2.3159945421218873,0.3773143803595751,39.44,23,100,2800804,46.93451118469238,46.87968039512634,0.05483078956604004,,2521.94140625,2
FedDyn,CIFAR100,,0.9,0.999,379,2.30124838886261,0.37821446029171857,39.61,25,100,2800804,52.3689181804657,52.30254578590393,0.06637239456176758,,2521.94140625,2
FedDyn,CIFAR100,,0.9,0.999,380,2.2768953693389893,0.390262850875175,40.51,28,100,2800804,57.739150047302246,57.660176277160645,0.07897377014160156,,2521.94140625,2
FedDyn,CIFAR100,,0.9,0.999,381,2.3020003841400145,0.37558525203765264,39.4,23,100,2800804,47.85856008529663,47.79580855369568,0.06275153160095215,,2521.94140625,2
FedDyn,CIFAR100,,0.9,0.999,382,2.2889790159225463,0.38251659712423447,39.78,28,100,2800804,58.44024705886841,58.36137914657593,0.07886791229248047,,2521.94140625,2
FedDyn,CIFAR100,,0.9,0.999,383,2.2851899574279786,0.3808645843589173,39.78,20,100,2800804,43.5417537689209,43.48242425918579,0.05932950973510742,,2521.94140625,2
FedDyn,CIFAR100,,0.9,0.999,384,2.264097476005554,0.38985270755531976,40.37,30,100,2800804,62.60355615615845,62.52273607254028,0.08082008361816406,,2521.94140625,2
FedDyn,CIFAR100,,0.9,0.999,385,2.2917147048950195,0.3736428700056247,39.38,22,100,2800804,46.72691249847412,46.66796398162842,0.058948516845703125,,2521.94140625,2
FedDyn,CIFAR100,,0.9,0.999,386,2.2361466341018676,0.3968094573642958,41.28,24,100,2800804,50.751124143600464,50.69119739532471,0.059926748275756836,,2521.94140625,2
FedDyn,CIFAR100,,0.9,0.999,387,2.2462331871032717,0.3883802863076699,40.48,23,100,2800804,46.85241460800171,46.79070329666138,0.06171131134033203,,2521.94140625,2
FedDyn,CIFAR100,,0.9,0.999,388,2.217603946685791,0.4064131000790172,41.66,28,100,2800804,58.84505581855774,58.7756986618042,0.06935715675354004,,2521.94140625,2
FedDyn,CIFAR100,,0.9,0.999,389,2.2781194686889648,0.3693179741008288,39.51,21,100,2800804,42.27977895736694,42.22156047821045,0.05821847915649414,,2521.94140625,2
FedDyn,CIFAR100,,0.9,0.999,390,2.2318897859573363,0.4010754201164197,41.22,25,100,2800804,52.49919033050537,52.437705755233765,0.061484575271606445,,2521.94140625,2
FedDyn,CIFAR100,,0.9,0.999,391,2.2188110469818114,0.39914569227105257,41.46,24,100,2800804,51.43040227890015,51.36327910423279,0.0671231746673584,,2521.94140625,2
FedDyn,CIFAR100,,0.9,0.999,392,2.213545192527771,0.40213696019351564,41.7,22,100,2800804,46.018428564071655,45.95567846298218,0.06275010108947754,,2521.94140625,2
FedDyn,CIFAR100,,0.9,0.999,393,2.2353206121444704,0.3968508982063875,41.05,20,100,2800804,40.56292462348938,40.50959658622742,0.05332803726196289,,2521.94140625,2
FedDyn,CIFAR100,,0.9,0.999,394,2.20747654209137,0.4026986606475201,42.14,29,100,2800804,60.31529474258423,60.24139881134033,0.07389593124389648,,2521.94140625,2
FedDyn,CIFAR100,,0.9,0.999,395,2.175215357017517,0.4107724454505638,42.5,29,100,2800804,59.6500940322876,59.57766842842102,0.07242560386657715,,2521.94140625,2
FedDyn,CIFAR100,,0.9,0.999,396,2.2092055152893066,0.39918777968277397,41.62,25,100,2800804,52.61320734024048,52.547337770462036,0.06586956977844238,,2521.94140625,2
FedDyn,CIFAR100,,0.9,0.999,397,2.18015696144104,0.40419720743966503,42.14,30,100,2800804,63.264288663864136,63.18567395210266,0.07861471176147461,,2521.94140625,2
FedDyn,CIFAR100,,0.9,0.999,398,2.1943146490097045,0.40928208596889404,42.03,20,100,2800804,43.22259163856506,43.17004704475403,0.052544593811035156,,2521.94140625,2
FedDyn,CIFAR100,,0.9,0.999,399,2.1880744813919066,0.40059335639587246,41.83,25,100,2800804,52.64661645889282,52.58582806587219,0.06078839302062988,,2521.94140625,2
FedDyn,CIFAR100,,0.9,0.999,400,2.1582721096038817,0.41405204095906056,42.74,28,100,2800804,58.076335191726685,58.001588582992554,0.07474660873413086,,2521.94140625,2
FedDyn,CIFAR100,,0.9,0.999,401,2.17102284488678,0.40683270422599926,42.4,22,100,2800804,44.392924070358276,44.33641219139099,0.056511878967285156,,2521.94140625,2
FedDyn,CIFAR100,,0.9,0.999,402,2.1465717754364015,0.4114939269374371,42.79,21,100,2800804,42.479848861694336,42.419790506362915,0.0600583553314209,,2521.94140625,2
FedDyn,CIFAR100,,0.9,0.999,403,2.177641512107849,0.40758968539308316,42.62,26,100,2800804,52.30635356903076,52.24433660507202,0.062016963958740234,,2521.94140625,2
FedDyn,CIFAR100,,0.9,0.999,404,2.142524299621582,0.4234554955027549,43.23,21,100,2800804,43.967811822891235,43.91228532791138,0.0555264949798584,,2521.94140625,2
FedDyn,CIFAR100,,0.9,0.999,405,2.147046351242065,0.41831362734436794,43.35,22,100,2800804,44.131410360336304,44.075735092163086,0.05567526817321777,,2521.94140625,2
FedDyn,CIFAR100,,0.9,0.999,406,2.129282409477234,0.4097622870421012,42.83,23,100,2800804,46.00948405265808,45.95190477371216,0.05757927894592285,,2521.94140625,2
FedDyn,CIFAR100,,0.9,0.999,407,2.11406375541687,0.41388051123515496,42.9,25,100,2800804,50.79263377189636,50.72848176956177,0.06415200233459473,,2521.94140625,2
FedDyn,CIFAR100,,0.9,0.999,408,2.1030919883728028,0.42357921758243267,43.74,25,100,2800804,49.71002221107483,49.64538502693176,0.0646371841430664,,2521.94140625,2
FedDyn,CIFAR100,,0.9,0.999,409,2.100605272293091,0.4304582879570129,44.35,21,100,2800804,44.378950119018555,44.31504249572754,0.06390762329101562,,2521.94140625,2
FedDyn,CIFAR100,,0.9,0.999,410,2.133310786819458,0.410912479923648,42.75,29,100,2800804,58.873351097106934,58.800007581710815,0.07334351539611816,,2521.94140625,2
FedDyn,CIFAR100,,0.9,0.999,411,2.0791790966033936,0.4294991891970374,44.32,29,100,2800804,59.581360816955566,59.504552602767944,0.07680821418762207,,2521.94140625,2
FedDyn,CIFAR100,,0.9,0.999,412,2.0855542167663574,0.42614725973218215,43.87,21,100,2800804,42.772605895996094,42.717899322509766,0.054706573486328125,,2521.94140625,2
FedDyn,CIFAR100,,0.9,0.999,413,2.108626575469971,0.4288180342819391,43.73,21,100,2800804,42.36985540390015,42.31671953201294,0.05313587188720703,,2521.94140625,2
FedDyn,CIFAR100,,0.9,0.999,414,2.071212453842163,0.42926354314162524,44.34,24,100,2800804,47.732879638671875,47.66662836074829,0.06625127792358398,,2521.94140625,2
FedDyn,CIFAR100,,0.9,0.999,415,2.0683669399261473,0.43223298949632677,44.95,29,100,2800804,59.32889270782471,59.26086473464966,0.06802797317504883,,2521.94140625,2
FedDyn,CIFAR100,,0.9,0.999,416,2.06726063079834,0.42993575467183637,44.49,28,100,2800804,57.31816864013672,57.25030779838562,0.06786084175109863,,2521.94140625,2
FedDyn,CIFAR100,,0.9,0.999,417,2.076725453567505,0.43005898482615734,44.27,25,100,2800804,51.425774812698364,51.35633635520935,0.06943845748901367,,2521.94140625,2
FedDyn,CIFAR100,,0.9,0.999,418,2.0656997497558596,0.4353251746671475,44.75,22,100,2800804,44.80378174781799,44.7461371421814,0.05764460563659668,,2521.94140625,2
FedDyn,CIFAR100,,0.9,0.999,419,2.0273293516159057,0.44445056993529436,45.61,28,100,2800804,57.876967430114746,57.81056046485901,0.0664069652557373,,2521.94140625,2
FedDyn,CIFAR100,,0.9,0.999,420,2.0450341682434083,0.43818073393356305,45.16,26,100,2800804,54.77165961265564,54.70062279701233,0.07103681564331055,,2521.94140625,2
FedDyn,CIFAR100,,0.9,0.999,421,2.0467924137115476,0.4372152204962697,44.8,20,100,2800804,41.62307524681091,41.567052364349365,0.05602288246154785,,2521.94140625,2
FedDyn,CIFAR100,,0.9,0.999,422,2.013343398475647,0.44203503491067586,45.61,25,100,2800804,52.96921157836914,52.90206861495972,0.06714296340942383,,2521.94140625,2
FedDyn,CIFAR100,,0.9,0.999,423,2.013996184158325,0.45164980616463635,46.65,28,100,2800804,56.44991636276245,56.380677461624146,0.06923890113830566,,2521.94140625,2
FedDyn,CIFAR100,,0.9,0.999,424,2.000057818984985,0.4494725394123483,46.38,25,100,2800804,52.63490915298462,52.572070837020874,0.06283831596374512,,2521.94140625,2
FedDyn,CIFAR100,,0.9,0.999,425,1.9931342281341553,0.4496014229292913,46.28,30,100,2800804,60.76706528663635,60.6902437210083,0.07682156562805176,,2521.94140625,2
FedDyn,CIFAR100,,0.9,0.999,426,2.024813038063049,0.44426912934745194,45.91,26,100,2800804,51.97305345535278,51.9044029712677,0.06865048408508301,,2521.94140625,2
FedDyn,CIFAR100,,0.9,0.999,427,1.9915294038772584,0.4479067385423079,46.21,29,100,2800804,60.031653881073,59.96072244644165,0.07093143463134766,,2521.94140625,2
FedDyn,CIFAR100,,0.9,0.999,428,2.02120951423645,0.44687254111362973,45.79,20,100,2800804,41.58114528656006,41.52529859542847,0.0558466911315918,,2521.94140625,2
FedDyn,CIFAR100,,0.9,0.999,429,2.00303903503418,0.44474778629345346,45.87,20,100,2800804,40.659016370773315,40.610352993011475,0.04866337776184082,,2521.94140625,2
FedDyn,CIFAR100,,0.9,0.999,430,2.0001568618774415,0.4493426932635136,46.07,21,100,2800804,43.18637728691101,43.12745952606201,0.05891776084899902,,2521.94140625,2
FedDyn,CIFAR100,,0.9,0.999,431,2.0323204044342043,0.43389661316272293,45.13,21,100,2800804,41.77867603302002,41.72282075881958,0.05585527420043945,,2521.94140625,2
FedDyn,CIFAR100,,0.9,0.999,432,1.9739697513580323,0.45068373369442094,46.45,26,100,2800804,54.71491074562073,54.63895606994629,0.07595467567443848,,2521.94140625,2
FedDyn,CIFAR100,,0.9,0.999,433,1.9703845634460448,0.45366708606088785,46.58,28,100,2800804,61.256017446517944,61.17957949638367,0.07643795013427734,,2521.94140625,2
FedDyn,CIFAR100,,0.9,0.999,434,1.9871040508270263,0.442871249594739,45.66,23,100,2800804,48.66700506210327,48.598124504089355,0.06888055801391602,,2521.94140625,2
FedDyn,CIFAR100,,0.9,0.999,435,1.9842156024932862,0.45133453687087055,46.19,25,100,2800804,55.25451970100403,55.181745529174805,0.07277417182922363,,2521.94140625,2
FedDyn,CIFAR100,,0.9,0.999,436,1.9726881786346435,0.45153192525849156,46.51,26,100,2800804,57.53967332839966,57.46720504760742,0.07246828079223633,,2521.94140625,2
FedDyn,CIFAR100,,0.9,0.999,437,1.9644941528320312,0.45607489117560296,46.7,22,100,2800804,49.02543115615845,48.961803674697876,0.06362748146057129,,2521.94140625,2
FedDyn,CIFAR100,,0.9,0.999,438,1.9587182445526123,0.4574993149844723,46.72,28,100,2800804,60.35961604118347,60.286617279052734,0.0729987621307373,,2521.94140625,2
FedDyn,CIFAR100,,0.9,0.999,439,1.9490675588607789,0.45987560498877916,47.33,28,100,2800804,60.36527729034424,60.29154872894287,0.07372856140136719,,2521.94140625,2
FedDyn,CIFAR100,,0.9,0.999,440,1.9753725324630738,0.4544087439049742,46.79,21,100,2800804,45.11924767494202,45.061182260513306,0.05806541442871094,,2521.94140625,2
FedDyn,CIFAR100,,0.9,0.999,441,1.9582572704315186,0.45956170868664026,47.25,28,100,2800804,62.15827417373657,62.08037757873535,0.0778965950012207,,2521.94140625,2
FedDyn,CIFAR100,,0.9,0.999,442,1.948885323905945,0.459645195822372,47.23,23,100,2800804,50.89269685745239,50.82958173751831,0.06311511993408203,,2521.94140625,2
FedDyn,CIFAR100,,0.9,0.999,443,1.9663388820648193,0.45213862479790407,46.31,20,100,2800804,42.60836410522461,42.55275011062622,0.05561399459838867,,2521.94140625,2
FedDyn,CIFAR100,,0.9,0.999,444,1.9361123294830322,0.4612176375138825,47.93,24,100,2800804,49.85965275764465,49.79267764091492,0.06697511672973633,,2521.94140625,2
FedDyn,CIFAR100,,0.9,0.999,445,1.9531868530273437,0.4589955364002796,47.13,21,100,2800804,44.81052303314209,44.75169777870178,0.05882525444030762,,2521.94140625,2
FedDyn,CIFAR100,,0.9,0.999,446,1.9140295101165772,0.4657692934225662,47.97,24,100,2800804,52.21885657310486,52.15135645866394,0.06750011444091797,,2521.94140625,2
FedDyn,CIFAR100,,0.9,0.999,447,1.9437577333450318,0.4587989776933574,47.45,23,100,2800804,50.168025732040405,50.10088634490967,0.0671393871307373,,2521.94140625,2
FedDyn,CIFAR100,,0.9,0.999,448,1.922098666381836,0.47238775912638936,48.13,30,100,2800804,65.1524429321289,65.06957006454468,0.08287286758422852,,2521.94140625,2
FedDyn,CIFAR100,,0.9,0.999,449,1.9034834268569947,0.47246503731172446,48.09,24,100,2800804,52.15991139411926,52.09187150001526,0.0680398941040039,,2521.94140625,2
FedDyn,CIFAR100,,0.9,0.999,450,1.889523978614807,0.4743992031700505,48.55,26,100,2800804,56.41639852523804,56.34648084640503,0.06991767883300781,,2521.94140625,2
FedDyn,CIFAR100,,0.9,0.999,451,1.891988692855835,0.4750900909607925,48.66,22,100,2800804,46.29969811439514,46.238182067871094,0.06151604652404785,,2521.94140625,2
FedDyn,CIFAR100,,0.9,0.999,452,1.883474101829529,0.4756256217484554,48.48,29,100,2800804,61.32425594329834,61.24512314796448,0.0791327953338623,,2521.94140625,2
FedDyn,CIFAR100,,0.9,0.999,453,1.8956627183914185,0.4687035527494512,48.33,26,100,2800804,56.02911639213562,55.955440044403076,0.07367634773254395,,2521.94140625,2
FedDyn,CIFAR100,,0.9,0.999,454,1.8906255596160888,0.47086324307936395,48.46,23,100,2800804,50.21574568748474,50.152273178100586,0.06347250938415527,,2521.94140625,2
FedDyn,CIFAR100,,0.9,0.999,455,1.9009211814880371,0.47285824787375186,48.06,20,100,2800804,44.17366361618042,44.11500263214111,0.05866098403930664,,2521.94140625,2
FedDyn,CIFAR100,,0.9,0.999,456,1.8676355949401855,0.4744161708447254,48.62,30,100,2800804,63.56417894363403,63.48889136314392,0.0752875804901123,,2521.94140625,2
FedDyn,CIFAR100,,0.9,0.999,457,1.8614003498077392,0.4830196382026092,49.24,27,100,2800804,57.40208697319031,57.32513475418091,0.07695221900939941,,2521.94140625,2
FedDyn,CIFAR100,,0.9,0.999,458,1.8676283864974976,0.47475867262101196,48.9,26,100,2800804,54.84979796409607,54.778542041778564,0.07125592231750488,,2521.94140625,2
FedDyn,CIFAR100,,0.9,0.999,459,1.8504100193023683,0.4821920701483705,49.19,26,100,2800804,54.39650058746338,54.333579540252686,0.06292104721069336,,2521.94140625,2
FedDyn,CIFAR100,,0.9,0.999,460,1.8400227495193482,0.4833702963333418,49.48,30,100,2800804,61.82194972038269,61.7329683303833,0.08898138999938965,,2521.94140625,2
FedDyn,CIFAR100,,0.9,0.999,461,1.8980466970443726,0.4675954216878445,47.76,23,100,2800804,46.93246650695801,46.87106943130493,0.06139707565307617,,2521.94140625,2
FedDyn,CIFAR100,,0.9,0.999,462,1.851648452758789,0.4800476905835865,49.09,27,100,2800804,55.52947759628296,55.46274662017822,0.06673097610473633,,2521.94140625,2
FedDyn,CIFAR100,,0.9,0.999,463,1.8582698585510253,0.4915185903945062,50.16,29,100,2800804,60.317919969558716,60.249345779418945,0.06857419013977051,,2521.94140625,2
FedDyn,CIFAR100,,0.9,0.999,464,1.8731370635986329,0.4773577585136378,49.07,21,100,2800804,43.84860634803772,43.79211926460266,0.056487083435058594,,2521.94140625,2
FedDyn,CIFAR100,,0.9,0.999,465,1.850972367477417,0.4789744430674611,49.16,20,100,2800804,42.639405727386475,42.58385467529297,0.05555105209350586,,2521.94140625,2
FedDyn,CIFAR100,,0.9,0.999,466,1.8653178339004517,0.4805666667300788,49.17,21,100,2800804,43.061646938323975,43.00722861289978,0.054418325424194336,,2521.94140625,2
FedDyn,CIFAR100,,0.9,0.999,467,1.8532383502960206,0.48458115168804494,49.51,26,100,2800804,54.69726824760437,54.628785848617554,0.0684823989868164,,2521.94140625,2
FedDyn,CIFAR100,,0.9,0.999,468,1.8575746868133545,0.48030630552673237,48.87,22,100,2800804,46.48146939277649,46.41983246803284,0.061636924743652344,,2521.94140625,2
FedDyn,CIFAR100,,0.9,0.999,469,1.8256535873413087,0.4870099909035882,49.9,28,100,2800804,57.69322323799133,57.62557244300842,0.06765079498291016,,2521.94140625,2
FedDyn,CIFAR100,,0.9,0.999,470,1.8175070642471314,0.4952090452310029,50.39,24,100,2800804,48.61793851852417,48.5539026260376,0.06403589248657227,,2521.94140625,2
FedDyn,CIFAR100,,0.9,0.999,471,1.796391771697998,0.49820858720572253,50.73,28,100,2800804,58.02297639846802,57.95166373252869,0.07131266593933105,,2521.94140625,2
FedDyn,CIFAR100,,0.9,0.999,472,1.7976077875137328,0.49969078844324594,50.92,29,100,2800804,60.84681248664856,60.76703691482544,0.07977557182312012,,2521.94140625,2
FedDyn,CIFAR100,,0.9,0.999,473,1.8106716209411622,0.5008436735896098,51.03,22,100,2800804,45.14478421211243,45.08395600318909,0.060828208923339844,,2521.94140625,2
FedDyn,CIFAR100,,0.9,0.999,474,1.7964015201568604,0.4974774816395607,50.78,28,100,2800804,57.83923959732056,57.76079320907593,0.0784463882446289,,2521.94140625,2
FedDyn,CIFAR100,,0.9,0.999,475,1.8030484491348266,0.49882176446579735,50.5,22,100,2800804,45.50184679031372,45.447911977767944,0.05393481254577637,,2521.94140625,2
FedDyn,CIFAR100,,0.9,0.999,476,1.8179216823577882,0.4834780976171308,49.7,23,100,2800804,46.9531090259552,46.88904523849487,0.06406378746032715,,2521.94140625,2
FedDyn,CIFAR100,,0.9,0.999,477,1.8096433303833008,0.489452582197677,50.61,22,100,2800804,46.144614934921265,46.07564902305603,0.06896591186523438,,2521.94140625,2
FedDyn,CIFAR100,,0.9,0.999,478,1.7825534477233886,0.4973499578616822,50.86,27,100,2800804,56.26149129867554,56.19120216369629,0.07028913497924805,,2521.94140625,2
FedDyn,CIFAR100,,0.9,0.999,479,1.7880915580749512,0.49946546834239663,50.91,23,100,2800804,49.018248558044434,48.959399461746216,0.05884909629821777,,2521.94140625,2
FedDyn,CIFAR100,,0.9,0.999,480,1.737762223625183,0.5136121333735387,52.4,30,100,2800804,62.502957820892334,62.42718696594238,0.07577085494995117,,2521.94140625,2
FedDyn,CIFAR100,,0.9,0.999,481,1.7529423748016357,0.5047700680226238,51.5,24,100,2800804,50.709696531295776,50.64789605140686,0.061800479888916016,,2521.94140625,2
FedDyn,CIFAR100,,0.9,0.999,482,1.8028587421417237,0.4964503054988469,50.38,21,100,2800804,42.03397035598755,41.9656822681427,0.06828808784484863,,2521.94140625,2
FedDyn,CIFAR100,,0.9,0.999,483,1.7738858184814452,0.504988443480986,50.97,21,100,2800804,44.198508977890015,44.14184522628784,0.05666375160217285,,2521.94140625,2
FedDyn,CIFAR100,,0.9,0.999,484,1.8360030727386474,0.4836376383998608,49.5,22,100,2800804,45.60829758644104,45.55191421508789,0.056383371353149414,,2521.94140625,2
FedDyn,CIFAR100,,0.9,0.999,485,1.7744011684417724,0.4970310084944578,50.94,27,100,2800804,57.10956048965454,57.03320240974426,0.07635807991027832,,2521.94140625,2
FedDyn,CIFAR100,,0.9,0.999,486,1.7503248138427734,0.508673825757749,51.72,27,100,2800804,57.013696908950806,56.94032096862793,0.07337594032287598,,2521.94140625,2
FedDyn,CIFAR100,,0.9,0.999,487,1.7460489543914794,0.5125918389544496,51.96,21,100,2800804,42.8055636882782,42.75122594833374,0.05433773994445801,,2521.94140625,2
FedDyn,CIFAR100,,0.9,0.999,488,1.7605002918243409,0.5094042271346403,51.8,23,100,2800804,46.73095464706421,46.670006275177,0.06094837188720703,,2521.94140625,2
FedDyn,CIFAR100,,0.9,0.999,489,1.7827969093322753,0.4977786217497661,51.25,20,100,2800804,41.265904903411865,41.21419835090637,0.051706552505493164,,2521.94140625,2
FedDyn,CIFAR100,,0.9,0.999,490,1.729416028404236,0.5164878198498065,52.48,24,100,2800804,49.41654181480408,49.35276126861572,0.06378054618835449,,2521.94140625,2
FedDyn,CIFAR100,,0.9,0.999,491,1.732524712753296,0.5140187513697583,52.36,24,100,2800804,48.1851019859314,48.11691617965698,0.06818580627441406,,2521.94140625,2
FedDyn,CIFAR100,,0.9,0.999,492,1.7296204452514647,0.5173471312070874,52.69,27,100,2800804,56.360514402389526,56.28772807121277,0.07278633117675781,,2521.94140625,2
FedDyn,CIFAR100,,0.9,0.999,493,1.737256558227539,0.5116320466328189,52.21,23,100,2800804,46.054967403411865,45.989490032196045,0.06547737121582031,,2521.94140625,2
FedDyn,CIFAR100,,0.9,0.999,494,1.7265137119293212,0.5154657705492333,52.43,22,100,2800804,44.68759608268738,44.62809205055237,0.059504032135009766,,2521.94140625,2
FedDyn,CIFAR100,,0.9,0.999,495,1.7121867971420288,0.5246057184291191,53.08,23,100,2800804,46.42756414413452,46.3708131313324,0.05675101280212402,,2521.94140625,2
FedDyn,CIFAR100,,0.9,0.999,496,1.7169145837783812,0.5105553675799271,52.24,27,100,2800804,54.94042611122131,54.86903715133667,0.07138895988464355,,2521.94140625,2
FedDyn,CIFAR100,,0.9,0.999,497,1.702913498878479,0.519273156602027,52.67,28,100,2800804,56.90400242805481,56.83056330680847,0.07343912124633789,,2521.94140625,2
FedDyn,CIFAR100,,0.9,0.999,498,1.7107215362548829,0.5204448191462769,52.86,26,100,2800804,53.535356283187866,53.4684100151062,0.06694626808166504,,2521.94140625,2
FedDyn,CIFAR100,,0.9,0.999,499,1.6881974258422852,0.5230803145900471,53.25,30,100,2800804,61.46018099784851,61.38691186904907,0.07326912879943848,,2521.94140625,2
FedDyn,CIFAR100,,0.9,0.999,500,1.6842584621429444,0.5289902541955325,53.84,25,100,2800804,49.83672761917114,49.77239751815796,0.0643301010131836,,2521.94140625,2
